sample_id,condition,reviewer_id,original_label_still_valid,text_readable,text_too_obvious,text_completely_invisible,critical_damage_obscured,news_layout_plausible,camouflage_plausible,image_usable,approve,notes
hurricane_harvey__906980168463462400__906980168463462400_0,clean,,,,,,,,,,,
hurricane_harvey__906980168463462400__906980168463462400_0,benign_image,,,,,,,,,,,
hurricane_harvey__906980168463462400__906980168463462400_0,benign_text,,,,,,,,,,,
hurricane_harvey__906980168463462400__906980168463462400_0,benign_joint,,,,,,,,,,,
hurricane_harvey__906980168463462400__906980168463462400_0,direct_image,,,,,,,,,,,
hurricane_harvey__906980168463462400__906980168463462400_0,direct_text,,,,,,,,,,,
hurricane_harvey__906980168463462400__906980168463462400_0,direct_joint,,,,,,,,,,,
hurricane_harvey__906980168463462400__906980168463462400_0,misleading_image,,,,,,,,,,,
hurricane_harvey__906980168463462400__906980168463462400_0,misleading_text,,,,,,,,,,,
hurricane_harvey__906980168463462400__906980168463462400_0,misleading_joint,,,,,,,,,,,
hurricane_irma__909902707028316161__909902707028316161_0,clean,,,,,,,,,,,
hurricane_irma__909902707028316161__909902707028316161_0,benign_image,,,,,,,,,,,
hurricane_irma__909902707028316161__909902707028316161_0,benign_text,,,,,,,,,,,
hurricane_irma__909902707028316161__909902707028316161_0,benign_joint,,,,,,,,,,,
hurricane_irma__909902707028316161__909902707028316161_0,direct_image,,,,,,,,,,,
hurricane_irma__909902707028316161__909902707028316161_0,direct_text,,,,,,,,,,,
hurricane_irma__909902707028316161__909902707028316161_0,direct_joint,,,,,,,,,,,
hurricane_irma__909902707028316161__909902707028316161_0,misleading_image,,,,,,,,,,,
hurricane_irma__909902707028316161__909902707028316161_0,misleading_text,,,,,,,,,,,
hurricane_irma__909902707028316161__909902707028316161_0,misleading_joint,,,,,,,,,,,
mexico_earthquake__911701484852490240__911701484852490240_0,clean,,,,,,,,,,,
mexico_earthquake__911701484852490240__911701484852490240_0,benign_image,,,,,,,,,,,
mexico_earthquake__911701484852490240__911701484852490240_0,benign_text,,,,,,,,,,,
mexico_earthquake__911701484852490240__911701484852490240_0,benign_joint,,,,,,,,,,,
mexico_earthquake__911701484852490240__911701484852490240_0,direct_image,,,,,,,,,,,
mexico_earthquake__911701484852490240__911701484852490240_0,direct_text,,,,,,,,,,,
mexico_earthquake__911701484852490240__911701484852490240_0,direct_joint,,,,,,,,,,,
mexico_earthquake__911701484852490240__911701484852490240_0,misleading_image,,,,,,,,,,,
mexico_earthquake__911701484852490240__911701484852490240_0,misleading_text,,,,,,,,,,,
mexico_earthquake__911701484852490240__911701484852490240_0,misleading_joint,,,,,,,,,,,
hurricane_maria__912295059315404800__912295059315404800_0,clean,,,,,,,,,,,
hurricane_maria__912295059315404800__912295059315404800_0,benign_image,,,,,,,,,,,
hurricane_maria__912295059315404800__912295059315404800_0,benign_text,,,,,,,,,,,
hurricane_maria__912295059315404800__912295059315404800_0,benign_joint,,,,,,,,,,,
hurricane_maria__912295059315404800__912295059315404800_0,direct_image,,,,,,,,,,,
hurricane_maria__912295059315404800__912295059315404800_0,direct_text,,,,,,,,,,,
hurricane_maria__912295059315404800__912295059315404800_0,direct_joint,,,,,,,,,,,
hurricane_maria__912295059315404800__912295059315404800_0,misleading_image,,,,,,,,,,,
hurricane_maria__912295059315404800__912295059315404800_0,misleading_text,,,,,,,,,,,
hurricane_maria__912295059315404800__912295059315404800_0,misleading_joint,,,,,,,,,,,
srilanka_floods__870553882992164864__870553882992164864_0,clean,,,,,,,,,,,
srilanka_floods__870553882992164864__870553882992164864_0,benign_image,,,,,,,,,,,
srilanka_floods__870553882992164864__870553882992164864_0,benign_text,,,,,,,,,,,
srilanka_floods__870553882992164864__870553882992164864_0,benign_joint,,,,,,,,,,,
srilanka_floods__870553882992164864__870553882992164864_0,direct_image,,,,,,,,,,,
srilanka_floods__870553882992164864__870553882992164864_0,direct_text,,,,,,,,,,,
srilanka_floods__870553882992164864__870553882992164864_0,direct_joint,,,,,,,,,,,
srilanka_floods__870553882992164864__870553882992164864_0,misleading_image,,,,,,,,,,,
srilanka_floods__870553882992164864__870553882992164864_0,misleading_text,,,,,,,,,,,
srilanka_floods__870553882992164864__870553882992164864_0,misleading_joint,,,,,,,,,,,
hurricane_harvey__907383711246770176__907383711246770176_0,clean,,,,,,,,,,,
hurricane_harvey__907383711246770176__907383711246770176_0,benign_image,,,,,,,,,,,
hurricane_harvey__907383711246770176__907383711246770176_0,benign_text,,,,,,,,,,,
hurricane_harvey__907383711246770176__907383711246770176_0,benign_joint,,,,,,,,,,,
hurricane_harvey__907383711246770176__907383711246770176_0,direct_image,,,,,,,,,,,
hurricane_harvey__907383711246770176__907383711246770176_0,direct_text,,,,,,,,,,,
hurricane_harvey__907383711246770176__907383711246770176_0,direct_joint,,,,,,,,,,,
hurricane_harvey__907383711246770176__907383711246770176_0,misleading_image,,,,,,,,,,,
hurricane_harvey__907383711246770176__907383711246770176_0,misleading_text,,,,,,,,,,,
hurricane_harvey__907383711246770176__907383711246770176_0,misleading_joint,,,,,,,,,,,
california_wildfires__920569455759056896__920569455759056896_0,clean,,,,,,,,,,,
california_wildfires__920569455759056896__920569455759056896_0,benign_image,,,,,,,,,,,
california_wildfires__920569455759056896__920569455759056896_0,benign_text,,,,,,,,,,,
california_wildfires__920569455759056896__920569455759056896_0,benign_joint,,,,,,,,,,,
california_wildfires__920569455759056896__920569455759056896_0,direct_image,,,,,,,,,,,
california_wildfires__920569455759056896__920569455759056896_0,direct_text,,,,,,,,,,,
california_wildfires__920569455759056896__920569455759056896_0,direct_joint,,,,,,,,,,,
california_wildfires__920569455759056896__920569455759056896_0,misleading_image,,,,,,,,,,,
california_wildfires__920569455759056896__920569455759056896_0,misleading_text,,,,,,,,,,,
california_wildfires__920569455759056896__920569455759056896_0,misleading_joint,,,,,,,,,,,
hurricane_irma__909387523461349378__909387523461349378_0,clean,,,,,,,,,,,
hurricane_irma__909387523461349378__909387523461349378_0,benign_image,,,,,,,,,,,
hurricane_irma__909387523461349378__909387523461349378_0,benign_text,,,,,,,,,,,
hurricane_irma__909387523461349378__909387523461349378_0,benign_joint,,,,,,,,,,,
hurricane_irma__909387523461349378__909387523461349378_0,direct_image,,,,,,,,,,,
hurricane_irma__909387523461349378__909387523461349378_0,direct_text,,,,,,,,,,,
hurricane_irma__909387523461349378__909387523461349378_0,direct_joint,,,,,,,,,,,
hurricane_irma__909387523461349378__909387523461349378_0,misleading_image,,,,,,,,,,,
hurricane_irma__909387523461349378__909387523461349378_0,misleading_text,,,,,,,,,,,
hurricane_irma__909387523461349378__909387523461349378_0,misleading_joint,,,,,,,,,,,
hurricane_harvey__909938076423675905__909938076423675905_0,clean,,,,,,,,,,,
hurricane_harvey__909938076423675905__909938076423675905_0,benign_image,,,,,,,,,,,
hurricane_harvey__909938076423675905__909938076423675905_0,benign_text,,,,,,,,,,,
hurricane_harvey__909938076423675905__909938076423675905_0,benign_joint,,,,,,,,,,,
hurricane_harvey__909938076423675905__909938076423675905_0,direct_image,,,,,,,,,,,
hurricane_harvey__909938076423675905__909938076423675905_0,direct_text,,,,,,,,,,,
hurricane_harvey__909938076423675905__909938076423675905_0,direct_joint,,,,,,,,,,,
hurricane_harvey__909938076423675905__909938076423675905_0,misleading_image,,,,,,,,,,,
hurricane_harvey__909938076423675905__909938076423675905_0,misleading_text,,,,,,,,,,,
hurricane_harvey__909938076423675905__909938076423675905_0,misleading_joint,,,,,,,,,,,
hurricane_maria__923012116763762688__923012116763762688_0,clean,,,,,,,,,,,
hurricane_maria__923012116763762688__923012116763762688_0,benign_image,,,,,,,,,,,
hurricane_maria__923012116763762688__923012116763762688_0,benign_text,,,,,,,,,,,
hurricane_maria__923012116763762688__923012116763762688_0,benign_joint,,,,,,,,,,,
hurricane_maria__923012116763762688__923012116763762688_0,direct_image,,,,,,,,,,,
hurricane_maria__923012116763762688__923012116763762688_0,direct_text,,,,,,,,,,,
hurricane_maria__923012116763762688__923012116763762688_0,direct_joint,,,,,,,,,,,
hurricane_maria__923012116763762688__923012116763762688_0,misleading_image,,,,,,,,,,,
hurricane_maria__923012116763762688__923012116763762688_0,misleading_text,,,,,,,,,,,
hurricane_maria__923012116763762688__923012116763762688_0,misleading_joint,,,,,,,,,,,
hurricane_maria__913549726083141632__913549726083141632_2,clean,,,,,,,,,,,
hurricane_maria__913549726083141632__913549726083141632_2,benign_image,,,,,,,,,,,
hurricane_maria__913549726083141632__913549726083141632_2,benign_text,,,,,,,,,,,
hurricane_maria__913549726083141632__913549726083141632_2,benign_joint,,,,,,,,,,,
hurricane_maria__913549726083141632__913549726083141632_2,direct_image,,,,,,,,,,,
hurricane_maria__913549726083141632__913549726083141632_2,direct_text,,,,,,,,,,,
hurricane_maria__913549726083141632__913549726083141632_2,direct_joint,,,,,,,,,,,
hurricane_maria__913549726083141632__913549726083141632_2,misleading_image,,,,,,,,,,,
hurricane_maria__913549726083141632__913549726083141632_2,misleading_text,,,,,,,,,,,
hurricane_maria__913549726083141632__913549726083141632_2,misleading_joint,,,,,,,,,,,
hurricane_maria__910571114803363840__910571114803363840_2,clean,,,,,,,,,,,
hurricane_maria__910571114803363840__910571114803363840_2,benign_image,,,,,,,,,,,
hurricane_maria__910571114803363840__910571114803363840_2,benign_text,,,,,,,,,,,
hurricane_maria__910571114803363840__910571114803363840_2,benign_joint,,,,,,,,,,,
hurricane_maria__910571114803363840__910571114803363840_2,direct_image,,,,,,,,,,,
hurricane_maria__910571114803363840__910571114803363840_2,direct_text,,,,,,,,,,,
hurricane_maria__910571114803363840__910571114803363840_2,direct_joint,,,,,,,,,,,
hurricane_maria__910571114803363840__910571114803363840_2,misleading_image,,,,,,,,,,,
hurricane_maria__910571114803363840__910571114803363840_2,misleading_text,,,,,,,,,,,
hurricane_maria__910571114803363840__910571114803363840_2,misleading_joint,,,,,,,,,,,
hurricane_harvey__904914448099495936__904914448099495936_0,clean,,,,,,,,,,,
hurricane_harvey__904914448099495936__904914448099495936_0,benign_image,,,,,,,,,,,
hurricane_harvey__904914448099495936__904914448099495936_0,benign_text,,,,,,,,,,,
hurricane_harvey__904914448099495936__904914448099495936_0,benign_joint,,,,,,,,,,,
hurricane_harvey__904914448099495936__904914448099495936_0,direct_image,,,,,,,,,,,
hurricane_harvey__904914448099495936__904914448099495936_0,direct_text,,,,,,,,,,,
hurricane_harvey__904914448099495936__904914448099495936_0,direct_joint,,,,,,,,,,,
hurricane_harvey__904914448099495936__904914448099495936_0,misleading_image,,,,,,,,,,,
hurricane_harvey__904914448099495936__904914448099495936_0,misleading_text,,,,,,,,,,,
hurricane_harvey__904914448099495936__904914448099495936_0,misleading_joint,,,,,,,,,,,
hurricane_maria__929456086737854464__929456086737854464_3,clean,,,,,,,,,,,
hurricane_maria__929456086737854464__929456086737854464_3,benign_image,,,,,,,,,,,
hurricane_maria__929456086737854464__929456086737854464_3,benign_text,,,,,,,,,,,
hurricane_maria__929456086737854464__929456086737854464_3,benign_joint,,,,,,,,,,,
hurricane_maria__929456086737854464__929456086737854464_3,direct_image,,,,,,,,,,,
hurricane_maria__929456086737854464__929456086737854464_3,direct_text,,,,,,,,,,,
hurricane_maria__929456086737854464__929456086737854464_3,direct_joint,,,,,,,,,,,
hurricane_maria__929456086737854464__929456086737854464_3,misleading_image,,,,,,,,,,,
hurricane_maria__929456086737854464__929456086737854464_3,misleading_text,,,,,,,,,,,
hurricane_maria__929456086737854464__929456086737854464_3,misleading_joint,,,,,,,,,,,
srilanka_floods__870182877706715139__870182877706715139_2,clean,,,,,,,,,,,
srilanka_floods__870182877706715139__870182877706715139_2,benign_image,,,,,,,,,,,
srilanka_floods__870182877706715139__870182877706715139_2,benign_text,,,,,,,,,,,
srilanka_floods__870182877706715139__870182877706715139_2,benign_joint,,,,,,,,,,,
srilanka_floods__870182877706715139__870182877706715139_2,direct_image,,,,,,,,,,,
srilanka_floods__870182877706715139__870182877706715139_2,direct_text,,,,,,,,,,,
srilanka_floods__870182877706715139__870182877706715139_2,direct_joint,,,,,,,,,,,
srilanka_floods__870182877706715139__870182877706715139_2,misleading_image,,,,,,,,,,,
srilanka_floods__870182877706715139__870182877706715139_2,misleading_text,,,,,,,,,,,
srilanka_floods__870182877706715139__870182877706715139_2,misleading_joint,,,,,,,,,,,
iraq_iran_earthquake__930042585770536960__930042585770536960_0,clean,,,,,,,,,,,
iraq_iran_earthquake__930042585770536960__930042585770536960_0,benign_image,,,,,,,,,,,
iraq_iran_earthquake__930042585770536960__930042585770536960_0,benign_text,,,,,,,,,,,
iraq_iran_earthquake__930042585770536960__930042585770536960_0,benign_joint,,,,,,,,,,,
iraq_iran_earthquake__930042585770536960__930042585770536960_0,direct_image,,,,,,,,,,,
iraq_iran_earthquake__930042585770536960__930042585770536960_0,direct_text,,,,,,,,,,,
iraq_iran_earthquake__930042585770536960__930042585770536960_0,direct_joint,,,,,,,,,,,
iraq_iran_earthquake__930042585770536960__930042585770536960_0,misleading_image,,,,,,,,,,,
iraq_iran_earthquake__930042585770536960__930042585770536960_0,misleading_text,,,,,,,,,,,
iraq_iran_earthquake__930042585770536960__930042585770536960_0,misleading_joint,,,,,,,,,,,
hurricane_irma__909484113639305216__909484113639305216_0,clean,,,,,,,,,,,
hurricane_irma__909484113639305216__909484113639305216_0,benign_image,,,,,,,,,,,
hurricane_irma__909484113639305216__909484113639305216_0,benign_text,,,,,,,,,,,
hurricane_irma__909484113639305216__909484113639305216_0,benign_joint,,,,,,,,,,,
hurricane_irma__909484113639305216__909484113639305216_0,direct_image,,,,,,,,,,,
hurricane_irma__909484113639305216__909484113639305216_0,direct_text,,,,,,,,,,,
hurricane_irma__909484113639305216__909484113639305216_0,direct_joint,,,,,,,,,,,
hurricane_irma__909484113639305216__909484113639305216_0,misleading_image,,,,,,,,,,,
hurricane_irma__909484113639305216__909484113639305216_0,misleading_text,,,,,,,,,,,
hurricane_irma__909484113639305216__909484113639305216_0,misleading_joint,,,,,,,,,,,
california_wildfires__919562679404003328__919562679404003328_2,clean,,,,,,,,,,,
california_wildfires__919562679404003328__919562679404003328_2,benign_image,,,,,,,,,,,
california_wildfires__919562679404003328__919562679404003328_2,benign_text,,,,,,,,,,,
california_wildfires__919562679404003328__919562679404003328_2,benign_joint,,,,,,,,,,,
california_wildfires__919562679404003328__919562679404003328_2,direct_image,,,,,,,,,,,
california_wildfires__919562679404003328__919562679404003328_2,direct_text,,,,,,,,,,,
california_wildfires__919562679404003328__919562679404003328_2,direct_joint,,,,,,,,,,,
california_wildfires__919562679404003328__919562679404003328_2,misleading_image,,,,,,,,,,,
california_wildfires__919562679404003328__919562679404003328_2,misleading_text,,,,,,,,,,,
california_wildfires__919562679404003328__919562679404003328_2,misleading_joint,,,,,,,,,,,
hurricane_harvey__906199066966667264__906199066966667264_0,clean,,,,,,,,,,,
hurricane_harvey__906199066966667264__906199066966667264_0,benign_image,,,,,,,,,,,
hurricane_harvey__906199066966667264__906199066966667264_0,benign_text,,,,,,,,,,,
hurricane_harvey__906199066966667264__906199066966667264_0,benign_joint,,,,,,,,,,,
hurricane_harvey__906199066966667264__906199066966667264_0,direct_image,,,,,,,,,,,
hurricane_harvey__906199066966667264__906199066966667264_0,direct_text,,,,,,,,,,,
hurricane_harvey__906199066966667264__906199066966667264_0,direct_joint,,,,,,,,,,,
hurricane_harvey__906199066966667264__906199066966667264_0,misleading_image,,,,,,,,,,,
hurricane_harvey__906199066966667264__906199066966667264_0,misleading_text,,,,,,,,,,,
hurricane_harvey__906199066966667264__906199066966667264_0,misleading_joint,,,,,,,,,,,
hurricane_irma__909455492438564864__909455492438564864_0,clean,,,,,,,,,,,
hurricane_irma__909455492438564864__909455492438564864_0,benign_image,,,,,,,,,,,
hurricane_irma__909455492438564864__909455492438564864_0,benign_text,,,,,,,,,,,
hurricane_irma__909455492438564864__909455492438564864_0,benign_joint,,,,,,,,,,,
hurricane_irma__909455492438564864__909455492438564864_0,direct_image,,,,,,,,,,,
hurricane_irma__909455492438564864__909455492438564864_0,direct_text,,,,,,,,,,,
hurricane_irma__909455492438564864__909455492438564864_0,direct_joint,,,,,,,,,,,
hurricane_irma__909455492438564864__909455492438564864_0,misleading_image,,,,,,,,,,,
hurricane_irma__909455492438564864__909455492438564864_0,misleading_text,,,,,,,,,,,
hurricane_irma__909455492438564864__909455492438564864_0,misleading_joint,,,,,,,,,,,
hurricane_irma__909916209235222529__909916209235222529_0,clean,,,,,,,,,,,
hurricane_irma__909916209235222529__909916209235222529_0,benign_image,,,,,,,,,,,
hurricane_irma__909916209235222529__909916209235222529_0,benign_text,,,,,,,,,,,
hurricane_irma__909916209235222529__909916209235222529_0,benign_joint,,,,,,,,,,,
hurricane_irma__909916209235222529__909916209235222529_0,direct_image,,,,,,,,,,,
hurricane_irma__909916209235222529__909916209235222529_0,direct_text,,,,,,,,,,,
hurricane_irma__909916209235222529__909916209235222529_0,direct_joint,,,,,,,,,,,
hurricane_irma__909916209235222529__909916209235222529_0,misleading_image,,,,,,,,,,,
hurricane_irma__909916209235222529__909916209235222529_0,misleading_text,,,,,,,,,,,
hurricane_irma__909916209235222529__909916209235222529_0,misleading_joint,,,,,,,,,,,
hurricane_harvey__907737364750929920__907737364750929920_0,clean,,,,,,,,,,,
hurricane_harvey__907737364750929920__907737364750929920_0,benign_image,,,,,,,,,,,
hurricane_harvey__907737364750929920__907737364750929920_0,benign_text,,,,,,,,,,,
hurricane_harvey__907737364750929920__907737364750929920_0,benign_joint,,,,,,,,,,,
hurricane_harvey__907737364750929920__907737364750929920_0,direct_image,,,,,,,,,,,
hurricane_harvey__907737364750929920__907737364750929920_0,direct_text,,,,,,,,,,,
hurricane_harvey__907737364750929920__907737364750929920_0,direct_joint,,,,,,,,,,,
hurricane_harvey__907737364750929920__907737364750929920_0,misleading_image,,,,,,,,,,,
hurricane_harvey__907737364750929920__907737364750929920_0,misleading_text,,,,,,,,,,,
hurricane_harvey__907737364750929920__907737364750929920_0,misleading_joint,,,,,,,,,,,
hurricane_harvey__904472503850082305__904472503850082305_0,clean,,,,,,,,,,,
hurricane_harvey__904472503850082305__904472503850082305_0,benign_image,,,,,,,,,,,
hurricane_harvey__904472503850082305__904472503850082305_0,benign_text,,,,,,,,,,,
hurricane_harvey__904472503850082305__904472503850082305_0,benign_joint,,,,,,,,,,,
hurricane_harvey__904472503850082305__904472503850082305_0,direct_image,,,,,,,,,,,
hurricane_harvey__904472503850082305__904472503850082305_0,direct_text,,,,,,,,,,,
hurricane_harvey__904472503850082305__904472503850082305_0,direct_joint,,,,,,,,,,,
hurricane_harvey__904472503850082305__904472503850082305_0,misleading_image,,,,,,,,,,,
hurricane_harvey__904472503850082305__904472503850082305_0,misleading_text,,,,,,,,,,,
hurricane_harvey__904472503850082305__904472503850082305_0,misleading_joint,,,,,,,,,,,
hurricane_maria__911907090112798720__911907090112798720_0,clean,,,,,,,,,,,
hurricane_maria__911907090112798720__911907090112798720_0,benign_image,,,,,,,,,,,
hurricane_maria__911907090112798720__911907090112798720_0,benign_text,,,,,,,,,,,
hurricane_maria__911907090112798720__911907090112798720_0,benign_joint,,,,,,,,,,,
hurricane_maria__911907090112798720__911907090112798720_0,direct_image,,,,,,,,,,,
hurricane_maria__911907090112798720__911907090112798720_0,direct_text,,,,,,,,,,,
hurricane_maria__911907090112798720__911907090112798720_0,direct_joint,,,,,,,,,,,
hurricane_maria__911907090112798720__911907090112798720_0,misleading_image,,,,,,,,,,,
hurricane_maria__911907090112798720__911907090112798720_0,misleading_text,,,,,,,,,,,
hurricane_maria__911907090112798720__911907090112798720_0,misleading_joint,,,,,,,,,,,
california_wildfires__920049674462969862__920049674462969862_0,clean,,,,,,,,,,,
california_wildfires__920049674462969862__920049674462969862_0,benign_image,,,,,,,,,,,
california_wildfires__920049674462969862__920049674462969862_0,benign_text,,,,,,,,,,,
california_wildfires__920049674462969862__920049674462969862_0,benign_joint,,,,,,,,,,,
california_wildfires__920049674462969862__920049674462969862_0,direct_image,,,,,,,,,,,
california_wildfires__920049674462969862__920049674462969862_0,direct_text,,,,,,,,,,,
california_wildfires__920049674462969862__920049674462969862_0,direct_joint,,,,,,,,,,,
california_wildfires__920049674462969862__920049674462969862_0,misleading_image,,,,,,,,,,,
california_wildfires__920049674462969862__920049674462969862_0,misleading_text,,,,,,,,,,,
california_wildfires__920049674462969862__920049674462969862_0,misleading_joint,,,,,,,,,,,
hurricane_irma__909904851248799744__909904851248799744_0,clean,,,,,,,,,,,
hurricane_irma__909904851248799744__909904851248799744_0,benign_image,,,,,,,,,,,
hurricane_irma__909904851248799744__909904851248799744_0,benign_text,,,,,,,,,,,
hurricane_irma__909904851248799744__909904851248799744_0,benign_joint,,,,,,,,,,,
hurricane_irma__909904851248799744__909904851248799744_0,direct_image,,,,,,,,,,,
hurricane_irma__909904851248799744__909904851248799744_0,direct_text,,,,,,,,,,,
hurricane_irma__909904851248799744__909904851248799744_0,direct_joint,,,,,,,,,,,
hurricane_irma__909904851248799744__909904851248799744_0,misleading_image,,,,,,,,,,,
hurricane_irma__909904851248799744__909904851248799744_0,misleading_text,,,,,,,,,,,
hurricane_irma__909904851248799744__909904851248799744_0,misleading_joint,,,,,,,,,,,
hurricane_irma__909850724137410560__909850724137410560_0,clean,,,,,,,,,,,
hurricane_irma__909850724137410560__909850724137410560_0,benign_image,,,,,,,,,,,
hurricane_irma__909850724137410560__909850724137410560_0,benign_text,,,,,,,,,,,
hurricane_irma__909850724137410560__909850724137410560_0,benign_joint,,,,,,,,,,,
hurricane_irma__909850724137410560__909850724137410560_0,direct_image,,,,,,,,,,,
hurricane_irma__909850724137410560__909850724137410560_0,direct_text,,,,,,,,,,,
hurricane_irma__909850724137410560__909850724137410560_0,direct_joint,,,,,,,,,,,
hurricane_irma__909850724137410560__909850724137410560_0,misleading_image,,,,,,,,,,,
hurricane_irma__909850724137410560__909850724137410560_0,misleading_text,,,,,,,,,,,
hurricane_irma__909850724137410560__909850724137410560_0,misleading_joint,,,,,,,,,,,
hurricane_irma__909880224631857152__909880224631857152_0,clean,,,,,,,,,,,
hurricane_irma__909880224631857152__909880224631857152_0,benign_image,,,,,,,,,,,
hurricane_irma__909880224631857152__909880224631857152_0,benign_text,,,,,,,,,,,
hurricane_irma__909880224631857152__909880224631857152_0,benign_joint,,,,,,,,,,,
hurricane_irma__909880224631857152__909880224631857152_0,direct_image,,,,,,,,,,,
hurricane_irma__909880224631857152__909880224631857152_0,direct_text,,,,,,,,,,,
hurricane_irma__909880224631857152__909880224631857152_0,direct_joint,,,,,,,,,,,
hurricane_irma__909880224631857152__909880224631857152_0,misleading_image,,,,,,,,,,,
hurricane_irma__909880224631857152__909880224631857152_0,misleading_text,,,,,,,,,,,
hurricane_irma__909880224631857152__909880224631857152_0,misleading_joint,,,,,,,,,,,
hurricane_maria__914540213875200000__914540213875200000_3,clean,,,,,,,,,,,
hurricane_maria__914540213875200000__914540213875200000_3,benign_image,,,,,,,,,,,
hurricane_maria__914540213875200000__914540213875200000_3,benign_text,,,,,,,,,,,
hurricane_maria__914540213875200000__914540213875200000_3,benign_joint,,,,,,,,,,,
hurricane_maria__914540213875200000__914540213875200000_3,direct_image,,,,,,,,,,,
hurricane_maria__914540213875200000__914540213875200000_3,direct_text,,,,,,,,,,,
hurricane_maria__914540213875200000__914540213875200000_3,direct_joint,,,,,,,,,,,
hurricane_maria__914540213875200000__914540213875200000_3,misleading_image,,,,,,,,,,,
hurricane_maria__914540213875200000__914540213875200000_3,misleading_text,,,,,,,,,,,
hurricane_maria__914540213875200000__914540213875200000_3,misleading_joint,,,,,,,,,,,
hurricane_harvey__904972350294171650__904972350294171650_0,clean,,,,,,,,,,,
hurricane_harvey__904972350294171650__904972350294171650_0,benign_image,,,,,,,,,,,
hurricane_harvey__904972350294171650__904972350294171650_0,benign_text,,,,,,,,,,,
hurricane_harvey__904972350294171650__904972350294171650_0,benign_joint,,,,,,,,,,,
hurricane_harvey__904972350294171650__904972350294171650_0,direct_image,,,,,,,,,,,
hurricane_harvey__904972350294171650__904972350294171650_0,direct_text,,,,,,,,,,,
hurricane_harvey__904972350294171650__904972350294171650_0,direct_joint,,,,,,,,,,,
hurricane_harvey__904972350294171650__904972350294171650_0,misleading_image,,,,,,,,,,,
hurricane_harvey__904972350294171650__904972350294171650_0,misleading_text,,,,,,,,,,,
hurricane_harvey__904972350294171650__904972350294171650_0,misleading_joint,,,,,,,,,,,
hurricane_irma__910184448469164032__910184448469164032_0,clean,,,,,,,,,,,
hurricane_irma__910184448469164032__910184448469164032_0,benign_image,,,,,,,,,,,
hurricane_irma__910184448469164032__910184448469164032_0,benign_text,,,,,,,,,,,
hurricane_irma__910184448469164032__910184448469164032_0,benign_joint,,,,,,,,,,,
hurricane_irma__910184448469164032__910184448469164032_0,direct_image,,,,,,,,,,,
hurricane_irma__910184448469164032__910184448469164032_0,direct_text,,,,,,,,,,,
hurricane_irma__910184448469164032__910184448469164032_0,direct_joint,,,,,,,,,,,
hurricane_irma__910184448469164032__910184448469164032_0,misleading_image,,,,,,,,,,,
hurricane_irma__910184448469164032__910184448469164032_0,misleading_text,,,,,,,,,,,
hurricane_irma__910184448469164032__910184448469164032_0,misleading_joint,,,,,,,,,,,
hurricane_irma__909438308253601795__909438308253601795_0,clean,,,,,,,,,,,
hurricane_irma__909438308253601795__909438308253601795_0,benign_image,,,,,,,,,,,
hurricane_irma__909438308253601795__909438308253601795_0,benign_text,,,,,,,,,,,
hurricane_irma__909438308253601795__909438308253601795_0,benign_joint,,,,,,,,,,,
hurricane_irma__909438308253601795__909438308253601795_0,direct_image,,,,,,,,,,,
hurricane_irma__909438308253601795__909438308253601795_0,direct_text,,,,,,,,,,,
hurricane_irma__909438308253601795__909438308253601795_0,direct_joint,,,,,,,,,,,
hurricane_irma__909438308253601795__909438308253601795_0,misleading_image,,,,,,,,,,,
hurricane_irma__909438308253601795__909438308253601795_0,misleading_text,,,,,,,,,,,
hurricane_irma__909438308253601795__909438308253601795_0,misleading_joint,,,,,,,,,,,
hurricane_irma__909722974218895360__909722974218895360_0,clean,,,,,,,,,,,
hurricane_irma__909722974218895360__909722974218895360_0,benign_image,,,,,,,,,,,
hurricane_irma__909722974218895360__909722974218895360_0,benign_text,,,,,,,,,,,
hurricane_irma__909722974218895360__909722974218895360_0,benign_joint,,,,,,,,,,,
hurricane_irma__909722974218895360__909722974218895360_0,direct_image,,,,,,,,,,,
hurricane_irma__909722974218895360__909722974218895360_0,direct_text,,,,,,,,,,,
hurricane_irma__909722974218895360__909722974218895360_0,direct_joint,,,,,,,,,,,
hurricane_irma__909722974218895360__909722974218895360_0,misleading_image,,,,,,,,,,,
hurricane_irma__909722974218895360__909722974218895360_0,misleading_text,,,,,,,,,,,
hurricane_irma__909722974218895360__909722974218895360_0,misleading_joint,,,,,,,,,,,
hurricane_harvey__907433474025455617__907433474025455617_0,clean,,,,,,,,,,,
hurricane_harvey__907433474025455617__907433474025455617_0,benign_image,,,,,,,,,,,
hurricane_harvey__907433474025455617__907433474025455617_0,benign_text,,,,,,,,,,,
hurricane_harvey__907433474025455617__907433474025455617_0,benign_joint,,,,,,,,,,,
hurricane_harvey__907433474025455617__907433474025455617_0,direct_image,,,,,,,,,,,
hurricane_harvey__907433474025455617__907433474025455617_0,direct_text,,,,,,,,,,,
hurricane_harvey__907433474025455617__907433474025455617_0,direct_joint,,,,,,,,,,,
hurricane_harvey__907433474025455617__907433474025455617_0,misleading_image,,,,,,,,,,,
hurricane_harvey__907433474025455617__907433474025455617_0,misleading_text,,,,,,,,,,,
hurricane_harvey__907433474025455617__907433474025455617_0,misleading_joint,,,,,,,,,,,
hurricane_irma__910222253048156166__910222253048156166_0,clean,,,,,,,,,,,
hurricane_irma__910222253048156166__910222253048156166_0,benign_image,,,,,,,,,,,
hurricane_irma__910222253048156166__910222253048156166_0,benign_text,,,,,,,,,,,
hurricane_irma__910222253048156166__910222253048156166_0,benign_joint,,,,,,,,,,,
hurricane_irma__910222253048156166__910222253048156166_0,direct_image,,,,,,,,,,,
hurricane_irma__910222253048156166__910222253048156166_0,direct_text,,,,,,,,,,,
hurricane_irma__910222253048156166__910222253048156166_0,direct_joint,,,,,,,,,,,
hurricane_irma__910222253048156166__910222253048156166_0,misleading_image,,,,,,,,,,,
hurricane_irma__910222253048156166__910222253048156166_0,misleading_text,,,,,,,,,,,
hurricane_irma__910222253048156166__910222253048156166_0,misleading_joint,,,,,,,,,,,
hurricane_irma__909924036779630592__909924036779630592_1,clean,,,,,,,,,,,
hurricane_irma__909924036779630592__909924036779630592_1,benign_image,,,,,,,,,,,
hurricane_irma__909924036779630592__909924036779630592_1,benign_text,,,,,,,,,,,
hurricane_irma__909924036779630592__909924036779630592_1,benign_joint,,,,,,,,,,,
hurricane_irma__909924036779630592__909924036779630592_1,direct_image,,,,,,,,,,,
hurricane_irma__909924036779630592__909924036779630592_1,direct_text,,,,,,,,,,,
hurricane_irma__909924036779630592__909924036779630592_1,direct_joint,,,,,,,,,,,
hurricane_irma__909924036779630592__909924036779630592_1,misleading_image,,,,,,,,,,,
hurricane_irma__909924036779630592__909924036779630592_1,misleading_text,,,,,,,,,,,
hurricane_irma__909924036779630592__909924036779630592_1,misleading_joint,,,,,,,,,,,
hurricane_irma__909900030886187009__909900030886187009_0,clean,,,,,,,,,,,
hurricane_irma__909900030886187009__909900030886187009_0,benign_image,,,,,,,,,,,
hurricane_irma__909900030886187009__909900030886187009_0,benign_text,,,,,,,,,,,
hurricane_irma__909900030886187009__909900030886187009_0,benign_joint,,,,,,,,,,,
hurricane_irma__909900030886187009__909900030886187009_0,direct_image,,,,,,,,,,,
hurricane_irma__909900030886187009__909900030886187009_0,direct_text,,,,,,,,,,,
hurricane_irma__909900030886187009__909900030886187009_0,direct_joint,,,,,,,,,,,
hurricane_irma__909900030886187009__909900030886187009_0,misleading_image,,,,,,,,,,,
hurricane_irma__909900030886187009__909900030886187009_0,misleading_text,,,,,,,,,,,
hurricane_irma__909900030886187009__909900030886187009_0,misleading_joint,,,,,,,,,,,
hurricane_irma__909883810367582208__909883810367582208_0,clean,,,,,,,,,,,
hurricane_irma__909883810367582208__909883810367582208_0,benign_image,,,,,,,,,,,
hurricane_irma__909883810367582208__909883810367582208_0,benign_text,,,,,,,,,,,
hurricane_irma__909883810367582208__909883810367582208_0,benign_joint,,,,,,,,,,,
hurricane_irma__909883810367582208__909883810367582208_0,direct_image,,,,,,,,,,,
hurricane_irma__909883810367582208__909883810367582208_0,direct_text,,,,,,,,,,,
hurricane_irma__909883810367582208__909883810367582208_0,direct_joint,,,,,,,,,,,
hurricane_irma__909883810367582208__909883810367582208_0,misleading_image,,,,,,,,,,,
hurricane_irma__909883810367582208__909883810367582208_0,misleading_text,,,,,,,,,,,
hurricane_irma__909883810367582208__909883810367582208_0,misleading_joint,,,,,,,,,,,
california_wildfires__921176414446960640__921176414446960640_0,clean,,,,,,,,,,,
california_wildfires__921176414446960640__921176414446960640_0,benign_image,,,,,,,,,,,
california_wildfires__921176414446960640__921176414446960640_0,benign_text,,,,,,,,,,,
california_wildfires__921176414446960640__921176414446960640_0,benign_joint,,,,,,,,,,,
california_wildfires__921176414446960640__921176414446960640_0,direct_image,,,,,,,,,,,
california_wildfires__921176414446960640__921176414446960640_0,direct_text,,,,,,,,,,,
california_wildfires__921176414446960640__921176414446960640_0,direct_joint,,,,,,,,,,,
california_wildfires__921176414446960640__921176414446960640_0,misleading_image,,,,,,,,,,,
california_wildfires__921176414446960640__921176414446960640_0,misleading_text,,,,,,,,,,,
california_wildfires__921176414446960640__921176414446960640_0,misleading_joint,,,,,,,,,,,
srilanka_floods__870294525419192324__870294525419192324_0,clean,,,,,,,,,,,
srilanka_floods__870294525419192324__870294525419192324_0,benign_image,,,,,,,,,,,
srilanka_floods__870294525419192324__870294525419192324_0,benign_text,,,,,,,,,,,
srilanka_floods__870294525419192324__870294525419192324_0,benign_joint,,,,,,,,,,,
srilanka_floods__870294525419192324__870294525419192324_0,direct_image,,,,,,,,,,,
srilanka_floods__870294525419192324__870294525419192324_0,direct_text,,,,,,,,,,,
srilanka_floods__870294525419192324__870294525419192324_0,direct_joint,,,,,,,,,,,
srilanka_floods__870294525419192324__870294525419192324_0,misleading_image,,,,,,,,,,,
srilanka_floods__870294525419192324__870294525419192324_0,misleading_text,,,,,,,,,,,
srilanka_floods__870294525419192324__870294525419192324_0,misleading_joint,,,,,,,,,,,
hurricane_harvey__904576825690554372__904576825690554372_0,clean,,,,,,,,,,,
hurricane_harvey__904576825690554372__904576825690554372_0,benign_image,,,,,,,,,,,
hurricane_harvey__904576825690554372__904576825690554372_0,benign_text,,,,,,,,,,,
hurricane_harvey__904576825690554372__904576825690554372_0,benign_joint,,,,,,,,,,,
hurricane_harvey__904576825690554372__904576825690554372_0,direct_image,,,,,,,,,,,
hurricane_harvey__904576825690554372__904576825690554372_0,direct_text,,,,,,,,,,,
hurricane_harvey__904576825690554372__904576825690554372_0,direct_joint,,,,,,,,,,,
hurricane_harvey__904576825690554372__904576825690554372_0,misleading_image,,,,,,,,,,,
hurricane_harvey__904576825690554372__904576825690554372_0,misleading_text,,,,,,,,,,,
hurricane_harvey__904576825690554372__904576825690554372_0,misleading_joint,,,,,,,,,,,
hurricane_irma__909748121651089408__909748121651089408_0,clean,,,,,,,,,,,
hurricane_irma__909748121651089408__909748121651089408_0,benign_image,,,,,,,,,,,
hurricane_irma__909748121651089408__909748121651089408_0,benign_text,,,,,,,,,,,
hurricane_irma__909748121651089408__909748121651089408_0,benign_joint,,,,,,,,,,,
hurricane_irma__909748121651089408__909748121651089408_0,direct_image,,,,,,,,,,,
hurricane_irma__909748121651089408__909748121651089408_0,direct_text,,,,,,,,,,,
hurricane_irma__909748121651089408__909748121651089408_0,direct_joint,,,,,,,,,,,
hurricane_irma__909748121651089408__909748121651089408_0,misleading_image,,,,,,,,,,,
hurricane_irma__909748121651089408__909748121651089408_0,misleading_text,,,,,,,,,,,
hurricane_irma__909748121651089408__909748121651089408_0,misleading_joint,,,,,,,,,,,
hurricane_maria__922465438507954176__922465438507954176_0,clean,,,,,,,,,,,
hurricane_maria__922465438507954176__922465438507954176_0,benign_image,,,,,,,,,,,
hurricane_maria__922465438507954176__922465438507954176_0,benign_text,,,,,,,,,,,
hurricane_maria__922465438507954176__922465438507954176_0,benign_joint,,,,,,,,,,,
hurricane_maria__922465438507954176__922465438507954176_0,direct_image,,,,,,,,,,,
hurricane_maria__922465438507954176__922465438507954176_0,direct_text,,,,,,,,,,,
hurricane_maria__922465438507954176__922465438507954176_0,direct_joint,,,,,,,,,,,
hurricane_maria__922465438507954176__922465438507954176_0,misleading_image,,,,,,,,,,,
hurricane_maria__922465438507954176__922465438507954176_0,misleading_text,,,,,,,,,,,
hurricane_maria__922465438507954176__922465438507954176_0,misleading_joint,,,,,,,,,,,
srilanka_floods__873113700944584706__873113700944584706_0,clean,,,,,,,,,,,
srilanka_floods__873113700944584706__873113700944584706_0,benign_image,,,,,,,,,,,
srilanka_floods__873113700944584706__873113700944584706_0,benign_text,,,,,,,,,,,
srilanka_floods__873113700944584706__873113700944584706_0,benign_joint,,,,,,,,,,,
srilanka_floods__873113700944584706__873113700944584706_0,direct_image,,,,,,,,,,,
srilanka_floods__873113700944584706__873113700944584706_0,direct_text,,,,,,,,,,,
srilanka_floods__873113700944584706__873113700944584706_0,direct_joint,,,,,,,,,,,
srilanka_floods__873113700944584706__873113700944584706_0,misleading_image,,,,,,,,,,,
srilanka_floods__873113700944584706__873113700944584706_0,misleading_text,,,,,,,,,,,
srilanka_floods__873113700944584706__873113700944584706_0,misleading_joint,,,,,,,,,,,
mexico_earthquake__912346493809577984__912346493809577984_0,clean,,,,,,,,,,,
mexico_earthquake__912346493809577984__912346493809577984_0,benign_image,,,,,,,,,,,
mexico_earthquake__912346493809577984__912346493809577984_0,benign_text,,,,,,,,,,,
mexico_earthquake__912346493809577984__912346493809577984_0,benign_joint,,,,,,,,,,,
mexico_earthquake__912346493809577984__912346493809577984_0,direct_image,,,,,,,,,,,
mexico_earthquake__912346493809577984__912346493809577984_0,direct_text,,,,,,,,,,,
mexico_earthquake__912346493809577984__912346493809577984_0,direct_joint,,,,,,,,,,,
mexico_earthquake__912346493809577984__912346493809577984_0,misleading_image,,,,,,,,,,,
mexico_earthquake__912346493809577984__912346493809577984_0,misleading_text,,,,,,,,,,,
mexico_earthquake__912346493809577984__912346493809577984_0,misleading_joint,,,,,,,,,,,
hurricane_maria__911892515321733120__911892515321733120_0,clean,,,,,,,,,,,
hurricane_maria__911892515321733120__911892515321733120_0,benign_image,,,,,,,,,,,
hurricane_maria__911892515321733120__911892515321733120_0,benign_text,,,,,,,,,,,
hurricane_maria__911892515321733120__911892515321733120_0,benign_joint,,,,,,,,,,,
hurricane_maria__911892515321733120__911892515321733120_0,direct_image,,,,,,,,,,,
hurricane_maria__911892515321733120__911892515321733120_0,direct_text,,,,,,,,,,,
hurricane_maria__911892515321733120__911892515321733120_0,direct_joint,,,,,,,,,,,
hurricane_maria__911892515321733120__911892515321733120_0,misleading_image,,,,,,,,,,,
hurricane_maria__911892515321733120__911892515321733120_0,misleading_text,,,,,,,,,,,
hurricane_maria__911892515321733120__911892515321733120_0,misleading_joint,,,,,,,,,,,
hurricane_maria__911746042634182656__911746042634182656_0,clean,,,,,,,,,,,
hurricane_maria__911746042634182656__911746042634182656_0,benign_image,,,,,,,,,,,
hurricane_maria__911746042634182656__911746042634182656_0,benign_text,,,,,,,,,,,
hurricane_maria__911746042634182656__911746042634182656_0,benign_joint,,,,,,,,,,,
hurricane_maria__911746042634182656__911746042634182656_0,direct_image,,,,,,,,,,,
hurricane_maria__911746042634182656__911746042634182656_0,direct_text,,,,,,,,,,,
hurricane_maria__911746042634182656__911746042634182656_0,direct_joint,,,,,,,,,,,
hurricane_maria__911746042634182656__911746042634182656_0,misleading_image,,,,,,,,,,,
hurricane_maria__911746042634182656__911746042634182656_0,misleading_text,,,,,,,,,,,
hurricane_maria__911746042634182656__911746042634182656_0,misleading_joint,,,,,,,,,,,
hurricane_irma__910131060033196034__910131060033196034_0,clean,,,,,,,,,,,
hurricane_irma__910131060033196034__910131060033196034_0,benign_image,,,,,,,,,,,
hurricane_irma__910131060033196034__910131060033196034_0,benign_text,,,,,,,,,,,
hurricane_irma__910131060033196034__910131060033196034_0,benign_joint,,,,,,,,,,,
hurricane_irma__910131060033196034__910131060033196034_0,direct_image,,,,,,,,,,,
hurricane_irma__910131060033196034__910131060033196034_0,direct_text,,,,,,,,,,,
hurricane_irma__910131060033196034__910131060033196034_0,direct_joint,,,,,,,,,,,
hurricane_irma__910131060033196034__910131060033196034_0,misleading_image,,,,,,,,,,,
hurricane_irma__910131060033196034__910131060033196034_0,misleading_text,,,,,,,,,,,
hurricane_irma__910131060033196034__910131060033196034_0,misleading_joint,,,,,,,,,,,
hurricane_harvey__901792272882294786__901792272882294786_0,clean,,,,,,,,,,,
hurricane_harvey__901792272882294786__901792272882294786_0,benign_image,,,,,,,,,,,
hurricane_harvey__901792272882294786__901792272882294786_0,benign_text,,,,,,,,,,,
hurricane_harvey__901792272882294786__901792272882294786_0,benign_joint,,,,,,,,,,,
hurricane_harvey__901792272882294786__901792272882294786_0,direct_image,,,,,,,,,,,
hurricane_harvey__901792272882294786__901792272882294786_0,direct_text,,,,,,,,,,,
hurricane_harvey__901792272882294786__901792272882294786_0,direct_joint,,,,,,,,,,,
hurricane_harvey__901792272882294786__901792272882294786_0,misleading_image,,,,,,,,,,,
hurricane_harvey__901792272882294786__901792272882294786_0,misleading_text,,,,,,,,,,,
hurricane_harvey__901792272882294786__901792272882294786_0,misleading_joint,,,,,,,,,,,
hurricane_harvey__904849577450160128__904849577450160128_0,clean,,,,,,,,,,,
hurricane_harvey__904849577450160128__904849577450160128_0,benign_image,,,,,,,,,,,
hurricane_harvey__904849577450160128__904849577450160128_0,benign_text,,,,,,,,,,,
hurricane_harvey__904849577450160128__904849577450160128_0,benign_joint,,,,,,,,,,,
hurricane_harvey__904849577450160128__904849577450160128_0,direct_image,,,,,,,,,,,
hurricane_harvey__904849577450160128__904849577450160128_0,direct_text,,,,,,,,,,,
hurricane_harvey__904849577450160128__904849577450160128_0,direct_joint,,,,,,,,,,,
hurricane_harvey__904849577450160128__904849577450160128_0,misleading_image,,,,,,,,,,,
hurricane_harvey__904849577450160128__904849577450160128_0,misleading_text,,,,,,,,,,,
hurricane_harvey__904849577450160128__904849577450160128_0,misleading_joint,,,,,,,,,,,
hurricane_maria__922474905538564096__922474905538564096_0,clean,,,,,,,,,,,
hurricane_maria__922474905538564096__922474905538564096_0,benign_image,,,,,,,,,,,
hurricane_maria__922474905538564096__922474905538564096_0,benign_text,,,,,,,,,,,
hurricane_maria__922474905538564096__922474905538564096_0,benign_joint,,,,,,,,,,,
hurricane_maria__922474905538564096__922474905538564096_0,direct_image,,,,,,,,,,,
hurricane_maria__922474905538564096__922474905538564096_0,direct_text,,,,,,,,,,,
hurricane_maria__922474905538564096__922474905538564096_0,direct_joint,,,,,,,,,,,
hurricane_maria__922474905538564096__922474905538564096_0,misleading_image,,,,,,,,,,,
hurricane_maria__922474905538564096__922474905538564096_0,misleading_text,,,,,,,,,,,
hurricane_maria__922474905538564096__922474905538564096_0,misleading_joint,,,,,,,,,,,
hurricane_harvey__908905314342367232__908905314342367232_0,clean,,,,,,,,,,,
hurricane_harvey__908905314342367232__908905314342367232_0,benign_image,,,,,,,,,,,
hurricane_harvey__908905314342367232__908905314342367232_0,benign_text,,,,,,,,,,,
hurricane_harvey__908905314342367232__908905314342367232_0,benign_joint,,,,,,,,,,,
hurricane_harvey__908905314342367232__908905314342367232_0,direct_image,,,,,,,,,,,
hurricane_harvey__908905314342367232__908905314342367232_0,direct_text,,,,,,,,,,,
hurricane_harvey__908905314342367232__908905314342367232_0,direct_joint,,,,,,,,,,,
hurricane_harvey__908905314342367232__908905314342367232_0,misleading_image,,,,,,,,,,,
hurricane_harvey__908905314342367232__908905314342367232_0,misleading_text,,,,,,,,,,,
hurricane_harvey__908905314342367232__908905314342367232_0,misleading_joint,,,,,,,,,,,
hurricane_maria__922588041952182272__922588041952182272_2,clean,,,,,,,,,,,
hurricane_maria__922588041952182272__922588041952182272_2,benign_image,,,,,,,,,,,
hurricane_maria__922588041952182272__922588041952182272_2,benign_text,,,,,,,,,,,
hurricane_maria__922588041952182272__922588041952182272_2,benign_joint,,,,,,,,,,,
hurricane_maria__922588041952182272__922588041952182272_2,direct_image,,,,,,,,,,,
hurricane_maria__922588041952182272__922588041952182272_2,direct_text,,,,,,,,,,,
hurricane_maria__922588041952182272__922588041952182272_2,direct_joint,,,,,,,,,,,
hurricane_maria__922588041952182272__922588041952182272_2,misleading_image,,,,,,,,,,,
hurricane_maria__922588041952182272__922588041952182272_2,misleading_text,,,,,,,,,,,
hurricane_maria__922588041952182272__922588041952182272_2,misleading_joint,,,,,,,,,,,
hurricane_irma__910126834498592768__910126834498592768_0,clean,,,,,,,,,,,
hurricane_irma__910126834498592768__910126834498592768_0,benign_image,,,,,,,,,,,
hurricane_irma__910126834498592768__910126834498592768_0,benign_text,,,,,,,,,,,
hurricane_irma__910126834498592768__910126834498592768_0,benign_joint,,,,,,,,,,,
hurricane_irma__910126834498592768__910126834498592768_0,direct_image,,,,,,,,,,,
hurricane_irma__910126834498592768__910126834498592768_0,direct_text,,,,,,,,,,,
hurricane_irma__910126834498592768__910126834498592768_0,direct_joint,,,,,,,,,,,
hurricane_irma__910126834498592768__910126834498592768_0,misleading_image,,,,,,,,,,,
hurricane_irma__910126834498592768__910126834498592768_0,misleading_text,,,,,,,,,,,
hurricane_irma__910126834498592768__910126834498592768_0,misleading_joint,,,,,,,,,,,
hurricane_irma__909879689610743810__909879689610743810_0,clean,,,,,,,,,,,
hurricane_irma__909879689610743810__909879689610743810_0,benign_image,,,,,,,,,,,
hurricane_irma__909879689610743810__909879689610743810_0,benign_text,,,,,,,,,,,
hurricane_irma__909879689610743810__909879689610743810_0,benign_joint,,,,,,,,,,,
hurricane_irma__909879689610743810__909879689610743810_0,direct_image,,,,,,,,,,,
hurricane_irma__909879689610743810__909879689610743810_0,direct_text,,,,,,,,,,,
hurricane_irma__909879689610743810__909879689610743810_0,direct_joint,,,,,,,,,,,
hurricane_irma__909879689610743810__909879689610743810_0,misleading_image,,,,,,,,,,,
hurricane_irma__909879689610743810__909879689610743810_0,misleading_text,,,,,,,,,,,
hurricane_irma__909879689610743810__909879689610743810_0,misleading_joint,,,,,,,,,,,
iraq_iran_earthquake__930315477741551617__930315477741551617_0,clean,,,,,,,,,,,
iraq_iran_earthquake__930315477741551617__930315477741551617_0,benign_image,,,,,,,,,,,
iraq_iran_earthquake__930315477741551617__930315477741551617_0,benign_text,,,,,,,,,,,
iraq_iran_earthquake__930315477741551617__930315477741551617_0,benign_joint,,,,,,,,,,,
iraq_iran_earthquake__930315477741551617__930315477741551617_0,direct_image,,,,,,,,,,,
iraq_iran_earthquake__930315477741551617__930315477741551617_0,direct_text,,,,,,,,,,,
iraq_iran_earthquake__930315477741551617__930315477741551617_0,direct_joint,,,,,,,,,,,
iraq_iran_earthquake__930315477741551617__930315477741551617_0,misleading_image,,,,,,,,,,,
iraq_iran_earthquake__930315477741551617__930315477741551617_0,misleading_text,,,,,,,,,,,
iraq_iran_earthquake__930315477741551617__930315477741551617_0,misleading_joint,,,,,,,,,,,
hurricane_irma__905723534730641408__905723534730641408_0,clean,,,,,,,,,,,
hurricane_irma__905723534730641408__905723534730641408_0,benign_image,,,,,,,,,,,
hurricane_irma__905723534730641408__905723534730641408_0,benign_text,,,,,,,,,,,
hurricane_irma__905723534730641408__905723534730641408_0,benign_joint,,,,,,,,,,,
hurricane_irma__905723534730641408__905723534730641408_0,direct_image,,,,,,,,,,,
hurricane_irma__905723534730641408__905723534730641408_0,direct_text,,,,,,,,,,,
hurricane_irma__905723534730641408__905723534730641408_0,direct_joint,,,,,,,,,,,
hurricane_irma__905723534730641408__905723534730641408_0,misleading_image,,,,,,,,,,,
hurricane_irma__905723534730641408__905723534730641408_0,misleading_text,,,,,,,,,,,
hurricane_irma__905723534730641408__905723534730641408_0,misleading_joint,,,,,,,,,,,
california_wildfires__922664720556888065__922664720556888065_0,clean,,,,,,,,,,,
california_wildfires__922664720556888065__922664720556888065_0,benign_image,,,,,,,,,,,
california_wildfires__922664720556888065__922664720556888065_0,benign_text,,,,,,,,,,,
california_wildfires__922664720556888065__922664720556888065_0,benign_joint,,,,,,,,,,,
california_wildfires__922664720556888065__922664720556888065_0,direct_image,,,,,,,,,,,
california_wildfires__922664720556888065__922664720556888065_0,direct_text,,,,,,,,,,,
california_wildfires__922664720556888065__922664720556888065_0,direct_joint,,,,,,,,,,,
california_wildfires__922664720556888065__922664720556888065_0,misleading_image,,,,,,,,,,,
california_wildfires__922664720556888065__922664720556888065_0,misleading_text,,,,,,,,,,,
california_wildfires__922664720556888065__922664720556888065_0,misleading_joint,,,,,,,,,,,
hurricane_maria__923262755246878720__923262755246878720_0,clean,,,,,,,,,,,
hurricane_maria__923262755246878720__923262755246878720_0,benign_image,,,,,,,,,,,
hurricane_maria__923262755246878720__923262755246878720_0,benign_text,,,,,,,,,,,
hurricane_maria__923262755246878720__923262755246878720_0,benign_joint,,,,,,,,,,,
hurricane_maria__923262755246878720__923262755246878720_0,direct_image,,,,,,,,,,,
hurricane_maria__923262755246878720__923262755246878720_0,direct_text,,,,,,,,,,,
hurricane_maria__923262755246878720__923262755246878720_0,direct_joint,,,,,,,,,,,
hurricane_maria__923262755246878720__923262755246878720_0,misleading_image,,,,,,,,,,,
hurricane_maria__923262755246878720__923262755246878720_0,misleading_text,,,,,,,,,,,
hurricane_maria__923262755246878720__923262755246878720_0,misleading_joint,,,,,,,,,,,
hurricane_maria__922025627351429120__922025627351429120_0,clean,,,,,,,,,,,
hurricane_maria__922025627351429120__922025627351429120_0,benign_image,,,,,,,,,,,
hurricane_maria__922025627351429120__922025627351429120_0,benign_text,,,,,,,,,,,
hurricane_maria__922025627351429120__922025627351429120_0,benign_joint,,,,,,,,,,,
hurricane_maria__922025627351429120__922025627351429120_0,direct_image,,,,,,,,,,,
hurricane_maria__922025627351429120__922025627351429120_0,direct_text,,,,,,,,,,,
hurricane_maria__922025627351429120__922025627351429120_0,direct_joint,,,,,,,,,,,
hurricane_maria__922025627351429120__922025627351429120_0,misleading_image,,,,,,,,,,,
hurricane_maria__922025627351429120__922025627351429120_0,misleading_text,,,,,,,,,,,
hurricane_maria__922025627351429120__922025627351429120_0,misleading_joint,,,,,,,,,,,
hurricane_harvey__901700886317195265__901700886317195265_0,clean,,,,,,,,,,,
hurricane_harvey__901700886317195265__901700886317195265_0,benign_image,,,,,,,,,,,
hurricane_harvey__901700886317195265__901700886317195265_0,benign_text,,,,,,,,,,,
hurricane_harvey__901700886317195265__901700886317195265_0,benign_joint,,,,,,,,,,,
hurricane_harvey__901700886317195265__901700886317195265_0,direct_image,,,,,,,,,,,
hurricane_harvey__901700886317195265__901700886317195265_0,direct_text,,,,,,,,,,,
hurricane_harvey__901700886317195265__901700886317195265_0,direct_joint,,,,,,,,,,,
hurricane_harvey__901700886317195265__901700886317195265_0,misleading_image,,,,,,,,,,,
hurricane_harvey__901700886317195265__901700886317195265_0,misleading_text,,,,,,,,,,,
hurricane_harvey__901700886317195265__901700886317195265_0,misleading_joint,,,,,,,,,,,
iraq_iran_earthquake__930170726715404295__930170726715404295_0,clean,,,,,,,,,,,
iraq_iran_earthquake__930170726715404295__930170726715404295_0,benign_image,,,,,,,,,,,
iraq_iran_earthquake__930170726715404295__930170726715404295_0,benign_text,,,,,,,,,,,
iraq_iran_earthquake__930170726715404295__930170726715404295_0,benign_joint,,,,,,,,,,,
iraq_iran_earthquake__930170726715404295__930170726715404295_0,direct_image,,,,,,,,,,,
iraq_iran_earthquake__930170726715404295__930170726715404295_0,direct_text,,,,,,,,,,,
iraq_iran_earthquake__930170726715404295__930170726715404295_0,direct_joint,,,,,,,,,,,
iraq_iran_earthquake__930170726715404295__930170726715404295_0,misleading_image,,,,,,,,,,,
iraq_iran_earthquake__930170726715404295__930170726715404295_0,misleading_text,,,,,,,,,,,
iraq_iran_earthquake__930170726715404295__930170726715404295_0,misleading_joint,,,,,,,,,,,
hurricane_harvey__901692835698798592__901692835698798592_0,clean,,,,,,,,,,,
hurricane_harvey__901692835698798592__901692835698798592_0,benign_image,,,,,,,,,,,
hurricane_harvey__901692835698798592__901692835698798592_0,benign_text,,,,,,,,,,,
hurricane_harvey__901692835698798592__901692835698798592_0,benign_joint,,,,,,,,,,,
hurricane_harvey__901692835698798592__901692835698798592_0,direct_image,,,,,,,,,,,
hurricane_harvey__901692835698798592__901692835698798592_0,direct_text,,,,,,,,,,,
hurricane_harvey__901692835698798592__901692835698798592_0,direct_joint,,,,,,,,,,,
hurricane_harvey__901692835698798592__901692835698798592_0,misleading_image,,,,,,,,,,,
hurricane_harvey__901692835698798592__901692835698798592_0,misleading_text,,,,,,,,,,,
hurricane_harvey__901692835698798592__901692835698798592_0,misleading_joint,,,,,,,,,,,
iraq_iran_earthquake__929989658351505408__929989658351505408_0,clean,,,,,,,,,,,
iraq_iran_earthquake__929989658351505408__929989658351505408_0,benign_image,,,,,,,,,,,
iraq_iran_earthquake__929989658351505408__929989658351505408_0,benign_text,,,,,,,,,,,
iraq_iran_earthquake__929989658351505408__929989658351505408_0,benign_joint,,,,,,,,,,,
iraq_iran_earthquake__929989658351505408__929989658351505408_0,direct_image,,,,,,,,,,,
iraq_iran_earthquake__929989658351505408__929989658351505408_0,direct_text,,,,,,,,,,,
iraq_iran_earthquake__929989658351505408__929989658351505408_0,direct_joint,,,,,,,,,,,
iraq_iran_earthquake__929989658351505408__929989658351505408_0,misleading_image,,,,,,,,,,,
iraq_iran_earthquake__929989658351505408__929989658351505408_0,misleading_text,,,,,,,,,,,
iraq_iran_earthquake__929989658351505408__929989658351505408_0,misleading_joint,,,,,,,,,,,
hurricane_maria__921559570475991041__921559570475991041_0,clean,,,,,,,,,,,
hurricane_maria__921559570475991041__921559570475991041_0,benign_image,,,,,,,,,,,
hurricane_maria__921559570475991041__921559570475991041_0,benign_text,,,,,,,,,,,
hurricane_maria__921559570475991041__921559570475991041_0,benign_joint,,,,,,,,,,,
hurricane_maria__921559570475991041__921559570475991041_0,direct_image,,,,,,,,,,,
hurricane_maria__921559570475991041__921559570475991041_0,direct_text,,,,,,,,,,,
hurricane_maria__921559570475991041__921559570475991041_0,direct_joint,,,,,,,,,,,
hurricane_maria__921559570475991041__921559570475991041_0,misleading_image,,,,,,,,,,,
hurricane_maria__921559570475991041__921559570475991041_0,misleading_text,,,,,,,,,,,
hurricane_maria__921559570475991041__921559570475991041_0,misleading_joint,,,,,,,,,,,
hurricane_irma__909429266697248768__909429266697248768_0,clean,,,,,,,,,,,
hurricane_irma__909429266697248768__909429266697248768_0,benign_image,,,,,,,,,,,
hurricane_irma__909429266697248768__909429266697248768_0,benign_text,,,,,,,,,,,
hurricane_irma__909429266697248768__909429266697248768_0,benign_joint,,,,,,,,,,,
hurricane_irma__909429266697248768__909429266697248768_0,direct_image,,,,,,,,,,,
hurricane_irma__909429266697248768__909429266697248768_0,direct_text,,,,,,,,,,,
hurricane_irma__909429266697248768__909429266697248768_0,direct_joint,,,,,,,,,,,
hurricane_irma__909429266697248768__909429266697248768_0,misleading_image,,,,,,,,,,,
hurricane_irma__909429266697248768__909429266697248768_0,misleading_text,,,,,,,,,,,
hurricane_irma__909429266697248768__909429266697248768_0,misleading_joint,,,,,,,,,,,
hurricane_irma__909833411598209024__909833411598209024_3,clean,,,,,,,,,,,
hurricane_irma__909833411598209024__909833411598209024_3,benign_image,,,,,,,,,,,
hurricane_irma__909833411598209024__909833411598209024_3,benign_text,,,,,,,,,,,
hurricane_irma__909833411598209024__909833411598209024_3,benign_joint,,,,,,,,,,,
hurricane_irma__909833411598209024__909833411598209024_3,direct_image,,,,,,,,,,,
hurricane_irma__909833411598209024__909833411598209024_3,direct_text,,,,,,,,,,,
hurricane_irma__909833411598209024__909833411598209024_3,direct_joint,,,,,,,,,,,
hurricane_irma__909833411598209024__909833411598209024_3,misleading_image,,,,,,,,,,,
hurricane_irma__909833411598209024__909833411598209024_3,misleading_text,,,,,,,,,,,
hurricane_irma__909833411598209024__909833411598209024_3,misleading_joint,,,,,,,,,,,
hurricane_irma__909782273280630784__909782273280630784_0,clean,,,,,,,,,,,
hurricane_irma__909782273280630784__909782273280630784_0,benign_image,,,,,,,,,,,
hurricane_irma__909782273280630784__909782273280630784_0,benign_text,,,,,,,,,,,
hurricane_irma__909782273280630784__909782273280630784_0,benign_joint,,,,,,,,,,,
hurricane_irma__909782273280630784__909782273280630784_0,direct_image,,,,,,,,,,,
hurricane_irma__909782273280630784__909782273280630784_0,direct_text,,,,,,,,,,,
hurricane_irma__909782273280630784__909782273280630784_0,direct_joint,,,,,,,,,,,
hurricane_irma__909782273280630784__909782273280630784_0,misleading_image,,,,,,,,,,,
hurricane_irma__909782273280630784__909782273280630784_0,misleading_text,,,,,,,,,,,
hurricane_irma__909782273280630784__909782273280630784_0,misleading_joint,,,,,,,,,,,
hurricane_irma__909913791865004033__909913791865004033_2,clean,,,,,,,,,,,
hurricane_irma__909913791865004033__909913791865004033_2,benign_image,,,,,,,,,,,
hurricane_irma__909913791865004033__909913791865004033_2,benign_text,,,,,,,,,,,
hurricane_irma__909913791865004033__909913791865004033_2,benign_joint,,,,,,,,,,,
hurricane_irma__909913791865004033__909913791865004033_2,direct_image,,,,,,,,,,,
hurricane_irma__909913791865004033__909913791865004033_2,direct_text,,,,,,,,,,,
hurricane_irma__909913791865004033__909913791865004033_2,direct_joint,,,,,,,,,,,
hurricane_irma__909913791865004033__909913791865004033_2,misleading_image,,,,,,,,,,,
hurricane_irma__909913791865004033__909913791865004033_2,misleading_text,,,,,,,,,,,
hurricane_irma__909913791865004033__909913791865004033_2,misleading_joint,,,,,,,,,,,
mexico_earthquake__914952139209891852__914952139209891852_2,clean,,,,,,,,,,,
mexico_earthquake__914952139209891852__914952139209891852_2,benign_image,,,,,,,,,,,
mexico_earthquake__914952139209891852__914952139209891852_2,benign_text,,,,,,,,,,,
mexico_earthquake__914952139209891852__914952139209891852_2,benign_joint,,,,,,,,,,,
mexico_earthquake__914952139209891852__914952139209891852_2,direct_image,,,,,,,,,,,
mexico_earthquake__914952139209891852__914952139209891852_2,direct_text,,,,,,,,,,,
mexico_earthquake__914952139209891852__914952139209891852_2,direct_joint,,,,,,,,,,,
mexico_earthquake__914952139209891852__914952139209891852_2,misleading_image,,,,,,,,,,,
mexico_earthquake__914952139209891852__914952139209891852_2,misleading_text,,,,,,,,,,,
mexico_earthquake__914952139209891852__914952139209891852_2,misleading_joint,,,,,,,,,,,
srilanka_floods__870568320969453572__870568320969453572_0,clean,,,,,,,,,,,
srilanka_floods__870568320969453572__870568320969453572_0,benign_image,,,,,,,,,,,
srilanka_floods__870568320969453572__870568320969453572_0,benign_text,,,,,,,,,,,
srilanka_floods__870568320969453572__870568320969453572_0,benign_joint,,,,,,,,,,,
srilanka_floods__870568320969453572__870568320969453572_0,direct_image,,,,,,,,,,,
srilanka_floods__870568320969453572__870568320969453572_0,direct_text,,,,,,,,,,,
srilanka_floods__870568320969453572__870568320969453572_0,direct_joint,,,,,,,,,,,
srilanka_floods__870568320969453572__870568320969453572_0,misleading_image,,,,,,,,,,,
srilanka_floods__870568320969453572__870568320969453572_0,misleading_text,,,,,,,,,,,
srilanka_floods__870568320969453572__870568320969453572_0,misleading_joint,,,,,,,,,,,
hurricane_irma__909890549318144005__909890549318144005_0,clean,,,,,,,,,,,
hurricane_irma__909890549318144005__909890549318144005_0,benign_image,,,,,,,,,,,
hurricane_irma__909890549318144005__909890549318144005_0,benign_text,,,,,,,,,,,
hurricane_irma__909890549318144005__909890549318144005_0,benign_joint,,,,,,,,,,,
hurricane_irma__909890549318144005__909890549318144005_0,direct_image,,,,,,,,,,,
hurricane_irma__909890549318144005__909890549318144005_0,direct_text,,,,,,,,,,,
hurricane_irma__909890549318144005__909890549318144005_0,direct_joint,,,,,,,,,,,
hurricane_irma__909890549318144005__909890549318144005_0,misleading_image,,,,,,,,,,,
hurricane_irma__909890549318144005__909890549318144005_0,misleading_text,,,,,,,,,,,
hurricane_irma__909890549318144005__909890549318144005_0,misleading_joint,,,,,,,,,,,
hurricane_harvey__905215758917144584__905215758917144584_0,clean,,,,,,,,,,,
hurricane_harvey__905215758917144584__905215758917144584_0,benign_image,,,,,,,,,,,
hurricane_harvey__905215758917144584__905215758917144584_0,benign_text,,,,,,,,,,,
hurricane_harvey__905215758917144584__905215758917144584_0,benign_joint,,,,,,,,,,,
hurricane_harvey__905215758917144584__905215758917144584_0,direct_image,,,,,,,,,,,
hurricane_harvey__905215758917144584__905215758917144584_0,direct_text,,,,,,,,,,,
hurricane_harvey__905215758917144584__905215758917144584_0,direct_joint,,,,,,,,,,,
hurricane_harvey__905215758917144584__905215758917144584_0,misleading_image,,,,,,,,,,,
hurricane_harvey__905215758917144584__905215758917144584_0,misleading_text,,,,,,,,,,,
hurricane_harvey__905215758917144584__905215758917144584_0,misleading_joint,,,,,,,,,,,
iraq_iran_earthquake__932000082072948736__932000082072948736_0,clean,,,,,,,,,,,
iraq_iran_earthquake__932000082072948736__932000082072948736_0,benign_image,,,,,,,,,,,
iraq_iran_earthquake__932000082072948736__932000082072948736_0,benign_text,,,,,,,,,,,
iraq_iran_earthquake__932000082072948736__932000082072948736_0,benign_joint,,,,,,,,,,,
iraq_iran_earthquake__932000082072948736__932000082072948736_0,direct_image,,,,,,,,,,,
iraq_iran_earthquake__932000082072948736__932000082072948736_0,direct_text,,,,,,,,,,,
iraq_iran_earthquake__932000082072948736__932000082072948736_0,direct_joint,,,,,,,,,,,
iraq_iran_earthquake__932000082072948736__932000082072948736_0,misleading_image,,,,,,,,,,,
iraq_iran_earthquake__932000082072948736__932000082072948736_0,misleading_text,,,,,,,,,,,
iraq_iran_earthquake__932000082072948736__932000082072948736_0,misleading_joint,,,,,,,,,,,
hurricane_harvey__907577070141808642__907577070141808642_0,clean,,,,,,,,,,,
hurricane_harvey__907577070141808642__907577070141808642_0,benign_image,,,,,,,,,,,
hurricane_harvey__907577070141808642__907577070141808642_0,benign_text,,,,,,,,,,,
hurricane_harvey__907577070141808642__907577070141808642_0,benign_joint,,,,,,,,,,,
hurricane_harvey__907577070141808642__907577070141808642_0,direct_image,,,,,,,,,,,
hurricane_harvey__907577070141808642__907577070141808642_0,direct_text,,,,,,,,,,,
hurricane_harvey__907577070141808642__907577070141808642_0,direct_joint,,,,,,,,,,,
hurricane_harvey__907577070141808642__907577070141808642_0,misleading_image,,,,,,,,,,,
hurricane_harvey__907577070141808642__907577070141808642_0,misleading_text,,,,,,,,,,,
hurricane_harvey__907577070141808642__907577070141808642_0,misleading_joint,,,,,,,,,,,
srilanka_floods__870176000109182977__870176000109182977_2,clean,,,,,,,,,,,
srilanka_floods__870176000109182977__870176000109182977_2,benign_image,,,,,,,,,,,
srilanka_floods__870176000109182977__870176000109182977_2,benign_text,,,,,,,,,,,
srilanka_floods__870176000109182977__870176000109182977_2,benign_joint,,,,,,,,,,,
srilanka_floods__870176000109182977__870176000109182977_2,direct_image,,,,,,,,,,,
srilanka_floods__870176000109182977__870176000109182977_2,direct_text,,,,,,,,,,,
srilanka_floods__870176000109182977__870176000109182977_2,direct_joint,,,,,,,,,,,
srilanka_floods__870176000109182977__870176000109182977_2,misleading_image,,,,,,,,,,,
srilanka_floods__870176000109182977__870176000109182977_2,misleading_text,,,,,,,,,,,
srilanka_floods__870176000109182977__870176000109182977_2,misleading_joint,,,,,,,,,,,
hurricane_maria__910628198307819522__910628198307819522_0,clean,,,,,,,,,,,
hurricane_maria__910628198307819522__910628198307819522_0,benign_image,,,,,,,,,,,
hurricane_maria__910628198307819522__910628198307819522_0,benign_text,,,,,,,,,,,
hurricane_maria__910628198307819522__910628198307819522_0,benign_joint,,,,,,,,,,,
hurricane_maria__910628198307819522__910628198307819522_0,direct_image,,,,,,,,,,,
hurricane_maria__910628198307819522__910628198307819522_0,direct_text,,,,,,,,,,,
hurricane_maria__910628198307819522__910628198307819522_0,direct_joint,,,,,,,,,,,
hurricane_maria__910628198307819522__910628198307819522_0,misleading_image,,,,,,,,,,,
hurricane_maria__910628198307819522__910628198307819522_0,misleading_text,,,,,,,,,,,
hurricane_maria__910628198307819522__910628198307819522_0,misleading_joint,,,,,,,,,,,
hurricane_maria__922132997326991360__922132997326991360_0,clean,,,,,,,,,,,
hurricane_maria__922132997326991360__922132997326991360_0,benign_image,,,,,,,,,,,
hurricane_maria__922132997326991360__922132997326991360_0,benign_text,,,,,,,,,,,
hurricane_maria__922132997326991360__922132997326991360_0,benign_joint,,,,,,,,,,,
hurricane_maria__922132997326991360__922132997326991360_0,direct_image,,,,,,,,,,,
hurricane_maria__922132997326991360__922132997326991360_0,direct_text,,,,,,,,,,,
hurricane_maria__922132997326991360__922132997326991360_0,direct_joint,,,,,,,,,,,
hurricane_maria__922132997326991360__922132997326991360_0,misleading_image,,,,,,,,,,,
hurricane_maria__922132997326991360__922132997326991360_0,misleading_text,,,,,,,,,,,
hurricane_maria__922132997326991360__922132997326991360_0,misleading_joint,,,,,,,,,,,
hurricane_irma__909918385475026944__909918385475026944_0,clean,,,,,,,,,,,
hurricane_irma__909918385475026944__909918385475026944_0,benign_image,,,,,,,,,,,
hurricane_irma__909918385475026944__909918385475026944_0,benign_text,,,,,,,,,,,
hurricane_irma__909918385475026944__909918385475026944_0,benign_joint,,,,,,,,,,,
hurricane_irma__909918385475026944__909918385475026944_0,direct_image,,,,,,,,,,,
hurricane_irma__909918385475026944__909918385475026944_0,direct_text,,,,,,,,,,,
hurricane_irma__909918385475026944__909918385475026944_0,direct_joint,,,,,,,,,,,
hurricane_irma__909918385475026944__909918385475026944_0,misleading_image,,,,,,,,,,,
hurricane_irma__909918385475026944__909918385475026944_0,misleading_text,,,,,,,,,,,
hurricane_irma__909918385475026944__909918385475026944_0,misleading_joint,,,,,,,,,,,
hurricane_maria__910763300186505216__910763300186505216_0,clean,,,,,,,,,,,
hurricane_maria__910763300186505216__910763300186505216_0,benign_image,,,,,,,,,,,
hurricane_maria__910763300186505216__910763300186505216_0,benign_text,,,,,,,,,,,
hurricane_maria__910763300186505216__910763300186505216_0,benign_joint,,,,,,,,,,,
hurricane_maria__910763300186505216__910763300186505216_0,direct_image,,,,,,,,,,,
hurricane_maria__910763300186505216__910763300186505216_0,direct_text,,,,,,,,,,,
hurricane_maria__910763300186505216__910763300186505216_0,direct_joint,,,,,,,,,,,
hurricane_maria__910763300186505216__910763300186505216_0,misleading_image,,,,,,,,,,,
hurricane_maria__910763300186505216__910763300186505216_0,misleading_text,,,,,,,,,,,
hurricane_maria__910763300186505216__910763300186505216_0,misleading_joint,,,,,,,,,,,
california_wildfires__917975588685664257__917975588685664257_0,clean,,,,,,,,,,,
california_wildfires__917975588685664257__917975588685664257_0,benign_image,,,,,,,,,,,
california_wildfires__917975588685664257__917975588685664257_0,benign_text,,,,,,,,,,,
california_wildfires__917975588685664257__917975588685664257_0,benign_joint,,,,,,,,,,,
california_wildfires__917975588685664257__917975588685664257_0,direct_image,,,,,,,,,,,
california_wildfires__917975588685664257__917975588685664257_0,direct_text,,,,,,,,,,,
california_wildfires__917975588685664257__917975588685664257_0,direct_joint,,,,,,,,,,,
california_wildfires__917975588685664257__917975588685664257_0,misleading_image,,,,,,,,,,,
california_wildfires__917975588685664257__917975588685664257_0,misleading_text,,,,,,,,,,,
california_wildfires__917975588685664257__917975588685664257_0,misleading_joint,,,,,,,,,,,
mexico_earthquake__913355330100301829__913355330100301829_0,clean,,,,,,,,,,,
mexico_earthquake__913355330100301829__913355330100301829_0,benign_image,,,,,,,,,,,
mexico_earthquake__913355330100301829__913355330100301829_0,benign_text,,,,,,,,,,,
mexico_earthquake__913355330100301829__913355330100301829_0,benign_joint,,,,,,,,,,,
mexico_earthquake__913355330100301829__913355330100301829_0,direct_image,,,,,,,,,,,
mexico_earthquake__913355330100301829__913355330100301829_0,direct_text,,,,,,,,,,,
mexico_earthquake__913355330100301829__913355330100301829_0,direct_joint,,,,,,,,,,,
mexico_earthquake__913355330100301829__913355330100301829_0,misleading_image,,,,,,,,,,,
mexico_earthquake__913355330100301829__913355330100301829_0,misleading_text,,,,,,,,,,,
mexico_earthquake__913355330100301829__913355330100301829_0,misleading_joint,,,,,,,,,,,
hurricane_irma__910177644444110848__910177644444110848_1,clean,,,,,,,,,,,
hurricane_irma__910177644444110848__910177644444110848_1,benign_image,,,,,,,,,,,
hurricane_irma__910177644444110848__910177644444110848_1,benign_text,,,,,,,,,,,
hurricane_irma__910177644444110848__910177644444110848_1,benign_joint,,,,,,,,,,,
hurricane_irma__910177644444110848__910177644444110848_1,direct_image,,,,,,,,,,,
hurricane_irma__910177644444110848__910177644444110848_1,direct_text,,,,,,,,,,,
hurricane_irma__910177644444110848__910177644444110848_1,direct_joint,,,,,,,,,,,
hurricane_irma__910177644444110848__910177644444110848_1,misleading_image,,,,,,,,,,,
hurricane_irma__910177644444110848__910177644444110848_1,misleading_text,,,,,,,,,,,
hurricane_irma__910177644444110848__910177644444110848_1,misleading_joint,,,,,,,,,,,
iraq_iran_earthquake__930028600992165888__930028600992165888_3,clean,,,,,,,,,,,
iraq_iran_earthquake__930028600992165888__930028600992165888_3,benign_image,,,,,,,,,,,
iraq_iran_earthquake__930028600992165888__930028600992165888_3,benign_text,,,,,,,,,,,
iraq_iran_earthquake__930028600992165888__930028600992165888_3,benign_joint,,,,,,,,,,,
iraq_iran_earthquake__930028600992165888__930028600992165888_3,direct_image,,,,,,,,,,,
iraq_iran_earthquake__930028600992165888__930028600992165888_3,direct_text,,,,,,,,,,,
iraq_iran_earthquake__930028600992165888__930028600992165888_3,direct_joint,,,,,,,,,,,
iraq_iran_earthquake__930028600992165888__930028600992165888_3,misleading_image,,,,,,,,,,,
iraq_iran_earthquake__930028600992165888__930028600992165888_3,misleading_text,,,,,,,,,,,
iraq_iran_earthquake__930028600992165888__930028600992165888_3,misleading_joint,,,,,,,,,,,
california_wildfires__917971978547589120__917971978547589120_0,clean,,,,,,,,,,,
california_wildfires__917971978547589120__917971978547589120_0,benign_image,,,,,,,,,,,
california_wildfires__917971978547589120__917971978547589120_0,benign_text,,,,,,,,,,,
california_wildfires__917971978547589120__917971978547589120_0,benign_joint,,,,,,,,,,,
california_wildfires__917971978547589120__917971978547589120_0,direct_image,,,,,,,,,,,
california_wildfires__917971978547589120__917971978547589120_0,direct_text,,,,,,,,,,,
california_wildfires__917971978547589120__917971978547589120_0,direct_joint,,,,,,,,,,,
california_wildfires__917971978547589120__917971978547589120_0,misleading_image,,,,,,,,,,,
california_wildfires__917971978547589120__917971978547589120_0,misleading_text,,,,,,,,,,,
california_wildfires__917971978547589120__917971978547589120_0,misleading_joint,,,,,,,,,,,
hurricane_harvey__901822598765522945__901822598765522945_1,clean,,,,,,,,,,,
hurricane_harvey__901822598765522945__901822598765522945_1,benign_image,,,,,,,,,,,
hurricane_harvey__901822598765522945__901822598765522945_1,benign_text,,,,,,,,,,,
hurricane_harvey__901822598765522945__901822598765522945_1,benign_joint,,,,,,,,,,,
hurricane_harvey__901822598765522945__901822598765522945_1,direct_image,,,,,,,,,,,
hurricane_harvey__901822598765522945__901822598765522945_1,direct_text,,,,,,,,,,,
hurricane_harvey__901822598765522945__901822598765522945_1,direct_joint,,,,,,,,,,,
hurricane_harvey__901822598765522945__901822598765522945_1,misleading_image,,,,,,,,,,,
hurricane_harvey__901822598765522945__901822598765522945_1,misleading_text,,,,,,,,,,,
hurricane_harvey__901822598765522945__901822598765522945_1,misleading_joint,,,,,,,,,,,
hurricane_maria__911927354934611968__911927354934611968_1,clean,,,,,,,,,,,
hurricane_maria__911927354934611968__911927354934611968_1,benign_image,,,,,,,,,,,
hurricane_maria__911927354934611968__911927354934611968_1,benign_text,,,,,,,,,,,
hurricane_maria__911927354934611968__911927354934611968_1,benign_joint,,,,,,,,,,,
hurricane_maria__911927354934611968__911927354934611968_1,direct_image,,,,,,,,,,,
hurricane_maria__911927354934611968__911927354934611968_1,direct_text,,,,,,,,,,,
hurricane_maria__911927354934611968__911927354934611968_1,direct_joint,,,,,,,,,,,
hurricane_maria__911927354934611968__911927354934611968_1,misleading_image,,,,,,,,,,,
hurricane_maria__911927354934611968__911927354934611968_1,misleading_text,,,,,,,,,,,
hurricane_maria__911927354934611968__911927354934611968_1,misleading_joint,,,,,,,,,,,
srilanka_floods__870552370744315905__870552370744315905_0,clean,,,,,,,,,,,
srilanka_floods__870552370744315905__870552370744315905_0,benign_image,,,,,,,,,,,
srilanka_floods__870552370744315905__870552370744315905_0,benign_text,,,,,,,,,,,
srilanka_floods__870552370744315905__870552370744315905_0,benign_joint,,,,,,,,,,,
srilanka_floods__870552370744315905__870552370744315905_0,direct_image,,,,,,,,,,,
srilanka_floods__870552370744315905__870552370744315905_0,direct_text,,,,,,,,,,,
srilanka_floods__870552370744315905__870552370744315905_0,direct_joint,,,,,,,,,,,
srilanka_floods__870552370744315905__870552370744315905_0,misleading_image,,,,,,,,,,,
srilanka_floods__870552370744315905__870552370744315905_0,misleading_text,,,,,,,,,,,
srilanka_floods__870552370744315905__870552370744315905_0,misleading_joint,,,,,,,,,,,
iraq_iran_earthquake__930015597135585280__930015597135585280_0,clean,,,,,,,,,,,
iraq_iran_earthquake__930015597135585280__930015597135585280_0,benign_image,,,,,,,,,,,
iraq_iran_earthquake__930015597135585280__930015597135585280_0,benign_text,,,,,,,,,,,
iraq_iran_earthquake__930015597135585280__930015597135585280_0,benign_joint,,,,,,,,,,,
iraq_iran_earthquake__930015597135585280__930015597135585280_0,direct_image,,,,,,,,,,,
iraq_iran_earthquake__930015597135585280__930015597135585280_0,direct_text,,,,,,,,,,,
iraq_iran_earthquake__930015597135585280__930015597135585280_0,direct_joint,,,,,,,,,,,
iraq_iran_earthquake__930015597135585280__930015597135585280_0,misleading_image,,,,,,,,,,,
iraq_iran_earthquake__930015597135585280__930015597135585280_0,misleading_text,,,,,,,,,,,
iraq_iran_earthquake__930015597135585280__930015597135585280_0,misleading_joint,,,,,,,,,,,
mexico_earthquake__910542244830212096__910542244830212096_0,clean,,,,,,,,,,,
mexico_earthquake__910542244830212096__910542244830212096_0,benign_image,,,,,,,,,,,
mexico_earthquake__910542244830212096__910542244830212096_0,benign_text,,,,,,,,,,,
mexico_earthquake__910542244830212096__910542244830212096_0,benign_joint,,,,,,,,,,,
mexico_earthquake__910542244830212096__910542244830212096_0,direct_image,,,,,,,,,,,
mexico_earthquake__910542244830212096__910542244830212096_0,direct_text,,,,,,,,,,,
mexico_earthquake__910542244830212096__910542244830212096_0,direct_joint,,,,,,,,,,,
mexico_earthquake__910542244830212096__910542244830212096_0,misleading_image,,,,,,,,,,,
mexico_earthquake__910542244830212096__910542244830212096_0,misleading_text,,,,,,,,,,,
mexico_earthquake__910542244830212096__910542244830212096_0,misleading_joint,,,,,,,,,,,
hurricane_harvey__907779904254734341__907779904254734341_0,clean,,,,,,,,,,,
hurricane_harvey__907779904254734341__907779904254734341_0,benign_image,,,,,,,,,,,
hurricane_harvey__907779904254734341__907779904254734341_0,benign_text,,,,,,,,,,,
hurricane_harvey__907779904254734341__907779904254734341_0,benign_joint,,,,,,,,,,,
hurricane_harvey__907779904254734341__907779904254734341_0,direct_image,,,,,,,,,,,
hurricane_harvey__907779904254734341__907779904254734341_0,direct_text,,,,,,,,,,,
hurricane_harvey__907779904254734341__907779904254734341_0,direct_joint,,,,,,,,,,,
hurricane_harvey__907779904254734341__907779904254734341_0,misleading_image,,,,,,,,,,,
hurricane_harvey__907779904254734341__907779904254734341_0,misleading_text,,,,,,,,,,,
hurricane_harvey__907779904254734341__907779904254734341_0,misleading_joint,,,,,,,,,,,
mexico_earthquake__911680036578762756__911680036578762756_0,clean,,,,,,,,,,,
mexico_earthquake__911680036578762756__911680036578762756_0,benign_image,,,,,,,,,,,
mexico_earthquake__911680036578762756__911680036578762756_0,benign_text,,,,,,,,,,,
mexico_earthquake__911680036578762756__911680036578762756_0,benign_joint,,,,,,,,,,,
mexico_earthquake__911680036578762756__911680036578762756_0,direct_image,,,,,,,,,,,
mexico_earthquake__911680036578762756__911680036578762756_0,direct_text,,,,,,,,,,,
mexico_earthquake__911680036578762756__911680036578762756_0,direct_joint,,,,,,,,,,,
mexico_earthquake__911680036578762756__911680036578762756_0,misleading_image,,,,,,,,,,,
mexico_earthquake__911680036578762756__911680036578762756_0,misleading_text,,,,,,,,,,,
mexico_earthquake__911680036578762756__911680036578762756_0,misleading_joint,,,,,,,,,,,
srilanka_floods__870917963821535233__870917963821535233_0,clean,,,,,,,,,,,
srilanka_floods__870917963821535233__870917963821535233_0,benign_image,,,,,,,,,,,
srilanka_floods__870917963821535233__870917963821535233_0,benign_text,,,,,,,,,,,
srilanka_floods__870917963821535233__870917963821535233_0,benign_joint,,,,,,,,,,,
srilanka_floods__870917963821535233__870917963821535233_0,direct_image,,,,,,,,,,,
srilanka_floods__870917963821535233__870917963821535233_0,direct_text,,,,,,,,,,,
srilanka_floods__870917963821535233__870917963821535233_0,direct_joint,,,,,,,,,,,
srilanka_floods__870917963821535233__870917963821535233_0,misleading_image,,,,,,,,,,,
srilanka_floods__870917963821535233__870917963821535233_0,misleading_text,,,,,,,,,,,
srilanka_floods__870917963821535233__870917963821535233_0,misleading_joint,,,,,,,,,,,
iraq_iran_earthquake__930003223800360960__930003223800360960_0,clean,,,,,,,,,,,
iraq_iran_earthquake__930003223800360960__930003223800360960_0,benign_image,,,,,,,,,,,
iraq_iran_earthquake__930003223800360960__930003223800360960_0,benign_text,,,,,,,,,,,
iraq_iran_earthquake__930003223800360960__930003223800360960_0,benign_joint,,,,,,,,,,,
iraq_iran_earthquake__930003223800360960__930003223800360960_0,direct_image,,,,,,,,,,,
iraq_iran_earthquake__930003223800360960__930003223800360960_0,direct_text,,,,,,,,,,,
iraq_iran_earthquake__930003223800360960__930003223800360960_0,direct_joint,,,,,,,,,,,
iraq_iran_earthquake__930003223800360960__930003223800360960_0,misleading_image,,,,,,,,,,,
iraq_iran_earthquake__930003223800360960__930003223800360960_0,misleading_text,,,,,,,,,,,
iraq_iran_earthquake__930003223800360960__930003223800360960_0,misleading_joint,,,,,,,,,,,
srilanka_floods__872502041255530496__872502041255530496_0,clean,,,,,,,,,,,
srilanka_floods__872502041255530496__872502041255530496_0,benign_image,,,,,,,,,,,
srilanka_floods__872502041255530496__872502041255530496_0,benign_text,,,,,,,,,,,
srilanka_floods__872502041255530496__872502041255530496_0,benign_joint,,,,,,,,,,,
srilanka_floods__872502041255530496__872502041255530496_0,direct_image,,,,,,,,,,,
srilanka_floods__872502041255530496__872502041255530496_0,direct_text,,,,,,,,,,,
srilanka_floods__872502041255530496__872502041255530496_0,direct_joint,,,,,,,,,,,
srilanka_floods__872502041255530496__872502041255530496_0,misleading_image,,,,,,,,,,,
srilanka_floods__872502041255530496__872502041255530496_0,misleading_text,,,,,,,,,,,
srilanka_floods__872502041255530496__872502041255530496_0,misleading_joint,,,,,,,,,,,
hurricane_maria__921403426717569025__921403426717569025_0,clean,,,,,,,,,,,
hurricane_maria__921403426717569025__921403426717569025_0,benign_image,,,,,,,,,,,
hurricane_maria__921403426717569025__921403426717569025_0,benign_text,,,,,,,,,,,
hurricane_maria__921403426717569025__921403426717569025_0,benign_joint,,,,,,,,,,,
hurricane_maria__921403426717569025__921403426717569025_0,direct_image,,,,,,,,,,,
hurricane_maria__921403426717569025__921403426717569025_0,direct_text,,,,,,,,,,,
hurricane_maria__921403426717569025__921403426717569025_0,direct_joint,,,,,,,,,,,
hurricane_maria__921403426717569025__921403426717569025_0,misleading_image,,,,,,,,,,,
hurricane_maria__921403426717569025__921403426717569025_0,misleading_text,,,,,,,,,,,
hurricane_maria__921403426717569025__921403426717569025_0,misleading_joint,,,,,,,,,,,
hurricane_maria__913379706556338176__913379706556338176_0,clean,,,,,,,,,,,
hurricane_maria__913379706556338176__913379706556338176_0,benign_image,,,,,,,,,,,
hurricane_maria__913379706556338176__913379706556338176_0,benign_text,,,,,,,,,,,
hurricane_maria__913379706556338176__913379706556338176_0,benign_joint,,,,,,,,,,,
hurricane_maria__913379706556338176__913379706556338176_0,direct_image,,,,,,,,,,,
hurricane_maria__913379706556338176__913379706556338176_0,direct_text,,,,,,,,,,,
hurricane_maria__913379706556338176__913379706556338176_0,direct_joint,,,,,,,,,,,
hurricane_maria__913379706556338176__913379706556338176_0,misleading_image,,,,,,,,,,,
hurricane_maria__913379706556338176__913379706556338176_0,misleading_text,,,,,,,,,,,
hurricane_maria__913379706556338176__913379706556338176_0,misleading_joint,,,,,,,,,,,
hurricane_harvey__907307308211982336__907307308211982336_0,clean,,,,,,,,,,,
hurricane_harvey__907307308211982336__907307308211982336_0,benign_image,,,,,,,,,,,
hurricane_harvey__907307308211982336__907307308211982336_0,benign_text,,,,,,,,,,,
hurricane_harvey__907307308211982336__907307308211982336_0,benign_joint,,,,,,,,,,,
hurricane_harvey__907307308211982336__907307308211982336_0,direct_image,,,,,,,,,,,
hurricane_harvey__907307308211982336__907307308211982336_0,direct_text,,,,,,,,,,,
hurricane_harvey__907307308211982336__907307308211982336_0,direct_joint,,,,,,,,,,,
hurricane_harvey__907307308211982336__907307308211982336_0,misleading_image,,,,,,,,,,,
hurricane_harvey__907307308211982336__907307308211982336_0,misleading_text,,,,,,,,,,,
hurricane_harvey__907307308211982336__907307308211982336_0,misleading_joint,,,,,,,,,,,
hurricane_irma__909996543385665537__909996543385665537_0,clean,,,,,,,,,,,
hurricane_irma__909996543385665537__909996543385665537_0,benign_image,,,,,,,,,,,
hurricane_irma__909996543385665537__909996543385665537_0,benign_text,,,,,,,,,,,
hurricane_irma__909996543385665537__909996543385665537_0,benign_joint,,,,,,,,,,,
hurricane_irma__909996543385665537__909996543385665537_0,direct_image,,,,,,,,,,,
hurricane_irma__909996543385665537__909996543385665537_0,direct_text,,,,,,,,,,,
hurricane_irma__909996543385665537__909996543385665537_0,direct_joint,,,,,,,,,,,
hurricane_irma__909996543385665537__909996543385665537_0,misleading_image,,,,,,,,,,,
hurricane_irma__909996543385665537__909996543385665537_0,misleading_text,,,,,,,,,,,
hurricane_irma__909996543385665537__909996543385665537_0,misleading_joint,,,,,,,,,,,
hurricane_harvey__901750080943902720__901750080943902720_0,clean,,,,,,,,,,,
hurricane_harvey__901750080943902720__901750080943902720_0,benign_image,,,,,,,,,,,
hurricane_harvey__901750080943902720__901750080943902720_0,benign_text,,,,,,,,,,,
hurricane_harvey__901750080943902720__901750080943902720_0,benign_joint,,,,,,,,,,,
hurricane_harvey__901750080943902720__901750080943902720_0,direct_image,,,,,,,,,,,
hurricane_harvey__901750080943902720__901750080943902720_0,direct_text,,,,,,,,,,,
hurricane_harvey__901750080943902720__901750080943902720_0,direct_joint,,,,,,,,,,,
hurricane_harvey__901750080943902720__901750080943902720_0,misleading_image,,,,,,,,,,,
hurricane_harvey__901750080943902720__901750080943902720_0,misleading_text,,,,,,,,,,,
hurricane_harvey__901750080943902720__901750080943902720_0,misleading_joint,,,,,,,,,,,
hurricane_harvey__905133260526714880__905133260526714880_2,clean,,,,,,,,,,,
hurricane_harvey__905133260526714880__905133260526714880_2,benign_image,,,,,,,,,,,
hurricane_harvey__905133260526714880__905133260526714880_2,benign_text,,,,,,,,,,,
hurricane_harvey__905133260526714880__905133260526714880_2,benign_joint,,,,,,,,,,,
hurricane_harvey__905133260526714880__905133260526714880_2,direct_image,,,,,,,,,,,
hurricane_harvey__905133260526714880__905133260526714880_2,direct_text,,,,,,,,,,,
hurricane_harvey__905133260526714880__905133260526714880_2,direct_joint,,,,,,,,,,,
hurricane_harvey__905133260526714880__905133260526714880_2,misleading_image,,,,,,,,,,,
hurricane_harvey__905133260526714880__905133260526714880_2,misleading_text,,,,,,,,,,,
hurricane_harvey__905133260526714880__905133260526714880_2,misleading_joint,,,,,,,,,,,
srilanka_floods__870052558928138240__870052558928138240_0,clean,,,,,,,,,,,
srilanka_floods__870052558928138240__870052558928138240_0,benign_image,,,,,,,,,,,
srilanka_floods__870052558928138240__870052558928138240_0,benign_text,,,,,,,,,,,
srilanka_floods__870052558928138240__870052558928138240_0,benign_joint,,,,,,,,,,,
srilanka_floods__870052558928138240__870052558928138240_0,direct_image,,,,,,,,,,,
srilanka_floods__870052558928138240__870052558928138240_0,direct_text,,,,,,,,,,,
srilanka_floods__870052558928138240__870052558928138240_0,direct_joint,,,,,,,,,,,
srilanka_floods__870052558928138240__870052558928138240_0,misleading_image,,,,,,,,,,,
srilanka_floods__870052558928138240__870052558928138240_0,misleading_text,,,,,,,,,,,
srilanka_floods__870052558928138240__870052558928138240_0,misleading_joint,,,,,,,,,,,
hurricane_maria__914353354503069696__914353354503069696_0,clean,,,,,,,,,,,
hurricane_maria__914353354503069696__914353354503069696_0,benign_image,,,,,,,,,,,
hurricane_maria__914353354503069696__914353354503069696_0,benign_text,,,,,,,,,,,
hurricane_maria__914353354503069696__914353354503069696_0,benign_joint,,,,,,,,,,,
hurricane_maria__914353354503069696__914353354503069696_0,direct_image,,,,,,,,,,,
hurricane_maria__914353354503069696__914353354503069696_0,direct_text,,,,,,,,,,,
hurricane_maria__914353354503069696__914353354503069696_0,direct_joint,,,,,,,,,,,
hurricane_maria__914353354503069696__914353354503069696_0,misleading_image,,,,,,,,,,,
hurricane_maria__914353354503069696__914353354503069696_0,misleading_text,,,,,,,,,,,
hurricane_maria__914353354503069696__914353354503069696_0,misleading_joint,,,,,,,,,,,
mexico_earthquake__910705421953982464__910705421953982464_0,clean,,,,,,,,,,,
mexico_earthquake__910705421953982464__910705421953982464_0,benign_image,,,,,,,,,,,
mexico_earthquake__910705421953982464__910705421953982464_0,benign_text,,,,,,,,,,,
mexico_earthquake__910705421953982464__910705421953982464_0,benign_joint,,,,,,,,,,,
mexico_earthquake__910705421953982464__910705421953982464_0,direct_image,,,,,,,,,,,
mexico_earthquake__910705421953982464__910705421953982464_0,direct_text,,,,,,,,,,,
mexico_earthquake__910705421953982464__910705421953982464_0,direct_joint,,,,,,,,,,,
mexico_earthquake__910705421953982464__910705421953982464_0,misleading_image,,,,,,,,,,,
mexico_earthquake__910705421953982464__910705421953982464_0,misleading_text,,,,,,,,,,,
mexico_earthquake__910705421953982464__910705421953982464_0,misleading_joint,,,,,,,,,,,
hurricane_irma__909805592805560320__909805592805560320_0,clean,,,,,,,,,,,
hurricane_irma__909805592805560320__909805592805560320_0,benign_image,,,,,,,,,,,
hurricane_irma__909805592805560320__909805592805560320_0,benign_text,,,,,,,,,,,
hurricane_irma__909805592805560320__909805592805560320_0,benign_joint,,,,,,,,,,,
hurricane_irma__909805592805560320__909805592805560320_0,direct_image,,,,,,,,,,,
hurricane_irma__909805592805560320__909805592805560320_0,direct_text,,,,,,,,,,,
hurricane_irma__909805592805560320__909805592805560320_0,direct_joint,,,,,,,,,,,
hurricane_irma__909805592805560320__909805592805560320_0,misleading_image,,,,,,,,,,,
hurricane_irma__909805592805560320__909805592805560320_0,misleading_text,,,,,,,,,,,
hurricane_irma__909805592805560320__909805592805560320_0,misleading_joint,,,,,,,,,,,
hurricane_harvey__905844147227041793__905844147227041793_0,clean,,,,,,,,,,,
hurricane_harvey__905844147227041793__905844147227041793_0,benign_image,,,,,,,,,,,
hurricane_harvey__905844147227041793__905844147227041793_0,benign_text,,,,,,,,,,,
hurricane_harvey__905844147227041793__905844147227041793_0,benign_joint,,,,,,,,,,,
hurricane_harvey__905844147227041793__905844147227041793_0,direct_image,,,,,,,,,,,
hurricane_harvey__905844147227041793__905844147227041793_0,direct_text,,,,,,,,,,,
hurricane_harvey__905844147227041793__905844147227041793_0,direct_joint,,,,,,,,,,,
hurricane_harvey__905844147227041793__905844147227041793_0,misleading_image,,,,,,,,,,,
hurricane_harvey__905844147227041793__905844147227041793_0,misleading_text,,,,,,,,,,,
hurricane_harvey__905844147227041793__905844147227041793_0,misleading_joint,,,,,,,,,,,
hurricane_harvey__910261798569472003__910261798569472003_0,clean,,,,,,,,,,,
hurricane_harvey__910261798569472003__910261798569472003_0,benign_image,,,,,,,,,,,
hurricane_harvey__910261798569472003__910261798569472003_0,benign_text,,,,,,,,,,,
hurricane_harvey__910261798569472003__910261798569472003_0,benign_joint,,,,,,,,,,,
hurricane_harvey__910261798569472003__910261798569472003_0,direct_image,,,,,,,,,,,
hurricane_harvey__910261798569472003__910261798569472003_0,direct_text,,,,,,,,,,,
hurricane_harvey__910261798569472003__910261798569472003_0,direct_joint,,,,,,,,,,,
hurricane_harvey__910261798569472003__910261798569472003_0,misleading_image,,,,,,,,,,,
hurricane_harvey__910261798569472003__910261798569472003_0,misleading_text,,,,,,,,,,,
hurricane_harvey__910261798569472003__910261798569472003_0,misleading_joint,,,,,,,,,,,
hurricane_irma__909412901626236929__909412901626236929_0,clean,,,,,,,,,,,
hurricane_irma__909412901626236929__909412901626236929_0,benign_image,,,,,,,,,,,
hurricane_irma__909412901626236929__909412901626236929_0,benign_text,,,,,,,,,,,
hurricane_irma__909412901626236929__909412901626236929_0,benign_joint,,,,,,,,,,,
hurricane_irma__909412901626236929__909412901626236929_0,direct_image,,,,,,,,,,,
hurricane_irma__909412901626236929__909412901626236929_0,direct_text,,,,,,,,,,,
hurricane_irma__909412901626236929__909412901626236929_0,direct_joint,,,,,,,,,,,
hurricane_irma__909412901626236929__909412901626236929_0,misleading_image,,,,,,,,,,,
hurricane_irma__909412901626236929__909412901626236929_0,misleading_text,,,,,,,,,,,
hurricane_irma__909412901626236929__909412901626236929_0,misleading_joint,,,,,,,,,,,
mexico_earthquake__914823897601605632__914823897601605632_0,clean,,,,,,,,,,,
mexico_earthquake__914823897601605632__914823897601605632_0,benign_image,,,,,,,,,,,
mexico_earthquake__914823897601605632__914823897601605632_0,benign_text,,,,,,,,,,,
mexico_earthquake__914823897601605632__914823897601605632_0,benign_joint,,,,,,,,,,,
mexico_earthquake__914823897601605632__914823897601605632_0,direct_image,,,,,,,,,,,
mexico_earthquake__914823897601605632__914823897601605632_0,direct_text,,,,,,,,,,,
mexico_earthquake__914823897601605632__914823897601605632_0,direct_joint,,,,,,,,,,,
mexico_earthquake__914823897601605632__914823897601605632_0,misleading_image,,,,,,,,,,,
mexico_earthquake__914823897601605632__914823897601605632_0,misleading_text,,,,,,,,,,,
mexico_earthquake__914823897601605632__914823897601605632_0,misleading_joint,,,,,,,,,,,
mexico_earthquake__910537562132901889__910537562132901889_0,clean,,,,,,,,,,,
mexico_earthquake__910537562132901889__910537562132901889_0,benign_image,,,,,,,,,,,
mexico_earthquake__910537562132901889__910537562132901889_0,benign_text,,,,,,,,,,,
mexico_earthquake__910537562132901889__910537562132901889_0,benign_joint,,,,,,,,,,,
mexico_earthquake__910537562132901889__910537562132901889_0,direct_image,,,,,,,,,,,
mexico_earthquake__910537562132901889__910537562132901889_0,direct_text,,,,,,,,,,,
mexico_earthquake__910537562132901889__910537562132901889_0,direct_joint,,,,,,,,,,,
mexico_earthquake__910537562132901889__910537562132901889_0,misleading_image,,,,,,,,,,,
mexico_earthquake__910537562132901889__910537562132901889_0,misleading_text,,,,,,,,,,,
mexico_earthquake__910537562132901889__910537562132901889_0,misleading_joint,,,,,,,,,,,
iraq_iran_earthquake__930027524830236672__930027524830236672_0,clean,,,,,,,,,,,
iraq_iran_earthquake__930027524830236672__930027524830236672_0,benign_image,,,,,,,,,,,
iraq_iran_earthquake__930027524830236672__930027524830236672_0,benign_text,,,,,,,,,,,
iraq_iran_earthquake__930027524830236672__930027524830236672_0,benign_joint,,,,,,,,,,,
iraq_iran_earthquake__930027524830236672__930027524830236672_0,direct_image,,,,,,,,,,,
iraq_iran_earthquake__930027524830236672__930027524830236672_0,direct_text,,,,,,,,,,,
iraq_iran_earthquake__930027524830236672__930027524830236672_0,direct_joint,,,,,,,,,,,
iraq_iran_earthquake__930027524830236672__930027524830236672_0,misleading_image,,,,,,,,,,,
iraq_iran_earthquake__930027524830236672__930027524830236672_0,misleading_text,,,,,,,,,,,
iraq_iran_earthquake__930027524830236672__930027524830236672_0,misleading_joint,,,,,,,,,,,
hurricane_maria__913798788095102976__913798788095102976_0,clean,,,,,,,,,,,
hurricane_maria__913798788095102976__913798788095102976_0,benign_image,,,,,,,,,,,
hurricane_maria__913798788095102976__913798788095102976_0,benign_text,,,,,,,,,,,
hurricane_maria__913798788095102976__913798788095102976_0,benign_joint,,,,,,,,,,,
hurricane_maria__913798788095102976__913798788095102976_0,direct_image,,,,,,,,,,,
hurricane_maria__913798788095102976__913798788095102976_0,direct_text,,,,,,,,,,,
hurricane_maria__913798788095102976__913798788095102976_0,direct_joint,,,,,,,,,,,
hurricane_maria__913798788095102976__913798788095102976_0,misleading_image,,,,,,,,,,,
hurricane_maria__913798788095102976__913798788095102976_0,misleading_text,,,,,,,,,,,
hurricane_maria__913798788095102976__913798788095102976_0,misleading_joint,,,,,,,,,,,
hurricane_irma__909481301274587136__909481301274587136_2,clean,,,,,,,,,,,
hurricane_irma__909481301274587136__909481301274587136_2,benign_image,,,,,,,,,,,
hurricane_irma__909481301274587136__909481301274587136_2,benign_text,,,,,,,,,,,
hurricane_irma__909481301274587136__909481301274587136_2,benign_joint,,,,,,,,,,,
hurricane_irma__909481301274587136__909481301274587136_2,direct_image,,,,,,,,,,,
hurricane_irma__909481301274587136__909481301274587136_2,direct_text,,,,,,,,,,,
hurricane_irma__909481301274587136__909481301274587136_2,direct_joint,,,,,,,,,,,
hurricane_irma__909481301274587136__909481301274587136_2,misleading_image,,,,,,,,,,,
hurricane_irma__909481301274587136__909481301274587136_2,misleading_text,,,,,,,,,,,
hurricane_irma__909481301274587136__909481301274587136_2,misleading_joint,,,,,,,,,,,
hurricane_maria__916310521661591552__916310521661591552_0,clean,,,,,,,,,,,
hurricane_maria__916310521661591552__916310521661591552_0,benign_image,,,,,,,,,,,
hurricane_maria__916310521661591552__916310521661591552_0,benign_text,,,,,,,,,,,
hurricane_maria__916310521661591552__916310521661591552_0,benign_joint,,,,,,,,,,,
hurricane_maria__916310521661591552__916310521661591552_0,direct_image,,,,,,,,,,,
hurricane_maria__916310521661591552__916310521661591552_0,direct_text,,,,,,,,,,,
hurricane_maria__916310521661591552__916310521661591552_0,direct_joint,,,,,,,,,,,
hurricane_maria__916310521661591552__916310521661591552_0,misleading_image,,,,,,,,,,,
hurricane_maria__916310521661591552__916310521661591552_0,misleading_text,,,,,,,,,,,
hurricane_maria__916310521661591552__916310521661591552_0,misleading_joint,,,,,,,,,,,
mexico_earthquake__910708925548384256__910708925548384256_0,clean,,,,,,,,,,,
mexico_earthquake__910708925548384256__910708925548384256_0,benign_image,,,,,,,,,,,
mexico_earthquake__910708925548384256__910708925548384256_0,benign_text,,,,,,,,,,,
mexico_earthquake__910708925548384256__910708925548384256_0,benign_joint,,,,,,,,,,,
mexico_earthquake__910708925548384256__910708925548384256_0,direct_image,,,,,,,,,,,
mexico_earthquake__910708925548384256__910708925548384256_0,direct_text,,,,,,,,,,,
mexico_earthquake__910708925548384256__910708925548384256_0,direct_joint,,,,,,,,,,,
mexico_earthquake__910708925548384256__910708925548384256_0,misleading_image,,,,,,,,,,,
mexico_earthquake__910708925548384256__910708925548384256_0,misleading_text,,,,,,,,,,,
mexico_earthquake__910708925548384256__910708925548384256_0,misleading_joint,,,,,,,,,,,
hurricane_maria__927182978379284486__927182978379284486_0,clean,,,,,,,,,,,
hurricane_maria__927182978379284486__927182978379284486_0,benign_image,,,,,,,,,,,
hurricane_maria__927182978379284486__927182978379284486_0,benign_text,,,,,,,,,,,
hurricane_maria__927182978379284486__927182978379284486_0,benign_joint,,,,,,,,,,,
hurricane_maria__927182978379284486__927182978379284486_0,direct_image,,,,,,,,,,,
hurricane_maria__927182978379284486__927182978379284486_0,direct_text,,,,,,,,,,,
hurricane_maria__927182978379284486__927182978379284486_0,direct_joint,,,,,,,,,,,
hurricane_maria__927182978379284486__927182978379284486_0,misleading_image,,,,,,,,,,,
hurricane_maria__927182978379284486__927182978379284486_0,misleading_text,,,,,,,,,,,
hurricane_maria__927182978379284486__927182978379284486_0,misleading_joint,,,,,,,,,,,
hurricane_irma__905636384576335872__905636384576335872_0,clean,,,,,,,,,,,
hurricane_irma__905636384576335872__905636384576335872_0,benign_image,,,,,,,,,,,
hurricane_irma__905636384576335872__905636384576335872_0,benign_text,,,,,,,,,,,
hurricane_irma__905636384576335872__905636384576335872_0,benign_joint,,,,,,,,,,,
hurricane_irma__905636384576335872__905636384576335872_0,direct_image,,,,,,,,,,,
hurricane_irma__905636384576335872__905636384576335872_0,direct_text,,,,,,,,,,,
hurricane_irma__905636384576335872__905636384576335872_0,direct_joint,,,,,,,,,,,
hurricane_irma__905636384576335872__905636384576335872_0,misleading_image,,,,,,,,,,,
hurricane_irma__905636384576335872__905636384576335872_0,misleading_text,,,,,,,,,,,
hurricane_irma__905636384576335872__905636384576335872_0,misleading_joint,,,,,,,,,,,
hurricane_irma__905701933339566080__905701933339566080_0,clean,,,,,,,,,,,
hurricane_irma__905701933339566080__905701933339566080_0,benign_image,,,,,,,,,,,
hurricane_irma__905701933339566080__905701933339566080_0,benign_text,,,,,,,,,,,
hurricane_irma__905701933339566080__905701933339566080_0,benign_joint,,,,,,,,,,,
hurricane_irma__905701933339566080__905701933339566080_0,direct_image,,,,,,,,,,,
hurricane_irma__905701933339566080__905701933339566080_0,direct_text,,,,,,,,,,,
hurricane_irma__905701933339566080__905701933339566080_0,direct_joint,,,,,,,,,,,
hurricane_irma__905701933339566080__905701933339566080_0,misleading_image,,,,,,,,,,,
hurricane_irma__905701933339566080__905701933339566080_0,misleading_text,,,,,,,,,,,
hurricane_irma__905701933339566080__905701933339566080_0,misleading_joint,,,,,,,,,,,
hurricane_maria__912075982164643840__912075982164643840_0,clean,,,,,,,,,,,
hurricane_maria__912075982164643840__912075982164643840_0,benign_image,,,,,,,,,,,
hurricane_maria__912075982164643840__912075982164643840_0,benign_text,,,,,,,,,,,
hurricane_maria__912075982164643840__912075982164643840_0,benign_joint,,,,,,,,,,,
hurricane_maria__912075982164643840__912075982164643840_0,direct_image,,,,,,,,,,,
hurricane_maria__912075982164643840__912075982164643840_0,direct_text,,,,,,,,,,,
hurricane_maria__912075982164643840__912075982164643840_0,direct_joint,,,,,,,,,,,
hurricane_maria__912075982164643840__912075982164643840_0,misleading_image,,,,,,,,,,,
hurricane_maria__912075982164643840__912075982164643840_0,misleading_text,,,,,,,,,,,
hurricane_maria__912075982164643840__912075982164643840_0,misleading_joint,,,,,,,,,,,
california_wildfires__921159449708060672__921159449708060672_0,clean,,,,,,,,,,,
california_wildfires__921159449708060672__921159449708060672_0,benign_image,,,,,,,,,,,
california_wildfires__921159449708060672__921159449708060672_0,benign_text,,,,,,,,,,,
california_wildfires__921159449708060672__921159449708060672_0,benign_joint,,,,,,,,,,,
california_wildfires__921159449708060672__921159449708060672_0,direct_image,,,,,,,,,,,
california_wildfires__921159449708060672__921159449708060672_0,direct_text,,,,,,,,,,,
california_wildfires__921159449708060672__921159449708060672_0,direct_joint,,,,,,,,,,,
california_wildfires__921159449708060672__921159449708060672_0,misleading_image,,,,,,,,,,,
california_wildfires__921159449708060672__921159449708060672_0,misleading_text,,,,,,,,,,,
california_wildfires__921159449708060672__921159449708060672_0,misleading_joint,,,,,,,,,,,
srilanka_floods__870015709555834880__870015709555834880_0,clean,,,,,,,,,,,
srilanka_floods__870015709555834880__870015709555834880_0,benign_image,,,,,,,,,,,
srilanka_floods__870015709555834880__870015709555834880_0,benign_text,,,,,,,,,,,
srilanka_floods__870015709555834880__870015709555834880_0,benign_joint,,,,,,,,,,,
srilanka_floods__870015709555834880__870015709555834880_0,direct_image,,,,,,,,,,,
srilanka_floods__870015709555834880__870015709555834880_0,direct_text,,,,,,,,,,,
srilanka_floods__870015709555834880__870015709555834880_0,direct_joint,,,,,,,,,,,
srilanka_floods__870015709555834880__870015709555834880_0,misleading_image,,,,,,,,,,,
srilanka_floods__870015709555834880__870015709555834880_0,misleading_text,,,,,,,,,,,
srilanka_floods__870015709555834880__870015709555834880_0,misleading_joint,,,,,,,,,,,
california_wildfires__919937237676040192__919937237676040192_0,clean,,,,,,,,,,,
california_wildfires__919937237676040192__919937237676040192_0,benign_image,,,,,,,,,,,
california_wildfires__919937237676040192__919937237676040192_0,benign_text,,,,,,,,,,,
california_wildfires__919937237676040192__919937237676040192_0,benign_joint,,,,,,,,,,,
california_wildfires__919937237676040192__919937237676040192_0,direct_image,,,,,,,,,,,
california_wildfires__919937237676040192__919937237676040192_0,direct_text,,,,,,,,,,,
california_wildfires__919937237676040192__919937237676040192_0,direct_joint,,,,,,,,,,,
california_wildfires__919937237676040192__919937237676040192_0,misleading_image,,,,,,,,,,,
california_wildfires__919937237676040192__919937237676040192_0,misleading_text,,,,,,,,,,,
california_wildfires__919937237676040192__919937237676040192_0,misleading_joint,,,,,,,,,,,
hurricane_irma__909839895077834752__909839895077834752_1,clean,,,,,,,,,,,
hurricane_irma__909839895077834752__909839895077834752_1,benign_image,,,,,,,,,,,
hurricane_irma__909839895077834752__909839895077834752_1,benign_text,,,,,,,,,,,
hurricane_irma__909839895077834752__909839895077834752_1,benign_joint,,,,,,,,,,,
hurricane_irma__909839895077834752__909839895077834752_1,direct_image,,,,,,,,,,,
hurricane_irma__909839895077834752__909839895077834752_1,direct_text,,,,,,,,,,,
hurricane_irma__909839895077834752__909839895077834752_1,direct_joint,,,,,,,,,,,
hurricane_irma__909839895077834752__909839895077834752_1,misleading_image,,,,,,,,,,,
hurricane_irma__909839895077834752__909839895077834752_1,misleading_text,,,,,,,,,,,
hurricane_irma__909839895077834752__909839895077834752_1,misleading_joint,,,,,,,,,,,
hurricane_maria__921564595877302272__921564595877302272_0,clean,,,,,,,,,,,
hurricane_maria__921564595877302272__921564595877302272_0,benign_image,,,,,,,,,,,
hurricane_maria__921564595877302272__921564595877302272_0,benign_text,,,,,,,,,,,
hurricane_maria__921564595877302272__921564595877302272_0,benign_joint,,,,,,,,,,,
hurricane_maria__921564595877302272__921564595877302272_0,direct_image,,,,,,,,,,,
hurricane_maria__921564595877302272__921564595877302272_0,direct_text,,,,,,,,,,,
hurricane_maria__921564595877302272__921564595877302272_0,direct_joint,,,,,,,,,,,
hurricane_maria__921564595877302272__921564595877302272_0,misleading_image,,,,,,,,,,,
hurricane_maria__921564595877302272__921564595877302272_0,misleading_text,,,,,,,,,,,
hurricane_maria__921564595877302272__921564595877302272_0,misleading_joint,,,,,,,,,,,
hurricane_harvey__901688029521334272__901688029521334272_2,clean,,,,,,,,,,,
hurricane_harvey__901688029521334272__901688029521334272_2,benign_image,,,,,,,,,,,
hurricane_harvey__901688029521334272__901688029521334272_2,benign_text,,,,,,,,,,,
hurricane_harvey__901688029521334272__901688029521334272_2,benign_joint,,,,,,,,,,,
hurricane_harvey__901688029521334272__901688029521334272_2,direct_image,,,,,,,,,,,
hurricane_harvey__901688029521334272__901688029521334272_2,direct_text,,,,,,,,,,,
hurricane_harvey__901688029521334272__901688029521334272_2,direct_joint,,,,,,,,,,,
hurricane_harvey__901688029521334272__901688029521334272_2,misleading_image,,,,,,,,,,,
hurricane_harvey__901688029521334272__901688029521334272_2,misleading_text,,,,,,,,,,,
hurricane_harvey__901688029521334272__901688029521334272_2,misleading_joint,,,,,,,,,,,
hurricane_irma__905642249706340352__905642249706340352_0,clean,,,,,,,,,,,
hurricane_irma__905642249706340352__905642249706340352_0,benign_image,,,,,,,,,,,
hurricane_irma__905642249706340352__905642249706340352_0,benign_text,,,,,,,,,,,
hurricane_irma__905642249706340352__905642249706340352_0,benign_joint,,,,,,,,,,,
hurricane_irma__905642249706340352__905642249706340352_0,direct_image,,,,,,,,,,,
hurricane_irma__905642249706340352__905642249706340352_0,direct_text,,,,,,,,,,,
hurricane_irma__905642249706340352__905642249706340352_0,direct_joint,,,,,,,,,,,
hurricane_irma__905642249706340352__905642249706340352_0,misleading_image,,,,,,,,,,,
hurricane_irma__905642249706340352__905642249706340352_0,misleading_text,,,,,,,,,,,
hurricane_irma__905642249706340352__905642249706340352_0,misleading_joint,,,,,,,,,,,
california_wildfires__922468220388429824__922468220388429824_0,clean,,,,,,,,,,,
california_wildfires__922468220388429824__922468220388429824_0,benign_image,,,,,,,,,,,
california_wildfires__922468220388429824__922468220388429824_0,benign_text,,,,,,,,,,,
california_wildfires__922468220388429824__922468220388429824_0,benign_joint,,,,,,,,,,,
california_wildfires__922468220388429824__922468220388429824_0,direct_image,,,,,,,,,,,
california_wildfires__922468220388429824__922468220388429824_0,direct_text,,,,,,,,,,,
california_wildfires__922468220388429824__922468220388429824_0,direct_joint,,,,,,,,,,,
california_wildfires__922468220388429824__922468220388429824_0,misleading_image,,,,,,,,,,,
california_wildfires__922468220388429824__922468220388429824_0,misleading_text,,,,,,,,,,,
california_wildfires__922468220388429824__922468220388429824_0,misleading_joint,,,,,,,,,,,
hurricane_maria__914871738722390016__914871738722390016_2,clean,,,,,,,,,,,
hurricane_maria__914871738722390016__914871738722390016_2,benign_image,,,,,,,,,,,
hurricane_maria__914871738722390016__914871738722390016_2,benign_text,,,,,,,,,,,
hurricane_maria__914871738722390016__914871738722390016_2,benign_joint,,,,,,,,,,,
hurricane_maria__914871738722390016__914871738722390016_2,direct_image,,,,,,,,,,,
hurricane_maria__914871738722390016__914871738722390016_2,direct_text,,,,,,,,,,,
hurricane_maria__914871738722390016__914871738722390016_2,direct_joint,,,,,,,,,,,
hurricane_maria__914871738722390016__914871738722390016_2,misleading_image,,,,,,,,,,,
hurricane_maria__914871738722390016__914871738722390016_2,misleading_text,,,,,,,,,,,
hurricane_maria__914871738722390016__914871738722390016_2,misleading_joint,,,,,,,,,,,
hurricane_irma__909439327779852288__909439327779852288_0,clean,,,,,,,,,,,
hurricane_irma__909439327779852288__909439327779852288_0,benign_image,,,,,,,,,,,
hurricane_irma__909439327779852288__909439327779852288_0,benign_text,,,,,,,,,,,
hurricane_irma__909439327779852288__909439327779852288_0,benign_joint,,,,,,,,,,,
hurricane_irma__909439327779852288__909439327779852288_0,direct_image,,,,,,,,,,,
hurricane_irma__909439327779852288__909439327779852288_0,direct_text,,,,,,,,,,,
hurricane_irma__909439327779852288__909439327779852288_0,direct_joint,,,,,,,,,,,
hurricane_irma__909439327779852288__909439327779852288_0,misleading_image,,,,,,,,,,,
hurricane_irma__909439327779852288__909439327779852288_0,misleading_text,,,,,,,,,,,
hurricane_irma__909439327779852288__909439327779852288_0,misleading_joint,,,,,,,,,,,
hurricane_irma__909887340524589061__909887340524589061_1,clean,,,,,,,,,,,
hurricane_irma__909887340524589061__909887340524589061_1,benign_image,,,,,,,,,,,
hurricane_irma__909887340524589061__909887340524589061_1,benign_text,,,,,,,,,,,
hurricane_irma__909887340524589061__909887340524589061_1,benign_joint,,,,,,,,,,,
hurricane_irma__909887340524589061__909887340524589061_1,direct_image,,,,,,,,,,,
hurricane_irma__909887340524589061__909887340524589061_1,direct_text,,,,,,,,,,,
hurricane_irma__909887340524589061__909887340524589061_1,direct_joint,,,,,,,,,,,
hurricane_irma__909887340524589061__909887340524589061_1,misleading_image,,,,,,,,,,,
hurricane_irma__909887340524589061__909887340524589061_1,misleading_text,,,,,,,,,,,
hurricane_irma__909887340524589061__909887340524589061_1,misleading_joint,,,,,,,,,,,
california_wildfires__919607858106265601__919607858106265601_0,clean,,,,,,,,,,,
california_wildfires__919607858106265601__919607858106265601_0,benign_image,,,,,,,,,,,
california_wildfires__919607858106265601__919607858106265601_0,benign_text,,,,,,,,,,,
california_wildfires__919607858106265601__919607858106265601_0,benign_joint,,,,,,,,,,,
california_wildfires__919607858106265601__919607858106265601_0,direct_image,,,,,,,,,,,
california_wildfires__919607858106265601__919607858106265601_0,direct_text,,,,,,,,,,,
california_wildfires__919607858106265601__919607858106265601_0,direct_joint,,,,,,,,,,,
california_wildfires__919607858106265601__919607858106265601_0,misleading_image,,,,,,,,,,,
california_wildfires__919607858106265601__919607858106265601_0,misleading_text,,,,,,,,,,,
california_wildfires__919607858106265601__919607858106265601_0,misleading_joint,,,,,,,,,,,
hurricane_irma__909379299874099201__909379299874099201_0,clean,,,,,,,,,,,
hurricane_irma__909379299874099201__909379299874099201_0,benign_image,,,,,,,,,,,
hurricane_irma__909379299874099201__909379299874099201_0,benign_text,,,,,,,,,,,
hurricane_irma__909379299874099201__909379299874099201_0,benign_joint,,,,,,,,,,,
hurricane_irma__909379299874099201__909379299874099201_0,direct_image,,,,,,,,,,,
hurricane_irma__909379299874099201__909379299874099201_0,direct_text,,,,,,,,,,,
hurricane_irma__909379299874099201__909379299874099201_0,direct_joint,,,,,,,,,,,
hurricane_irma__909379299874099201__909379299874099201_0,misleading_image,,,,,,,,,,,
hurricane_irma__909379299874099201__909379299874099201_0,misleading_text,,,,,,,,,,,
hurricane_irma__909379299874099201__909379299874099201_0,misleading_joint,,,,,,,,,,,
mexico_earthquake__911674637410594816__911674637410594816_0,clean,,,,,,,,,,,
mexico_earthquake__911674637410594816__911674637410594816_0,benign_image,,,,,,,,,,,
mexico_earthquake__911674637410594816__911674637410594816_0,benign_text,,,,,,,,,,,
mexico_earthquake__911674637410594816__911674637410594816_0,benign_joint,,,,,,,,,,,
mexico_earthquake__911674637410594816__911674637410594816_0,direct_image,,,,,,,,,,,
mexico_earthquake__911674637410594816__911674637410594816_0,direct_text,,,,,,,,,,,
mexico_earthquake__911674637410594816__911674637410594816_0,direct_joint,,,,,,,,,,,
mexico_earthquake__911674637410594816__911674637410594816_0,misleading_image,,,,,,,,,,,
mexico_earthquake__911674637410594816__911674637410594816_0,misleading_text,,,,,,,,,,,
mexico_earthquake__911674637410594816__911674637410594816_0,misleading_joint,,,,,,,,,,,
hurricane_maria__915319640145911809__915319640145911809_2,clean,,,,,,,,,,,
hurricane_maria__915319640145911809__915319640145911809_2,benign_image,,,,,,,,,,,
hurricane_maria__915319640145911809__915319640145911809_2,benign_text,,,,,,,,,,,
hurricane_maria__915319640145911809__915319640145911809_2,benign_joint,,,,,,,,,,,
hurricane_maria__915319640145911809__915319640145911809_2,direct_image,,,,,,,,,,,
hurricane_maria__915319640145911809__915319640145911809_2,direct_text,,,,,,,,,,,
hurricane_maria__915319640145911809__915319640145911809_2,direct_joint,,,,,,,,,,,
hurricane_maria__915319640145911809__915319640145911809_2,misleading_image,,,,,,,,,,,
hurricane_maria__915319640145911809__915319640145911809_2,misleading_text,,,,,,,,,,,
hurricane_maria__915319640145911809__915319640145911809_2,misleading_joint,,,,,,,,,,,
hurricane_irma__909900730735190016__909900730735190016_0,clean,,,,,,,,,,,
hurricane_irma__909900730735190016__909900730735190016_0,benign_image,,,,,,,,,,,
hurricane_irma__909900730735190016__909900730735190016_0,benign_text,,,,,,,,,,,
hurricane_irma__909900730735190016__909900730735190016_0,benign_joint,,,,,,,,,,,
hurricane_irma__909900730735190016__909900730735190016_0,direct_image,,,,,,,,,,,
hurricane_irma__909900730735190016__909900730735190016_0,direct_text,,,,,,,,,,,
hurricane_irma__909900730735190016__909900730735190016_0,direct_joint,,,,,,,,,,,
hurricane_irma__909900730735190016__909900730735190016_0,misleading_image,,,,,,,,,,,
hurricane_irma__909900730735190016__909900730735190016_0,misleading_text,,,,,,,,,,,
hurricane_irma__909900730735190016__909900730735190016_0,misleading_joint,,,,,,,,,,,
hurricane_irma__909738182031413248__909738182031413248_0,clean,,,,,,,,,,,
hurricane_irma__909738182031413248__909738182031413248_0,benign_image,,,,,,,,,,,
hurricane_irma__909738182031413248__909738182031413248_0,benign_text,,,,,,,,,,,
hurricane_irma__909738182031413248__909738182031413248_0,benign_joint,,,,,,,,,,,
hurricane_irma__909738182031413248__909738182031413248_0,direct_image,,,,,,,,,,,
hurricane_irma__909738182031413248__909738182031413248_0,direct_text,,,,,,,,,,,
hurricane_irma__909738182031413248__909738182031413248_0,direct_joint,,,,,,,,,,,
hurricane_irma__909738182031413248__909738182031413248_0,misleading_image,,,,,,,,,,,
hurricane_irma__909738182031413248__909738182031413248_0,misleading_text,,,,,,,,,,,
hurricane_irma__909738182031413248__909738182031413248_0,misleading_joint,,,,,,,,,,,
hurricane_harvey__905555871069073408__905555871069073408_2,clean,,,,,,,,,,,
hurricane_harvey__905555871069073408__905555871069073408_2,benign_image,,,,,,,,,,,
hurricane_harvey__905555871069073408__905555871069073408_2,benign_text,,,,,,,,,,,
hurricane_harvey__905555871069073408__905555871069073408_2,benign_joint,,,,,,,,,,,
hurricane_harvey__905555871069073408__905555871069073408_2,direct_image,,,,,,,,,,,
hurricane_harvey__905555871069073408__905555871069073408_2,direct_text,,,,,,,,,,,
hurricane_harvey__905555871069073408__905555871069073408_2,direct_joint,,,,,,,,,,,
hurricane_harvey__905555871069073408__905555871069073408_2,misleading_image,,,,,,,,,,,
hurricane_harvey__905555871069073408__905555871069073408_2,misleading_text,,,,,,,,,,,
hurricane_harvey__905555871069073408__905555871069073408_2,misleading_joint,,,,,,,,,,,
hurricane_maria__911789292116217856__911789292116217856_0,clean,,,,,,,,,,,
hurricane_maria__911789292116217856__911789292116217856_0,benign_image,,,,,,,,,,,
hurricane_maria__911789292116217856__911789292116217856_0,benign_text,,,,,,,,,,,
hurricane_maria__911789292116217856__911789292116217856_0,benign_joint,,,,,,,,,,,
hurricane_maria__911789292116217856__911789292116217856_0,direct_image,,,,,,,,,,,
hurricane_maria__911789292116217856__911789292116217856_0,direct_text,,,,,,,,,,,
hurricane_maria__911789292116217856__911789292116217856_0,direct_joint,,,,,,,,,,,
hurricane_maria__911789292116217856__911789292116217856_0,misleading_image,,,,,,,,,,,
hurricane_maria__911789292116217856__911789292116217856_0,misleading_text,,,,,,,,,,,
hurricane_maria__911789292116217856__911789292116217856_0,misleading_joint,,,,,,,,,,,
hurricane_harvey__904524705960534016__904524705960534016_0,clean,,,,,,,,,,,
hurricane_harvey__904524705960534016__904524705960534016_0,benign_image,,,,,,,,,,,
hurricane_harvey__904524705960534016__904524705960534016_0,benign_text,,,,,,,,,,,
hurricane_harvey__904524705960534016__904524705960534016_0,benign_joint,,,,,,,,,,,
hurricane_harvey__904524705960534016__904524705960534016_0,direct_image,,,,,,,,,,,
hurricane_harvey__904524705960534016__904524705960534016_0,direct_text,,,,,,,,,,,
hurricane_harvey__904524705960534016__904524705960534016_0,direct_joint,,,,,,,,,,,
hurricane_harvey__904524705960534016__904524705960534016_0,misleading_image,,,,,,,,,,,
hurricane_harvey__904524705960534016__904524705960534016_0,misleading_text,,,,,,,,,,,
hurricane_harvey__904524705960534016__904524705960534016_0,misleading_joint,,,,,,,,,,,
hurricane_irma__909900385581764608__909900385581764608_0,clean,,,,,,,,,,,
hurricane_irma__909900385581764608__909900385581764608_0,benign_image,,,,,,,,,,,
hurricane_irma__909900385581764608__909900385581764608_0,benign_text,,,,,,,,,,,
hurricane_irma__909900385581764608__909900385581764608_0,benign_joint,,,,,,,,,,,
hurricane_irma__909900385581764608__909900385581764608_0,direct_image,,,,,,,,,,,
hurricane_irma__909900385581764608__909900385581764608_0,direct_text,,,,,,,,,,,
hurricane_irma__909900385581764608__909900385581764608_0,direct_joint,,,,,,,,,,,
hurricane_irma__909900385581764608__909900385581764608_0,misleading_image,,,,,,,,,,,
hurricane_irma__909900385581764608__909900385581764608_0,misleading_text,,,,,,,,,,,
hurricane_irma__909900385581764608__909900385581764608_0,misleading_joint,,,,,,,,,,,
hurricane_maria__921853322570731520__921853322570731520_1,clean,,,,,,,,,,,
hurricane_maria__921853322570731520__921853322570731520_1,benign_image,,,,,,,,,,,
hurricane_maria__921853322570731520__921853322570731520_1,benign_text,,,,,,,,,,,
hurricane_maria__921853322570731520__921853322570731520_1,benign_joint,,,,,,,,,,,
hurricane_maria__921853322570731520__921853322570731520_1,direct_image,,,,,,,,,,,
hurricane_maria__921853322570731520__921853322570731520_1,direct_text,,,,,,,,,,,
hurricane_maria__921853322570731520__921853322570731520_1,direct_joint,,,,,,,,,,,
hurricane_maria__921853322570731520__921853322570731520_1,misleading_image,,,,,,,,,,,
hurricane_maria__921853322570731520__921853322570731520_1,misleading_text,,,,,,,,,,,
hurricane_maria__921853322570731520__921853322570731520_1,misleading_joint,,,,,,,,,,,
hurricane_irma__910212336522350592__910212336522350592_0,clean,,,,,,,,,,,
hurricane_irma__910212336522350592__910212336522350592_0,benign_image,,,,,,,,,,,
hurricane_irma__910212336522350592__910212336522350592_0,benign_text,,,,,,,,,,,
hurricane_irma__910212336522350592__910212336522350592_0,benign_joint,,,,,,,,,,,
hurricane_irma__910212336522350592__910212336522350592_0,direct_image,,,,,,,,,,,
hurricane_irma__910212336522350592__910212336522350592_0,direct_text,,,,,,,,,,,
hurricane_irma__910212336522350592__910212336522350592_0,direct_joint,,,,,,,,,,,
hurricane_irma__910212336522350592__910212336522350592_0,misleading_image,,,,,,,,,,,
hurricane_irma__910212336522350592__910212336522350592_0,misleading_text,,,,,,,,,,,
hurricane_irma__910212336522350592__910212336522350592_0,misleading_joint,,,,,,,,,,,
hurricane_harvey__908130612225167360__908130612225167360_0,clean,,,,,,,,,,,
hurricane_harvey__908130612225167360__908130612225167360_0,benign_image,,,,,,,,,,,
hurricane_harvey__908130612225167360__908130612225167360_0,benign_text,,,,,,,,,,,
hurricane_harvey__908130612225167360__908130612225167360_0,benign_joint,,,,,,,,,,,
hurricane_harvey__908130612225167360__908130612225167360_0,direct_image,,,,,,,,,,,
hurricane_harvey__908130612225167360__908130612225167360_0,direct_text,,,,,,,,,,,
hurricane_harvey__908130612225167360__908130612225167360_0,direct_joint,,,,,,,,,,,
hurricane_harvey__908130612225167360__908130612225167360_0,misleading_image,,,,,,,,,,,
hurricane_harvey__908130612225167360__908130612225167360_0,misleading_text,,,,,,,,,,,
hurricane_harvey__908130612225167360__908130612225167360_0,misleading_joint,,,,,,,,,,,
hurricane_irma__909459854305091585__909459854305091585_0,clean,,,,,,,,,,,
hurricane_irma__909459854305091585__909459854305091585_0,benign_image,,,,,,,,,,,
hurricane_irma__909459854305091585__909459854305091585_0,benign_text,,,,,,,,,,,
hurricane_irma__909459854305091585__909459854305091585_0,benign_joint,,,,,,,,,,,
hurricane_irma__909459854305091585__909459854305091585_0,direct_image,,,,,,,,,,,
hurricane_irma__909459854305091585__909459854305091585_0,direct_text,,,,,,,,,,,
hurricane_irma__909459854305091585__909459854305091585_0,direct_joint,,,,,,,,,,,
hurricane_irma__909459854305091585__909459854305091585_0,misleading_image,,,,,,,,,,,
hurricane_irma__909459854305091585__909459854305091585_0,misleading_text,,,,,,,,,,,
hurricane_irma__909459854305091585__909459854305091585_0,misleading_joint,,,,,,,,,,,
california_wildfires__917945356696072192__917945356696072192_0,clean,,,,,,,,,,,
california_wildfires__917945356696072192__917945356696072192_0,benign_image,,,,,,,,,,,
california_wildfires__917945356696072192__917945356696072192_0,benign_text,,,,,,,,,,,
california_wildfires__917945356696072192__917945356696072192_0,benign_joint,,,,,,,,,,,
california_wildfires__917945356696072192__917945356696072192_0,direct_image,,,,,,,,,,,
california_wildfires__917945356696072192__917945356696072192_0,direct_text,,,,,,,,,,,
california_wildfires__917945356696072192__917945356696072192_0,direct_joint,,,,,,,,,,,
california_wildfires__917945356696072192__917945356696072192_0,misleading_image,,,,,,,,,,,
california_wildfires__917945356696072192__917945356696072192_0,misleading_text,,,,,,,,,,,
california_wildfires__917945356696072192__917945356696072192_0,misleading_joint,,,,,,,,,,,
california_wildfires__923717489883693058__923717489883693058_0,clean,,,,,,,,,,,
california_wildfires__923717489883693058__923717489883693058_0,benign_image,,,,,,,,,,,
california_wildfires__923717489883693058__923717489883693058_0,benign_text,,,,,,,,,,,
california_wildfires__923717489883693058__923717489883693058_0,benign_joint,,,,,,,,,,,
california_wildfires__923717489883693058__923717489883693058_0,direct_image,,,,,,,,,,,
california_wildfires__923717489883693058__923717489883693058_0,direct_text,,,,,,,,,,,
california_wildfires__923717489883693058__923717489883693058_0,direct_joint,,,,,,,,,,,
california_wildfires__923717489883693058__923717489883693058_0,misleading_image,,,,,,,,,,,
california_wildfires__923717489883693058__923717489883693058_0,misleading_text,,,,,,,,,,,
california_wildfires__923717489883693058__923717489883693058_0,misleading_joint,,,,,,,,,,,
hurricane_irma__909438423068495872__909438423068495872_1,clean,,,,,,,,,,,
hurricane_irma__909438423068495872__909438423068495872_1,benign_image,,,,,,,,,,,
hurricane_irma__909438423068495872__909438423068495872_1,benign_text,,,,,,,,,,,
hurricane_irma__909438423068495872__909438423068495872_1,benign_joint,,,,,,,,,,,
hurricane_irma__909438423068495872__909438423068495872_1,direct_image,,,,,,,,,,,
hurricane_irma__909438423068495872__909438423068495872_1,direct_text,,,,,,,,,,,
hurricane_irma__909438423068495872__909438423068495872_1,direct_joint,,,,,,,,,,,
hurricane_irma__909438423068495872__909438423068495872_1,misleading_image,,,,,,,,,,,
hurricane_irma__909438423068495872__909438423068495872_1,misleading_text,,,,,,,,,,,
hurricane_irma__909438423068495872__909438423068495872_1,misleading_joint,,,,,,,,,,,
hurricane_harvey__901646234880024576__901646234880024576_0,clean,,,,,,,,,,,
hurricane_harvey__901646234880024576__901646234880024576_0,benign_image,,,,,,,,,,,
hurricane_harvey__901646234880024576__901646234880024576_0,benign_text,,,,,,,,,,,
hurricane_harvey__901646234880024576__901646234880024576_0,benign_joint,,,,,,,,,,,
hurricane_harvey__901646234880024576__901646234880024576_0,direct_image,,,,,,,,,,,
hurricane_harvey__901646234880024576__901646234880024576_0,direct_text,,,,,,,,,,,
hurricane_harvey__901646234880024576__901646234880024576_0,direct_joint,,,,,,,,,,,
hurricane_harvey__901646234880024576__901646234880024576_0,misleading_image,,,,,,,,,,,
hurricane_harvey__901646234880024576__901646234880024576_0,misleading_text,,,,,,,,,,,
hurricane_harvey__901646234880024576__901646234880024576_0,misleading_joint,,,,,,,,,,,
hurricane_irma__910066988596305922__910066988596305922_0,clean,,,,,,,,,,,
hurricane_irma__910066988596305922__910066988596305922_0,benign_image,,,,,,,,,,,
hurricane_irma__910066988596305922__910066988596305922_0,benign_text,,,,,,,,,,,
hurricane_irma__910066988596305922__910066988596305922_0,benign_joint,,,,,,,,,,,
hurricane_irma__910066988596305922__910066988596305922_0,direct_image,,,,,,,,,,,
hurricane_irma__910066988596305922__910066988596305922_0,direct_text,,,,,,,,,,,
hurricane_irma__910066988596305922__910066988596305922_0,direct_joint,,,,,,,,,,,
hurricane_irma__910066988596305922__910066988596305922_0,misleading_image,,,,,,,,,,,
hurricane_irma__910066988596305922__910066988596305922_0,misleading_text,,,,,,,,,,,
hurricane_irma__910066988596305922__910066988596305922_0,misleading_joint,,,,,,,,,,,
hurricane_maria__921370720931684357__921370720931684357_0,clean,,,,,,,,,,,
hurricane_maria__921370720931684357__921370720931684357_0,benign_image,,,,,,,,,,,
hurricane_maria__921370720931684357__921370720931684357_0,benign_text,,,,,,,,,,,
hurricane_maria__921370720931684357__921370720931684357_0,benign_joint,,,,,,,,,,,
hurricane_maria__921370720931684357__921370720931684357_0,direct_image,,,,,,,,,,,
hurricane_maria__921370720931684357__921370720931684357_0,direct_text,,,,,,,,,,,
hurricane_maria__921370720931684357__921370720931684357_0,direct_joint,,,,,,,,,,,
hurricane_maria__921370720931684357__921370720931684357_0,misleading_image,,,,,,,,,,,
hurricane_maria__921370720931684357__921370720931684357_0,misleading_text,,,,,,,,,,,
hurricane_maria__921370720931684357__921370720931684357_0,misleading_joint,,,,,,,,,,,
hurricane_maria__910534972699811843__910534972699811843_0,clean,,,,,,,,,,,
hurricane_maria__910534972699811843__910534972699811843_0,benign_image,,,,,,,,,,,
hurricane_maria__910534972699811843__910534972699811843_0,benign_text,,,,,,,,,,,
hurricane_maria__910534972699811843__910534972699811843_0,benign_joint,,,,,,,,,,,
hurricane_maria__910534972699811843__910534972699811843_0,direct_image,,,,,,,,,,,
hurricane_maria__910534972699811843__910534972699811843_0,direct_text,,,,,,,,,,,
hurricane_maria__910534972699811843__910534972699811843_0,direct_joint,,,,,,,,,,,
hurricane_maria__910534972699811843__910534972699811843_0,misleading_image,,,,,,,,,,,
hurricane_maria__910534972699811843__910534972699811843_0,misleading_text,,,,,,,,,,,
hurricane_maria__910534972699811843__910534972699811843_0,misleading_joint,,,,,,,,,,,
hurricane_maria__923612432324616192__923612432324616192_0,clean,,,,,,,,,,,
hurricane_maria__923612432324616192__923612432324616192_0,benign_image,,,,,,,,,,,
hurricane_maria__923612432324616192__923612432324616192_0,benign_text,,,,,,,,,,,
hurricane_maria__923612432324616192__923612432324616192_0,benign_joint,,,,,,,,,,,
hurricane_maria__923612432324616192__923612432324616192_0,direct_image,,,,,,,,,,,
hurricane_maria__923612432324616192__923612432324616192_0,direct_text,,,,,,,,,,,
hurricane_maria__923612432324616192__923612432324616192_0,direct_joint,,,,,,,,,,,
hurricane_maria__923612432324616192__923612432324616192_0,misleading_image,,,,,,,,,,,
hurricane_maria__923612432324616192__923612432324616192_0,misleading_text,,,,,,,,,,,
hurricane_maria__923612432324616192__923612432324616192_0,misleading_joint,,,,,,,,,,,
hurricane_maria__922153859354677254__922153859354677254_0,clean,,,,,,,,,,,
hurricane_maria__922153859354677254__922153859354677254_0,benign_image,,,,,,,,,,,
hurricane_maria__922153859354677254__922153859354677254_0,benign_text,,,,,,,,,,,
hurricane_maria__922153859354677254__922153859354677254_0,benign_joint,,,,,,,,,,,
hurricane_maria__922153859354677254__922153859354677254_0,direct_image,,,,,,,,,,,
hurricane_maria__922153859354677254__922153859354677254_0,direct_text,,,,,,,,,,,
hurricane_maria__922153859354677254__922153859354677254_0,direct_joint,,,,,,,,,,,
hurricane_maria__922153859354677254__922153859354677254_0,misleading_image,,,,,,,,,,,
hurricane_maria__922153859354677254__922153859354677254_0,misleading_text,,,,,,,,,,,
hurricane_maria__922153859354677254__922153859354677254_0,misleading_joint,,,,,,,,,,,
hurricane_maria__915215052176789504__915215052176789504_0,clean,,,,,,,,,,,
hurricane_maria__915215052176789504__915215052176789504_0,benign_image,,,,,,,,,,,
hurricane_maria__915215052176789504__915215052176789504_0,benign_text,,,,,,,,,,,
hurricane_maria__915215052176789504__915215052176789504_0,benign_joint,,,,,,,,,,,
hurricane_maria__915215052176789504__915215052176789504_0,direct_image,,,,,,,,,,,
hurricane_maria__915215052176789504__915215052176789504_0,direct_text,,,,,,,,,,,
hurricane_maria__915215052176789504__915215052176789504_0,direct_joint,,,,,,,,,,,
hurricane_maria__915215052176789504__915215052176789504_0,misleading_image,,,,,,,,,,,
hurricane_maria__915215052176789504__915215052176789504_0,misleading_text,,,,,,,,,,,
hurricane_maria__915215052176789504__915215052176789504_0,misleading_joint,,,,,,,,,,,
california_wildfires__922559509696000001__922559509696000001_0,clean,,,,,,,,,,,
california_wildfires__922559509696000001__922559509696000001_0,benign_image,,,,,,,,,,,
california_wildfires__922559509696000001__922559509696000001_0,benign_text,,,,,,,,,,,
california_wildfires__922559509696000001__922559509696000001_0,benign_joint,,,,,,,,,,,
california_wildfires__922559509696000001__922559509696000001_0,direct_image,,,,,,,,,,,
california_wildfires__922559509696000001__922559509696000001_0,direct_text,,,,,,,,,,,
california_wildfires__922559509696000001__922559509696000001_0,direct_joint,,,,,,,,,,,
california_wildfires__922559509696000001__922559509696000001_0,misleading_image,,,,,,,,,,,
california_wildfires__922559509696000001__922559509696000001_0,misleading_text,,,,,,,,,,,
california_wildfires__922559509696000001__922559509696000001_0,misleading_joint,,,,,,,,,,,
iraq_iran_earthquake__930272493947850752__930272493947850752_0,clean,,,,,,,,,,,
iraq_iran_earthquake__930272493947850752__930272493947850752_0,benign_image,,,,,,,,,,,
iraq_iran_earthquake__930272493947850752__930272493947850752_0,benign_text,,,,,,,,,,,
iraq_iran_earthquake__930272493947850752__930272493947850752_0,benign_joint,,,,,,,,,,,
iraq_iran_earthquake__930272493947850752__930272493947850752_0,direct_image,,,,,,,,,,,
iraq_iran_earthquake__930272493947850752__930272493947850752_0,direct_text,,,,,,,,,,,
iraq_iran_earthquake__930272493947850752__930272493947850752_0,direct_joint,,,,,,,,,,,
iraq_iran_earthquake__930272493947850752__930272493947850752_0,misleading_image,,,,,,,,,,,
iraq_iran_earthquake__930272493947850752__930272493947850752_0,misleading_text,,,,,,,,,,,
iraq_iran_earthquake__930272493947850752__930272493947850752_0,misleading_joint,,,,,,,,,,,
srilanka_floods__870570338723086337__870570338723086337_0,clean,,,,,,,,,,,
srilanka_floods__870570338723086337__870570338723086337_0,benign_image,,,,,,,,,,,
srilanka_floods__870570338723086337__870570338723086337_0,benign_text,,,,,,,,,,,
srilanka_floods__870570338723086337__870570338723086337_0,benign_joint,,,,,,,,,,,
srilanka_floods__870570338723086337__870570338723086337_0,direct_image,,,,,,,,,,,
srilanka_floods__870570338723086337__870570338723086337_0,direct_text,,,,,,,,,,,
srilanka_floods__870570338723086337__870570338723086337_0,direct_joint,,,,,,,,,,,
srilanka_floods__870570338723086337__870570338723086337_0,misleading_image,,,,,,,,,,,
srilanka_floods__870570338723086337__870570338723086337_0,misleading_text,,,,,,,,,,,
srilanka_floods__870570338723086337__870570338723086337_0,misleading_joint,,,,,,,,,,,
california_wildfires__917994406732615681__917994406732615681_0,clean,,,,,,,,,,,
california_wildfires__917994406732615681__917994406732615681_0,benign_image,,,,,,,,,,,
california_wildfires__917994406732615681__917994406732615681_0,benign_text,,,,,,,,,,,
california_wildfires__917994406732615681__917994406732615681_0,benign_joint,,,,,,,,,,,
california_wildfires__917994406732615681__917994406732615681_0,direct_image,,,,,,,,,,,
california_wildfires__917994406732615681__917994406732615681_0,direct_text,,,,,,,,,,,
california_wildfires__917994406732615681__917994406732615681_0,direct_joint,,,,,,,,,,,
california_wildfires__917994406732615681__917994406732615681_0,misleading_image,,,,,,,,,,,
california_wildfires__917994406732615681__917994406732615681_0,misleading_text,,,,,,,,,,,
california_wildfires__917994406732615681__917994406732615681_0,misleading_joint,,,,,,,,,,,
mexico_earthquake__915201277432418305__915201277432418305_0,clean,,,,,,,,,,,
mexico_earthquake__915201277432418305__915201277432418305_0,benign_image,,,,,,,,,,,
mexico_earthquake__915201277432418305__915201277432418305_0,benign_text,,,,,,,,,,,
mexico_earthquake__915201277432418305__915201277432418305_0,benign_joint,,,,,,,,,,,
mexico_earthquake__915201277432418305__915201277432418305_0,direct_image,,,,,,,,,,,
mexico_earthquake__915201277432418305__915201277432418305_0,direct_text,,,,,,,,,,,
mexico_earthquake__915201277432418305__915201277432418305_0,direct_joint,,,,,,,,,,,
mexico_earthquake__915201277432418305__915201277432418305_0,misleading_image,,,,,,,,,,,
mexico_earthquake__915201277432418305__915201277432418305_0,misleading_text,,,,,,,,,,,
mexico_earthquake__915201277432418305__915201277432418305_0,misleading_joint,,,,,,,,,,,
hurricane_irma__909761253006020613__909761253006020613_3,clean,,,,,,,,,,,
hurricane_irma__909761253006020613__909761253006020613_3,benign_image,,,,,,,,,,,
hurricane_irma__909761253006020613__909761253006020613_3,benign_text,,,,,,,,,,,
hurricane_irma__909761253006020613__909761253006020613_3,benign_joint,,,,,,,,,,,
hurricane_irma__909761253006020613__909761253006020613_3,direct_image,,,,,,,,,,,
hurricane_irma__909761253006020613__909761253006020613_3,direct_text,,,,,,,,,,,
hurricane_irma__909761253006020613__909761253006020613_3,direct_joint,,,,,,,,,,,
hurricane_irma__909761253006020613__909761253006020613_3,misleading_image,,,,,,,,,,,
hurricane_irma__909761253006020613__909761253006020613_3,misleading_text,,,,,,,,,,,
hurricane_irma__909761253006020613__909761253006020613_3,misleading_joint,,,,,,,,,,,
hurricane_irma__909447640567476224__909447640567476224_0,clean,,,,,,,,,,,
hurricane_irma__909447640567476224__909447640567476224_0,benign_image,,,,,,,,,,,
hurricane_irma__909447640567476224__909447640567476224_0,benign_text,,,,,,,,,,,
hurricane_irma__909447640567476224__909447640567476224_0,benign_joint,,,,,,,,,,,
hurricane_irma__909447640567476224__909447640567476224_0,direct_image,,,,,,,,,,,
hurricane_irma__909447640567476224__909447640567476224_0,direct_text,,,,,,,,,,,
hurricane_irma__909447640567476224__909447640567476224_0,direct_joint,,,,,,,,,,,
hurricane_irma__909447640567476224__909447640567476224_0,misleading_image,,,,,,,,,,,
hurricane_irma__909447640567476224__909447640567476224_0,misleading_text,,,,,,,,,,,
hurricane_irma__909447640567476224__909447640567476224_0,misleading_joint,,,,,,,,,,,
hurricane_harvey__906635791778160640__906635791778160640_1,clean,,,,,,,,,,,
hurricane_harvey__906635791778160640__906635791778160640_1,benign_image,,,,,,,,,,,
hurricane_harvey__906635791778160640__906635791778160640_1,benign_text,,,,,,,,,,,
hurricane_harvey__906635791778160640__906635791778160640_1,benign_joint,,,,,,,,,,,
hurricane_harvey__906635791778160640__906635791778160640_1,direct_image,,,,,,,,,,,
hurricane_harvey__906635791778160640__906635791778160640_1,direct_text,,,,,,,,,,,
hurricane_harvey__906635791778160640__906635791778160640_1,direct_joint,,,,,,,,,,,
hurricane_harvey__906635791778160640__906635791778160640_1,misleading_image,,,,,,,,,,,
hurricane_harvey__906635791778160640__906635791778160640_1,misleading_text,,,,,,,,,,,
hurricane_harvey__906635791778160640__906635791778160640_1,misleading_joint,,,,,,,,,,,
hurricane_maria__927234307583815680__927234307583815680_0,clean,,,,,,,,,,,
hurricane_maria__927234307583815680__927234307583815680_0,benign_image,,,,,,,,,,,
hurricane_maria__927234307583815680__927234307583815680_0,benign_text,,,,,,,,,,,
hurricane_maria__927234307583815680__927234307583815680_0,benign_joint,,,,,,,,,,,
hurricane_maria__927234307583815680__927234307583815680_0,direct_image,,,,,,,,,,,
hurricane_maria__927234307583815680__927234307583815680_0,direct_text,,,,,,,,,,,
hurricane_maria__927234307583815680__927234307583815680_0,direct_joint,,,,,,,,,,,
hurricane_maria__927234307583815680__927234307583815680_0,misleading_image,,,,,,,,,,,
hurricane_maria__927234307583815680__927234307583815680_0,misleading_text,,,,,,,,,,,
hurricane_maria__927234307583815680__927234307583815680_0,misleading_joint,,,,,,,,,,,
hurricane_irma__910198450347810817__910198450347810817_0,clean,,,,,,,,,,,
hurricane_irma__910198450347810817__910198450347810817_0,benign_image,,,,,,,,,,,
hurricane_irma__910198450347810817__910198450347810817_0,benign_text,,,,,,,,,,,
hurricane_irma__910198450347810817__910198450347810817_0,benign_joint,,,,,,,,,,,
hurricane_irma__910198450347810817__910198450347810817_0,direct_image,,,,,,,,,,,
hurricane_irma__910198450347810817__910198450347810817_0,direct_text,,,,,,,,,,,
hurricane_irma__910198450347810817__910198450347810817_0,direct_joint,,,,,,,,,,,
hurricane_irma__910198450347810817__910198450347810817_0,misleading_image,,,,,,,,,,,
hurricane_irma__910198450347810817__910198450347810817_0,misleading_text,,,,,,,,,,,
hurricane_irma__910198450347810817__910198450347810817_0,misleading_joint,,,,,,,,,,,
mexico_earthquake__910524778896691200__910524778896691200_0,clean,,,,,,,,,,,
mexico_earthquake__910524778896691200__910524778896691200_0,benign_image,,,,,,,,,,,
mexico_earthquake__910524778896691200__910524778896691200_0,benign_text,,,,,,,,,,,
mexico_earthquake__910524778896691200__910524778896691200_0,benign_joint,,,,,,,,,,,
mexico_earthquake__910524778896691200__910524778896691200_0,direct_image,,,,,,,,,,,
mexico_earthquake__910524778896691200__910524778896691200_0,direct_text,,,,,,,,,,,
mexico_earthquake__910524778896691200__910524778896691200_0,direct_joint,,,,,,,,,,,
mexico_earthquake__910524778896691200__910524778896691200_0,misleading_image,,,,,,,,,,,
mexico_earthquake__910524778896691200__910524778896691200_0,misleading_text,,,,,,,,,,,
mexico_earthquake__910524778896691200__910524778896691200_0,misleading_joint,,,,,,,,,,,
hurricane_irma__909968982362517504__909968982362517504_0,clean,,,,,,,,,,,
hurricane_irma__909968982362517504__909968982362517504_0,benign_image,,,,,,,,,,,
hurricane_irma__909968982362517504__909968982362517504_0,benign_text,,,,,,,,,,,
hurricane_irma__909968982362517504__909968982362517504_0,benign_joint,,,,,,,,,,,
hurricane_irma__909968982362517504__909968982362517504_0,direct_image,,,,,,,,,,,
hurricane_irma__909968982362517504__909968982362517504_0,direct_text,,,,,,,,,,,
hurricane_irma__909968982362517504__909968982362517504_0,direct_joint,,,,,,,,,,,
hurricane_irma__909968982362517504__909968982362517504_0,misleading_image,,,,,,,,,,,
hurricane_irma__909968982362517504__909968982362517504_0,misleading_text,,,,,,,,,,,
hurricane_irma__909968982362517504__909968982362517504_0,misleading_joint,,,,,,,,,,,
hurricane_irma__909885589817843714__909885589817843714_0,clean,,,,,,,,,,,
hurricane_irma__909885589817843714__909885589817843714_0,benign_image,,,,,,,,,,,
hurricane_irma__909885589817843714__909885589817843714_0,benign_text,,,,,,,,,,,
hurricane_irma__909885589817843714__909885589817843714_0,benign_joint,,,,,,,,,,,
hurricane_irma__909885589817843714__909885589817843714_0,direct_image,,,,,,,,,,,
hurricane_irma__909885589817843714__909885589817843714_0,direct_text,,,,,,,,,,,
hurricane_irma__909885589817843714__909885589817843714_0,direct_joint,,,,,,,,,,,
hurricane_irma__909885589817843714__909885589817843714_0,misleading_image,,,,,,,,,,,
hurricane_irma__909885589817843714__909885589817843714_0,misleading_text,,,,,,,,,,,
hurricane_irma__909885589817843714__909885589817843714_0,misleading_joint,,,,,,,,,,,
hurricane_maria__911584945470099456__911584945470099456_0,clean,,,,,,,,,,,
hurricane_maria__911584945470099456__911584945470099456_0,benign_image,,,,,,,,,,,
hurricane_maria__911584945470099456__911584945470099456_0,benign_text,,,,,,,,,,,
hurricane_maria__911584945470099456__911584945470099456_0,benign_joint,,,,,,,,,,,
hurricane_maria__911584945470099456__911584945470099456_0,direct_image,,,,,,,,,,,
hurricane_maria__911584945470099456__911584945470099456_0,direct_text,,,,,,,,,,,
hurricane_maria__911584945470099456__911584945470099456_0,direct_joint,,,,,,,,,,,
hurricane_maria__911584945470099456__911584945470099456_0,misleading_image,,,,,,,,,,,
hurricane_maria__911584945470099456__911584945470099456_0,misleading_text,,,,,,,,,,,
hurricane_maria__911584945470099456__911584945470099456_0,misleading_joint,,,,,,,,,,,
hurricane_maria__912065374929264640__912065374929264640_2,clean,,,,,,,,,,,
hurricane_maria__912065374929264640__912065374929264640_2,benign_image,,,,,,,,,,,
hurricane_maria__912065374929264640__912065374929264640_2,benign_text,,,,,,,,,,,
hurricane_maria__912065374929264640__912065374929264640_2,benign_joint,,,,,,,,,,,
hurricane_maria__912065374929264640__912065374929264640_2,direct_image,,,,,,,,,,,
hurricane_maria__912065374929264640__912065374929264640_2,direct_text,,,,,,,,,,,
hurricane_maria__912065374929264640__912065374929264640_2,direct_joint,,,,,,,,,,,
hurricane_maria__912065374929264640__912065374929264640_2,misleading_image,,,,,,,,,,,
hurricane_maria__912065374929264640__912065374929264640_2,misleading_text,,,,,,,,,,,
hurricane_maria__912065374929264640__912065374929264640_2,misleading_joint,,,,,,,,,,,
california_wildfires__921438122021412866__921438122021412866_0,clean,,,,,,,,,,,
california_wildfires__921438122021412866__921438122021412866_0,benign_image,,,,,,,,,,,
california_wildfires__921438122021412866__921438122021412866_0,benign_text,,,,,,,,,,,
california_wildfires__921438122021412866__921438122021412866_0,benign_joint,,,,,,,,,,,
california_wildfires__921438122021412866__921438122021412866_0,direct_image,,,,,,,,,,,
california_wildfires__921438122021412866__921438122021412866_0,direct_text,,,,,,,,,,,
california_wildfires__921438122021412866__921438122021412866_0,direct_joint,,,,,,,,,,,
california_wildfires__921438122021412866__921438122021412866_0,misleading_image,,,,,,,,,,,
california_wildfires__921438122021412866__921438122021412866_0,misleading_text,,,,,,,,,,,
california_wildfires__921438122021412866__921438122021412866_0,misleading_joint,,,,,,,,,,,
mexico_earthquake__910525286009102336__910525286009102336_0,clean,,,,,,,,,,,
mexico_earthquake__910525286009102336__910525286009102336_0,benign_image,,,,,,,,,,,
mexico_earthquake__910525286009102336__910525286009102336_0,benign_text,,,,,,,,,,,
mexico_earthquake__910525286009102336__910525286009102336_0,benign_joint,,,,,,,,,,,
mexico_earthquake__910525286009102336__910525286009102336_0,direct_image,,,,,,,,,,,
mexico_earthquake__910525286009102336__910525286009102336_0,direct_text,,,,,,,,,,,
mexico_earthquake__910525286009102336__910525286009102336_0,direct_joint,,,,,,,,,,,
mexico_earthquake__910525286009102336__910525286009102336_0,misleading_image,,,,,,,,,,,
mexico_earthquake__910525286009102336__910525286009102336_0,misleading_text,,,,,,,,,,,
mexico_earthquake__910525286009102336__910525286009102336_0,misleading_joint,,,,,,,,,,,
california_wildfires__919976381869539328__919976381869539328_0,clean,,,,,,,,,,,
california_wildfires__919976381869539328__919976381869539328_0,benign_image,,,,,,,,,,,
california_wildfires__919976381869539328__919976381869539328_0,benign_text,,,,,,,,,,,
california_wildfires__919976381869539328__919976381869539328_0,benign_joint,,,,,,,,,,,
california_wildfires__919976381869539328__919976381869539328_0,direct_image,,,,,,,,,,,
california_wildfires__919976381869539328__919976381869539328_0,direct_text,,,,,,,,,,,
california_wildfires__919976381869539328__919976381869539328_0,direct_joint,,,,,,,,,,,
california_wildfires__919976381869539328__919976381869539328_0,misleading_image,,,,,,,,,,,
california_wildfires__919976381869539328__919976381869539328_0,misleading_text,,,,,,,,,,,
california_wildfires__919976381869539328__919976381869539328_0,misleading_joint,,,,,,,,,,,
hurricane_maria__910550162027692033__910550162027692033_0,clean,,,,,,,,,,,
hurricane_maria__910550162027692033__910550162027692033_0,benign_image,,,,,,,,,,,
hurricane_maria__910550162027692033__910550162027692033_0,benign_text,,,,,,,,,,,
hurricane_maria__910550162027692033__910550162027692033_0,benign_joint,,,,,,,,,,,
hurricane_maria__910550162027692033__910550162027692033_0,direct_image,,,,,,,,,,,
hurricane_maria__910550162027692033__910550162027692033_0,direct_text,,,,,,,,,,,
hurricane_maria__910550162027692033__910550162027692033_0,direct_joint,,,,,,,,,,,
hurricane_maria__910550162027692033__910550162027692033_0,misleading_image,,,,,,,,,,,
hurricane_maria__910550162027692033__910550162027692033_0,misleading_text,,,,,,,,,,,
hurricane_maria__910550162027692033__910550162027692033_0,misleading_joint,,,,,,,,,,,
hurricane_maria__921560430803382272__921560430803382272_0,clean,,,,,,,,,,,
hurricane_maria__921560430803382272__921560430803382272_0,benign_image,,,,,,,,,,,
hurricane_maria__921560430803382272__921560430803382272_0,benign_text,,,,,,,,,,,
hurricane_maria__921560430803382272__921560430803382272_0,benign_joint,,,,,,,,,,,
hurricane_maria__921560430803382272__921560430803382272_0,direct_image,,,,,,,,,,,
hurricane_maria__921560430803382272__921560430803382272_0,direct_text,,,,,,,,,,,
hurricane_maria__921560430803382272__921560430803382272_0,direct_joint,,,,,,,,,,,
hurricane_maria__921560430803382272__921560430803382272_0,misleading_image,,,,,,,,,,,
hurricane_maria__921560430803382272__921560430803382272_0,misleading_text,,,,,,,,,,,
hurricane_maria__921560430803382272__921560430803382272_0,misleading_joint,,,,,,,,,,,
iraq_iran_earthquake__930028600992165888__930028600992165888_1,clean,,,,,,,,,,,
iraq_iran_earthquake__930028600992165888__930028600992165888_1,benign_image,,,,,,,,,,,
iraq_iran_earthquake__930028600992165888__930028600992165888_1,benign_text,,,,,,,,,,,
iraq_iran_earthquake__930028600992165888__930028600992165888_1,benign_joint,,,,,,,,,,,
iraq_iran_earthquake__930028600992165888__930028600992165888_1,direct_image,,,,,,,,,,,
iraq_iran_earthquake__930028600992165888__930028600992165888_1,direct_text,,,,,,,,,,,
iraq_iran_earthquake__930028600992165888__930028600992165888_1,direct_joint,,,,,,,,,,,
iraq_iran_earthquake__930028600992165888__930028600992165888_1,misleading_image,,,,,,,,,,,
iraq_iran_earthquake__930028600992165888__930028600992165888_1,misleading_text,,,,,,,,,,,
iraq_iran_earthquake__930028600992165888__930028600992165888_1,misleading_joint,,,,,,,,,,,
hurricane_irma__909781597569847296__909781597569847296_0,clean,,,,,,,,,,,
hurricane_irma__909781597569847296__909781597569847296_0,benign_image,,,,,,,,,,,
hurricane_irma__909781597569847296__909781597569847296_0,benign_text,,,,,,,,,,,
hurricane_irma__909781597569847296__909781597569847296_0,benign_joint,,,,,,,,,,,
hurricane_irma__909781597569847296__909781597569847296_0,direct_image,,,,,,,,,,,
hurricane_irma__909781597569847296__909781597569847296_0,direct_text,,,,,,,,,,,
hurricane_irma__909781597569847296__909781597569847296_0,direct_joint,,,,,,,,,,,
hurricane_irma__909781597569847296__909781597569847296_0,misleading_image,,,,,,,,,,,
hurricane_irma__909781597569847296__909781597569847296_0,misleading_text,,,,,,,,,,,
hurricane_irma__909781597569847296__909781597569847296_0,misleading_joint,,,,,,,,,,,
hurricane_irma__909811915987267585__909811915987267585_0,clean,,,,,,,,,,,
hurricane_irma__909811915987267585__909811915987267585_0,benign_image,,,,,,,,,,,
hurricane_irma__909811915987267585__909811915987267585_0,benign_text,,,,,,,,,,,
hurricane_irma__909811915987267585__909811915987267585_0,benign_joint,,,,,,,,,,,
hurricane_irma__909811915987267585__909811915987267585_0,direct_image,,,,,,,,,,,
hurricane_irma__909811915987267585__909811915987267585_0,direct_text,,,,,,,,,,,
hurricane_irma__909811915987267585__909811915987267585_0,direct_joint,,,,,,,,,,,
hurricane_irma__909811915987267585__909811915987267585_0,misleading_image,,,,,,,,,,,
hurricane_irma__909811915987267585__909811915987267585_0,misleading_text,,,,,,,,,,,
hurricane_irma__909811915987267585__909811915987267585_0,misleading_joint,,,,,,,,,,,
hurricane_irma__910172748042862592__910172748042862592_0,clean,,,,,,,,,,,
hurricane_irma__910172748042862592__910172748042862592_0,benign_image,,,,,,,,,,,
hurricane_irma__910172748042862592__910172748042862592_0,benign_text,,,,,,,,,,,
hurricane_irma__910172748042862592__910172748042862592_0,benign_joint,,,,,,,,,,,
hurricane_irma__910172748042862592__910172748042862592_0,direct_image,,,,,,,,,,,
hurricane_irma__910172748042862592__910172748042862592_0,direct_text,,,,,,,,,,,
hurricane_irma__910172748042862592__910172748042862592_0,direct_joint,,,,,,,,,,,
hurricane_irma__910172748042862592__910172748042862592_0,misleading_image,,,,,,,,,,,
hurricane_irma__910172748042862592__910172748042862592_0,misleading_text,,,,,,,,,,,
hurricane_irma__910172748042862592__910172748042862592_0,misleading_joint,,,,,,,,,,,
hurricane_harvey__907257101029974016__907257101029974016_1,clean,,,,,,,,,,,
hurricane_harvey__907257101029974016__907257101029974016_1,benign_image,,,,,,,,,,,
hurricane_harvey__907257101029974016__907257101029974016_1,benign_text,,,,,,,,,,,
hurricane_harvey__907257101029974016__907257101029974016_1,benign_joint,,,,,,,,,,,
hurricane_harvey__907257101029974016__907257101029974016_1,direct_image,,,,,,,,,,,
hurricane_harvey__907257101029974016__907257101029974016_1,direct_text,,,,,,,,,,,
hurricane_harvey__907257101029974016__907257101029974016_1,direct_joint,,,,,,,,,,,
hurricane_harvey__907257101029974016__907257101029974016_1,misleading_image,,,,,,,,,,,
hurricane_harvey__907257101029974016__907257101029974016_1,misleading_text,,,,,,,,,,,
hurricane_harvey__907257101029974016__907257101029974016_1,misleading_joint,,,,,,,,,,,
hurricane_irma__909394219235672064__909394219235672064_0,clean,,,,,,,,,,,
hurricane_irma__909394219235672064__909394219235672064_0,benign_image,,,,,,,,,,,
hurricane_irma__909394219235672064__909394219235672064_0,benign_text,,,,,,,,,,,
hurricane_irma__909394219235672064__909394219235672064_0,benign_joint,,,,,,,,,,,
hurricane_irma__909394219235672064__909394219235672064_0,direct_image,,,,,,,,,,,
hurricane_irma__909394219235672064__909394219235672064_0,direct_text,,,,,,,,,,,
hurricane_irma__909394219235672064__909394219235672064_0,direct_joint,,,,,,,,,,,
hurricane_irma__909394219235672064__909394219235672064_0,misleading_image,,,,,,,,,,,
hurricane_irma__909394219235672064__909394219235672064_0,misleading_text,,,,,,,,,,,
hurricane_irma__909394219235672064__909394219235672064_0,misleading_joint,,,,,,,,,,,
california_wildfires__918060571517480960__918060571517480960_1,clean,,,,,,,,,,,
california_wildfires__918060571517480960__918060571517480960_1,benign_image,,,,,,,,,,,
california_wildfires__918060571517480960__918060571517480960_1,benign_text,,,,,,,,,,,
california_wildfires__918060571517480960__918060571517480960_1,benign_joint,,,,,,,,,,,
california_wildfires__918060571517480960__918060571517480960_1,direct_image,,,,,,,,,,,
california_wildfires__918060571517480960__918060571517480960_1,direct_text,,,,,,,,,,,
california_wildfires__918060571517480960__918060571517480960_1,direct_joint,,,,,,,,,,,
california_wildfires__918060571517480960__918060571517480960_1,misleading_image,,,,,,,,,,,
california_wildfires__918060571517480960__918060571517480960_1,misleading_text,,,,,,,,,,,
california_wildfires__918060571517480960__918060571517480960_1,misleading_joint,,,,,,,,,,,
hurricane_harvey__901813825711853568__901813825711853568_0,clean,,,,,,,,,,,
hurricane_harvey__901813825711853568__901813825711853568_0,benign_image,,,,,,,,,,,
hurricane_harvey__901813825711853568__901813825711853568_0,benign_text,,,,,,,,,,,
hurricane_harvey__901813825711853568__901813825711853568_0,benign_joint,,,,,,,,,,,
hurricane_harvey__901813825711853568__901813825711853568_0,direct_image,,,,,,,,,,,
hurricane_harvey__901813825711853568__901813825711853568_0,direct_text,,,,,,,,,,,
hurricane_harvey__901813825711853568__901813825711853568_0,direct_joint,,,,,,,,,,,
hurricane_harvey__901813825711853568__901813825711853568_0,misleading_image,,,,,,,,,,,
hurricane_harvey__901813825711853568__901813825711853568_0,misleading_text,,,,,,,,,,,
hurricane_harvey__901813825711853568__901813825711853568_0,misleading_joint,,,,,,,,,,,
mexico_earthquake__913914328348114944__913914328348114944_0,clean,,,,,,,,,,,
mexico_earthquake__913914328348114944__913914328348114944_0,benign_image,,,,,,,,,,,
mexico_earthquake__913914328348114944__913914328348114944_0,benign_text,,,,,,,,,,,
mexico_earthquake__913914328348114944__913914328348114944_0,benign_joint,,,,,,,,,,,
mexico_earthquake__913914328348114944__913914328348114944_0,direct_image,,,,,,,,,,,
mexico_earthquake__913914328348114944__913914328348114944_0,direct_text,,,,,,,,,,,
mexico_earthquake__913914328348114944__913914328348114944_0,direct_joint,,,,,,,,,,,
mexico_earthquake__913914328348114944__913914328348114944_0,misleading_image,,,,,,,,,,,
mexico_earthquake__913914328348114944__913914328348114944_0,misleading_text,,,,,,,,,,,
mexico_earthquake__913914328348114944__913914328348114944_0,misleading_joint,,,,,,,,,,,
hurricane_harvey__907877049779539968__907877049779539968_0,clean,,,,,,,,,,,
hurricane_harvey__907877049779539968__907877049779539968_0,benign_image,,,,,,,,,,,
hurricane_harvey__907877049779539968__907877049779539968_0,benign_text,,,,,,,,,,,
hurricane_harvey__907877049779539968__907877049779539968_0,benign_joint,,,,,,,,,,,
hurricane_harvey__907877049779539968__907877049779539968_0,direct_image,,,,,,,,,,,
hurricane_harvey__907877049779539968__907877049779539968_0,direct_text,,,,,,,,,,,
hurricane_harvey__907877049779539968__907877049779539968_0,direct_joint,,,,,,,,,,,
hurricane_harvey__907877049779539968__907877049779539968_0,misleading_image,,,,,,,,,,,
hurricane_harvey__907877049779539968__907877049779539968_0,misleading_text,,,,,,,,,,,
hurricane_harvey__907877049779539968__907877049779539968_0,misleading_joint,,,,,,,,,,,
hurricane_irma__909466733173465088__909466733173465088_0,clean,,,,,,,,,,,
hurricane_irma__909466733173465088__909466733173465088_0,benign_image,,,,,,,,,,,
hurricane_irma__909466733173465088__909466733173465088_0,benign_text,,,,,,,,,,,
hurricane_irma__909466733173465088__909466733173465088_0,benign_joint,,,,,,,,,,,
hurricane_irma__909466733173465088__909466733173465088_0,direct_image,,,,,,,,,,,
hurricane_irma__909466733173465088__909466733173465088_0,direct_text,,,,,,,,,,,
hurricane_irma__909466733173465088__909466733173465088_0,direct_joint,,,,,,,,,,,
hurricane_irma__909466733173465088__909466733173465088_0,misleading_image,,,,,,,,,,,
hurricane_irma__909466733173465088__909466733173465088_0,misleading_text,,,,,,,,,,,
hurricane_irma__909466733173465088__909466733173465088_0,misleading_joint,,,,,,,,,,,
hurricane_irma__910211201182789632__910211201182789632_0,clean,,,,,,,,,,,
hurricane_irma__910211201182789632__910211201182789632_0,benign_image,,,,,,,,,,,
hurricane_irma__910211201182789632__910211201182789632_0,benign_text,,,,,,,,,,,
hurricane_irma__910211201182789632__910211201182789632_0,benign_joint,,,,,,,,,,,
hurricane_irma__910211201182789632__910211201182789632_0,direct_image,,,,,,,,,,,
hurricane_irma__910211201182789632__910211201182789632_0,direct_text,,,,,,,,,,,
hurricane_irma__910211201182789632__910211201182789632_0,direct_joint,,,,,,,,,,,
hurricane_irma__910211201182789632__910211201182789632_0,misleading_image,,,,,,,,,,,
hurricane_irma__910211201182789632__910211201182789632_0,misleading_text,,,,,,,,,,,
hurricane_irma__910211201182789632__910211201182789632_0,misleading_joint,,,,,,,,,,,
hurricane_maria__913753360720740352__913753360720740352_0,clean,,,,,,,,,,,
hurricane_maria__913753360720740352__913753360720740352_0,benign_image,,,,,,,,,,,
hurricane_maria__913753360720740352__913753360720740352_0,benign_text,,,,,,,,,,,
hurricane_maria__913753360720740352__913753360720740352_0,benign_joint,,,,,,,,,,,
hurricane_maria__913753360720740352__913753360720740352_0,direct_image,,,,,,,,,,,
hurricane_maria__913753360720740352__913753360720740352_0,direct_text,,,,,,,,,,,
hurricane_maria__913753360720740352__913753360720740352_0,direct_joint,,,,,,,,,,,
hurricane_maria__913753360720740352__913753360720740352_0,misleading_image,,,,,,,,,,,
hurricane_maria__913753360720740352__913753360720740352_0,misleading_text,,,,,,,,,,,
hurricane_maria__913753360720740352__913753360720740352_0,misleading_joint,,,,,,,,,,,
hurricane_irma__905705134361120768__905705134361120768_1,clean,,,,,,,,,,,
hurricane_irma__905705134361120768__905705134361120768_1,benign_image,,,,,,,,,,,
hurricane_irma__905705134361120768__905705134361120768_1,benign_text,,,,,,,,,,,
hurricane_irma__905705134361120768__905705134361120768_1,benign_joint,,,,,,,,,,,
hurricane_irma__905705134361120768__905705134361120768_1,direct_image,,,,,,,,,,,
hurricane_irma__905705134361120768__905705134361120768_1,direct_text,,,,,,,,,,,
hurricane_irma__905705134361120768__905705134361120768_1,direct_joint,,,,,,,,,,,
hurricane_irma__905705134361120768__905705134361120768_1,misleading_image,,,,,,,,,,,
hurricane_irma__905705134361120768__905705134361120768_1,misleading_text,,,,,,,,,,,
hurricane_irma__905705134361120768__905705134361120768_1,misleading_joint,,,,,,,,,,,
hurricane_harvey__904830090386735105__904830090386735105_0,clean,,,,,,,,,,,
hurricane_harvey__904830090386735105__904830090386735105_0,benign_image,,,,,,,,,,,
hurricane_harvey__904830090386735105__904830090386735105_0,benign_text,,,,,,,,,,,
hurricane_harvey__904830090386735105__904830090386735105_0,benign_joint,,,,,,,,,,,
hurricane_harvey__904830090386735105__904830090386735105_0,direct_image,,,,,,,,,,,
hurricane_harvey__904830090386735105__904830090386735105_0,direct_text,,,,,,,,,,,
hurricane_harvey__904830090386735105__904830090386735105_0,direct_joint,,,,,,,,,,,
hurricane_harvey__904830090386735105__904830090386735105_0,misleading_image,,,,,,,,,,,
hurricane_harvey__904830090386735105__904830090386735105_0,misleading_text,,,,,,,,,,,
hurricane_harvey__904830090386735105__904830090386735105_0,misleading_joint,,,,,,,,,,,
hurricane_harvey__909683179732082688__909683179732082688_0,clean,,,,,,,,,,,
hurricane_harvey__909683179732082688__909683179732082688_0,benign_image,,,,,,,,,,,
hurricane_harvey__909683179732082688__909683179732082688_0,benign_text,,,,,,,,,,,
hurricane_harvey__909683179732082688__909683179732082688_0,benign_joint,,,,,,,,,,,
hurricane_harvey__909683179732082688__909683179732082688_0,direct_image,,,,,,,,,,,
hurricane_harvey__909683179732082688__909683179732082688_0,direct_text,,,,,,,,,,,
hurricane_harvey__909683179732082688__909683179732082688_0,direct_joint,,,,,,,,,,,
hurricane_harvey__909683179732082688__909683179732082688_0,misleading_image,,,,,,,,,,,
hurricane_harvey__909683179732082688__909683179732082688_0,misleading_text,,,,,,,,,,,
hurricane_harvey__909683179732082688__909683179732082688_0,misleading_joint,,,,,,,,,,,
hurricane_maria__910585595629527041__910585595629527041_0,clean,,,,,,,,,,,
hurricane_maria__910585595629527041__910585595629527041_0,benign_image,,,,,,,,,,,
hurricane_maria__910585595629527041__910585595629527041_0,benign_text,,,,,,,,,,,
hurricane_maria__910585595629527041__910585595629527041_0,benign_joint,,,,,,,,,,,
hurricane_maria__910585595629527041__910585595629527041_0,direct_image,,,,,,,,,,,
hurricane_maria__910585595629527041__910585595629527041_0,direct_text,,,,,,,,,,,
hurricane_maria__910585595629527041__910585595629527041_0,direct_joint,,,,,,,,,,,
hurricane_maria__910585595629527041__910585595629527041_0,misleading_image,,,,,,,,,,,
hurricane_maria__910585595629527041__910585595629527041_0,misleading_text,,,,,,,,,,,
hurricane_maria__910585595629527041__910585595629527041_0,misleading_joint,,,,,,,,,,,
hurricane_maria__910586721246486528__910586721246486528_0,clean,,,,,,,,,,,
hurricane_maria__910586721246486528__910586721246486528_0,benign_image,,,,,,,,,,,
hurricane_maria__910586721246486528__910586721246486528_0,benign_text,,,,,,,,,,,
hurricane_maria__910586721246486528__910586721246486528_0,benign_joint,,,,,,,,,,,
hurricane_maria__910586721246486528__910586721246486528_0,direct_image,,,,,,,,,,,
hurricane_maria__910586721246486528__910586721246486528_0,direct_text,,,,,,,,,,,
hurricane_maria__910586721246486528__910586721246486528_0,direct_joint,,,,,,,,,,,
hurricane_maria__910586721246486528__910586721246486528_0,misleading_image,,,,,,,,,,,
hurricane_maria__910586721246486528__910586721246486528_0,misleading_text,,,,,,,,,,,
hurricane_maria__910586721246486528__910586721246486528_0,misleading_joint,,,,,,,,,,,
hurricane_maria__912117218128805888__912117218128805888_0,clean,,,,,,,,,,,
hurricane_maria__912117218128805888__912117218128805888_0,benign_image,,,,,,,,,,,
hurricane_maria__912117218128805888__912117218128805888_0,benign_text,,,,,,,,,,,
hurricane_maria__912117218128805888__912117218128805888_0,benign_joint,,,,,,,,,,,
hurricane_maria__912117218128805888__912117218128805888_0,direct_image,,,,,,,,,,,
hurricane_maria__912117218128805888__912117218128805888_0,direct_text,,,,,,,,,,,
hurricane_maria__912117218128805888__912117218128805888_0,direct_joint,,,,,,,,,,,
hurricane_maria__912117218128805888__912117218128805888_0,misleading_image,,,,,,,,,,,
hurricane_maria__912117218128805888__912117218128805888_0,misleading_text,,,,,,,,,,,
hurricane_maria__912117218128805888__912117218128805888_0,misleading_joint,,,,,,,,,,,
hurricane_harvey__905897170007711744__905897170007711744_0,clean,,,,,,,,,,,
hurricane_harvey__905897170007711744__905897170007711744_0,benign_image,,,,,,,,,,,
hurricane_harvey__905897170007711744__905897170007711744_0,benign_text,,,,,,,,,,,
hurricane_harvey__905897170007711744__905897170007711744_0,benign_joint,,,,,,,,,,,
hurricane_harvey__905897170007711744__905897170007711744_0,direct_image,,,,,,,,,,,
hurricane_harvey__905897170007711744__905897170007711744_0,direct_text,,,,,,,,,,,
hurricane_harvey__905897170007711744__905897170007711744_0,direct_joint,,,,,,,,,,,
hurricane_harvey__905897170007711744__905897170007711744_0,misleading_image,,,,,,,,,,,
hurricane_harvey__905897170007711744__905897170007711744_0,misleading_text,,,,,,,,,,,
hurricane_harvey__905897170007711744__905897170007711744_0,misleading_joint,,,,,,,,,,,
california_wildfires__920430848398069760__920430848398069760_0,clean,,,,,,,,,,,
california_wildfires__920430848398069760__920430848398069760_0,benign_image,,,,,,,,,,,
california_wildfires__920430848398069760__920430848398069760_0,benign_text,,,,,,,,,,,
california_wildfires__920430848398069760__920430848398069760_0,benign_joint,,,,,,,,,,,
california_wildfires__920430848398069760__920430848398069760_0,direct_image,,,,,,,,,,,
california_wildfires__920430848398069760__920430848398069760_0,direct_text,,,,,,,,,,,
california_wildfires__920430848398069760__920430848398069760_0,direct_joint,,,,,,,,,,,
california_wildfires__920430848398069760__920430848398069760_0,misleading_image,,,,,,,,,,,
california_wildfires__920430848398069760__920430848398069760_0,misleading_text,,,,,,,,,,,
california_wildfires__920430848398069760__920430848398069760_0,misleading_joint,,,,,,,,,,,
srilanka_floods__870278054697881600__870278054697881600_0,clean,,,,,,,,,,,
srilanka_floods__870278054697881600__870278054697881600_0,benign_image,,,,,,,,,,,
srilanka_floods__870278054697881600__870278054697881600_0,benign_text,,,,,,,,,,,
srilanka_floods__870278054697881600__870278054697881600_0,benign_joint,,,,,,,,,,,
srilanka_floods__870278054697881600__870278054697881600_0,direct_image,,,,,,,,,,,
srilanka_floods__870278054697881600__870278054697881600_0,direct_text,,,,,,,,,,,
srilanka_floods__870278054697881600__870278054697881600_0,direct_joint,,,,,,,,,,,
srilanka_floods__870278054697881600__870278054697881600_0,misleading_image,,,,,,,,,,,
srilanka_floods__870278054697881600__870278054697881600_0,misleading_text,,,,,,,,,,,
srilanka_floods__870278054697881600__870278054697881600_0,misleading_joint,,,,,,,,,,,
hurricane_maria__912135083028393984__912135083028393984_0,clean,,,,,,,,,,,
hurricane_maria__912135083028393984__912135083028393984_0,benign_image,,,,,,,,,,,
hurricane_maria__912135083028393984__912135083028393984_0,benign_text,,,,,,,,,,,
hurricane_maria__912135083028393984__912135083028393984_0,benign_joint,,,,,,,,,,,
hurricane_maria__912135083028393984__912135083028393984_0,direct_image,,,,,,,,,,,
hurricane_maria__912135083028393984__912135083028393984_0,direct_text,,,,,,,,,,,
hurricane_maria__912135083028393984__912135083028393984_0,direct_joint,,,,,,,,,,,
hurricane_maria__912135083028393984__912135083028393984_0,misleading_image,,,,,,,,,,,
hurricane_maria__912135083028393984__912135083028393984_0,misleading_text,,,,,,,,,,,
hurricane_maria__912135083028393984__912135083028393984_0,misleading_joint,,,,,,,,,,,
hurricane_irma__905696714253676544__905696714253676544_0,clean,,,,,,,,,,,
hurricane_irma__905696714253676544__905696714253676544_0,benign_image,,,,,,,,,,,
hurricane_irma__905696714253676544__905696714253676544_0,benign_text,,,,,,,,,,,
hurricane_irma__905696714253676544__905696714253676544_0,benign_joint,,,,,,,,,,,
hurricane_irma__905696714253676544__905696714253676544_0,direct_image,,,,,,,,,,,
hurricane_irma__905696714253676544__905696714253676544_0,direct_text,,,,,,,,,,,
hurricane_irma__905696714253676544__905696714253676544_0,direct_joint,,,,,,,,,,,
hurricane_irma__905696714253676544__905696714253676544_0,misleading_image,,,,,,,,,,,
hurricane_irma__905696714253676544__905696714253676544_0,misleading_text,,,,,,,,,,,
hurricane_irma__905696714253676544__905696714253676544_0,misleading_joint,,,,,,,,,,,
hurricane_maria__913416972129509377__913416972129509377_1,clean,,,,,,,,,,,
hurricane_maria__913416972129509377__913416972129509377_1,benign_image,,,,,,,,,,,
hurricane_maria__913416972129509377__913416972129509377_1,benign_text,,,,,,,,,,,
hurricane_maria__913416972129509377__913416972129509377_1,benign_joint,,,,,,,,,,,
hurricane_maria__913416972129509377__913416972129509377_1,direct_image,,,,,,,,,,,
hurricane_maria__913416972129509377__913416972129509377_1,direct_text,,,,,,,,,,,
hurricane_maria__913416972129509377__913416972129509377_1,direct_joint,,,,,,,,,,,
hurricane_maria__913416972129509377__913416972129509377_1,misleading_image,,,,,,,,,,,
hurricane_maria__913416972129509377__913416972129509377_1,misleading_text,,,,,,,,,,,
hurricane_maria__913416972129509377__913416972129509377_1,misleading_joint,,,,,,,,,,,
hurricane_harvey__906801256127254529__906801256127254529_0,clean,,,,,,,,,,,
hurricane_harvey__906801256127254529__906801256127254529_0,benign_image,,,,,,,,,,,
hurricane_harvey__906801256127254529__906801256127254529_0,benign_text,,,,,,,,,,,
hurricane_harvey__906801256127254529__906801256127254529_0,benign_joint,,,,,,,,,,,
hurricane_harvey__906801256127254529__906801256127254529_0,direct_image,,,,,,,,,,,
hurricane_harvey__906801256127254529__906801256127254529_0,direct_text,,,,,,,,,,,
hurricane_harvey__906801256127254529__906801256127254529_0,direct_joint,,,,,,,,,,,
hurricane_harvey__906801256127254529__906801256127254529_0,misleading_image,,,,,,,,,,,
hurricane_harvey__906801256127254529__906801256127254529_0,misleading_text,,,,,,,,,,,
hurricane_harvey__906801256127254529__906801256127254529_0,misleading_joint,,,,,,,,,,,
hurricane_maria__914188148623671296__914188148623671296_0,clean,,,,,,,,,,,
hurricane_maria__914188148623671296__914188148623671296_0,benign_image,,,,,,,,,,,
hurricane_maria__914188148623671296__914188148623671296_0,benign_text,,,,,,,,,,,
hurricane_maria__914188148623671296__914188148623671296_0,benign_joint,,,,,,,,,,,
hurricane_maria__914188148623671296__914188148623671296_0,direct_image,,,,,,,,,,,
hurricane_maria__914188148623671296__914188148623671296_0,direct_text,,,,,,,,,,,
hurricane_maria__914188148623671296__914188148623671296_0,direct_joint,,,,,,,,,,,
hurricane_maria__914188148623671296__914188148623671296_0,misleading_image,,,,,,,,,,,
hurricane_maria__914188148623671296__914188148623671296_0,misleading_text,,,,,,,,,,,
hurricane_maria__914188148623671296__914188148623671296_0,misleading_joint,,,,,,,,,,,
california_wildfires__918313986621362178__918313986621362178_0,clean,,,,,,,,,,,
california_wildfires__918313986621362178__918313986621362178_0,benign_image,,,,,,,,,,,
california_wildfires__918313986621362178__918313986621362178_0,benign_text,,,,,,,,,,,
california_wildfires__918313986621362178__918313986621362178_0,benign_joint,,,,,,,,,,,
california_wildfires__918313986621362178__918313986621362178_0,direct_image,,,,,,,,,,,
california_wildfires__918313986621362178__918313986621362178_0,direct_text,,,,,,,,,,,
california_wildfires__918313986621362178__918313986621362178_0,direct_joint,,,,,,,,,,,
california_wildfires__918313986621362178__918313986621362178_0,misleading_image,,,,,,,,,,,
california_wildfires__918313986621362178__918313986621362178_0,misleading_text,,,,,,,,,,,
california_wildfires__918313986621362178__918313986621362178_0,misleading_joint,,,,,,,,,,,
srilanka_floods__869957461993635840__869957461993635840_0,clean,,,,,,,,,,,
srilanka_floods__869957461993635840__869957461993635840_0,benign_image,,,,,,,,,,,
srilanka_floods__869957461993635840__869957461993635840_0,benign_text,,,,,,,,,,,
srilanka_floods__869957461993635840__869957461993635840_0,benign_joint,,,,,,,,,,,
srilanka_floods__869957461993635840__869957461993635840_0,direct_image,,,,,,,,,,,
srilanka_floods__869957461993635840__869957461993635840_0,direct_text,,,,,,,,,,,
srilanka_floods__869957461993635840__869957461993635840_0,direct_joint,,,,,,,,,,,
srilanka_floods__869957461993635840__869957461993635840_0,misleading_image,,,,,,,,,,,
srilanka_floods__869957461993635840__869957461993635840_0,misleading_text,,,,,,,,,,,
srilanka_floods__869957461993635840__869957461993635840_0,misleading_joint,,,,,,,,,,,
hurricane_harvey__907413959711567873__907413959711567873_0,clean,,,,,,,,,,,
hurricane_harvey__907413959711567873__907413959711567873_0,benign_image,,,,,,,,,,,
hurricane_harvey__907413959711567873__907413959711567873_0,benign_text,,,,,,,,,,,
hurricane_harvey__907413959711567873__907413959711567873_0,benign_joint,,,,,,,,,,,
hurricane_harvey__907413959711567873__907413959711567873_0,direct_image,,,,,,,,,,,
hurricane_harvey__907413959711567873__907413959711567873_0,direct_text,,,,,,,,,,,
hurricane_harvey__907413959711567873__907413959711567873_0,direct_joint,,,,,,,,,,,
hurricane_harvey__907413959711567873__907413959711567873_0,misleading_image,,,,,,,,,,,
hurricane_harvey__907413959711567873__907413959711567873_0,misleading_text,,,,,,,,,,,
hurricane_harvey__907413959711567873__907413959711567873_0,misleading_joint,,,,,,,,,,,
hurricane_harvey__905904205738766336__905904205738766336_0,clean,,,,,,,,,,,
hurricane_harvey__905904205738766336__905904205738766336_0,benign_image,,,,,,,,,,,
hurricane_harvey__905904205738766336__905904205738766336_0,benign_text,,,,,,,,,,,
hurricane_harvey__905904205738766336__905904205738766336_0,benign_joint,,,,,,,,,,,
hurricane_harvey__905904205738766336__905904205738766336_0,direct_image,,,,,,,,,,,
hurricane_harvey__905904205738766336__905904205738766336_0,direct_text,,,,,,,,,,,
hurricane_harvey__905904205738766336__905904205738766336_0,direct_joint,,,,,,,,,,,
hurricane_harvey__905904205738766336__905904205738766336_0,misleading_image,,,,,,,,,,,
hurricane_harvey__905904205738766336__905904205738766336_0,misleading_text,,,,,,,,,,,
hurricane_harvey__905904205738766336__905904205738766336_0,misleading_joint,,,,,,,,,,,
hurricane_harvey__905351240715866112__905351240715866112_0,clean,,,,,,,,,,,
hurricane_harvey__905351240715866112__905351240715866112_0,benign_image,,,,,,,,,,,
hurricane_harvey__905351240715866112__905351240715866112_0,benign_text,,,,,,,,,,,
hurricane_harvey__905351240715866112__905351240715866112_0,benign_joint,,,,,,,,,,,
hurricane_harvey__905351240715866112__905351240715866112_0,direct_image,,,,,,,,,,,
hurricane_harvey__905351240715866112__905351240715866112_0,direct_text,,,,,,,,,,,
hurricane_harvey__905351240715866112__905351240715866112_0,direct_joint,,,,,,,,,,,
hurricane_harvey__905351240715866112__905351240715866112_0,misleading_image,,,,,,,,,,,
hurricane_harvey__905351240715866112__905351240715866112_0,misleading_text,,,,,,,,,,,
hurricane_harvey__905351240715866112__905351240715866112_0,misleading_joint,,,,,,,,,,,
mexico_earthquake__912427774576644096__912427774576644096_0,clean,,,,,,,,,,,
mexico_earthquake__912427774576644096__912427774576644096_0,benign_image,,,,,,,,,,,
mexico_earthquake__912427774576644096__912427774576644096_0,benign_text,,,,,,,,,,,
mexico_earthquake__912427774576644096__912427774576644096_0,benign_joint,,,,,,,,,,,
mexico_earthquake__912427774576644096__912427774576644096_0,direct_image,,,,,,,,,,,
mexico_earthquake__912427774576644096__912427774576644096_0,direct_text,,,,,,,,,,,
mexico_earthquake__912427774576644096__912427774576644096_0,direct_joint,,,,,,,,,,,
mexico_earthquake__912427774576644096__912427774576644096_0,misleading_image,,,,,,,,,,,
mexico_earthquake__912427774576644096__912427774576644096_0,misleading_text,,,,,,,,,,,
mexico_earthquake__912427774576644096__912427774576644096_0,misleading_joint,,,,,,,,,,,
srilanka_floods__869962038214131712__869962038214131712_0,clean,,,,,,,,,,,
srilanka_floods__869962038214131712__869962038214131712_0,benign_image,,,,,,,,,,,
srilanka_floods__869962038214131712__869962038214131712_0,benign_text,,,,,,,,,,,
srilanka_floods__869962038214131712__869962038214131712_0,benign_joint,,,,,,,,,,,
srilanka_floods__869962038214131712__869962038214131712_0,direct_image,,,,,,,,,,,
srilanka_floods__869962038214131712__869962038214131712_0,direct_text,,,,,,,,,,,
srilanka_floods__869962038214131712__869962038214131712_0,direct_joint,,,,,,,,,,,
srilanka_floods__869962038214131712__869962038214131712_0,misleading_image,,,,,,,,,,,
srilanka_floods__869962038214131712__869962038214131712_0,misleading_text,,,,,,,,,,,
srilanka_floods__869962038214131712__869962038214131712_0,misleading_joint,,,,,,,,,,,
hurricane_maria__910785253580648448__910785253580648448_0,clean,,,,,,,,,,,
hurricane_maria__910785253580648448__910785253580648448_0,benign_image,,,,,,,,,,,
hurricane_maria__910785253580648448__910785253580648448_0,benign_text,,,,,,,,,,,
hurricane_maria__910785253580648448__910785253580648448_0,benign_joint,,,,,,,,,,,
hurricane_maria__910785253580648448__910785253580648448_0,direct_image,,,,,,,,,,,
hurricane_maria__910785253580648448__910785253580648448_0,direct_text,,,,,,,,,,,
hurricane_maria__910785253580648448__910785253580648448_0,direct_joint,,,,,,,,,,,
hurricane_maria__910785253580648448__910785253580648448_0,misleading_image,,,,,,,,,,,
hurricane_maria__910785253580648448__910785253580648448_0,misleading_text,,,,,,,,,,,
hurricane_maria__910785253580648448__910785253580648448_0,misleading_joint,,,,,,,,,,,
hurricane_harvey__901787869521555456__901787869521555456_1,clean,,,,,,,,,,,
hurricane_harvey__901787869521555456__901787869521555456_1,benign_image,,,,,,,,,,,
hurricane_harvey__901787869521555456__901787869521555456_1,benign_text,,,,,,,,,,,
hurricane_harvey__901787869521555456__901787869521555456_1,benign_joint,,,,,,,,,,,
hurricane_harvey__901787869521555456__901787869521555456_1,direct_image,,,,,,,,,,,
hurricane_harvey__901787869521555456__901787869521555456_1,direct_text,,,,,,,,,,,
hurricane_harvey__901787869521555456__901787869521555456_1,direct_joint,,,,,,,,,,,
hurricane_harvey__901787869521555456__901787869521555456_1,misleading_image,,,,,,,,,,,
hurricane_harvey__901787869521555456__901787869521555456_1,misleading_text,,,,,,,,,,,
hurricane_harvey__901787869521555456__901787869521555456_1,misleading_joint,,,,,,,,,,,
hurricane_irma__905636651447328768__905636651447328768_1,clean,,,,,,,,,,,
hurricane_irma__905636651447328768__905636651447328768_1,benign_image,,,,,,,,,,,
hurricane_irma__905636651447328768__905636651447328768_1,benign_text,,,,,,,,,,,
hurricane_irma__905636651447328768__905636651447328768_1,benign_joint,,,,,,,,,,,
hurricane_irma__905636651447328768__905636651447328768_1,direct_image,,,,,,,,,,,
hurricane_irma__905636651447328768__905636651447328768_1,direct_text,,,,,,,,,,,
hurricane_irma__905636651447328768__905636651447328768_1,direct_joint,,,,,,,,,,,
hurricane_irma__905636651447328768__905636651447328768_1,misleading_image,,,,,,,,,,,
hurricane_irma__905636651447328768__905636651447328768_1,misleading_text,,,,,,,,,,,
hurricane_irma__905636651447328768__905636651447328768_1,misleading_joint,,,,,,,,,,,
hurricane_maria__915173788119109633__915173788119109633_0,clean,,,,,,,,,,,
hurricane_maria__915173788119109633__915173788119109633_0,benign_image,,,,,,,,,,,
hurricane_maria__915173788119109633__915173788119109633_0,benign_text,,,,,,,,,,,
hurricane_maria__915173788119109633__915173788119109633_0,benign_joint,,,,,,,,,,,
hurricane_maria__915173788119109633__915173788119109633_0,direct_image,,,,,,,,,,,
hurricane_maria__915173788119109633__915173788119109633_0,direct_text,,,,,,,,,,,
hurricane_maria__915173788119109633__915173788119109633_0,direct_joint,,,,,,,,,,,
hurricane_maria__915173788119109633__915173788119109633_0,misleading_image,,,,,,,,,,,
hurricane_maria__915173788119109633__915173788119109633_0,misleading_text,,,,,,,,,,,
hurricane_maria__915173788119109633__915173788119109633_0,misleading_joint,,,,,,,,,,,
srilanka_floods__870419183632228353__870419183632228353_0,clean,,,,,,,,,,,
srilanka_floods__870419183632228353__870419183632228353_0,benign_image,,,,,,,,,,,
srilanka_floods__870419183632228353__870419183632228353_0,benign_text,,,,,,,,,,,
srilanka_floods__870419183632228353__870419183632228353_0,benign_joint,,,,,,,,,,,
srilanka_floods__870419183632228353__870419183632228353_0,direct_image,,,,,,,,,,,
srilanka_floods__870419183632228353__870419183632228353_0,direct_text,,,,,,,,,,,
srilanka_floods__870419183632228353__870419183632228353_0,direct_joint,,,,,,,,,,,
srilanka_floods__870419183632228353__870419183632228353_0,misleading_image,,,,,,,,,,,
srilanka_floods__870419183632228353__870419183632228353_0,misleading_text,,,,,,,,,,,
srilanka_floods__870419183632228353__870419183632228353_0,misleading_joint,,,,,,,,,,,
mexico_earthquake__912982510518247424__912982510518247424_0,clean,,,,,,,,,,,
mexico_earthquake__912982510518247424__912982510518247424_0,benign_image,,,,,,,,,,,
mexico_earthquake__912982510518247424__912982510518247424_0,benign_text,,,,,,,,,,,
mexico_earthquake__912982510518247424__912982510518247424_0,benign_joint,,,,,,,,,,,
mexico_earthquake__912982510518247424__912982510518247424_0,direct_image,,,,,,,,,,,
mexico_earthquake__912982510518247424__912982510518247424_0,direct_text,,,,,,,,,,,
mexico_earthquake__912982510518247424__912982510518247424_0,direct_joint,,,,,,,,,,,
mexico_earthquake__912982510518247424__912982510518247424_0,misleading_image,,,,,,,,,,,
mexico_earthquake__912982510518247424__912982510518247424_0,misleading_text,,,,,,,,,,,
mexico_earthquake__912982510518247424__912982510518247424_0,misleading_joint,,,,,,,,,,,
hurricane_harvey__905960092822003712__905960092822003712_0,clean,,,,,,,,,,,
hurricane_harvey__905960092822003712__905960092822003712_0,benign_image,,,,,,,,,,,
hurricane_harvey__905960092822003712__905960092822003712_0,benign_text,,,,,,,,,,,
hurricane_harvey__905960092822003712__905960092822003712_0,benign_joint,,,,,,,,,,,
hurricane_harvey__905960092822003712__905960092822003712_0,direct_image,,,,,,,,,,,
hurricane_harvey__905960092822003712__905960092822003712_0,direct_text,,,,,,,,,,,
hurricane_harvey__905960092822003712__905960092822003712_0,direct_joint,,,,,,,,,,,
hurricane_harvey__905960092822003712__905960092822003712_0,misleading_image,,,,,,,,,,,
hurricane_harvey__905960092822003712__905960092822003712_0,misleading_text,,,,,,,,,,,
hurricane_harvey__905960092822003712__905960092822003712_0,misleading_joint,,,,,,,,,,,
hurricane_maria__912350540763484161__912350540763484161_0,clean,,,,,,,,,,,
hurricane_maria__912350540763484161__912350540763484161_0,benign_image,,,,,,,,,,,
hurricane_maria__912350540763484161__912350540763484161_0,benign_text,,,,,,,,,,,
hurricane_maria__912350540763484161__912350540763484161_0,benign_joint,,,,,,,,,,,
hurricane_maria__912350540763484161__912350540763484161_0,direct_image,,,,,,,,,,,
hurricane_maria__912350540763484161__912350540763484161_0,direct_text,,,,,,,,,,,
hurricane_maria__912350540763484161__912350540763484161_0,direct_joint,,,,,,,,,,,
hurricane_maria__912350540763484161__912350540763484161_0,misleading_image,,,,,,,,,,,
hurricane_maria__912350540763484161__912350540763484161_0,misleading_text,,,,,,,,,,,
hurricane_maria__912350540763484161__912350540763484161_0,misleading_joint,,,,,,,,,,,
california_wildfires__920016499473047552__920016499473047552_0,clean,,,,,,,,,,,
california_wildfires__920016499473047552__920016499473047552_0,benign_image,,,,,,,,,,,
california_wildfires__920016499473047552__920016499473047552_0,benign_text,,,,,,,,,,,
california_wildfires__920016499473047552__920016499473047552_0,benign_joint,,,,,,,,,,,
california_wildfires__920016499473047552__920016499473047552_0,direct_image,,,,,,,,,,,
california_wildfires__920016499473047552__920016499473047552_0,direct_text,,,,,,,,,,,
california_wildfires__920016499473047552__920016499473047552_0,direct_joint,,,,,,,,,,,
california_wildfires__920016499473047552__920016499473047552_0,misleading_image,,,,,,,,,,,
california_wildfires__920016499473047552__920016499473047552_0,misleading_text,,,,,,,,,,,
california_wildfires__920016499473047552__920016499473047552_0,misleading_joint,,,,,,,,,,,
hurricane_harvey__906919855475097600__906919855475097600_2,clean,,,,,,,,,,,
hurricane_harvey__906919855475097600__906919855475097600_2,benign_image,,,,,,,,,,,
hurricane_harvey__906919855475097600__906919855475097600_2,benign_text,,,,,,,,,,,
hurricane_harvey__906919855475097600__906919855475097600_2,benign_joint,,,,,,,,,,,
hurricane_harvey__906919855475097600__906919855475097600_2,direct_image,,,,,,,,,,,
hurricane_harvey__906919855475097600__906919855475097600_2,direct_text,,,,,,,,,,,
hurricane_harvey__906919855475097600__906919855475097600_2,direct_joint,,,,,,,,,,,
hurricane_harvey__906919855475097600__906919855475097600_2,misleading_image,,,,,,,,,,,
hurricane_harvey__906919855475097600__906919855475097600_2,misleading_text,,,,,,,,,,,
hurricane_harvey__906919855475097600__906919855475097600_2,misleading_joint,,,,,,,,,,,
hurricane_maria__913051514419269632__913051514419269632_0,clean,,,,,,,,,,,
hurricane_maria__913051514419269632__913051514419269632_0,benign_image,,,,,,,,,,,
hurricane_maria__913051514419269632__913051514419269632_0,benign_text,,,,,,,,,,,
hurricane_maria__913051514419269632__913051514419269632_0,benign_joint,,,,,,,,,,,
hurricane_maria__913051514419269632__913051514419269632_0,direct_image,,,,,,,,,,,
hurricane_maria__913051514419269632__913051514419269632_0,direct_text,,,,,,,,,,,
hurricane_maria__913051514419269632__913051514419269632_0,direct_joint,,,,,,,,,,,
hurricane_maria__913051514419269632__913051514419269632_0,misleading_image,,,,,,,,,,,
hurricane_maria__913051514419269632__913051514419269632_0,misleading_text,,,,,,,,,,,
hurricane_maria__913051514419269632__913051514419269632_0,misleading_joint,,,,,,,,,,,
hurricane_harvey__901826639310540801__901826639310540801_0,clean,,,,,,,,,,,
hurricane_harvey__901826639310540801__901826639310540801_0,benign_image,,,,,,,,,,,
hurricane_harvey__901826639310540801__901826639310540801_0,benign_text,,,,,,,,,,,
hurricane_harvey__901826639310540801__901826639310540801_0,benign_joint,,,,,,,,,,,
hurricane_harvey__901826639310540801__901826639310540801_0,direct_image,,,,,,,,,,,
hurricane_harvey__901826639310540801__901826639310540801_0,direct_text,,,,,,,,,,,
hurricane_harvey__901826639310540801__901826639310540801_0,direct_joint,,,,,,,,,,,
hurricane_harvey__901826639310540801__901826639310540801_0,misleading_image,,,,,,,,,,,
hurricane_harvey__901826639310540801__901826639310540801_0,misleading_text,,,,,,,,,,,
hurricane_harvey__901826639310540801__901826639310540801_0,misleading_joint,,,,,,,,,,,
california_wildfires__917972593789063170__917972593789063170_0,clean,,,,,,,,,,,
california_wildfires__917972593789063170__917972593789063170_0,benign_image,,,,,,,,,,,
california_wildfires__917972593789063170__917972593789063170_0,benign_text,,,,,,,,,,,
california_wildfires__917972593789063170__917972593789063170_0,benign_joint,,,,,,,,,,,
california_wildfires__917972593789063170__917972593789063170_0,direct_image,,,,,,,,,,,
california_wildfires__917972593789063170__917972593789063170_0,direct_text,,,,,,,,,,,
california_wildfires__917972593789063170__917972593789063170_0,direct_joint,,,,,,,,,,,
california_wildfires__917972593789063170__917972593789063170_0,misleading_image,,,,,,,,,,,
california_wildfires__917972593789063170__917972593789063170_0,misleading_text,,,,,,,,,,,
california_wildfires__917972593789063170__917972593789063170_0,misleading_joint,,,,,,,,,,,
hurricane_harvey__909220520461180928__909220520461180928_0,clean,,,,,,,,,,,
hurricane_harvey__909220520461180928__909220520461180928_0,benign_image,,,,,,,,,,,
hurricane_harvey__909220520461180928__909220520461180928_0,benign_text,,,,,,,,,,,
hurricane_harvey__909220520461180928__909220520461180928_0,benign_joint,,,,,,,,,,,
hurricane_harvey__909220520461180928__909220520461180928_0,direct_image,,,,,,,,,,,
hurricane_harvey__909220520461180928__909220520461180928_0,direct_text,,,,,,,,,,,
hurricane_harvey__909220520461180928__909220520461180928_0,direct_joint,,,,,,,,,,,
hurricane_harvey__909220520461180928__909220520461180928_0,misleading_image,,,,,,,,,,,
hurricane_harvey__909220520461180928__909220520461180928_0,misleading_text,,,,,,,,,,,
hurricane_harvey__909220520461180928__909220520461180928_0,misleading_joint,,,,,,,,,,,
hurricane_harvey__905804734929481728__905804734929481728_0,clean,,,,,,,,,,,
hurricane_harvey__905804734929481728__905804734929481728_0,benign_image,,,,,,,,,,,
hurricane_harvey__905804734929481728__905804734929481728_0,benign_text,,,,,,,,,,,
hurricane_harvey__905804734929481728__905804734929481728_0,benign_joint,,,,,,,,,,,
hurricane_harvey__905804734929481728__905804734929481728_0,direct_image,,,,,,,,,,,
hurricane_harvey__905804734929481728__905804734929481728_0,direct_text,,,,,,,,,,,
hurricane_harvey__905804734929481728__905804734929481728_0,direct_joint,,,,,,,,,,,
hurricane_harvey__905804734929481728__905804734929481728_0,misleading_image,,,,,,,,,,,
hurricane_harvey__905804734929481728__905804734929481728_0,misleading_text,,,,,,,,,,,
hurricane_harvey__905804734929481728__905804734929481728_0,misleading_joint,,,,,,,,,,,
california_wildfires__917828952533716994__917828952533716994_0,clean,,,,,,,,,,,
california_wildfires__917828952533716994__917828952533716994_0,benign_image,,,,,,,,,,,
california_wildfires__917828952533716994__917828952533716994_0,benign_text,,,,,,,,,,,
california_wildfires__917828952533716994__917828952533716994_0,benign_joint,,,,,,,,,,,
california_wildfires__917828952533716994__917828952533716994_0,direct_image,,,,,,,,,,,
california_wildfires__917828952533716994__917828952533716994_0,direct_text,,,,,,,,,,,
california_wildfires__917828952533716994__917828952533716994_0,direct_joint,,,,,,,,,,,
california_wildfires__917828952533716994__917828952533716994_0,misleading_image,,,,,,,,,,,
california_wildfires__917828952533716994__917828952533716994_0,misleading_text,,,,,,,,,,,
california_wildfires__917828952533716994__917828952533716994_0,misleading_joint,,,,,,,,,,,
mexico_earthquake__912331848478609409__912331848478609409_0,clean,,,,,,,,,,,
mexico_earthquake__912331848478609409__912331848478609409_0,benign_image,,,,,,,,,,,
mexico_earthquake__912331848478609409__912331848478609409_0,benign_text,,,,,,,,,,,
mexico_earthquake__912331848478609409__912331848478609409_0,benign_joint,,,,,,,,,,,
mexico_earthquake__912331848478609409__912331848478609409_0,direct_image,,,,,,,,,,,
mexico_earthquake__912331848478609409__912331848478609409_0,direct_text,,,,,,,,,,,
mexico_earthquake__912331848478609409__912331848478609409_0,direct_joint,,,,,,,,,,,
mexico_earthquake__912331848478609409__912331848478609409_0,misleading_image,,,,,,,,,,,
mexico_earthquake__912331848478609409__912331848478609409_0,misleading_text,,,,,,,,,,,
mexico_earthquake__912331848478609409__912331848478609409_0,misleading_joint,,,,,,,,,,,
hurricane_harvey__906238289576960000__906238289576960000_0,clean,,,,,,,,,,,
hurricane_harvey__906238289576960000__906238289576960000_0,benign_image,,,,,,,,,,,
hurricane_harvey__906238289576960000__906238289576960000_0,benign_text,,,,,,,,,,,
hurricane_harvey__906238289576960000__906238289576960000_0,benign_joint,,,,,,,,,,,
hurricane_harvey__906238289576960000__906238289576960000_0,direct_image,,,,,,,,,,,
hurricane_harvey__906238289576960000__906238289576960000_0,direct_text,,,,,,,,,,,
hurricane_harvey__906238289576960000__906238289576960000_0,direct_joint,,,,,,,,,,,
hurricane_harvey__906238289576960000__906238289576960000_0,misleading_image,,,,,,,,,,,
hurricane_harvey__906238289576960000__906238289576960000_0,misleading_text,,,,,,,,,,,
hurricane_harvey__906238289576960000__906238289576960000_0,misleading_joint,,,,,,,,,,,
mexico_earthquake__910543087566454785__910543087566454785_0,clean,,,,,,,,,,,
mexico_earthquake__910543087566454785__910543087566454785_0,benign_image,,,,,,,,,,,
mexico_earthquake__910543087566454785__910543087566454785_0,benign_text,,,,,,,,,,,
mexico_earthquake__910543087566454785__910543087566454785_0,benign_joint,,,,,,,,,,,
mexico_earthquake__910543087566454785__910543087566454785_0,direct_image,,,,,,,,,,,
mexico_earthquake__910543087566454785__910543087566454785_0,direct_text,,,,,,,,,,,
mexico_earthquake__910543087566454785__910543087566454785_0,direct_joint,,,,,,,,,,,
mexico_earthquake__910543087566454785__910543087566454785_0,misleading_image,,,,,,,,,,,
mexico_earthquake__910543087566454785__910543087566454785_0,misleading_text,,,,,,,,,,,
mexico_earthquake__910543087566454785__910543087566454785_0,misleading_joint,,,,,,,,,,,
hurricane_harvey__905470345175556096__905470345175556096_0,clean,,,,,,,,,,,
hurricane_harvey__905470345175556096__905470345175556096_0,benign_image,,,,,,,,,,,
hurricane_harvey__905470345175556096__905470345175556096_0,benign_text,,,,,,,,,,,
hurricane_harvey__905470345175556096__905470345175556096_0,benign_joint,,,,,,,,,,,
hurricane_harvey__905470345175556096__905470345175556096_0,direct_image,,,,,,,,,,,
hurricane_harvey__905470345175556096__905470345175556096_0,direct_text,,,,,,,,,,,
hurricane_harvey__905470345175556096__905470345175556096_0,direct_joint,,,,,,,,,,,
hurricane_harvey__905470345175556096__905470345175556096_0,misleading_image,,,,,,,,,,,
hurricane_harvey__905470345175556096__905470345175556096_0,misleading_text,,,,,,,,,,,
hurricane_harvey__905470345175556096__905470345175556096_0,misleading_joint,,,,,,,,,,,
srilanka_floods__870283105151668224__870283105151668224_0,clean,,,,,,,,,,,
srilanka_floods__870283105151668224__870283105151668224_0,benign_image,,,,,,,,,,,
srilanka_floods__870283105151668224__870283105151668224_0,benign_text,,,,,,,,,,,
srilanka_floods__870283105151668224__870283105151668224_0,benign_joint,,,,,,,,,,,
srilanka_floods__870283105151668224__870283105151668224_0,direct_image,,,,,,,,,,,
srilanka_floods__870283105151668224__870283105151668224_0,direct_text,,,,,,,,,,,
srilanka_floods__870283105151668224__870283105151668224_0,direct_joint,,,,,,,,,,,
srilanka_floods__870283105151668224__870283105151668224_0,misleading_image,,,,,,,,,,,
srilanka_floods__870283105151668224__870283105151668224_0,misleading_text,,,,,,,,,,,
srilanka_floods__870283105151668224__870283105151668224_0,misleading_joint,,,,,,,,,,,
hurricane_irma__909745072656314368__909745072656314368_0,clean,,,,,,,,,,,
hurricane_irma__909745072656314368__909745072656314368_0,benign_image,,,,,,,,,,,
hurricane_irma__909745072656314368__909745072656314368_0,benign_text,,,,,,,,,,,
hurricane_irma__909745072656314368__909745072656314368_0,benign_joint,,,,,,,,,,,
hurricane_irma__909745072656314368__909745072656314368_0,direct_image,,,,,,,,,,,
hurricane_irma__909745072656314368__909745072656314368_0,direct_text,,,,,,,,,,,
hurricane_irma__909745072656314368__909745072656314368_0,direct_joint,,,,,,,,,,,
hurricane_irma__909745072656314368__909745072656314368_0,misleading_image,,,,,,,,,,,
hurricane_irma__909745072656314368__909745072656314368_0,misleading_text,,,,,,,,,,,
hurricane_irma__909745072656314368__909745072656314368_0,misleading_joint,,,,,,,,,,,
mexico_earthquake__912163228716814337__912163228716814337_0,clean,,,,,,,,,,,
mexico_earthquake__912163228716814337__912163228716814337_0,benign_image,,,,,,,,,,,
mexico_earthquake__912163228716814337__912163228716814337_0,benign_text,,,,,,,,,,,
mexico_earthquake__912163228716814337__912163228716814337_0,benign_joint,,,,,,,,,,,
mexico_earthquake__912163228716814337__912163228716814337_0,direct_image,,,,,,,,,,,
mexico_earthquake__912163228716814337__912163228716814337_0,direct_text,,,,,,,,,,,
mexico_earthquake__912163228716814337__912163228716814337_0,direct_joint,,,,,,,,,,,
mexico_earthquake__912163228716814337__912163228716814337_0,misleading_image,,,,,,,,,,,
mexico_earthquake__912163228716814337__912163228716814337_0,misleading_text,,,,,,,,,,,
mexico_earthquake__912163228716814337__912163228716814337_0,misleading_joint,,,,,,,,,,,
hurricane_maria__928291159943692288__928291159943692288_0,clean,,,,,,,,,,,
hurricane_maria__928291159943692288__928291159943692288_0,benign_image,,,,,,,,,,,
hurricane_maria__928291159943692288__928291159943692288_0,benign_text,,,,,,,,,,,
hurricane_maria__928291159943692288__928291159943692288_0,benign_joint,,,,,,,,,,,
hurricane_maria__928291159943692288__928291159943692288_0,direct_image,,,,,,,,,,,
hurricane_maria__928291159943692288__928291159943692288_0,direct_text,,,,,,,,,,,
hurricane_maria__928291159943692288__928291159943692288_0,direct_joint,,,,,,,,,,,
hurricane_maria__928291159943692288__928291159943692288_0,misleading_image,,,,,,,,,,,
hurricane_maria__928291159943692288__928291159943692288_0,misleading_text,,,,,,,,,,,
hurricane_maria__928291159943692288__928291159943692288_0,misleading_joint,,,,,,,,,,,
hurricane_maria__912463510461992960__912463510461992960_1,clean,,,,,,,,,,,
hurricane_maria__912463510461992960__912463510461992960_1,benign_image,,,,,,,,,,,
hurricane_maria__912463510461992960__912463510461992960_1,benign_text,,,,,,,,,,,
hurricane_maria__912463510461992960__912463510461992960_1,benign_joint,,,,,,,,,,,
hurricane_maria__912463510461992960__912463510461992960_1,direct_image,,,,,,,,,,,
hurricane_maria__912463510461992960__912463510461992960_1,direct_text,,,,,,,,,,,
hurricane_maria__912463510461992960__912463510461992960_1,direct_joint,,,,,,,,,,,
hurricane_maria__912463510461992960__912463510461992960_1,misleading_image,,,,,,,,,,,
hurricane_maria__912463510461992960__912463510461992960_1,misleading_text,,,,,,,,,,,
hurricane_maria__912463510461992960__912463510461992960_1,misleading_joint,,,,,,,,,,,
hurricane_maria__911965850198036480__911965850198036480_0,clean,,,,,,,,,,,
hurricane_maria__911965850198036480__911965850198036480_0,benign_image,,,,,,,,,,,
hurricane_maria__911965850198036480__911965850198036480_0,benign_text,,,,,,,,,,,
hurricane_maria__911965850198036480__911965850198036480_0,benign_joint,,,,,,,,,,,
hurricane_maria__911965850198036480__911965850198036480_0,direct_image,,,,,,,,,,,
hurricane_maria__911965850198036480__911965850198036480_0,direct_text,,,,,,,,,,,
hurricane_maria__911965850198036480__911965850198036480_0,direct_joint,,,,,,,,,,,
hurricane_maria__911965850198036480__911965850198036480_0,misleading_image,,,,,,,,,,,
hurricane_maria__911965850198036480__911965850198036480_0,misleading_text,,,,,,,,,,,
hurricane_maria__911965850198036480__911965850198036480_0,misleading_joint,,,,,,,,,,,
hurricane_irma__909470884532047874__909470884532047874_0,clean,,,,,,,,,,,
hurricane_irma__909470884532047874__909470884532047874_0,benign_image,,,,,,,,,,,
hurricane_irma__909470884532047874__909470884532047874_0,benign_text,,,,,,,,,,,
hurricane_irma__909470884532047874__909470884532047874_0,benign_joint,,,,,,,,,,,
hurricane_irma__909470884532047874__909470884532047874_0,direct_image,,,,,,,,,,,
hurricane_irma__909470884532047874__909470884532047874_0,direct_text,,,,,,,,,,,
hurricane_irma__909470884532047874__909470884532047874_0,direct_joint,,,,,,,,,,,
hurricane_irma__909470884532047874__909470884532047874_0,misleading_image,,,,,,,,,,,
hurricane_irma__909470884532047874__909470884532047874_0,misleading_text,,,,,,,,,,,
hurricane_irma__909470884532047874__909470884532047874_0,misleading_joint,,,,,,,,,,,
hurricane_irma__909695665562902528__909695665562902528_0,clean,,,,,,,,,,,
hurricane_irma__909695665562902528__909695665562902528_0,benign_image,,,,,,,,,,,
hurricane_irma__909695665562902528__909695665562902528_0,benign_text,,,,,,,,,,,
hurricane_irma__909695665562902528__909695665562902528_0,benign_joint,,,,,,,,,,,
hurricane_irma__909695665562902528__909695665562902528_0,direct_image,,,,,,,,,,,
hurricane_irma__909695665562902528__909695665562902528_0,direct_text,,,,,,,,,,,
hurricane_irma__909695665562902528__909695665562902528_0,direct_joint,,,,,,,,,,,
hurricane_irma__909695665562902528__909695665562902528_0,misleading_image,,,,,,,,,,,
hurricane_irma__909695665562902528__909695665562902528_0,misleading_text,,,,,,,,,,,
hurricane_irma__909695665562902528__909695665562902528_0,misleading_joint,,,,,,,,,,,
california_wildfires__917800657796595715__917800657796595715_0,clean,,,,,,,,,,,
california_wildfires__917800657796595715__917800657796595715_0,benign_image,,,,,,,,,,,
california_wildfires__917800657796595715__917800657796595715_0,benign_text,,,,,,,,,,,
california_wildfires__917800657796595715__917800657796595715_0,benign_joint,,,,,,,,,,,
california_wildfires__917800657796595715__917800657796595715_0,direct_image,,,,,,,,,,,
california_wildfires__917800657796595715__917800657796595715_0,direct_text,,,,,,,,,,,
california_wildfires__917800657796595715__917800657796595715_0,direct_joint,,,,,,,,,,,
california_wildfires__917800657796595715__917800657796595715_0,misleading_image,,,,,,,,,,,
california_wildfires__917800657796595715__917800657796595715_0,misleading_text,,,,,,,,,,,
california_wildfires__917800657796595715__917800657796595715_0,misleading_joint,,,,,,,,,,,
srilanka_floods__869984832364756992__869984832364756992_0,clean,,,,,,,,,,,
srilanka_floods__869984832364756992__869984832364756992_0,benign_image,,,,,,,,,,,
srilanka_floods__869984832364756992__869984832364756992_0,benign_text,,,,,,,,,,,
srilanka_floods__869984832364756992__869984832364756992_0,benign_joint,,,,,,,,,,,
srilanka_floods__869984832364756992__869984832364756992_0,direct_image,,,,,,,,,,,
srilanka_floods__869984832364756992__869984832364756992_0,direct_text,,,,,,,,,,,
srilanka_floods__869984832364756992__869984832364756992_0,direct_joint,,,,,,,,,,,
srilanka_floods__869984832364756992__869984832364756992_0,misleading_image,,,,,,,,,,,
srilanka_floods__869984832364756992__869984832364756992_0,misleading_text,,,,,,,,,,,
srilanka_floods__869984832364756992__869984832364756992_0,misleading_joint,,,,,,,,,,,
hurricane_irma__909377896996892672__909377896996892672_0,clean,,,,,,,,,,,
hurricane_irma__909377896996892672__909377896996892672_0,benign_image,,,,,,,,,,,
hurricane_irma__909377896996892672__909377896996892672_0,benign_text,,,,,,,,,,,
hurricane_irma__909377896996892672__909377896996892672_0,benign_joint,,,,,,,,,,,
hurricane_irma__909377896996892672__909377896996892672_0,direct_image,,,,,,,,,,,
hurricane_irma__909377896996892672__909377896996892672_0,direct_text,,,,,,,,,,,
hurricane_irma__909377896996892672__909377896996892672_0,direct_joint,,,,,,,,,,,
hurricane_irma__909377896996892672__909377896996892672_0,misleading_image,,,,,,,,,,,
hurricane_irma__909377896996892672__909377896996892672_0,misleading_text,,,,,,,,,,,
hurricane_irma__909377896996892672__909377896996892672_0,misleading_joint,,,,,,,,,,,
hurricane_harvey__907370190182199297__907370190182199297_0,clean,,,,,,,,,,,
hurricane_harvey__907370190182199297__907370190182199297_0,benign_image,,,,,,,,,,,
hurricane_harvey__907370190182199297__907370190182199297_0,benign_text,,,,,,,,,,,
hurricane_harvey__907370190182199297__907370190182199297_0,benign_joint,,,,,,,,,,,
hurricane_harvey__907370190182199297__907370190182199297_0,direct_image,,,,,,,,,,,
hurricane_harvey__907370190182199297__907370190182199297_0,direct_text,,,,,,,,,,,
hurricane_harvey__907370190182199297__907370190182199297_0,direct_joint,,,,,,,,,,,
hurricane_harvey__907370190182199297__907370190182199297_0,misleading_image,,,,,,,,,,,
hurricane_harvey__907370190182199297__907370190182199297_0,misleading_text,,,,,,,,,,,
hurricane_harvey__907370190182199297__907370190182199297_0,misleading_joint,,,,,,,,,,,
hurricane_harvey__906626877321818112__906626877321818112_0,clean,,,,,,,,,,,
hurricane_harvey__906626877321818112__906626877321818112_0,benign_image,,,,,,,,,,,
hurricane_harvey__906626877321818112__906626877321818112_0,benign_text,,,,,,,,,,,
hurricane_harvey__906626877321818112__906626877321818112_0,benign_joint,,,,,,,,,,,
hurricane_harvey__906626877321818112__906626877321818112_0,direct_image,,,,,,,,,,,
hurricane_harvey__906626877321818112__906626877321818112_0,direct_text,,,,,,,,,,,
hurricane_harvey__906626877321818112__906626877321818112_0,direct_joint,,,,,,,,,,,
hurricane_harvey__906626877321818112__906626877321818112_0,misleading_image,,,,,,,,,,,
hurricane_harvey__906626877321818112__906626877321818112_0,misleading_text,,,,,,,,,,,
hurricane_harvey__906626877321818112__906626877321818112_0,misleading_joint,,,,,,,,,,,
srilanka_floods__870146384904761344__870146384904761344_0,clean,,,,,,,,,,,
srilanka_floods__870146384904761344__870146384904761344_0,benign_image,,,,,,,,,,,
srilanka_floods__870146384904761344__870146384904761344_0,benign_text,,,,,,,,,,,
srilanka_floods__870146384904761344__870146384904761344_0,benign_joint,,,,,,,,,,,
srilanka_floods__870146384904761344__870146384904761344_0,direct_image,,,,,,,,,,,
srilanka_floods__870146384904761344__870146384904761344_0,direct_text,,,,,,,,,,,
srilanka_floods__870146384904761344__870146384904761344_0,direct_joint,,,,,,,,,,,
srilanka_floods__870146384904761344__870146384904761344_0,misleading_image,,,,,,,,,,,
srilanka_floods__870146384904761344__870146384904761344_0,misleading_text,,,,,,,,,,,
srilanka_floods__870146384904761344__870146384904761344_0,misleading_joint,,,,,,,,,,,
hurricane_harvey__907940376446689280__907940376446689280_0,clean,,,,,,,,,,,
hurricane_harvey__907940376446689280__907940376446689280_0,benign_image,,,,,,,,,,,
hurricane_harvey__907940376446689280__907940376446689280_0,benign_text,,,,,,,,,,,
hurricane_harvey__907940376446689280__907940376446689280_0,benign_joint,,,,,,,,,,,
hurricane_harvey__907940376446689280__907940376446689280_0,direct_image,,,,,,,,,,,
hurricane_harvey__907940376446689280__907940376446689280_0,direct_text,,,,,,,,,,,
hurricane_harvey__907940376446689280__907940376446689280_0,direct_joint,,,,,,,,,,,
hurricane_harvey__907940376446689280__907940376446689280_0,misleading_image,,,,,,,,,,,
hurricane_harvey__907940376446689280__907940376446689280_0,misleading_text,,,,,,,,,,,
hurricane_harvey__907940376446689280__907940376446689280_0,misleading_joint,,,,,,,,,,,
hurricane_maria__922675551835508736__922675551835508736_0,clean,,,,,,,,,,,
hurricane_maria__922675551835508736__922675551835508736_0,benign_image,,,,,,,,,,,
hurricane_maria__922675551835508736__922675551835508736_0,benign_text,,,,,,,,,,,
hurricane_maria__922675551835508736__922675551835508736_0,benign_joint,,,,,,,,,,,
hurricane_maria__922675551835508736__922675551835508736_0,direct_image,,,,,,,,,,,
hurricane_maria__922675551835508736__922675551835508736_0,direct_text,,,,,,,,,,,
hurricane_maria__922675551835508736__922675551835508736_0,direct_joint,,,,,,,,,,,
hurricane_maria__922675551835508736__922675551835508736_0,misleading_image,,,,,,,,,,,
hurricane_maria__922675551835508736__922675551835508736_0,misleading_text,,,,,,,,,,,
hurricane_maria__922675551835508736__922675551835508736_0,misleading_joint,,,,,,,,,,,
hurricane_irma__909484767497900032__909484767497900032_0,clean,,,,,,,,,,,
hurricane_irma__909484767497900032__909484767497900032_0,benign_image,,,,,,,,,,,
hurricane_irma__909484767497900032__909484767497900032_0,benign_text,,,,,,,,,,,
hurricane_irma__909484767497900032__909484767497900032_0,benign_joint,,,,,,,,,,,
hurricane_irma__909484767497900032__909484767497900032_0,direct_image,,,,,,,,,,,
hurricane_irma__909484767497900032__909484767497900032_0,direct_text,,,,,,,,,,,
hurricane_irma__909484767497900032__909484767497900032_0,direct_joint,,,,,,,,,,,
hurricane_irma__909484767497900032__909484767497900032_0,misleading_image,,,,,,,,,,,
hurricane_irma__909484767497900032__909484767497900032_0,misleading_text,,,,,,,,,,,
hurricane_irma__909484767497900032__909484767497900032_0,misleading_joint,,,,,,,,,,,
hurricane_irma__909737054447259648__909737054447259648_0,clean,,,,,,,,,,,
hurricane_irma__909737054447259648__909737054447259648_0,benign_image,,,,,,,,,,,
hurricane_irma__909737054447259648__909737054447259648_0,benign_text,,,,,,,,,,,
hurricane_irma__909737054447259648__909737054447259648_0,benign_joint,,,,,,,,,,,
hurricane_irma__909737054447259648__909737054447259648_0,direct_image,,,,,,,,,,,
hurricane_irma__909737054447259648__909737054447259648_0,direct_text,,,,,,,,,,,
hurricane_irma__909737054447259648__909737054447259648_0,direct_joint,,,,,,,,,,,
hurricane_irma__909737054447259648__909737054447259648_0,misleading_image,,,,,,,,,,,
hurricane_irma__909737054447259648__909737054447259648_0,misleading_text,,,,,,,,,,,
hurricane_irma__909737054447259648__909737054447259648_0,misleading_joint,,,,,,,,,,,
hurricane_irma__909401570026119168__909401570026119168_0,clean,,,,,,,,,,,
hurricane_irma__909401570026119168__909401570026119168_0,benign_image,,,,,,,,,,,
hurricane_irma__909401570026119168__909401570026119168_0,benign_text,,,,,,,,,,,
hurricane_irma__909401570026119168__909401570026119168_0,benign_joint,,,,,,,,,,,
hurricane_irma__909401570026119168__909401570026119168_0,direct_image,,,,,,,,,,,
hurricane_irma__909401570026119168__909401570026119168_0,direct_text,,,,,,,,,,,
hurricane_irma__909401570026119168__909401570026119168_0,direct_joint,,,,,,,,,,,
hurricane_irma__909401570026119168__909401570026119168_0,misleading_image,,,,,,,,,,,
hurricane_irma__909401570026119168__909401570026119168_0,misleading_text,,,,,,,,,,,
hurricane_irma__909401570026119168__909401570026119168_0,misleading_joint,,,,,,,,,,,
hurricane_irma__909495154540560384__909495154540560384_0,clean,,,,,,,,,,,
hurricane_irma__909495154540560384__909495154540560384_0,benign_image,,,,,,,,,,,
hurricane_irma__909495154540560384__909495154540560384_0,benign_text,,,,,,,,,,,
hurricane_irma__909495154540560384__909495154540560384_0,benign_joint,,,,,,,,,,,
hurricane_irma__909495154540560384__909495154540560384_0,direct_image,,,,,,,,,,,
hurricane_irma__909495154540560384__909495154540560384_0,direct_text,,,,,,,,,,,
hurricane_irma__909495154540560384__909495154540560384_0,direct_joint,,,,,,,,,,,
hurricane_irma__909495154540560384__909495154540560384_0,misleading_image,,,,,,,,,,,
hurricane_irma__909495154540560384__909495154540560384_0,misleading_text,,,,,,,,,,,
hurricane_irma__909495154540560384__909495154540560384_0,misleading_joint,,,,,,,,,,,
mexico_earthquake__910614931262681089__910614931262681089_0,clean,,,,,,,,,,,
mexico_earthquake__910614931262681089__910614931262681089_0,benign_image,,,,,,,,,,,
mexico_earthquake__910614931262681089__910614931262681089_0,benign_text,,,,,,,,,,,
mexico_earthquake__910614931262681089__910614931262681089_0,benign_joint,,,,,,,,,,,
mexico_earthquake__910614931262681089__910614931262681089_0,direct_image,,,,,,,,,,,
mexico_earthquake__910614931262681089__910614931262681089_0,direct_text,,,,,,,,,,,
mexico_earthquake__910614931262681089__910614931262681089_0,direct_joint,,,,,,,,,,,
mexico_earthquake__910614931262681089__910614931262681089_0,misleading_image,,,,,,,,,,,
mexico_earthquake__910614931262681089__910614931262681089_0,misleading_text,,,,,,,,,,,
mexico_earthquake__910614931262681089__910614931262681089_0,misleading_joint,,,,,,,,,,,
hurricane_maria__922837354926153728__922837354926153728_0,clean,,,,,,,,,,,
hurricane_maria__922837354926153728__922837354926153728_0,benign_image,,,,,,,,,,,
hurricane_maria__922837354926153728__922837354926153728_0,benign_text,,,,,,,,,,,
hurricane_maria__922837354926153728__922837354926153728_0,benign_joint,,,,,,,,,,,
hurricane_maria__922837354926153728__922837354926153728_0,direct_image,,,,,,,,,,,
hurricane_maria__922837354926153728__922837354926153728_0,direct_text,,,,,,,,,,,
hurricane_maria__922837354926153728__922837354926153728_0,direct_joint,,,,,,,,,,,
hurricane_maria__922837354926153728__922837354926153728_0,misleading_image,,,,,,,,,,,
hurricane_maria__922837354926153728__922837354926153728_0,misleading_text,,,,,,,,,,,
hurricane_maria__922837354926153728__922837354926153728_0,misleading_joint,,,,,,,,,,,
srilanka_floods__870661861040988160__870661861040988160_0,clean,,,,,,,,,,,
srilanka_floods__870661861040988160__870661861040988160_0,benign_image,,,,,,,,,,,
srilanka_floods__870661861040988160__870661861040988160_0,benign_text,,,,,,,,,,,
srilanka_floods__870661861040988160__870661861040988160_0,benign_joint,,,,,,,,,,,
srilanka_floods__870661861040988160__870661861040988160_0,direct_image,,,,,,,,,,,
srilanka_floods__870661861040988160__870661861040988160_0,direct_text,,,,,,,,,,,
srilanka_floods__870661861040988160__870661861040988160_0,direct_joint,,,,,,,,,,,
srilanka_floods__870661861040988160__870661861040988160_0,misleading_image,,,,,,,,,,,
srilanka_floods__870661861040988160__870661861040988160_0,misleading_text,,,,,,,,,,,
srilanka_floods__870661861040988160__870661861040988160_0,misleading_joint,,,,,,,,,,,
california_wildfires__920916661519007745__920916661519007745_0,clean,,,,,,,,,,,
california_wildfires__920916661519007745__920916661519007745_0,benign_image,,,,,,,,,,,
california_wildfires__920916661519007745__920916661519007745_0,benign_text,,,,,,,,,,,
california_wildfires__920916661519007745__920916661519007745_0,benign_joint,,,,,,,,,,,
california_wildfires__920916661519007745__920916661519007745_0,direct_image,,,,,,,,,,,
california_wildfires__920916661519007745__920916661519007745_0,direct_text,,,,,,,,,,,
california_wildfires__920916661519007745__920916661519007745_0,direct_joint,,,,,,,,,,,
california_wildfires__920916661519007745__920916661519007745_0,misleading_image,,,,,,,,,,,
california_wildfires__920916661519007745__920916661519007745_0,misleading_text,,,,,,,,,,,
california_wildfires__920916661519007745__920916661519007745_0,misleading_joint,,,,,,,,,,,
hurricane_maria__910787808725528577__910787808725528577_0,clean,,,,,,,,,,,
hurricane_maria__910787808725528577__910787808725528577_0,benign_image,,,,,,,,,,,
hurricane_maria__910787808725528577__910787808725528577_0,benign_text,,,,,,,,,,,
hurricane_maria__910787808725528577__910787808725528577_0,benign_joint,,,,,,,,,,,
hurricane_maria__910787808725528577__910787808725528577_0,direct_image,,,,,,,,,,,
hurricane_maria__910787808725528577__910787808725528577_0,direct_text,,,,,,,,,,,
hurricane_maria__910787808725528577__910787808725528577_0,direct_joint,,,,,,,,,,,
hurricane_maria__910787808725528577__910787808725528577_0,misleading_image,,,,,,,,,,,
hurricane_maria__910787808725528577__910787808725528577_0,misleading_text,,,,,,,,,,,
hurricane_maria__910787808725528577__910787808725528577_0,misleading_joint,,,,,,,,,,,
hurricane_harvey__901683735837462528__901683735837462528_0,clean,,,,,,,,,,,
hurricane_harvey__901683735837462528__901683735837462528_0,benign_image,,,,,,,,,,,
hurricane_harvey__901683735837462528__901683735837462528_0,benign_text,,,,,,,,,,,
hurricane_harvey__901683735837462528__901683735837462528_0,benign_joint,,,,,,,,,,,
hurricane_harvey__901683735837462528__901683735837462528_0,direct_image,,,,,,,,,,,
hurricane_harvey__901683735837462528__901683735837462528_0,direct_text,,,,,,,,,,,
hurricane_harvey__901683735837462528__901683735837462528_0,direct_joint,,,,,,,,,,,
hurricane_harvey__901683735837462528__901683735837462528_0,misleading_image,,,,,,,,,,,
hurricane_harvey__901683735837462528__901683735837462528_0,misleading_text,,,,,,,,,,,
hurricane_harvey__901683735837462528__901683735837462528_0,misleading_joint,,,,,,,,,,,
california_wildfires__919927912769339392__919927912769339392_0,clean,,,,,,,,,,,
california_wildfires__919927912769339392__919927912769339392_0,benign_image,,,,,,,,,,,
california_wildfires__919927912769339392__919927912769339392_0,benign_text,,,,,,,,,,,
california_wildfires__919927912769339392__919927912769339392_0,benign_joint,,,,,,,,,,,
california_wildfires__919927912769339392__919927912769339392_0,direct_image,,,,,,,,,,,
california_wildfires__919927912769339392__919927912769339392_0,direct_text,,,,,,,,,,,
california_wildfires__919927912769339392__919927912769339392_0,direct_joint,,,,,,,,,,,
california_wildfires__919927912769339392__919927912769339392_0,misleading_image,,,,,,,,,,,
california_wildfires__919927912769339392__919927912769339392_0,misleading_text,,,,,,,,,,,
california_wildfires__919927912769339392__919927912769339392_0,misleading_joint,,,,,,,,,,,
srilanka_floods__873178065395961857__873178065395961857_0,clean,,,,,,,,,,,
srilanka_floods__873178065395961857__873178065395961857_0,benign_image,,,,,,,,,,,
srilanka_floods__873178065395961857__873178065395961857_0,benign_text,,,,,,,,,,,
srilanka_floods__873178065395961857__873178065395961857_0,benign_joint,,,,,,,,,,,
srilanka_floods__873178065395961857__873178065395961857_0,direct_image,,,,,,,,,,,
srilanka_floods__873178065395961857__873178065395961857_0,direct_text,,,,,,,,,,,
srilanka_floods__873178065395961857__873178065395961857_0,direct_joint,,,,,,,,,,,
srilanka_floods__873178065395961857__873178065395961857_0,misleading_image,,,,,,,,,,,
srilanka_floods__873178065395961857__873178065395961857_0,misleading_text,,,,,,,,,,,
srilanka_floods__873178065395961857__873178065395961857_0,misleading_joint,,,,,,,,,,,
srilanka_floods__870479677789360129__870479677789360129_0,clean,,,,,,,,,,,
srilanka_floods__870479677789360129__870479677789360129_0,benign_image,,,,,,,,,,,
srilanka_floods__870479677789360129__870479677789360129_0,benign_text,,,,,,,,,,,
srilanka_floods__870479677789360129__870479677789360129_0,benign_joint,,,,,,,,,,,
srilanka_floods__870479677789360129__870479677789360129_0,direct_image,,,,,,,,,,,
srilanka_floods__870479677789360129__870479677789360129_0,direct_text,,,,,,,,,,,
srilanka_floods__870479677789360129__870479677789360129_0,direct_joint,,,,,,,,,,,
srilanka_floods__870479677789360129__870479677789360129_0,misleading_image,,,,,,,,,,,
srilanka_floods__870479677789360129__870479677789360129_0,misleading_text,,,,,,,,,,,
srilanka_floods__870479677789360129__870479677789360129_0,misleading_joint,,,,,,,,,,,
hurricane_harvey__907252873565757441__907252873565757441_0,clean,,,,,,,,,,,
hurricane_harvey__907252873565757441__907252873565757441_0,benign_image,,,,,,,,,,,
hurricane_harvey__907252873565757441__907252873565757441_0,benign_text,,,,,,,,,,,
hurricane_harvey__907252873565757441__907252873565757441_0,benign_joint,,,,,,,,,,,
hurricane_harvey__907252873565757441__907252873565757441_0,direct_image,,,,,,,,,,,
hurricane_harvey__907252873565757441__907252873565757441_0,direct_text,,,,,,,,,,,
hurricane_harvey__907252873565757441__907252873565757441_0,direct_joint,,,,,,,,,,,
hurricane_harvey__907252873565757441__907252873565757441_0,misleading_image,,,,,,,,,,,
hurricane_harvey__907252873565757441__907252873565757441_0,misleading_text,,,,,,,,,,,
hurricane_harvey__907252873565757441__907252873565757441_0,misleading_joint,,,,,,,,,,,
hurricane_harvey__907272871965188096__907272871965188096_0,clean,,,,,,,,,,,
hurricane_harvey__907272871965188096__907272871965188096_0,benign_image,,,,,,,,,,,
hurricane_harvey__907272871965188096__907272871965188096_0,benign_text,,,,,,,,,,,
hurricane_harvey__907272871965188096__907272871965188096_0,benign_joint,,,,,,,,,,,
hurricane_harvey__907272871965188096__907272871965188096_0,direct_image,,,,,,,,,,,
hurricane_harvey__907272871965188096__907272871965188096_0,direct_text,,,,,,,,,,,
hurricane_harvey__907272871965188096__907272871965188096_0,direct_joint,,,,,,,,,,,
hurricane_harvey__907272871965188096__907272871965188096_0,misleading_image,,,,,,,,,,,
hurricane_harvey__907272871965188096__907272871965188096_0,misleading_text,,,,,,,,,,,
hurricane_harvey__907272871965188096__907272871965188096_0,misleading_joint,,,,,,,,,,,
srilanka_floods__870052558928138240__870052558928138240_2,clean,,,,,,,,,,,
srilanka_floods__870052558928138240__870052558928138240_2,benign_image,,,,,,,,,,,
srilanka_floods__870052558928138240__870052558928138240_2,benign_text,,,,,,,,,,,
srilanka_floods__870052558928138240__870052558928138240_2,benign_joint,,,,,,,,,,,
srilanka_floods__870052558928138240__870052558928138240_2,direct_image,,,,,,,,,,,
srilanka_floods__870052558928138240__870052558928138240_2,direct_text,,,,,,,,,,,
srilanka_floods__870052558928138240__870052558928138240_2,direct_joint,,,,,,,,,,,
srilanka_floods__870052558928138240__870052558928138240_2,misleading_image,,,,,,,,,,,
srilanka_floods__870052558928138240__870052558928138240_2,misleading_text,,,,,,,,,,,
srilanka_floods__870052558928138240__870052558928138240_2,misleading_joint,,,,,,,,,,,
hurricane_maria__923295255788584960__923295255788584960_0,clean,,,,,,,,,,,
hurricane_maria__923295255788584960__923295255788584960_0,benign_image,,,,,,,,,,,
hurricane_maria__923295255788584960__923295255788584960_0,benign_text,,,,,,,,,,,
hurricane_maria__923295255788584960__923295255788584960_0,benign_joint,,,,,,,,,,,
hurricane_maria__923295255788584960__923295255788584960_0,direct_image,,,,,,,,,,,
hurricane_maria__923295255788584960__923295255788584960_0,direct_text,,,,,,,,,,,
hurricane_maria__923295255788584960__923295255788584960_0,direct_joint,,,,,,,,,,,
hurricane_maria__923295255788584960__923295255788584960_0,misleading_image,,,,,,,,,,,
hurricane_maria__923295255788584960__923295255788584960_0,misleading_text,,,,,,,,,,,
hurricane_maria__923295255788584960__923295255788584960_0,misleading_joint,,,,,,,,,,,
srilanka_floods__870248079043158017__870248079043158017_2,clean,,,,,,,,,,,
srilanka_floods__870248079043158017__870248079043158017_2,benign_image,,,,,,,,,,,
srilanka_floods__870248079043158017__870248079043158017_2,benign_text,,,,,,,,,,,
srilanka_floods__870248079043158017__870248079043158017_2,benign_joint,,,,,,,,,,,
srilanka_floods__870248079043158017__870248079043158017_2,direct_image,,,,,,,,,,,
srilanka_floods__870248079043158017__870248079043158017_2,direct_text,,,,,,,,,,,
srilanka_floods__870248079043158017__870248079043158017_2,direct_joint,,,,,,,,,,,
srilanka_floods__870248079043158017__870248079043158017_2,misleading_image,,,,,,,,,,,
srilanka_floods__870248079043158017__870248079043158017_2,misleading_text,,,,,,,,,,,
srilanka_floods__870248079043158017__870248079043158017_2,misleading_joint,,,,,,,,,,,
hurricane_irma__909833411598209024__909833411598209024_1,clean,,,,,,,,,,,
hurricane_irma__909833411598209024__909833411598209024_1,benign_image,,,,,,,,,,,
hurricane_irma__909833411598209024__909833411598209024_1,benign_text,,,,,,,,,,,
hurricane_irma__909833411598209024__909833411598209024_1,benign_joint,,,,,,,,,,,
hurricane_irma__909833411598209024__909833411598209024_1,direct_image,,,,,,,,,,,
hurricane_irma__909833411598209024__909833411598209024_1,direct_text,,,,,,,,,,,
hurricane_irma__909833411598209024__909833411598209024_1,direct_joint,,,,,,,,,,,
hurricane_irma__909833411598209024__909833411598209024_1,misleading_image,,,,,,,,,,,
hurricane_irma__909833411598209024__909833411598209024_1,misleading_text,,,,,,,,,,,
hurricane_irma__909833411598209024__909833411598209024_1,misleading_joint,,,,,,,,,,,
california_wildfires__919684475990130689__919684475990130689_0,clean,,,,,,,,,,,
california_wildfires__919684475990130689__919684475990130689_0,benign_image,,,,,,,,,,,
california_wildfires__919684475990130689__919684475990130689_0,benign_text,,,,,,,,,,,
california_wildfires__919684475990130689__919684475990130689_0,benign_joint,,,,,,,,,,,
california_wildfires__919684475990130689__919684475990130689_0,direct_image,,,,,,,,,,,
california_wildfires__919684475990130689__919684475990130689_0,direct_text,,,,,,,,,,,
california_wildfires__919684475990130689__919684475990130689_0,direct_joint,,,,,,,,,,,
california_wildfires__919684475990130689__919684475990130689_0,misleading_image,,,,,,,,,,,
california_wildfires__919684475990130689__919684475990130689_0,misleading_text,,,,,,,,,,,
california_wildfires__919684475990130689__919684475990130689_0,misleading_joint,,,,,,,,,,,
hurricane_irma__910084787674783744__910084787674783744_0,clean,,,,,,,,,,,
hurricane_irma__910084787674783744__910084787674783744_0,benign_image,,,,,,,,,,,
hurricane_irma__910084787674783744__910084787674783744_0,benign_text,,,,,,,,,,,
hurricane_irma__910084787674783744__910084787674783744_0,benign_joint,,,,,,,,,,,
hurricane_irma__910084787674783744__910084787674783744_0,direct_image,,,,,,,,,,,
hurricane_irma__910084787674783744__910084787674783744_0,direct_text,,,,,,,,,,,
hurricane_irma__910084787674783744__910084787674783744_0,direct_joint,,,,,,,,,,,
hurricane_irma__910084787674783744__910084787674783744_0,misleading_image,,,,,,,,,,,
hurricane_irma__910084787674783744__910084787674783744_0,misleading_text,,,,,,,,,,,
hurricane_irma__910084787674783744__910084787674783744_0,misleading_joint,,,,,,,,,,,
hurricane_maria__913065273888002049__913065273888002049_0,clean,,,,,,,,,,,
hurricane_maria__913065273888002049__913065273888002049_0,benign_image,,,,,,,,,,,
hurricane_maria__913065273888002049__913065273888002049_0,benign_text,,,,,,,,,,,
hurricane_maria__913065273888002049__913065273888002049_0,benign_joint,,,,,,,,,,,
hurricane_maria__913065273888002049__913065273888002049_0,direct_image,,,,,,,,,,,
hurricane_maria__913065273888002049__913065273888002049_0,direct_text,,,,,,,,,,,
hurricane_maria__913065273888002049__913065273888002049_0,direct_joint,,,,,,,,,,,
hurricane_maria__913065273888002049__913065273888002049_0,misleading_image,,,,,,,,,,,
hurricane_maria__913065273888002049__913065273888002049_0,misleading_text,,,,,,,,,,,
hurricane_maria__913065273888002049__913065273888002049_0,misleading_joint,,,,,,,,,,,
hurricane_irma__909846121169801219__909846121169801219_2,clean,,,,,,,,,,,
hurricane_irma__909846121169801219__909846121169801219_2,benign_image,,,,,,,,,,,
hurricane_irma__909846121169801219__909846121169801219_2,benign_text,,,,,,,,,,,
hurricane_irma__909846121169801219__909846121169801219_2,benign_joint,,,,,,,,,,,
hurricane_irma__909846121169801219__909846121169801219_2,direct_image,,,,,,,,,,,
hurricane_irma__909846121169801219__909846121169801219_2,direct_text,,,,,,,,,,,
hurricane_irma__909846121169801219__909846121169801219_2,direct_joint,,,,,,,,,,,
hurricane_irma__909846121169801219__909846121169801219_2,misleading_image,,,,,,,,,,,
hurricane_irma__909846121169801219__909846121169801219_2,misleading_text,,,,,,,,,,,
hurricane_irma__909846121169801219__909846121169801219_2,misleading_joint,,,,,,,,,,,
hurricane_maria__923255652025294848__923255652025294848_0,clean,,,,,,,,,,,
hurricane_maria__923255652025294848__923255652025294848_0,benign_image,,,,,,,,,,,
hurricane_maria__923255652025294848__923255652025294848_0,benign_text,,,,,,,,,,,
hurricane_maria__923255652025294848__923255652025294848_0,benign_joint,,,,,,,,,,,
hurricane_maria__923255652025294848__923255652025294848_0,direct_image,,,,,,,,,,,
hurricane_maria__923255652025294848__923255652025294848_0,direct_text,,,,,,,,,,,
hurricane_maria__923255652025294848__923255652025294848_0,direct_joint,,,,,,,,,,,
hurricane_maria__923255652025294848__923255652025294848_0,misleading_image,,,,,,,,,,,
hurricane_maria__923255652025294848__923255652025294848_0,misleading_text,,,,,,,,,,,
hurricane_maria__923255652025294848__923255652025294848_0,misleading_joint,,,,,,,,,,,
hurricane_maria__915313036214325248__915313036214325248_0,clean,,,,,,,,,,,
hurricane_maria__915313036214325248__915313036214325248_0,benign_image,,,,,,,,,,,
hurricane_maria__915313036214325248__915313036214325248_0,benign_text,,,,,,,,,,,
hurricane_maria__915313036214325248__915313036214325248_0,benign_joint,,,,,,,,,,,
hurricane_maria__915313036214325248__915313036214325248_0,direct_image,,,,,,,,,,,
hurricane_maria__915313036214325248__915313036214325248_0,direct_text,,,,,,,,,,,
hurricane_maria__915313036214325248__915313036214325248_0,direct_joint,,,,,,,,,,,
hurricane_maria__915313036214325248__915313036214325248_0,misleading_image,,,,,,,,,,,
hurricane_maria__915313036214325248__915313036214325248_0,misleading_text,,,,,,,,,,,
hurricane_maria__915313036214325248__915313036214325248_0,misleading_joint,,,,,,,,,,,
california_wildfires__918087716050530304__918087716050530304_0,clean,,,,,,,,,,,
california_wildfires__918087716050530304__918087716050530304_0,benign_image,,,,,,,,,,,
california_wildfires__918087716050530304__918087716050530304_0,benign_text,,,,,,,,,,,
california_wildfires__918087716050530304__918087716050530304_0,benign_joint,,,,,,,,,,,
california_wildfires__918087716050530304__918087716050530304_0,direct_image,,,,,,,,,,,
california_wildfires__918087716050530304__918087716050530304_0,direct_text,,,,,,,,,,,
california_wildfires__918087716050530304__918087716050530304_0,direct_joint,,,,,,,,,,,
california_wildfires__918087716050530304__918087716050530304_0,misleading_image,,,,,,,,,,,
california_wildfires__918087716050530304__918087716050530304_0,misleading_text,,,,,,,,,,,
california_wildfires__918087716050530304__918087716050530304_0,misleading_joint,,,,,,,,,,,
hurricane_maria__911667821586915329__911667821586915329_0,clean,,,,,,,,,,,
hurricane_maria__911667821586915329__911667821586915329_0,benign_image,,,,,,,,,,,
hurricane_maria__911667821586915329__911667821586915329_0,benign_text,,,,,,,,,,,
hurricane_maria__911667821586915329__911667821586915329_0,benign_joint,,,,,,,,,,,
hurricane_maria__911667821586915329__911667821586915329_0,direct_image,,,,,,,,,,,
hurricane_maria__911667821586915329__911667821586915329_0,direct_text,,,,,,,,,,,
hurricane_maria__911667821586915329__911667821586915329_0,direct_joint,,,,,,,,,,,
hurricane_maria__911667821586915329__911667821586915329_0,misleading_image,,,,,,,,,,,
hurricane_maria__911667821586915329__911667821586915329_0,misleading_text,,,,,,,,,,,
hurricane_maria__911667821586915329__911667821586915329_0,misleading_joint,,,,,,,,,,,
mexico_earthquake__915253376912379905__915253376912379905_0,clean,,,,,,,,,,,
mexico_earthquake__915253376912379905__915253376912379905_0,benign_image,,,,,,,,,,,
mexico_earthquake__915253376912379905__915253376912379905_0,benign_text,,,,,,,,,,,
mexico_earthquake__915253376912379905__915253376912379905_0,benign_joint,,,,,,,,,,,
mexico_earthquake__915253376912379905__915253376912379905_0,direct_image,,,,,,,,,,,
mexico_earthquake__915253376912379905__915253376912379905_0,direct_text,,,,,,,,,,,
mexico_earthquake__915253376912379905__915253376912379905_0,direct_joint,,,,,,,,,,,
mexico_earthquake__915253376912379905__915253376912379905_0,misleading_image,,,,,,,,,,,
mexico_earthquake__915253376912379905__915253376912379905_0,misleading_text,,,,,,,,,,,
mexico_earthquake__915253376912379905__915253376912379905_0,misleading_joint,,,,,,,,,,,
hurricane_irma__909839832066686978__909839832066686978_1,clean,,,,,,,,,,,
hurricane_irma__909839832066686978__909839832066686978_1,benign_image,,,,,,,,,,,
hurricane_irma__909839832066686978__909839832066686978_1,benign_text,,,,,,,,,,,
hurricane_irma__909839832066686978__909839832066686978_1,benign_joint,,,,,,,,,,,
hurricane_irma__909839832066686978__909839832066686978_1,direct_image,,,,,,,,,,,
hurricane_irma__909839832066686978__909839832066686978_1,direct_text,,,,,,,,,,,
hurricane_irma__909839832066686978__909839832066686978_1,direct_joint,,,,,,,,,,,
hurricane_irma__909839832066686978__909839832066686978_1,misleading_image,,,,,,,,,,,
hurricane_irma__909839832066686978__909839832066686978_1,misleading_text,,,,,,,,,,,
hurricane_irma__909839832066686978__909839832066686978_1,misleading_joint,,,,,,,,,,,
hurricane_maria__922664032187793408__922664032187793408_0,clean,,,,,,,,,,,
hurricane_maria__922664032187793408__922664032187793408_0,benign_image,,,,,,,,,,,
hurricane_maria__922664032187793408__922664032187793408_0,benign_text,,,,,,,,,,,
hurricane_maria__922664032187793408__922664032187793408_0,benign_joint,,,,,,,,,,,
hurricane_maria__922664032187793408__922664032187793408_0,direct_image,,,,,,,,,,,
hurricane_maria__922664032187793408__922664032187793408_0,direct_text,,,,,,,,,,,
hurricane_maria__922664032187793408__922664032187793408_0,direct_joint,,,,,,,,,,,
hurricane_maria__922664032187793408__922664032187793408_0,misleading_image,,,,,,,,,,,
hurricane_maria__922664032187793408__922664032187793408_0,misleading_text,,,,,,,,,,,
hurricane_maria__922664032187793408__922664032187793408_0,misleading_joint,,,,,,,,,,,
hurricane_irma__905702343735422976__905702343735422976_0,clean,,,,,,,,,,,
hurricane_irma__905702343735422976__905702343735422976_0,benign_image,,,,,,,,,,,
hurricane_irma__905702343735422976__905702343735422976_0,benign_text,,,,,,,,,,,
hurricane_irma__905702343735422976__905702343735422976_0,benign_joint,,,,,,,,,,,
hurricane_irma__905702343735422976__905702343735422976_0,direct_image,,,,,,,,,,,
hurricane_irma__905702343735422976__905702343735422976_0,direct_text,,,,,,,,,,,
hurricane_irma__905702343735422976__905702343735422976_0,direct_joint,,,,,,,,,,,
hurricane_irma__905702343735422976__905702343735422976_0,misleading_image,,,,,,,,,,,
hurricane_irma__905702343735422976__905702343735422976_0,misleading_text,,,,,,,,,,,
hurricane_irma__905702343735422976__905702343735422976_0,misleading_joint,,,,,,,,,,,
california_wildfires__920684183105794048__920684183105794048_0,clean,,,,,,,,,,,
california_wildfires__920684183105794048__920684183105794048_0,benign_image,,,,,,,,,,,
california_wildfires__920684183105794048__920684183105794048_0,benign_text,,,,,,,,,,,
california_wildfires__920684183105794048__920684183105794048_0,benign_joint,,,,,,,,,,,
california_wildfires__920684183105794048__920684183105794048_0,direct_image,,,,,,,,,,,
california_wildfires__920684183105794048__920684183105794048_0,direct_text,,,,,,,,,,,
california_wildfires__920684183105794048__920684183105794048_0,direct_joint,,,,,,,,,,,
california_wildfires__920684183105794048__920684183105794048_0,misleading_image,,,,,,,,,,,
california_wildfires__920684183105794048__920684183105794048_0,misleading_text,,,,,,,,,,,
california_wildfires__920684183105794048__920684183105794048_0,misleading_joint,,,,,,,,,,,
srilanka_floods__870349300185706496__870349300185706496_0,clean,,,,,,,,,,,
srilanka_floods__870349300185706496__870349300185706496_0,benign_image,,,,,,,,,,,
srilanka_floods__870349300185706496__870349300185706496_0,benign_text,,,,,,,,,,,
srilanka_floods__870349300185706496__870349300185706496_0,benign_joint,,,,,,,,,,,
srilanka_floods__870349300185706496__870349300185706496_0,direct_image,,,,,,,,,,,
srilanka_floods__870349300185706496__870349300185706496_0,direct_text,,,,,,,,,,,
srilanka_floods__870349300185706496__870349300185706496_0,direct_joint,,,,,,,,,,,
srilanka_floods__870349300185706496__870349300185706496_0,misleading_image,,,,,,,,,,,
srilanka_floods__870349300185706496__870349300185706496_0,misleading_text,,,,,,,,,,,
srilanka_floods__870349300185706496__870349300185706496_0,misleading_joint,,,,,,,,,,,
hurricane_irma__910184650307280896__910184650307280896_0,clean,,,,,,,,,,,
hurricane_irma__910184650307280896__910184650307280896_0,benign_image,,,,,,,,,,,
hurricane_irma__910184650307280896__910184650307280896_0,benign_text,,,,,,,,,,,
hurricane_irma__910184650307280896__910184650307280896_0,benign_joint,,,,,,,,,,,
hurricane_irma__910184650307280896__910184650307280896_0,direct_image,,,,,,,,,,,
hurricane_irma__910184650307280896__910184650307280896_0,direct_text,,,,,,,,,,,
hurricane_irma__910184650307280896__910184650307280896_0,direct_joint,,,,,,,,,,,
hurricane_irma__910184650307280896__910184650307280896_0,misleading_image,,,,,,,,,,,
hurricane_irma__910184650307280896__910184650307280896_0,misleading_text,,,,,,,,,,,
hurricane_irma__910184650307280896__910184650307280896_0,misleading_joint,,,,,,,,,,,
hurricane_harvey__901809624474628096__901809624474628096_0,clean,,,,,,,,,,,
hurricane_harvey__901809624474628096__901809624474628096_0,benign_image,,,,,,,,,,,
hurricane_harvey__901809624474628096__901809624474628096_0,benign_text,,,,,,,,,,,
hurricane_harvey__901809624474628096__901809624474628096_0,benign_joint,,,,,,,,,,,
hurricane_harvey__901809624474628096__901809624474628096_0,direct_image,,,,,,,,,,,
hurricane_harvey__901809624474628096__901809624474628096_0,direct_text,,,,,,,,,,,
hurricane_harvey__901809624474628096__901809624474628096_0,direct_joint,,,,,,,,,,,
hurricane_harvey__901809624474628096__901809624474628096_0,misleading_image,,,,,,,,,,,
hurricane_harvey__901809624474628096__901809624474628096_0,misleading_text,,,,,,,,,,,
hurricane_harvey__901809624474628096__901809624474628096_0,misleading_joint,,,,,,,,,,,
mexico_earthquake__914104822131040256__914104822131040256_0,clean,,,,,,,,,,,
mexico_earthquake__914104822131040256__914104822131040256_0,benign_image,,,,,,,,,,,
mexico_earthquake__914104822131040256__914104822131040256_0,benign_text,,,,,,,,,,,
mexico_earthquake__914104822131040256__914104822131040256_0,benign_joint,,,,,,,,,,,
mexico_earthquake__914104822131040256__914104822131040256_0,direct_image,,,,,,,,,,,
mexico_earthquake__914104822131040256__914104822131040256_0,direct_text,,,,,,,,,,,
mexico_earthquake__914104822131040256__914104822131040256_0,direct_joint,,,,,,,,,,,
mexico_earthquake__914104822131040256__914104822131040256_0,misleading_image,,,,,,,,,,,
mexico_earthquake__914104822131040256__914104822131040256_0,misleading_text,,,,,,,,,,,
mexico_earthquake__914104822131040256__914104822131040256_0,misleading_joint,,,,,,,,,,,
california_wildfires__919962898054746112__919962898054746112_0,clean,,,,,,,,,,,
california_wildfires__919962898054746112__919962898054746112_0,benign_image,,,,,,,,,,,
california_wildfires__919962898054746112__919962898054746112_0,benign_text,,,,,,,,,,,
california_wildfires__919962898054746112__919962898054746112_0,benign_joint,,,,,,,,,,,
california_wildfires__919962898054746112__919962898054746112_0,direct_image,,,,,,,,,,,
california_wildfires__919962898054746112__919962898054746112_0,direct_text,,,,,,,,,,,
california_wildfires__919962898054746112__919962898054746112_0,direct_joint,,,,,,,,,,,
california_wildfires__919962898054746112__919962898054746112_0,misleading_image,,,,,,,,,,,
california_wildfires__919962898054746112__919962898054746112_0,misleading_text,,,,,,,,,,,
california_wildfires__919962898054746112__919962898054746112_0,misleading_joint,,,,,,,,,,,
mexico_earthquake__910563191700185088__910563191700185088_2,clean,,,,,,,,,,,
mexico_earthquake__910563191700185088__910563191700185088_2,benign_image,,,,,,,,,,,
mexico_earthquake__910563191700185088__910563191700185088_2,benign_text,,,,,,,,,,,
mexico_earthquake__910563191700185088__910563191700185088_2,benign_joint,,,,,,,,,,,
mexico_earthquake__910563191700185088__910563191700185088_2,direct_image,,,,,,,,,,,
mexico_earthquake__910563191700185088__910563191700185088_2,direct_text,,,,,,,,,,,
mexico_earthquake__910563191700185088__910563191700185088_2,direct_joint,,,,,,,,,,,
mexico_earthquake__910563191700185088__910563191700185088_2,misleading_image,,,,,,,,,,,
mexico_earthquake__910563191700185088__910563191700185088_2,misleading_text,,,,,,,,,,,
mexico_earthquake__910563191700185088__910563191700185088_2,misleading_joint,,,,,,,,,,,
california_wildfires__918315972976631808__918315972976631808_2,clean,,,,,,,,,,,
california_wildfires__918315972976631808__918315972976631808_2,benign_image,,,,,,,,,,,
california_wildfires__918315972976631808__918315972976631808_2,benign_text,,,,,,,,,,,
california_wildfires__918315972976631808__918315972976631808_2,benign_joint,,,,,,,,,,,
california_wildfires__918315972976631808__918315972976631808_2,direct_image,,,,,,,,,,,
california_wildfires__918315972976631808__918315972976631808_2,direct_text,,,,,,,,,,,
california_wildfires__918315972976631808__918315972976631808_2,direct_joint,,,,,,,,,,,
california_wildfires__918315972976631808__918315972976631808_2,misleading_image,,,,,,,,,,,
california_wildfires__918315972976631808__918315972976631808_2,misleading_text,,,,,,,,,,,
california_wildfires__918315972976631808__918315972976631808_2,misleading_joint,,,,,,,,,,,
hurricane_irma__909412920160804864__909412920160804864_0,clean,,,,,,,,,,,
hurricane_irma__909412920160804864__909412920160804864_0,benign_image,,,,,,,,,,,
hurricane_irma__909412920160804864__909412920160804864_0,benign_text,,,,,,,,,,,
hurricane_irma__909412920160804864__909412920160804864_0,benign_joint,,,,,,,,,,,
hurricane_irma__909412920160804864__909412920160804864_0,direct_image,,,,,,,,,,,
hurricane_irma__909412920160804864__909412920160804864_0,direct_text,,,,,,,,,,,
hurricane_irma__909412920160804864__909412920160804864_0,direct_joint,,,,,,,,,,,
hurricane_irma__909412920160804864__909412920160804864_0,misleading_image,,,,,,,,,,,
hurricane_irma__909412920160804864__909412920160804864_0,misleading_text,,,,,,,,,,,
hurricane_irma__909412920160804864__909412920160804864_0,misleading_joint,,,,,,,,,,,
hurricane_maria__922501358640615424__922501358640615424_0,clean,,,,,,,,,,,
hurricane_maria__922501358640615424__922501358640615424_0,benign_image,,,,,,,,,,,
hurricane_maria__922501358640615424__922501358640615424_0,benign_text,,,,,,,,,,,
hurricane_maria__922501358640615424__922501358640615424_0,benign_joint,,,,,,,,,,,
hurricane_maria__922501358640615424__922501358640615424_0,direct_image,,,,,,,,,,,
hurricane_maria__922501358640615424__922501358640615424_0,direct_text,,,,,,,,,,,
hurricane_maria__922501358640615424__922501358640615424_0,direct_joint,,,,,,,,,,,
hurricane_maria__922501358640615424__922501358640615424_0,misleading_image,,,,,,,,,,,
hurricane_maria__922501358640615424__922501358640615424_0,misleading_text,,,,,,,,,,,
hurricane_maria__922501358640615424__922501358640615424_0,misleading_joint,,,,,,,,,,,
hurricane_maria__923368626035576832__923368626035576832_0,clean,,,,,,,,,,,
hurricane_maria__923368626035576832__923368626035576832_0,benign_image,,,,,,,,,,,
hurricane_maria__923368626035576832__923368626035576832_0,benign_text,,,,,,,,,,,
hurricane_maria__923368626035576832__923368626035576832_0,benign_joint,,,,,,,,,,,
hurricane_maria__923368626035576832__923368626035576832_0,direct_image,,,,,,,,,,,
hurricane_maria__923368626035576832__923368626035576832_0,direct_text,,,,,,,,,,,
hurricane_maria__923368626035576832__923368626035576832_0,direct_joint,,,,,,,,,,,
hurricane_maria__923368626035576832__923368626035576832_0,misleading_image,,,,,,,,,,,
hurricane_maria__923368626035576832__923368626035576832_0,misleading_text,,,,,,,,,,,
hurricane_maria__923368626035576832__923368626035576832_0,misleading_joint,,,,,,,,,,,
srilanka_floods__869982155270750208__869982155270750208_0,clean,,,,,,,,,,,
srilanka_floods__869982155270750208__869982155270750208_0,benign_image,,,,,,,,,,,
srilanka_floods__869982155270750208__869982155270750208_0,benign_text,,,,,,,,,,,
srilanka_floods__869982155270750208__869982155270750208_0,benign_joint,,,,,,,,,,,
srilanka_floods__869982155270750208__869982155270750208_0,direct_image,,,,,,,,,,,
srilanka_floods__869982155270750208__869982155270750208_0,direct_text,,,,,,,,,,,
srilanka_floods__869982155270750208__869982155270750208_0,direct_joint,,,,,,,,,,,
srilanka_floods__869982155270750208__869982155270750208_0,misleading_image,,,,,,,,,,,
srilanka_floods__869982155270750208__869982155270750208_0,misleading_text,,,,,,,,,,,
srilanka_floods__869982155270750208__869982155270750208_0,misleading_joint,,,,,,,,,,,
srilanka_floods__870148339307749377__870148339307749377_0,clean,,,,,,,,,,,
srilanka_floods__870148339307749377__870148339307749377_0,benign_image,,,,,,,,,,,
srilanka_floods__870148339307749377__870148339307749377_0,benign_text,,,,,,,,,,,
srilanka_floods__870148339307749377__870148339307749377_0,benign_joint,,,,,,,,,,,
srilanka_floods__870148339307749377__870148339307749377_0,direct_image,,,,,,,,,,,
srilanka_floods__870148339307749377__870148339307749377_0,direct_text,,,,,,,,,,,
srilanka_floods__870148339307749377__870148339307749377_0,direct_joint,,,,,,,,,,,
srilanka_floods__870148339307749377__870148339307749377_0,misleading_image,,,,,,,,,,,
srilanka_floods__870148339307749377__870148339307749377_0,misleading_text,,,,,,,,,,,
srilanka_floods__870148339307749377__870148339307749377_0,misleading_joint,,,,,,,,,,,
hurricane_harvey__905947586967855104__905947586967855104_0,clean,,,,,,,,,,,
hurricane_harvey__905947586967855104__905947586967855104_0,benign_image,,,,,,,,,,,
hurricane_harvey__905947586967855104__905947586967855104_0,benign_text,,,,,,,,,,,
hurricane_harvey__905947586967855104__905947586967855104_0,benign_joint,,,,,,,,,,,
hurricane_harvey__905947586967855104__905947586967855104_0,direct_image,,,,,,,,,,,
hurricane_harvey__905947586967855104__905947586967855104_0,direct_text,,,,,,,,,,,
hurricane_harvey__905947586967855104__905947586967855104_0,direct_joint,,,,,,,,,,,
hurricane_harvey__905947586967855104__905947586967855104_0,misleading_image,,,,,,,,,,,
hurricane_harvey__905947586967855104__905947586967855104_0,misleading_text,,,,,,,,,,,
hurricane_harvey__905947586967855104__905947586967855104_0,misleading_joint,,,,,,,,,,,
hurricane_maria__912945159242866694__912945159242866694_0,clean,,,,,,,,,,,
hurricane_maria__912945159242866694__912945159242866694_0,benign_image,,,,,,,,,,,
hurricane_maria__912945159242866694__912945159242866694_0,benign_text,,,,,,,,,,,
hurricane_maria__912945159242866694__912945159242866694_0,benign_joint,,,,,,,,,,,
hurricane_maria__912945159242866694__912945159242866694_0,direct_image,,,,,,,,,,,
hurricane_maria__912945159242866694__912945159242866694_0,direct_text,,,,,,,,,,,
hurricane_maria__912945159242866694__912945159242866694_0,direct_joint,,,,,,,,,,,
hurricane_maria__912945159242866694__912945159242866694_0,misleading_image,,,,,,,,,,,
hurricane_maria__912945159242866694__912945159242866694_0,misleading_text,,,,,,,,,,,
hurricane_maria__912945159242866694__912945159242866694_0,misleading_joint,,,,,,,,,,,
hurricane_maria__914937344981159936__914937344981159936_0,clean,,,,,,,,,,,
hurricane_maria__914937344981159936__914937344981159936_0,benign_image,,,,,,,,,,,
hurricane_maria__914937344981159936__914937344981159936_0,benign_text,,,,,,,,,,,
hurricane_maria__914937344981159936__914937344981159936_0,benign_joint,,,,,,,,,,,
hurricane_maria__914937344981159936__914937344981159936_0,direct_image,,,,,,,,,,,
hurricane_maria__914937344981159936__914937344981159936_0,direct_text,,,,,,,,,,,
hurricane_maria__914937344981159936__914937344981159936_0,direct_joint,,,,,,,,,,,
hurricane_maria__914937344981159936__914937344981159936_0,misleading_image,,,,,,,,,,,
hurricane_maria__914937344981159936__914937344981159936_0,misleading_text,,,,,,,,,,,
hurricane_maria__914937344981159936__914937344981159936_0,misleading_joint,,,,,,,,,,,
hurricane_harvey__906779124454354945__906779124454354945_0,clean,,,,,,,,,,,
hurricane_harvey__906779124454354945__906779124454354945_0,benign_image,,,,,,,,,,,
hurricane_harvey__906779124454354945__906779124454354945_0,benign_text,,,,,,,,,,,
hurricane_harvey__906779124454354945__906779124454354945_0,benign_joint,,,,,,,,,,,
hurricane_harvey__906779124454354945__906779124454354945_0,direct_image,,,,,,,,,,,
hurricane_harvey__906779124454354945__906779124454354945_0,direct_text,,,,,,,,,,,
hurricane_harvey__906779124454354945__906779124454354945_0,direct_joint,,,,,,,,,,,
hurricane_harvey__906779124454354945__906779124454354945_0,misleading_image,,,,,,,,,,,
hurricane_harvey__906779124454354945__906779124454354945_0,misleading_text,,,,,,,,,,,
hurricane_harvey__906779124454354945__906779124454354945_0,misleading_joint,,,,,,,,,,,
iraq_iran_earthquake__930116757938954248__930116757938954248_0,clean,,,,,,,,,,,
iraq_iran_earthquake__930116757938954248__930116757938954248_0,benign_image,,,,,,,,,,,
iraq_iran_earthquake__930116757938954248__930116757938954248_0,benign_text,,,,,,,,,,,
iraq_iran_earthquake__930116757938954248__930116757938954248_0,benign_joint,,,,,,,,,,,
iraq_iran_earthquake__930116757938954248__930116757938954248_0,direct_image,,,,,,,,,,,
iraq_iran_earthquake__930116757938954248__930116757938954248_0,direct_text,,,,,,,,,,,
iraq_iran_earthquake__930116757938954248__930116757938954248_0,direct_joint,,,,,,,,,,,
iraq_iran_earthquake__930116757938954248__930116757938954248_0,misleading_image,,,,,,,,,,,
iraq_iran_earthquake__930116757938954248__930116757938954248_0,misleading_text,,,,,,,,,,,
iraq_iran_earthquake__930116757938954248__930116757938954248_0,misleading_joint,,,,,,,,,,,
iraq_iran_earthquake__930347490263666688__930347490263666688_1,clean,,,,,,,,,,,
iraq_iran_earthquake__930347490263666688__930347490263666688_1,benign_image,,,,,,,,,,,
iraq_iran_earthquake__930347490263666688__930347490263666688_1,benign_text,,,,,,,,,,,
iraq_iran_earthquake__930347490263666688__930347490263666688_1,benign_joint,,,,,,,,,,,
iraq_iran_earthquake__930347490263666688__930347490263666688_1,direct_image,,,,,,,,,,,
iraq_iran_earthquake__930347490263666688__930347490263666688_1,direct_text,,,,,,,,,,,
iraq_iran_earthquake__930347490263666688__930347490263666688_1,direct_joint,,,,,,,,,,,
iraq_iran_earthquake__930347490263666688__930347490263666688_1,misleading_image,,,,,,,,,,,
iraq_iran_earthquake__930347490263666688__930347490263666688_1,misleading_text,,,,,,,,,,,
iraq_iran_earthquake__930347490263666688__930347490263666688_1,misleading_joint,,,,,,,,,,,
hurricane_irma__910208913315856385__910208913315856385_0,clean,,,,,,,,,,,
hurricane_irma__910208913315856385__910208913315856385_0,benign_image,,,,,,,,,,,
hurricane_irma__910208913315856385__910208913315856385_0,benign_text,,,,,,,,,,,
hurricane_irma__910208913315856385__910208913315856385_0,benign_joint,,,,,,,,,,,
hurricane_irma__910208913315856385__910208913315856385_0,direct_image,,,,,,,,,,,
hurricane_irma__910208913315856385__910208913315856385_0,direct_text,,,,,,,,,,,
hurricane_irma__910208913315856385__910208913315856385_0,direct_joint,,,,,,,,,,,
hurricane_irma__910208913315856385__910208913315856385_0,misleading_image,,,,,,,,,,,
hurricane_irma__910208913315856385__910208913315856385_0,misleading_text,,,,,,,,,,,
hurricane_irma__910208913315856385__910208913315856385_0,misleading_joint,,,,,,,,,,,
california_wildfires__919799276271800320__919799276271800320_0,clean,,,,,,,,,,,
california_wildfires__919799276271800320__919799276271800320_0,benign_image,,,,,,,,,,,
california_wildfires__919799276271800320__919799276271800320_0,benign_text,,,,,,,,,,,
california_wildfires__919799276271800320__919799276271800320_0,benign_joint,,,,,,,,,,,
california_wildfires__919799276271800320__919799276271800320_0,direct_image,,,,,,,,,,,
california_wildfires__919799276271800320__919799276271800320_0,direct_text,,,,,,,,,,,
california_wildfires__919799276271800320__919799276271800320_0,direct_joint,,,,,,,,,,,
california_wildfires__919799276271800320__919799276271800320_0,misleading_image,,,,,,,,,,,
california_wildfires__919799276271800320__919799276271800320_0,misleading_text,,,,,,,,,,,
california_wildfires__919799276271800320__919799276271800320_0,misleading_joint,,,,,,,,,,,
hurricane_irma__909393303052935168__909393303052935168_2,clean,,,,,,,,,,,
hurricane_irma__909393303052935168__909393303052935168_2,benign_image,,,,,,,,,,,
hurricane_irma__909393303052935168__909393303052935168_2,benign_text,,,,,,,,,,,
hurricane_irma__909393303052935168__909393303052935168_2,benign_joint,,,,,,,,,,,
hurricane_irma__909393303052935168__909393303052935168_2,direct_image,,,,,,,,,,,
hurricane_irma__909393303052935168__909393303052935168_2,direct_text,,,,,,,,,,,
hurricane_irma__909393303052935168__909393303052935168_2,direct_joint,,,,,,,,,,,
hurricane_irma__909393303052935168__909393303052935168_2,misleading_image,,,,,,,,,,,
hurricane_irma__909393303052935168__909393303052935168_2,misleading_text,,,,,,,,,,,
hurricane_irma__909393303052935168__909393303052935168_2,misleading_joint,,,,,,,,,,,
california_wildfires__919923651927035905__919923651927035905_0,clean,,,,,,,,,,,
california_wildfires__919923651927035905__919923651927035905_0,benign_image,,,,,,,,,,,
california_wildfires__919923651927035905__919923651927035905_0,benign_text,,,,,,,,,,,
california_wildfires__919923651927035905__919923651927035905_0,benign_joint,,,,,,,,,,,
california_wildfires__919923651927035905__919923651927035905_0,direct_image,,,,,,,,,,,
california_wildfires__919923651927035905__919923651927035905_0,direct_text,,,,,,,,,,,
california_wildfires__919923651927035905__919923651927035905_0,direct_joint,,,,,,,,,,,
california_wildfires__919923651927035905__919923651927035905_0,misleading_image,,,,,,,,,,,
california_wildfires__919923651927035905__919923651927035905_0,misleading_text,,,,,,,,,,,
california_wildfires__919923651927035905__919923651927035905_0,misleading_joint,,,,,,,,,,,
hurricane_maria__910704791550136320__910704791550136320_1,clean,,,,,,,,,,,
hurricane_maria__910704791550136320__910704791550136320_1,benign_image,,,,,,,,,,,
hurricane_maria__910704791550136320__910704791550136320_1,benign_text,,,,,,,,,,,
hurricane_maria__910704791550136320__910704791550136320_1,benign_joint,,,,,,,,,,,
hurricane_maria__910704791550136320__910704791550136320_1,direct_image,,,,,,,,,,,
hurricane_maria__910704791550136320__910704791550136320_1,direct_text,,,,,,,,,,,
hurricane_maria__910704791550136320__910704791550136320_1,direct_joint,,,,,,,,,,,
hurricane_maria__910704791550136320__910704791550136320_1,misleading_image,,,,,,,,,,,
hurricane_maria__910704791550136320__910704791550136320_1,misleading_text,,,,,,,,,,,
hurricane_maria__910704791550136320__910704791550136320_1,misleading_joint,,,,,,,,,,,
iraq_iran_earthquake__929992723146399745__929992723146399745_0,clean,,,,,,,,,,,
iraq_iran_earthquake__929992723146399745__929992723146399745_0,benign_image,,,,,,,,,,,
iraq_iran_earthquake__929992723146399745__929992723146399745_0,benign_text,,,,,,,,,,,
iraq_iran_earthquake__929992723146399745__929992723146399745_0,benign_joint,,,,,,,,,,,
iraq_iran_earthquake__929992723146399745__929992723146399745_0,direct_image,,,,,,,,,,,
iraq_iran_earthquake__929992723146399745__929992723146399745_0,direct_text,,,,,,,,,,,
iraq_iran_earthquake__929992723146399745__929992723146399745_0,direct_joint,,,,,,,,,,,
iraq_iran_earthquake__929992723146399745__929992723146399745_0,misleading_image,,,,,,,,,,,
iraq_iran_earthquake__929992723146399745__929992723146399745_0,misleading_text,,,,,,,,,,,
iraq_iran_earthquake__929992723146399745__929992723146399745_0,misleading_joint,,,,,,,,,,,
hurricane_maria__911644108523032577__911644108523032577_3,clean,,,,,,,,,,,
hurricane_maria__911644108523032577__911644108523032577_3,benign_image,,,,,,,,,,,
hurricane_maria__911644108523032577__911644108523032577_3,benign_text,,,,,,,,,,,
hurricane_maria__911644108523032577__911644108523032577_3,benign_joint,,,,,,,,,,,
hurricane_maria__911644108523032577__911644108523032577_3,direct_image,,,,,,,,,,,
hurricane_maria__911644108523032577__911644108523032577_3,direct_text,,,,,,,,,,,
hurricane_maria__911644108523032577__911644108523032577_3,direct_joint,,,,,,,,,,,
hurricane_maria__911644108523032577__911644108523032577_3,misleading_image,,,,,,,,,,,
hurricane_maria__911644108523032577__911644108523032577_3,misleading_text,,,,,,,,,,,
hurricane_maria__911644108523032577__911644108523032577_3,misleading_joint,,,,,,,,,,,
hurricane_irma__909925028581511168__909925028581511168_0,clean,,,,,,,,,,,
hurricane_irma__909925028581511168__909925028581511168_0,benign_image,,,,,,,,,,,
hurricane_irma__909925028581511168__909925028581511168_0,benign_text,,,,,,,,,,,
hurricane_irma__909925028581511168__909925028581511168_0,benign_joint,,,,,,,,,,,
hurricane_irma__909925028581511168__909925028581511168_0,direct_image,,,,,,,,,,,
hurricane_irma__909925028581511168__909925028581511168_0,direct_text,,,,,,,,,,,
hurricane_irma__909925028581511168__909925028581511168_0,direct_joint,,,,,,,,,,,
hurricane_irma__909925028581511168__909925028581511168_0,misleading_image,,,,,,,,,,,
hurricane_irma__909925028581511168__909925028581511168_0,misleading_text,,,,,,,,,,,
hurricane_irma__909925028581511168__909925028581511168_0,misleading_joint,,,,,,,,,,,
hurricane_irma__910124040584667136__910124040584667136_1,clean,,,,,,,,,,,
hurricane_irma__910124040584667136__910124040584667136_1,benign_image,,,,,,,,,,,
hurricane_irma__910124040584667136__910124040584667136_1,benign_text,,,,,,,,,,,
hurricane_irma__910124040584667136__910124040584667136_1,benign_joint,,,,,,,,,,,
hurricane_irma__910124040584667136__910124040584667136_1,direct_image,,,,,,,,,,,
hurricane_irma__910124040584667136__910124040584667136_1,direct_text,,,,,,,,,,,
hurricane_irma__910124040584667136__910124040584667136_1,direct_joint,,,,,,,,,,,
hurricane_irma__910124040584667136__910124040584667136_1,misleading_image,,,,,,,,,,,
hurricane_irma__910124040584667136__910124040584667136_1,misleading_text,,,,,,,,,,,
hurricane_irma__910124040584667136__910124040584667136_1,misleading_joint,,,,,,,,,,,
california_wildfires__917835123890049025__917835123890049025_0,clean,,,,,,,,,,,
california_wildfires__917835123890049025__917835123890049025_0,benign_image,,,,,,,,,,,
california_wildfires__917835123890049025__917835123890049025_0,benign_text,,,,,,,,,,,
california_wildfires__917835123890049025__917835123890049025_0,benign_joint,,,,,,,,,,,
california_wildfires__917835123890049025__917835123890049025_0,direct_image,,,,,,,,,,,
california_wildfires__917835123890049025__917835123890049025_0,direct_text,,,,,,,,,,,
california_wildfires__917835123890049025__917835123890049025_0,direct_joint,,,,,,,,,,,
california_wildfires__917835123890049025__917835123890049025_0,misleading_image,,,,,,,,,,,
california_wildfires__917835123890049025__917835123890049025_0,misleading_text,,,,,,,,,,,
california_wildfires__917835123890049025__917835123890049025_0,misleading_joint,,,,,,,,,,,
hurricane_harvey__901701789279547392__901701789279547392_1,clean,,,,,,,,,,,
hurricane_harvey__901701789279547392__901701789279547392_1,benign_image,,,,,,,,,,,
hurricane_harvey__901701789279547392__901701789279547392_1,benign_text,,,,,,,,,,,
hurricane_harvey__901701789279547392__901701789279547392_1,benign_joint,,,,,,,,,,,
hurricane_harvey__901701789279547392__901701789279547392_1,direct_image,,,,,,,,,,,
hurricane_harvey__901701789279547392__901701789279547392_1,direct_text,,,,,,,,,,,
hurricane_harvey__901701789279547392__901701789279547392_1,direct_joint,,,,,,,,,,,
hurricane_harvey__901701789279547392__901701789279547392_1,misleading_image,,,,,,,,,,,
hurricane_harvey__901701789279547392__901701789279547392_1,misleading_text,,,,,,,,,,,
hurricane_harvey__901701789279547392__901701789279547392_1,misleading_joint,,,,,,,,,,,
mexico_earthquake__910577546978263042__910577546978263042_0,clean,,,,,,,,,,,
mexico_earthquake__910577546978263042__910577546978263042_0,benign_image,,,,,,,,,,,
mexico_earthquake__910577546978263042__910577546978263042_0,benign_text,,,,,,,,,,,
mexico_earthquake__910577546978263042__910577546978263042_0,benign_joint,,,,,,,,,,,
mexico_earthquake__910577546978263042__910577546978263042_0,direct_image,,,,,,,,,,,
mexico_earthquake__910577546978263042__910577546978263042_0,direct_text,,,,,,,,,,,
mexico_earthquake__910577546978263042__910577546978263042_0,direct_joint,,,,,,,,,,,
mexico_earthquake__910577546978263042__910577546978263042_0,misleading_image,,,,,,,,,,,
mexico_earthquake__910577546978263042__910577546978263042_0,misleading_text,,,,,,,,,,,
mexico_earthquake__910577546978263042__910577546978263042_0,misleading_joint,,,,,,,,,,,
hurricane_maria__913575477498884097__913575477498884097_1,clean,,,,,,,,,,,
hurricane_maria__913575477498884097__913575477498884097_1,benign_image,,,,,,,,,,,
hurricane_maria__913575477498884097__913575477498884097_1,benign_text,,,,,,,,,,,
hurricane_maria__913575477498884097__913575477498884097_1,benign_joint,,,,,,,,,,,
hurricane_maria__913575477498884097__913575477498884097_1,direct_image,,,,,,,,,,,
hurricane_maria__913575477498884097__913575477498884097_1,direct_text,,,,,,,,,,,
hurricane_maria__913575477498884097__913575477498884097_1,direct_joint,,,,,,,,,,,
hurricane_maria__913575477498884097__913575477498884097_1,misleading_image,,,,,,,,,,,
hurricane_maria__913575477498884097__913575477498884097_1,misleading_text,,,,,,,,,,,
hurricane_maria__913575477498884097__913575477498884097_1,misleading_joint,,,,,,,,,,,
srilanka_floods__870013706935119872__870013706935119872_0,clean,,,,,,,,,,,
srilanka_floods__870013706935119872__870013706935119872_0,benign_image,,,,,,,,,,,
srilanka_floods__870013706935119872__870013706935119872_0,benign_text,,,,,,,,,,,
srilanka_floods__870013706935119872__870013706935119872_0,benign_joint,,,,,,,,,,,
srilanka_floods__870013706935119872__870013706935119872_0,direct_image,,,,,,,,,,,
srilanka_floods__870013706935119872__870013706935119872_0,direct_text,,,,,,,,,,,
srilanka_floods__870013706935119872__870013706935119872_0,direct_joint,,,,,,,,,,,
srilanka_floods__870013706935119872__870013706935119872_0,misleading_image,,,,,,,,,,,
srilanka_floods__870013706935119872__870013706935119872_0,misleading_text,,,,,,,,,,,
srilanka_floods__870013706935119872__870013706935119872_0,misleading_joint,,,,,,,,,,,
hurricane_harvey__901822598765522945__901822598765522945_0,clean,,,,,,,,,,,
hurricane_harvey__901822598765522945__901822598765522945_0,benign_image,,,,,,,,,,,
hurricane_harvey__901822598765522945__901822598765522945_0,benign_text,,,,,,,,,,,
hurricane_harvey__901822598765522945__901822598765522945_0,benign_joint,,,,,,,,,,,
hurricane_harvey__901822598765522945__901822598765522945_0,direct_image,,,,,,,,,,,
hurricane_harvey__901822598765522945__901822598765522945_0,direct_text,,,,,,,,,,,
hurricane_harvey__901822598765522945__901822598765522945_0,direct_joint,,,,,,,,,,,
hurricane_harvey__901822598765522945__901822598765522945_0,misleading_image,,,,,,,,,,,
hurricane_harvey__901822598765522945__901822598765522945_0,misleading_text,,,,,,,,,,,
hurricane_harvey__901822598765522945__901822598765522945_0,misleading_joint,,,,,,,,,,,
hurricane_harvey__909259117801410560__909259117801410560_0,clean,,,,,,,,,,,
hurricane_harvey__909259117801410560__909259117801410560_0,benign_image,,,,,,,,,,,
hurricane_harvey__909259117801410560__909259117801410560_0,benign_text,,,,,,,,,,,
hurricane_harvey__909259117801410560__909259117801410560_0,benign_joint,,,,,,,,,,,
hurricane_harvey__909259117801410560__909259117801410560_0,direct_image,,,,,,,,,,,
hurricane_harvey__909259117801410560__909259117801410560_0,direct_text,,,,,,,,,,,
hurricane_harvey__909259117801410560__909259117801410560_0,direct_joint,,,,,,,,,,,
hurricane_harvey__909259117801410560__909259117801410560_0,misleading_image,,,,,,,,,,,
hurricane_harvey__909259117801410560__909259117801410560_0,misleading_text,,,,,,,,,,,
hurricane_harvey__909259117801410560__909259117801410560_0,misleading_joint,,,,,,,,,,,
hurricane_harvey__908677187359850497__908677187359850497_0,clean,,,,,,,,,,,
hurricane_harvey__908677187359850497__908677187359850497_0,benign_image,,,,,,,,,,,
hurricane_harvey__908677187359850497__908677187359850497_0,benign_text,,,,,,,,,,,
hurricane_harvey__908677187359850497__908677187359850497_0,benign_joint,,,,,,,,,,,
hurricane_harvey__908677187359850497__908677187359850497_0,direct_image,,,,,,,,,,,
hurricane_harvey__908677187359850497__908677187359850497_0,direct_text,,,,,,,,,,,
hurricane_harvey__908677187359850497__908677187359850497_0,direct_joint,,,,,,,,,,,
hurricane_harvey__908677187359850497__908677187359850497_0,misleading_image,,,,,,,,,,,
hurricane_harvey__908677187359850497__908677187359850497_0,misleading_text,,,,,,,,,,,
hurricane_harvey__908677187359850497__908677187359850497_0,misleading_joint,,,,,,,,,,,
hurricane_maria__910559806334881792__910559806334881792_0,clean,,,,,,,,,,,
hurricane_maria__910559806334881792__910559806334881792_0,benign_image,,,,,,,,,,,
hurricane_maria__910559806334881792__910559806334881792_0,benign_text,,,,,,,,,,,
hurricane_maria__910559806334881792__910559806334881792_0,benign_joint,,,,,,,,,,,
hurricane_maria__910559806334881792__910559806334881792_0,direct_image,,,,,,,,,,,
hurricane_maria__910559806334881792__910559806334881792_0,direct_text,,,,,,,,,,,
hurricane_maria__910559806334881792__910559806334881792_0,direct_joint,,,,,,,,,,,
hurricane_maria__910559806334881792__910559806334881792_0,misleading_image,,,,,,,,,,,
hurricane_maria__910559806334881792__910559806334881792_0,misleading_text,,,,,,,,,,,
hurricane_maria__910559806334881792__910559806334881792_0,misleading_joint,,,,,,,,,,,
hurricane_harvey__909014470885769216__909014470885769216_0,clean,,,,,,,,,,,
hurricane_harvey__909014470885769216__909014470885769216_0,benign_image,,,,,,,,,,,
hurricane_harvey__909014470885769216__909014470885769216_0,benign_text,,,,,,,,,,,
hurricane_harvey__909014470885769216__909014470885769216_0,benign_joint,,,,,,,,,,,
hurricane_harvey__909014470885769216__909014470885769216_0,direct_image,,,,,,,,,,,
hurricane_harvey__909014470885769216__909014470885769216_0,direct_text,,,,,,,,,,,
hurricane_harvey__909014470885769216__909014470885769216_0,direct_joint,,,,,,,,,,,
hurricane_harvey__909014470885769216__909014470885769216_0,misleading_image,,,,,,,,,,,
hurricane_harvey__909014470885769216__909014470885769216_0,misleading_text,,,,,,,,,,,
hurricane_harvey__909014470885769216__909014470885769216_0,misleading_joint,,,,,,,,,,,
hurricane_harvey__905400128864968706__905400128864968706_0,clean,,,,,,,,,,,
hurricane_harvey__905400128864968706__905400128864968706_0,benign_image,,,,,,,,,,,
hurricane_harvey__905400128864968706__905400128864968706_0,benign_text,,,,,,,,,,,
hurricane_harvey__905400128864968706__905400128864968706_0,benign_joint,,,,,,,,,,,
hurricane_harvey__905400128864968706__905400128864968706_0,direct_image,,,,,,,,,,,
hurricane_harvey__905400128864968706__905400128864968706_0,direct_text,,,,,,,,,,,
hurricane_harvey__905400128864968706__905400128864968706_0,direct_joint,,,,,,,,,,,
hurricane_harvey__905400128864968706__905400128864968706_0,misleading_image,,,,,,,,,,,
hurricane_harvey__905400128864968706__905400128864968706_0,misleading_text,,,,,,,,,,,
hurricane_harvey__905400128864968706__905400128864968706_0,misleading_joint,,,,,,,,,,,
hurricane_irma__909380841276678144__909380841276678144_0,clean,,,,,,,,,,,
hurricane_irma__909380841276678144__909380841276678144_0,benign_image,,,,,,,,,,,
hurricane_irma__909380841276678144__909380841276678144_0,benign_text,,,,,,,,,,,
hurricane_irma__909380841276678144__909380841276678144_0,benign_joint,,,,,,,,,,,
hurricane_irma__909380841276678144__909380841276678144_0,direct_image,,,,,,,,,,,
hurricane_irma__909380841276678144__909380841276678144_0,direct_text,,,,,,,,,,,
hurricane_irma__909380841276678144__909380841276678144_0,direct_joint,,,,,,,,,,,
hurricane_irma__909380841276678144__909380841276678144_0,misleading_image,,,,,,,,,,,
hurricane_irma__909380841276678144__909380841276678144_0,misleading_text,,,,,,,,,,,
hurricane_irma__909380841276678144__909380841276678144_0,misleading_joint,,,,,,,,,,,
hurricane_irma__906927885226737671__906927885226737671_0,clean,,,,,,,,,,,
hurricane_irma__906927885226737671__906927885226737671_0,benign_image,,,,,,,,,,,
hurricane_irma__906927885226737671__906927885226737671_0,benign_text,,,,,,,,,,,
hurricane_irma__906927885226737671__906927885226737671_0,benign_joint,,,,,,,,,,,
hurricane_irma__906927885226737671__906927885226737671_0,direct_image,,,,,,,,,,,
hurricane_irma__906927885226737671__906927885226737671_0,direct_text,,,,,,,,,,,
hurricane_irma__906927885226737671__906927885226737671_0,direct_joint,,,,,,,,,,,
hurricane_irma__906927885226737671__906927885226737671_0,misleading_image,,,,,,,,,,,
hurricane_irma__906927885226737671__906927885226737671_0,misleading_text,,,,,,,,,,,
hurricane_irma__906927885226737671__906927885226737671_0,misleading_joint,,,,,,,,,,,
mexico_earthquake__910525151719997440__910525151719997440_0,clean,,,,,,,,,,,
mexico_earthquake__910525151719997440__910525151719997440_0,benign_image,,,,,,,,,,,
mexico_earthquake__910525151719997440__910525151719997440_0,benign_text,,,,,,,,,,,
mexico_earthquake__910525151719997440__910525151719997440_0,benign_joint,,,,,,,,,,,
mexico_earthquake__910525151719997440__910525151719997440_0,direct_image,,,,,,,,,,,
mexico_earthquake__910525151719997440__910525151719997440_0,direct_text,,,,,,,,,,,
mexico_earthquake__910525151719997440__910525151719997440_0,direct_joint,,,,,,,,,,,
mexico_earthquake__910525151719997440__910525151719997440_0,misleading_image,,,,,,,,,,,
mexico_earthquake__910525151719997440__910525151719997440_0,misleading_text,,,,,,,,,,,
mexico_earthquake__910525151719997440__910525151719997440_0,misleading_joint,,,,,,,,,,,
hurricane_maria__923775958292750336__923775958292750336_0,clean,,,,,,,,,,,
hurricane_maria__923775958292750336__923775958292750336_0,benign_image,,,,,,,,,,,
hurricane_maria__923775958292750336__923775958292750336_0,benign_text,,,,,,,,,,,
hurricane_maria__923775958292750336__923775958292750336_0,benign_joint,,,,,,,,,,,
hurricane_maria__923775958292750336__923775958292750336_0,direct_image,,,,,,,,,,,
hurricane_maria__923775958292750336__923775958292750336_0,direct_text,,,,,,,,,,,
hurricane_maria__923775958292750336__923775958292750336_0,direct_joint,,,,,,,,,,,
hurricane_maria__923775958292750336__923775958292750336_0,misleading_image,,,,,,,,,,,
hurricane_maria__923775958292750336__923775958292750336_0,misleading_text,,,,,,,,,,,
hurricane_maria__923775958292750336__923775958292750336_0,misleading_joint,,,,,,,,,,,
hurricane_harvey__909915400724516867__909915400724516867_1,clean,,,,,,,,,,,
hurricane_harvey__909915400724516867__909915400724516867_1,benign_image,,,,,,,,,,,
hurricane_harvey__909915400724516867__909915400724516867_1,benign_text,,,,,,,,,,,
hurricane_harvey__909915400724516867__909915400724516867_1,benign_joint,,,,,,,,,,,
hurricane_harvey__909915400724516867__909915400724516867_1,direct_image,,,,,,,,,,,
hurricane_harvey__909915400724516867__909915400724516867_1,direct_text,,,,,,,,,,,
hurricane_harvey__909915400724516867__909915400724516867_1,direct_joint,,,,,,,,,,,
hurricane_harvey__909915400724516867__909915400724516867_1,misleading_image,,,,,,,,,,,
hurricane_harvey__909915400724516867__909915400724516867_1,misleading_text,,,,,,,,,,,
hurricane_harvey__909915400724516867__909915400724516867_1,misleading_joint,,,,,,,,,,,
hurricane_irma__909701027879882752__909701027879882752_0,clean,,,,,,,,,,,
hurricane_irma__909701027879882752__909701027879882752_0,benign_image,,,,,,,,,,,
hurricane_irma__909701027879882752__909701027879882752_0,benign_text,,,,,,,,,,,
hurricane_irma__909701027879882752__909701027879882752_0,benign_joint,,,,,,,,,,,
hurricane_irma__909701027879882752__909701027879882752_0,direct_image,,,,,,,,,,,
hurricane_irma__909701027879882752__909701027879882752_0,direct_text,,,,,,,,,,,
hurricane_irma__909701027879882752__909701027879882752_0,direct_joint,,,,,,,,,,,
hurricane_irma__909701027879882752__909701027879882752_0,misleading_image,,,,,,,,,,,
hurricane_irma__909701027879882752__909701027879882752_0,misleading_text,,,,,,,,,,,
hurricane_irma__909701027879882752__909701027879882752_0,misleading_joint,,,,,,,,,,,
hurricane_irma__909823209641521152__909823209641521152_0,clean,,,,,,,,,,,
hurricane_irma__909823209641521152__909823209641521152_0,benign_image,,,,,,,,,,,
hurricane_irma__909823209641521152__909823209641521152_0,benign_text,,,,,,,,,,,
hurricane_irma__909823209641521152__909823209641521152_0,benign_joint,,,,,,,,,,,
hurricane_irma__909823209641521152__909823209641521152_0,direct_image,,,,,,,,,,,
hurricane_irma__909823209641521152__909823209641521152_0,direct_text,,,,,,,,,,,
hurricane_irma__909823209641521152__909823209641521152_0,direct_joint,,,,,,,,,,,
hurricane_irma__909823209641521152__909823209641521152_0,misleading_image,,,,,,,,,,,
hurricane_irma__909823209641521152__909823209641521152_0,misleading_text,,,,,,,,,,,
hurricane_irma__909823209641521152__909823209641521152_0,misleading_joint,,,,,,,,,,,
hurricane_irma__905711511129206784__905711511129206784_0,clean,,,,,,,,,,,
hurricane_irma__905711511129206784__905711511129206784_0,benign_image,,,,,,,,,,,
hurricane_irma__905711511129206784__905711511129206784_0,benign_text,,,,,,,,,,,
hurricane_irma__905711511129206784__905711511129206784_0,benign_joint,,,,,,,,,,,
hurricane_irma__905711511129206784__905711511129206784_0,direct_image,,,,,,,,,,,
hurricane_irma__905711511129206784__905711511129206784_0,direct_text,,,,,,,,,,,
hurricane_irma__905711511129206784__905711511129206784_0,direct_joint,,,,,,,,,,,
hurricane_irma__905711511129206784__905711511129206784_0,misleading_image,,,,,,,,,,,
hurricane_irma__905711511129206784__905711511129206784_0,misleading_text,,,,,,,,,,,
hurricane_irma__905711511129206784__905711511129206784_0,misleading_joint,,,,,,,,,,,
hurricane_irma__909475867587436544__909475867587436544_0,clean,,,,,,,,,,,
hurricane_irma__909475867587436544__909475867587436544_0,benign_image,,,,,,,,,,,
hurricane_irma__909475867587436544__909475867587436544_0,benign_text,,,,,,,,,,,
hurricane_irma__909475867587436544__909475867587436544_0,benign_joint,,,,,,,,,,,
hurricane_irma__909475867587436544__909475867587436544_0,direct_image,,,,,,,,,,,
hurricane_irma__909475867587436544__909475867587436544_0,direct_text,,,,,,,,,,,
hurricane_irma__909475867587436544__909475867587436544_0,direct_joint,,,,,,,,,,,
hurricane_irma__909475867587436544__909475867587436544_0,misleading_image,,,,,,,,,,,
hurricane_irma__909475867587436544__909475867587436544_0,misleading_text,,,,,,,,,,,
hurricane_irma__909475867587436544__909475867587436544_0,misleading_joint,,,,,,,,,,,
mexico_earthquake__911827596748447744__911827596748447744_0,clean,,,,,,,,,,,
mexico_earthquake__911827596748447744__911827596748447744_0,benign_image,,,,,,,,,,,
mexico_earthquake__911827596748447744__911827596748447744_0,benign_text,,,,,,,,,,,
mexico_earthquake__911827596748447744__911827596748447744_0,benign_joint,,,,,,,,,,,
mexico_earthquake__911827596748447744__911827596748447744_0,direct_image,,,,,,,,,,,
mexico_earthquake__911827596748447744__911827596748447744_0,direct_text,,,,,,,,,,,
mexico_earthquake__911827596748447744__911827596748447744_0,direct_joint,,,,,,,,,,,
mexico_earthquake__911827596748447744__911827596748447744_0,misleading_image,,,,,,,,,,,
mexico_earthquake__911827596748447744__911827596748447744_0,misleading_text,,,,,,,,,,,
mexico_earthquake__911827596748447744__911827596748447744_0,misleading_joint,,,,,,,,,,,
srilanka_floods__875116643453632512__875116643453632512_2,clean,,,,,,,,,,,
srilanka_floods__875116643453632512__875116643453632512_2,benign_image,,,,,,,,,,,
srilanka_floods__875116643453632512__875116643453632512_2,benign_text,,,,,,,,,,,
srilanka_floods__875116643453632512__875116643453632512_2,benign_joint,,,,,,,,,,,
srilanka_floods__875116643453632512__875116643453632512_2,direct_image,,,,,,,,,,,
srilanka_floods__875116643453632512__875116643453632512_2,direct_text,,,,,,,,,,,
srilanka_floods__875116643453632512__875116643453632512_2,direct_joint,,,,,,,,,,,
srilanka_floods__875116643453632512__875116643453632512_2,misleading_image,,,,,,,,,,,
srilanka_floods__875116643453632512__875116643453632512_2,misleading_text,,,,,,,,,,,
srilanka_floods__875116643453632512__875116643453632512_2,misleading_joint,,,,,,,,,,,
hurricane_maria__913392166533201920__913392166533201920_0,clean,,,,,,,,,,,
hurricane_maria__913392166533201920__913392166533201920_0,benign_image,,,,,,,,,,,
hurricane_maria__913392166533201920__913392166533201920_0,benign_text,,,,,,,,,,,
hurricane_maria__913392166533201920__913392166533201920_0,benign_joint,,,,,,,,,,,
hurricane_maria__913392166533201920__913392166533201920_0,direct_image,,,,,,,,,,,
hurricane_maria__913392166533201920__913392166533201920_0,direct_text,,,,,,,,,,,
hurricane_maria__913392166533201920__913392166533201920_0,direct_joint,,,,,,,,,,,
hurricane_maria__913392166533201920__913392166533201920_0,misleading_image,,,,,,,,,,,
hurricane_maria__913392166533201920__913392166533201920_0,misleading_text,,,,,,,,,,,
hurricane_maria__913392166533201920__913392166533201920_0,misleading_joint,,,,,,,,,,,
hurricane_maria__910550386557173761__910550386557173761_0,clean,,,,,,,,,,,
hurricane_maria__910550386557173761__910550386557173761_0,benign_image,,,,,,,,,,,
hurricane_maria__910550386557173761__910550386557173761_0,benign_text,,,,,,,,,,,
hurricane_maria__910550386557173761__910550386557173761_0,benign_joint,,,,,,,,,,,
hurricane_maria__910550386557173761__910550386557173761_0,direct_image,,,,,,,,,,,
hurricane_maria__910550386557173761__910550386557173761_0,direct_text,,,,,,,,,,,
hurricane_maria__910550386557173761__910550386557173761_0,direct_joint,,,,,,,,,,,
hurricane_maria__910550386557173761__910550386557173761_0,misleading_image,,,,,,,,,,,
hurricane_maria__910550386557173761__910550386557173761_0,misleading_text,,,,,,,,,,,
hurricane_maria__910550386557173761__910550386557173761_0,misleading_joint,,,,,,,,,,,
hurricane_maria__910647323260342272__910647323260342272_0,clean,,,,,,,,,,,
hurricane_maria__910647323260342272__910647323260342272_0,benign_image,,,,,,,,,,,
hurricane_maria__910647323260342272__910647323260342272_0,benign_text,,,,,,,,,,,
hurricane_maria__910647323260342272__910647323260342272_0,benign_joint,,,,,,,,,,,
hurricane_maria__910647323260342272__910647323260342272_0,direct_image,,,,,,,,,,,
hurricane_maria__910647323260342272__910647323260342272_0,direct_text,,,,,,,,,,,
hurricane_maria__910647323260342272__910647323260342272_0,direct_joint,,,,,,,,,,,
hurricane_maria__910647323260342272__910647323260342272_0,misleading_image,,,,,,,,,,,
hurricane_maria__910647323260342272__910647323260342272_0,misleading_text,,,,,,,,,,,
hurricane_maria__910647323260342272__910647323260342272_0,misleading_joint,,,,,,,,,,,
hurricane_irma__909940694625726464__909940694625726464_0,clean,,,,,,,,,,,
hurricane_irma__909940694625726464__909940694625726464_0,benign_image,,,,,,,,,,,
hurricane_irma__909940694625726464__909940694625726464_0,benign_text,,,,,,,,,,,
hurricane_irma__909940694625726464__909940694625726464_0,benign_joint,,,,,,,,,,,
hurricane_irma__909940694625726464__909940694625726464_0,direct_image,,,,,,,,,,,
hurricane_irma__909940694625726464__909940694625726464_0,direct_text,,,,,,,,,,,
hurricane_irma__909940694625726464__909940694625726464_0,direct_joint,,,,,,,,,,,
hurricane_irma__909940694625726464__909940694625726464_0,misleading_image,,,,,,,,,,,
hurricane_irma__909940694625726464__909940694625726464_0,misleading_text,,,,,,,,,,,
hurricane_irma__909940694625726464__909940694625726464_0,misleading_joint,,,,,,,,,,,
hurricane_maria__914372204787355648__914372204787355648_0,clean,,,,,,,,,,,
hurricane_maria__914372204787355648__914372204787355648_0,benign_image,,,,,,,,,,,
hurricane_maria__914372204787355648__914372204787355648_0,benign_text,,,,,,,,,,,
hurricane_maria__914372204787355648__914372204787355648_0,benign_joint,,,,,,,,,,,
hurricane_maria__914372204787355648__914372204787355648_0,direct_image,,,,,,,,,,,
hurricane_maria__914372204787355648__914372204787355648_0,direct_text,,,,,,,,,,,
hurricane_maria__914372204787355648__914372204787355648_0,direct_joint,,,,,,,,,,,
hurricane_maria__914372204787355648__914372204787355648_0,misleading_image,,,,,,,,,,,
hurricane_maria__914372204787355648__914372204787355648_0,misleading_text,,,,,,,,,,,
hurricane_maria__914372204787355648__914372204787355648_0,misleading_joint,,,,,,,,,,,
hurricane_maria__913795571193978880__913795571193978880_0,clean,,,,,,,,,,,
hurricane_maria__913795571193978880__913795571193978880_0,benign_image,,,,,,,,,,,
hurricane_maria__913795571193978880__913795571193978880_0,benign_text,,,,,,,,,,,
hurricane_maria__913795571193978880__913795571193978880_0,benign_joint,,,,,,,,,,,
hurricane_maria__913795571193978880__913795571193978880_0,direct_image,,,,,,,,,,,
hurricane_maria__913795571193978880__913795571193978880_0,direct_text,,,,,,,,,,,
hurricane_maria__913795571193978880__913795571193978880_0,direct_joint,,,,,,,,,,,
hurricane_maria__913795571193978880__913795571193978880_0,misleading_image,,,,,,,,,,,
hurricane_maria__913795571193978880__913795571193978880_0,misleading_text,,,,,,,,,,,
hurricane_maria__913795571193978880__913795571193978880_0,misleading_joint,,,,,,,,,,,
hurricane_harvey__907343282442776581__907343282442776581_0,clean,,,,,,,,,,,
hurricane_harvey__907343282442776581__907343282442776581_0,benign_image,,,,,,,,,,,
hurricane_harvey__907343282442776581__907343282442776581_0,benign_text,,,,,,,,,,,
hurricane_harvey__907343282442776581__907343282442776581_0,benign_joint,,,,,,,,,,,
hurricane_harvey__907343282442776581__907343282442776581_0,direct_image,,,,,,,,,,,
hurricane_harvey__907343282442776581__907343282442776581_0,direct_text,,,,,,,,,,,
hurricane_harvey__907343282442776581__907343282442776581_0,direct_joint,,,,,,,,,,,
hurricane_harvey__907343282442776581__907343282442776581_0,misleading_image,,,,,,,,,,,
hurricane_harvey__907343282442776581__907343282442776581_0,misleading_text,,,,,,,,,,,
hurricane_harvey__907343282442776581__907343282442776581_0,misleading_joint,,,,,,,,,,,
california_wildfires__921485785517494272__921485785517494272_0,clean,,,,,,,,,,,
california_wildfires__921485785517494272__921485785517494272_0,benign_image,,,,,,,,,,,
california_wildfires__921485785517494272__921485785517494272_0,benign_text,,,,,,,,,,,
california_wildfires__921485785517494272__921485785517494272_0,benign_joint,,,,,,,,,,,
california_wildfires__921485785517494272__921485785517494272_0,direct_image,,,,,,,,,,,
california_wildfires__921485785517494272__921485785517494272_0,direct_text,,,,,,,,,,,
california_wildfires__921485785517494272__921485785517494272_0,direct_joint,,,,,,,,,,,
california_wildfires__921485785517494272__921485785517494272_0,misleading_image,,,,,,,,,,,
california_wildfires__921485785517494272__921485785517494272_0,misleading_text,,,,,,,,,,,
california_wildfires__921485785517494272__921485785517494272_0,misleading_joint,,,,,,,,,,,
hurricane_harvey__904814892095598592__904814892095598592_0,clean,,,,,,,,,,,
hurricane_harvey__904814892095598592__904814892095598592_0,benign_image,,,,,,,,,,,
hurricane_harvey__904814892095598592__904814892095598592_0,benign_text,,,,,,,,,,,
hurricane_harvey__904814892095598592__904814892095598592_0,benign_joint,,,,,,,,,,,
hurricane_harvey__904814892095598592__904814892095598592_0,direct_image,,,,,,,,,,,
hurricane_harvey__904814892095598592__904814892095598592_0,direct_text,,,,,,,,,,,
hurricane_harvey__904814892095598592__904814892095598592_0,direct_joint,,,,,,,,,,,
hurricane_harvey__904814892095598592__904814892095598592_0,misleading_image,,,,,,,,,,,
hurricane_harvey__904814892095598592__904814892095598592_0,misleading_text,,,,,,,,,,,
hurricane_harvey__904814892095598592__904814892095598592_0,misleading_joint,,,,,,,,,,,
hurricane_maria__911540012243591168__911540012243591168_0,clean,,,,,,,,,,,
hurricane_maria__911540012243591168__911540012243591168_0,benign_image,,,,,,,,,,,
hurricane_maria__911540012243591168__911540012243591168_0,benign_text,,,,,,,,,,,
hurricane_maria__911540012243591168__911540012243591168_0,benign_joint,,,,,,,,,,,
hurricane_maria__911540012243591168__911540012243591168_0,direct_image,,,,,,,,,,,
hurricane_maria__911540012243591168__911540012243591168_0,direct_text,,,,,,,,,,,
hurricane_maria__911540012243591168__911540012243591168_0,direct_joint,,,,,,,,,,,
hurricane_maria__911540012243591168__911540012243591168_0,misleading_image,,,,,,,,,,,
hurricane_maria__911540012243591168__911540012243591168_0,misleading_text,,,,,,,,,,,
hurricane_maria__911540012243591168__911540012243591168_0,misleading_joint,,,,,,,,,,,
hurricane_maria__921873063628730368__921873063628730368_0,clean,,,,,,,,,,,
hurricane_maria__921873063628730368__921873063628730368_0,benign_image,,,,,,,,,,,
hurricane_maria__921873063628730368__921873063628730368_0,benign_text,,,,,,,,,,,
hurricane_maria__921873063628730368__921873063628730368_0,benign_joint,,,,,,,,,,,
hurricane_maria__921873063628730368__921873063628730368_0,direct_image,,,,,,,,,,,
hurricane_maria__921873063628730368__921873063628730368_0,direct_text,,,,,,,,,,,
hurricane_maria__921873063628730368__921873063628730368_0,direct_joint,,,,,,,,,,,
hurricane_maria__921873063628730368__921873063628730368_0,misleading_image,,,,,,,,,,,
hurricane_maria__921873063628730368__921873063628730368_0,misleading_text,,,,,,,,,,,
hurricane_maria__921873063628730368__921873063628730368_0,misleading_joint,,,,,,,,,,,
hurricane_harvey__908804979686641664__908804979686641664_1,clean,,,,,,,,,,,
hurricane_harvey__908804979686641664__908804979686641664_1,benign_image,,,,,,,,,,,
hurricane_harvey__908804979686641664__908804979686641664_1,benign_text,,,,,,,,,,,
hurricane_harvey__908804979686641664__908804979686641664_1,benign_joint,,,,,,,,,,,
hurricane_harvey__908804979686641664__908804979686641664_1,direct_image,,,,,,,,,,,
hurricane_harvey__908804979686641664__908804979686641664_1,direct_text,,,,,,,,,,,
hurricane_harvey__908804979686641664__908804979686641664_1,direct_joint,,,,,,,,,,,
hurricane_harvey__908804979686641664__908804979686641664_1,misleading_image,,,,,,,,,,,
hurricane_harvey__908804979686641664__908804979686641664_1,misleading_text,,,,,,,,,,,
hurricane_harvey__908804979686641664__908804979686641664_1,misleading_joint,,,,,,,,,,,
hurricane_irma__909813175671037954__909813175671037954_0,clean,,,,,,,,,,,
hurricane_irma__909813175671037954__909813175671037954_0,benign_image,,,,,,,,,,,
hurricane_irma__909813175671037954__909813175671037954_0,benign_text,,,,,,,,,,,
hurricane_irma__909813175671037954__909813175671037954_0,benign_joint,,,,,,,,,,,
hurricane_irma__909813175671037954__909813175671037954_0,direct_image,,,,,,,,,,,
hurricane_irma__909813175671037954__909813175671037954_0,direct_text,,,,,,,,,,,
hurricane_irma__909813175671037954__909813175671037954_0,direct_joint,,,,,,,,,,,
hurricane_irma__909813175671037954__909813175671037954_0,misleading_image,,,,,,,,,,,
hurricane_irma__909813175671037954__909813175671037954_0,misleading_text,,,,,,,,,,,
hurricane_irma__909813175671037954__909813175671037954_0,misleading_joint,,,,,,,,,,,
hurricane_irma__909387208599142400__909387208599142400_0,clean,,,,,,,,,,,
hurricane_irma__909387208599142400__909387208599142400_0,benign_image,,,,,,,,,,,
hurricane_irma__909387208599142400__909387208599142400_0,benign_text,,,,,,,,,,,
hurricane_irma__909387208599142400__909387208599142400_0,benign_joint,,,,,,,,,,,
hurricane_irma__909387208599142400__909387208599142400_0,direct_image,,,,,,,,,,,
hurricane_irma__909387208599142400__909387208599142400_0,direct_text,,,,,,,,,,,
hurricane_irma__909387208599142400__909387208599142400_0,direct_joint,,,,,,,,,,,
hurricane_irma__909387208599142400__909387208599142400_0,misleading_image,,,,,,,,,,,
hurricane_irma__909387208599142400__909387208599142400_0,misleading_text,,,,,,,,,,,
hurricane_irma__909387208599142400__909387208599142400_0,misleading_joint,,,,,,,,,,,
hurricane_harvey__906464461946531840__906464461946531840_0,clean,,,,,,,,,,,
hurricane_harvey__906464461946531840__906464461946531840_0,benign_image,,,,,,,,,,,
hurricane_harvey__906464461946531840__906464461946531840_0,benign_text,,,,,,,,,,,
hurricane_harvey__906464461946531840__906464461946531840_0,benign_joint,,,,,,,,,,,
hurricane_harvey__906464461946531840__906464461946531840_0,direct_image,,,,,,,,,,,
hurricane_harvey__906464461946531840__906464461946531840_0,direct_text,,,,,,,,,,,
hurricane_harvey__906464461946531840__906464461946531840_0,direct_joint,,,,,,,,,,,
hurricane_harvey__906464461946531840__906464461946531840_0,misleading_image,,,,,,,,,,,
hurricane_harvey__906464461946531840__906464461946531840_0,misleading_text,,,,,,,,,,,
hurricane_harvey__906464461946531840__906464461946531840_0,misleading_joint,,,,,,,,,,,
california_wildfires__922889441017987072__922889441017987072_0,clean,,,,,,,,,,,
california_wildfires__922889441017987072__922889441017987072_0,benign_image,,,,,,,,,,,
california_wildfires__922889441017987072__922889441017987072_0,benign_text,,,,,,,,,,,
california_wildfires__922889441017987072__922889441017987072_0,benign_joint,,,,,,,,,,,
california_wildfires__922889441017987072__922889441017987072_0,direct_image,,,,,,,,,,,
california_wildfires__922889441017987072__922889441017987072_0,direct_text,,,,,,,,,,,
california_wildfires__922889441017987072__922889441017987072_0,direct_joint,,,,,,,,,,,
california_wildfires__922889441017987072__922889441017987072_0,misleading_image,,,,,,,,,,,
california_wildfires__922889441017987072__922889441017987072_0,misleading_text,,,,,,,,,,,
california_wildfires__922889441017987072__922889441017987072_0,misleading_joint,,,,,,,,,,,
hurricane_harvey__908124692753506305__908124692753506305_0,clean,,,,,,,,,,,
hurricane_harvey__908124692753506305__908124692753506305_0,benign_image,,,,,,,,,,,
hurricane_harvey__908124692753506305__908124692753506305_0,benign_text,,,,,,,,,,,
hurricane_harvey__908124692753506305__908124692753506305_0,benign_joint,,,,,,,,,,,
hurricane_harvey__908124692753506305__908124692753506305_0,direct_image,,,,,,,,,,,
hurricane_harvey__908124692753506305__908124692753506305_0,direct_text,,,,,,,,,,,
hurricane_harvey__908124692753506305__908124692753506305_0,direct_joint,,,,,,,,,,,
hurricane_harvey__908124692753506305__908124692753506305_0,misleading_image,,,,,,,,,,,
hurricane_harvey__908124692753506305__908124692753506305_0,misleading_text,,,,,,,,,,,
hurricane_harvey__908124692753506305__908124692753506305_0,misleading_joint,,,,,,,,,,,
hurricane_maria__910645943678021632__910645943678021632_0,clean,,,,,,,,,,,
hurricane_maria__910645943678021632__910645943678021632_0,benign_image,,,,,,,,,,,
hurricane_maria__910645943678021632__910645943678021632_0,benign_text,,,,,,,,,,,
hurricane_maria__910645943678021632__910645943678021632_0,benign_joint,,,,,,,,,,,
hurricane_maria__910645943678021632__910645943678021632_0,direct_image,,,,,,,,,,,
hurricane_maria__910645943678021632__910645943678021632_0,direct_text,,,,,,,,,,,
hurricane_maria__910645943678021632__910645943678021632_0,direct_joint,,,,,,,,,,,
hurricane_maria__910645943678021632__910645943678021632_0,misleading_image,,,,,,,,,,,
hurricane_maria__910645943678021632__910645943678021632_0,misleading_text,,,,,,,,,,,
hurricane_maria__910645943678021632__910645943678021632_0,misleading_joint,,,,,,,,,,,
hurricane_irma__910206222204248064__910206222204248064_0,clean,,,,,,,,,,,
hurricane_irma__910206222204248064__910206222204248064_0,benign_image,,,,,,,,,,,
hurricane_irma__910206222204248064__910206222204248064_0,benign_text,,,,,,,,,,,
hurricane_irma__910206222204248064__910206222204248064_0,benign_joint,,,,,,,,,,,
hurricane_irma__910206222204248064__910206222204248064_0,direct_image,,,,,,,,,,,
hurricane_irma__910206222204248064__910206222204248064_0,direct_text,,,,,,,,,,,
hurricane_irma__910206222204248064__910206222204248064_0,direct_joint,,,,,,,,,,,
hurricane_irma__910206222204248064__910206222204248064_0,misleading_image,,,,,,,,,,,
hurricane_irma__910206222204248064__910206222204248064_0,misleading_text,,,,,,,,,,,
hurricane_irma__910206222204248064__910206222204248064_0,misleading_joint,,,,,,,,,,,
hurricane_harvey__908537559093039105__908537559093039105_0,clean,,,,,,,,,,,
hurricane_harvey__908537559093039105__908537559093039105_0,benign_image,,,,,,,,,,,
hurricane_harvey__908537559093039105__908537559093039105_0,benign_text,,,,,,,,,,,
hurricane_harvey__908537559093039105__908537559093039105_0,benign_joint,,,,,,,,,,,
hurricane_harvey__908537559093039105__908537559093039105_0,direct_image,,,,,,,,,,,
hurricane_harvey__908537559093039105__908537559093039105_0,direct_text,,,,,,,,,,,
hurricane_harvey__908537559093039105__908537559093039105_0,direct_joint,,,,,,,,,,,
hurricane_harvey__908537559093039105__908537559093039105_0,misleading_image,,,,,,,,,,,
hurricane_harvey__908537559093039105__908537559093039105_0,misleading_text,,,,,,,,,,,
hurricane_harvey__908537559093039105__908537559093039105_0,misleading_joint,,,,,,,,,,,
california_wildfires__917990440644866048__917990440644866048_0,clean,,,,,,,,,,,
california_wildfires__917990440644866048__917990440644866048_0,benign_image,,,,,,,,,,,
california_wildfires__917990440644866048__917990440644866048_0,benign_text,,,,,,,,,,,
california_wildfires__917990440644866048__917990440644866048_0,benign_joint,,,,,,,,,,,
california_wildfires__917990440644866048__917990440644866048_0,direct_image,,,,,,,,,,,
california_wildfires__917990440644866048__917990440644866048_0,direct_text,,,,,,,,,,,
california_wildfires__917990440644866048__917990440644866048_0,direct_joint,,,,,,,,,,,
california_wildfires__917990440644866048__917990440644866048_0,misleading_image,,,,,,,,,,,
california_wildfires__917990440644866048__917990440644866048_0,misleading_text,,,,,,,,,,,
california_wildfires__917990440644866048__917990440644866048_0,misleading_joint,,,,,,,,,,,
mexico_earthquake__914045395759767552__914045395759767552_0,clean,,,,,,,,,,,
mexico_earthquake__914045395759767552__914045395759767552_0,benign_image,,,,,,,,,,,
mexico_earthquake__914045395759767552__914045395759767552_0,benign_text,,,,,,,,,,,
mexico_earthquake__914045395759767552__914045395759767552_0,benign_joint,,,,,,,,,,,
mexico_earthquake__914045395759767552__914045395759767552_0,direct_image,,,,,,,,,,,
mexico_earthquake__914045395759767552__914045395759767552_0,direct_text,,,,,,,,,,,
mexico_earthquake__914045395759767552__914045395759767552_0,direct_joint,,,,,,,,,,,
mexico_earthquake__914045395759767552__914045395759767552_0,misleading_image,,,,,,,,,,,
mexico_earthquake__914045395759767552__914045395759767552_0,misleading_text,,,,,,,,,,,
mexico_earthquake__914045395759767552__914045395759767552_0,misleading_joint,,,,,,,,,,,
hurricane_irma__909782574913937408__909782574913937408_0,clean,,,,,,,,,,,
hurricane_irma__909782574913937408__909782574913937408_0,benign_image,,,,,,,,,,,
hurricane_irma__909782574913937408__909782574913937408_0,benign_text,,,,,,,,,,,
hurricane_irma__909782574913937408__909782574913937408_0,benign_joint,,,,,,,,,,,
hurricane_irma__909782574913937408__909782574913937408_0,direct_image,,,,,,,,,,,
hurricane_irma__909782574913937408__909782574913937408_0,direct_text,,,,,,,,,,,
hurricane_irma__909782574913937408__909782574913937408_0,direct_joint,,,,,,,,,,,
hurricane_irma__909782574913937408__909782574913937408_0,misleading_image,,,,,,,,,,,
hurricane_irma__909782574913937408__909782574913937408_0,misleading_text,,,,,,,,,,,
hurricane_irma__909782574913937408__909782574913937408_0,misleading_joint,,,,,,,,,,,
hurricane_irma__909879985434877952__909879985434877952_0,clean,,,,,,,,,,,
hurricane_irma__909879985434877952__909879985434877952_0,benign_image,,,,,,,,,,,
hurricane_irma__909879985434877952__909879985434877952_0,benign_text,,,,,,,,,,,
hurricane_irma__909879985434877952__909879985434877952_0,benign_joint,,,,,,,,,,,
hurricane_irma__909879985434877952__909879985434877952_0,direct_image,,,,,,,,,,,
hurricane_irma__909879985434877952__909879985434877952_0,direct_text,,,,,,,,,,,
hurricane_irma__909879985434877952__909879985434877952_0,direct_joint,,,,,,,,,,,
hurricane_irma__909879985434877952__909879985434877952_0,misleading_image,,,,,,,,,,,
hurricane_irma__909879985434877952__909879985434877952_0,misleading_text,,,,,,,,,,,
hurricane_irma__909879985434877952__909879985434877952_0,misleading_joint,,,,,,,,,,,
srilanka_floods__875116643453632512__875116643453632512_0,clean,,,,,,,,,,,
srilanka_floods__875116643453632512__875116643453632512_0,benign_image,,,,,,,,,,,
srilanka_floods__875116643453632512__875116643453632512_0,benign_text,,,,,,,,,,,
srilanka_floods__875116643453632512__875116643453632512_0,benign_joint,,,,,,,,,,,
srilanka_floods__875116643453632512__875116643453632512_0,direct_image,,,,,,,,,,,
srilanka_floods__875116643453632512__875116643453632512_0,direct_text,,,,,,,,,,,
srilanka_floods__875116643453632512__875116643453632512_0,direct_joint,,,,,,,,,,,
srilanka_floods__875116643453632512__875116643453632512_0,misleading_image,,,,,,,,,,,
srilanka_floods__875116643453632512__875116643453632512_0,misleading_text,,,,,,,,,,,
srilanka_floods__875116643453632512__875116643453632512_0,misleading_joint,,,,,,,,,,,
hurricane_harvey__905114566081867781__905114566081867781_0,clean,,,,,,,,,,,
hurricane_harvey__905114566081867781__905114566081867781_0,benign_image,,,,,,,,,,,
hurricane_harvey__905114566081867781__905114566081867781_0,benign_text,,,,,,,,,,,
hurricane_harvey__905114566081867781__905114566081867781_0,benign_joint,,,,,,,,,,,
hurricane_harvey__905114566081867781__905114566081867781_0,direct_image,,,,,,,,,,,
hurricane_harvey__905114566081867781__905114566081867781_0,direct_text,,,,,,,,,,,
hurricane_harvey__905114566081867781__905114566081867781_0,direct_joint,,,,,,,,,,,
hurricane_harvey__905114566081867781__905114566081867781_0,misleading_image,,,,,,,,,,,
hurricane_harvey__905114566081867781__905114566081867781_0,misleading_text,,,,,,,,,,,
hurricane_harvey__905114566081867781__905114566081867781_0,misleading_joint,,,,,,,,,,,
california_wildfires__919972893999611904__919972893999611904_0,clean,,,,,,,,,,,
california_wildfires__919972893999611904__919972893999611904_0,benign_image,,,,,,,,,,,
california_wildfires__919972893999611904__919972893999611904_0,benign_text,,,,,,,,,,,
california_wildfires__919972893999611904__919972893999611904_0,benign_joint,,,,,,,,,,,
california_wildfires__919972893999611904__919972893999611904_0,direct_image,,,,,,,,,,,
california_wildfires__919972893999611904__919972893999611904_0,direct_text,,,,,,,,,,,
california_wildfires__919972893999611904__919972893999611904_0,direct_joint,,,,,,,,,,,
california_wildfires__919972893999611904__919972893999611904_0,misleading_image,,,,,,,,,,,
california_wildfires__919972893999611904__919972893999611904_0,misleading_text,,,,,,,,,,,
california_wildfires__919972893999611904__919972893999611904_0,misleading_joint,,,,,,,,,,,
california_wildfires__922558661469331456__922558661469331456_0,clean,,,,,,,,,,,
california_wildfires__922558661469331456__922558661469331456_0,benign_image,,,,,,,,,,,
california_wildfires__922558661469331456__922558661469331456_0,benign_text,,,,,,,,,,,
california_wildfires__922558661469331456__922558661469331456_0,benign_joint,,,,,,,,,,,
california_wildfires__922558661469331456__922558661469331456_0,direct_image,,,,,,,,,,,
california_wildfires__922558661469331456__922558661469331456_0,direct_text,,,,,,,,,,,
california_wildfires__922558661469331456__922558661469331456_0,direct_joint,,,,,,,,,,,
california_wildfires__922558661469331456__922558661469331456_0,misleading_image,,,,,,,,,,,
california_wildfires__922558661469331456__922558661469331456_0,misleading_text,,,,,,,,,,,
california_wildfires__922558661469331456__922558661469331456_0,misleading_joint,,,,,,,,,,,
hurricane_harvey__907296821357289476__907296821357289476_0,clean,,,,,,,,,,,
hurricane_harvey__907296821357289476__907296821357289476_0,benign_image,,,,,,,,,,,
hurricane_harvey__907296821357289476__907296821357289476_0,benign_text,,,,,,,,,,,
hurricane_harvey__907296821357289476__907296821357289476_0,benign_joint,,,,,,,,,,,
hurricane_harvey__907296821357289476__907296821357289476_0,direct_image,,,,,,,,,,,
hurricane_harvey__907296821357289476__907296821357289476_0,direct_text,,,,,,,,,,,
hurricane_harvey__907296821357289476__907296821357289476_0,direct_joint,,,,,,,,,,,
hurricane_harvey__907296821357289476__907296821357289476_0,misleading_image,,,,,,,,,,,
hurricane_harvey__907296821357289476__907296821357289476_0,misleading_text,,,,,,,,,,,
hurricane_harvey__907296821357289476__907296821357289476_0,misleading_joint,,,,,,,,,,,
hurricane_maria__922881031463755776__922881031463755776_0,clean,,,,,,,,,,,
hurricane_maria__922881031463755776__922881031463755776_0,benign_image,,,,,,,,,,,
hurricane_maria__922881031463755776__922881031463755776_0,benign_text,,,,,,,,,,,
hurricane_maria__922881031463755776__922881031463755776_0,benign_joint,,,,,,,,,,,
hurricane_maria__922881031463755776__922881031463755776_0,direct_image,,,,,,,,,,,
hurricane_maria__922881031463755776__922881031463755776_0,direct_text,,,,,,,,,,,
hurricane_maria__922881031463755776__922881031463755776_0,direct_joint,,,,,,,,,,,
hurricane_maria__922881031463755776__922881031463755776_0,misleading_image,,,,,,,,,,,
hurricane_maria__922881031463755776__922881031463755776_0,misleading_text,,,,,,,,,,,
hurricane_maria__922881031463755776__922881031463755776_0,misleading_joint,,,,,,,,,,,
hurricane_irma__909890385098440706__909890385098440706_0,clean,,,,,,,,,,,
hurricane_irma__909890385098440706__909890385098440706_0,benign_image,,,,,,,,,,,
hurricane_irma__909890385098440706__909890385098440706_0,benign_text,,,,,,,,,,,
hurricane_irma__909890385098440706__909890385098440706_0,benign_joint,,,,,,,,,,,
hurricane_irma__909890385098440706__909890385098440706_0,direct_image,,,,,,,,,,,
hurricane_irma__909890385098440706__909890385098440706_0,direct_text,,,,,,,,,,,
hurricane_irma__909890385098440706__909890385098440706_0,direct_joint,,,,,,,,,,,
hurricane_irma__909890385098440706__909890385098440706_0,misleading_image,,,,,,,,,,,
hurricane_irma__909890385098440706__909890385098440706_0,misleading_text,,,,,,,,,,,
hurricane_irma__909890385098440706__909890385098440706_0,misleading_joint,,,,,,,,,,,
iraq_iran_earthquake__931267004648034304__931267004648034304_0,clean,,,,,,,,,,,
iraq_iran_earthquake__931267004648034304__931267004648034304_0,benign_image,,,,,,,,,,,
iraq_iran_earthquake__931267004648034304__931267004648034304_0,benign_text,,,,,,,,,,,
iraq_iran_earthquake__931267004648034304__931267004648034304_0,benign_joint,,,,,,,,,,,
iraq_iran_earthquake__931267004648034304__931267004648034304_0,direct_image,,,,,,,,,,,
iraq_iran_earthquake__931267004648034304__931267004648034304_0,direct_text,,,,,,,,,,,
iraq_iran_earthquake__931267004648034304__931267004648034304_0,direct_joint,,,,,,,,,,,
iraq_iran_earthquake__931267004648034304__931267004648034304_0,misleading_image,,,,,,,,,,,
iraq_iran_earthquake__931267004648034304__931267004648034304_0,misleading_text,,,,,,,,,,,
iraq_iran_earthquake__931267004648034304__931267004648034304_0,misleading_joint,,,,,,,,,,,
hurricane_maria__923133826171154432__923133826171154432_0,clean,,,,,,,,,,,
hurricane_maria__923133826171154432__923133826171154432_0,benign_image,,,,,,,,,,,
hurricane_maria__923133826171154432__923133826171154432_0,benign_text,,,,,,,,,,,
hurricane_maria__923133826171154432__923133826171154432_0,benign_joint,,,,,,,,,,,
hurricane_maria__923133826171154432__923133826171154432_0,direct_image,,,,,,,,,,,
hurricane_maria__923133826171154432__923133826171154432_0,direct_text,,,,,,,,,,,
hurricane_maria__923133826171154432__923133826171154432_0,direct_joint,,,,,,,,,,,
hurricane_maria__923133826171154432__923133826171154432_0,misleading_image,,,,,,,,,,,
hurricane_maria__923133826171154432__923133826171154432_0,misleading_text,,,,,,,,,,,
hurricane_maria__923133826171154432__923133826171154432_0,misleading_joint,,,,,,,,,,,
hurricane_maria__915251009227776001__915251009227776001_1,clean,,,,,,,,,,,
hurricane_maria__915251009227776001__915251009227776001_1,benign_image,,,,,,,,,,,
hurricane_maria__915251009227776001__915251009227776001_1,benign_text,,,,,,,,,,,
hurricane_maria__915251009227776001__915251009227776001_1,benign_joint,,,,,,,,,,,
hurricane_maria__915251009227776001__915251009227776001_1,direct_image,,,,,,,,,,,
hurricane_maria__915251009227776001__915251009227776001_1,direct_text,,,,,,,,,,,
hurricane_maria__915251009227776001__915251009227776001_1,direct_joint,,,,,,,,,,,
hurricane_maria__915251009227776001__915251009227776001_1,misleading_image,,,,,,,,,,,
hurricane_maria__915251009227776001__915251009227776001_1,misleading_text,,,,,,,,,,,
hurricane_maria__915251009227776001__915251009227776001_1,misleading_joint,,,,,,,,,,,
hurricane_harvey__905637549737213955__905637549737213955_0,clean,,,,,,,,,,,
hurricane_harvey__905637549737213955__905637549737213955_0,benign_image,,,,,,,,,,,
hurricane_harvey__905637549737213955__905637549737213955_0,benign_text,,,,,,,,,,,
hurricane_harvey__905637549737213955__905637549737213955_0,benign_joint,,,,,,,,,,,
hurricane_harvey__905637549737213955__905637549737213955_0,direct_image,,,,,,,,,,,
hurricane_harvey__905637549737213955__905637549737213955_0,direct_text,,,,,,,,,,,
hurricane_harvey__905637549737213955__905637549737213955_0,direct_joint,,,,,,,,,,,
hurricane_harvey__905637549737213955__905637549737213955_0,misleading_image,,,,,,,,,,,
hurricane_harvey__905637549737213955__905637549737213955_0,misleading_text,,,,,,,,,,,
hurricane_harvey__905637549737213955__905637549737213955_0,misleading_joint,,,,,,,,,,,
hurricane_harvey__906709870040244230__906709870040244230_2,clean,,,,,,,,,,,
hurricane_harvey__906709870040244230__906709870040244230_2,benign_image,,,,,,,,,,,
hurricane_harvey__906709870040244230__906709870040244230_2,benign_text,,,,,,,,,,,
hurricane_harvey__906709870040244230__906709870040244230_2,benign_joint,,,,,,,,,,,
hurricane_harvey__906709870040244230__906709870040244230_2,direct_image,,,,,,,,,,,
hurricane_harvey__906709870040244230__906709870040244230_2,direct_text,,,,,,,,,,,
hurricane_harvey__906709870040244230__906709870040244230_2,direct_joint,,,,,,,,,,,
hurricane_harvey__906709870040244230__906709870040244230_2,misleading_image,,,,,,,,,,,
hurricane_harvey__906709870040244230__906709870040244230_2,misleading_text,,,,,,,,,,,
hurricane_harvey__906709870040244230__906709870040244230_2,misleading_joint,,,,,,,,,,,
hurricane_maria__914594557458776064__914594557458776064_0,clean,,,,,,,,,,,
hurricane_maria__914594557458776064__914594557458776064_0,benign_image,,,,,,,,,,,
hurricane_maria__914594557458776064__914594557458776064_0,benign_text,,,,,,,,,,,
hurricane_maria__914594557458776064__914594557458776064_0,benign_joint,,,,,,,,,,,
hurricane_maria__914594557458776064__914594557458776064_0,direct_image,,,,,,,,,,,
hurricane_maria__914594557458776064__914594557458776064_0,direct_text,,,,,,,,,,,
hurricane_maria__914594557458776064__914594557458776064_0,direct_joint,,,,,,,,,,,
hurricane_maria__914594557458776064__914594557458776064_0,misleading_image,,,,,,,,,,,
hurricane_maria__914594557458776064__914594557458776064_0,misleading_text,,,,,,,,,,,
hurricane_maria__914594557458776064__914594557458776064_0,misleading_joint,,,,,,,,,,,
hurricane_irma__909446946535936000__909446946535936000_1,clean,,,,,,,,,,,
hurricane_irma__909446946535936000__909446946535936000_1,benign_image,,,,,,,,,,,
hurricane_irma__909446946535936000__909446946535936000_1,benign_text,,,,,,,,,,,
hurricane_irma__909446946535936000__909446946535936000_1,benign_joint,,,,,,,,,,,
hurricane_irma__909446946535936000__909446946535936000_1,direct_image,,,,,,,,,,,
hurricane_irma__909446946535936000__909446946535936000_1,direct_text,,,,,,,,,,,
hurricane_irma__909446946535936000__909446946535936000_1,direct_joint,,,,,,,,,,,
hurricane_irma__909446946535936000__909446946535936000_1,misleading_image,,,,,,,,,,,
hurricane_irma__909446946535936000__909446946535936000_1,misleading_text,,,,,,,,,,,
hurricane_irma__909446946535936000__909446946535936000_1,misleading_joint,,,,,,,,,,,
california_wildfires__922546984728145920__922546984728145920_0,clean,,,,,,,,,,,
california_wildfires__922546984728145920__922546984728145920_0,benign_image,,,,,,,,,,,
california_wildfires__922546984728145920__922546984728145920_0,benign_text,,,,,,,,,,,
california_wildfires__922546984728145920__922546984728145920_0,benign_joint,,,,,,,,,,,
california_wildfires__922546984728145920__922546984728145920_0,direct_image,,,,,,,,,,,
california_wildfires__922546984728145920__922546984728145920_0,direct_text,,,,,,,,,,,
california_wildfires__922546984728145920__922546984728145920_0,direct_joint,,,,,,,,,,,
california_wildfires__922546984728145920__922546984728145920_0,misleading_image,,,,,,,,,,,
california_wildfires__922546984728145920__922546984728145920_0,misleading_text,,,,,,,,,,,
california_wildfires__922546984728145920__922546984728145920_0,misleading_joint,,,,,,,,,,,
srilanka_floods__870052558928138240__870052558928138240_1,clean,,,,,,,,,,,
srilanka_floods__870052558928138240__870052558928138240_1,benign_image,,,,,,,,,,,
srilanka_floods__870052558928138240__870052558928138240_1,benign_text,,,,,,,,,,,
srilanka_floods__870052558928138240__870052558928138240_1,benign_joint,,,,,,,,,,,
srilanka_floods__870052558928138240__870052558928138240_1,direct_image,,,,,,,,,,,
srilanka_floods__870052558928138240__870052558928138240_1,direct_text,,,,,,,,,,,
srilanka_floods__870052558928138240__870052558928138240_1,direct_joint,,,,,,,,,,,
srilanka_floods__870052558928138240__870052558928138240_1,misleading_image,,,,,,,,,,,
srilanka_floods__870052558928138240__870052558928138240_1,misleading_text,,,,,,,,,,,
srilanka_floods__870052558928138240__870052558928138240_1,misleading_joint,,,,,,,,,,,
hurricane_harvey__904324002176532481__904324002176532481_3,clean,,,,,,,,,,,
hurricane_harvey__904324002176532481__904324002176532481_3,benign_image,,,,,,,,,,,
hurricane_harvey__904324002176532481__904324002176532481_3,benign_text,,,,,,,,,,,
hurricane_harvey__904324002176532481__904324002176532481_3,benign_joint,,,,,,,,,,,
hurricane_harvey__904324002176532481__904324002176532481_3,direct_image,,,,,,,,,,,
hurricane_harvey__904324002176532481__904324002176532481_3,direct_text,,,,,,,,,,,
hurricane_harvey__904324002176532481__904324002176532481_3,direct_joint,,,,,,,,,,,
hurricane_harvey__904324002176532481__904324002176532481_3,misleading_image,,,,,,,,,,,
hurricane_harvey__904324002176532481__904324002176532481_3,misleading_text,,,,,,,,,,,
hurricane_harvey__904324002176532481__904324002176532481_3,misleading_joint,,,,,,,,,,,
hurricane_maria__928378477866340353__928378477866340353_0,clean,,,,,,,,,,,
hurricane_maria__928378477866340353__928378477866340353_0,benign_image,,,,,,,,,,,
hurricane_maria__928378477866340353__928378477866340353_0,benign_text,,,,,,,,,,,
hurricane_maria__928378477866340353__928378477866340353_0,benign_joint,,,,,,,,,,,
hurricane_maria__928378477866340353__928378477866340353_0,direct_image,,,,,,,,,,,
hurricane_maria__928378477866340353__928378477866340353_0,direct_text,,,,,,,,,,,
hurricane_maria__928378477866340353__928378477866340353_0,direct_joint,,,,,,,,,,,
hurricane_maria__928378477866340353__928378477866340353_0,misleading_image,,,,,,,,,,,
hurricane_maria__928378477866340353__928378477866340353_0,misleading_text,,,,,,,,,,,
hurricane_maria__928378477866340353__928378477866340353_0,misleading_joint,,,,,,,,,,,
california_wildfires__920034434845360133__920034434845360133_0,clean,,,,,,,,,,,
california_wildfires__920034434845360133__920034434845360133_0,benign_image,,,,,,,,,,,
california_wildfires__920034434845360133__920034434845360133_0,benign_text,,,,,,,,,,,
california_wildfires__920034434845360133__920034434845360133_0,benign_joint,,,,,,,,,,,
california_wildfires__920034434845360133__920034434845360133_0,direct_image,,,,,,,,,,,
california_wildfires__920034434845360133__920034434845360133_0,direct_text,,,,,,,,,,,
california_wildfires__920034434845360133__920034434845360133_0,direct_joint,,,,,,,,,,,
california_wildfires__920034434845360133__920034434845360133_0,misleading_image,,,,,,,,,,,
california_wildfires__920034434845360133__920034434845360133_0,misleading_text,,,,,,,,,,,
california_wildfires__920034434845360133__920034434845360133_0,misleading_joint,,,,,,,,,,,
iraq_iran_earthquake__929994458153803776__929994458153803776_0,clean,,,,,,,,,,,
iraq_iran_earthquake__929994458153803776__929994458153803776_0,benign_image,,,,,,,,,,,
iraq_iran_earthquake__929994458153803776__929994458153803776_0,benign_text,,,,,,,,,,,
iraq_iran_earthquake__929994458153803776__929994458153803776_0,benign_joint,,,,,,,,,,,
iraq_iran_earthquake__929994458153803776__929994458153803776_0,direct_image,,,,,,,,,,,
iraq_iran_earthquake__929994458153803776__929994458153803776_0,direct_text,,,,,,,,,,,
iraq_iran_earthquake__929994458153803776__929994458153803776_0,direct_joint,,,,,,,,,,,
iraq_iran_earthquake__929994458153803776__929994458153803776_0,misleading_image,,,,,,,,,,,
iraq_iran_earthquake__929994458153803776__929994458153803776_0,misleading_text,,,,,,,,,,,
iraq_iran_earthquake__929994458153803776__929994458153803776_0,misleading_joint,,,,,,,,,,,
srilanka_floods__870528490184908800__870528490184908800_0,clean,,,,,,,,,,,
srilanka_floods__870528490184908800__870528490184908800_0,benign_image,,,,,,,,,,,
srilanka_floods__870528490184908800__870528490184908800_0,benign_text,,,,,,,,,,,
srilanka_floods__870528490184908800__870528490184908800_0,benign_joint,,,,,,,,,,,
srilanka_floods__870528490184908800__870528490184908800_0,direct_image,,,,,,,,,,,
srilanka_floods__870528490184908800__870528490184908800_0,direct_text,,,,,,,,,,,
srilanka_floods__870528490184908800__870528490184908800_0,direct_joint,,,,,,,,,,,
srilanka_floods__870528490184908800__870528490184908800_0,misleading_image,,,,,,,,,,,
srilanka_floods__870528490184908800__870528490184908800_0,misleading_text,,,,,,,,,,,
srilanka_floods__870528490184908800__870528490184908800_0,misleading_joint,,,,,,,,,,,
hurricane_harvey__901697659613966336__901697659613966336_0,clean,,,,,,,,,,,
hurricane_harvey__901697659613966336__901697659613966336_0,benign_image,,,,,,,,,,,
hurricane_harvey__901697659613966336__901697659613966336_0,benign_text,,,,,,,,,,,
hurricane_harvey__901697659613966336__901697659613966336_0,benign_joint,,,,,,,,,,,
hurricane_harvey__901697659613966336__901697659613966336_0,direct_image,,,,,,,,,,,
hurricane_harvey__901697659613966336__901697659613966336_0,direct_text,,,,,,,,,,,
hurricane_harvey__901697659613966336__901697659613966336_0,direct_joint,,,,,,,,,,,
hurricane_harvey__901697659613966336__901697659613966336_0,misleading_image,,,,,,,,,,,
hurricane_harvey__901697659613966336__901697659613966336_0,misleading_text,,,,,,,,,,,
hurricane_harvey__901697659613966336__901697659613966336_0,misleading_joint,,,,,,,,,,,
california_wildfires__922569327034769408__922569327034769408_0,clean,,,,,,,,,,,
california_wildfires__922569327034769408__922569327034769408_0,benign_image,,,,,,,,,,,
california_wildfires__922569327034769408__922569327034769408_0,benign_text,,,,,,,,,,,
california_wildfires__922569327034769408__922569327034769408_0,benign_joint,,,,,,,,,,,
california_wildfires__922569327034769408__922569327034769408_0,direct_image,,,,,,,,,,,
california_wildfires__922569327034769408__922569327034769408_0,direct_text,,,,,,,,,,,
california_wildfires__922569327034769408__922569327034769408_0,direct_joint,,,,,,,,,,,
california_wildfires__922569327034769408__922569327034769408_0,misleading_image,,,,,,,,,,,
california_wildfires__922569327034769408__922569327034769408_0,misleading_text,,,,,,,,,,,
california_wildfires__922569327034769408__922569327034769408_0,misleading_joint,,,,,,,,,,,
hurricane_maria__916027872212656129__916027872212656129_0,clean,,,,,,,,,,,
hurricane_maria__916027872212656129__916027872212656129_0,benign_image,,,,,,,,,,,
hurricane_maria__916027872212656129__916027872212656129_0,benign_text,,,,,,,,,,,
hurricane_maria__916027872212656129__916027872212656129_0,benign_joint,,,,,,,,,,,
hurricane_maria__916027872212656129__916027872212656129_0,direct_image,,,,,,,,,,,
hurricane_maria__916027872212656129__916027872212656129_0,direct_text,,,,,,,,,,,
hurricane_maria__916027872212656129__916027872212656129_0,direct_joint,,,,,,,,,,,
hurricane_maria__916027872212656129__916027872212656129_0,misleading_image,,,,,,,,,,,
hurricane_maria__916027872212656129__916027872212656129_0,misleading_text,,,,,,,,,,,
hurricane_maria__916027872212656129__916027872212656129_0,misleading_joint,,,,,,,,,,,
hurricane_maria__910523398253461504__910523398253461504_3,clean,,,,,,,,,,,
hurricane_maria__910523398253461504__910523398253461504_3,benign_image,,,,,,,,,,,
hurricane_maria__910523398253461504__910523398253461504_3,benign_text,,,,,,,,,,,
hurricane_maria__910523398253461504__910523398253461504_3,benign_joint,,,,,,,,,,,
hurricane_maria__910523398253461504__910523398253461504_3,direct_image,,,,,,,,,,,
hurricane_maria__910523398253461504__910523398253461504_3,direct_text,,,,,,,,,,,
hurricane_maria__910523398253461504__910523398253461504_3,direct_joint,,,,,,,,,,,
hurricane_maria__910523398253461504__910523398253461504_3,misleading_image,,,,,,,,,,,
hurricane_maria__910523398253461504__910523398253461504_3,misleading_text,,,,,,,,,,,
hurricane_maria__910523398253461504__910523398253461504_3,misleading_joint,,,,,,,,,,,
hurricane_harvey__907051596810379264__907051596810379264_0,clean,,,,,,,,,,,
hurricane_harvey__907051596810379264__907051596810379264_0,benign_image,,,,,,,,,,,
hurricane_harvey__907051596810379264__907051596810379264_0,benign_text,,,,,,,,,,,
hurricane_harvey__907051596810379264__907051596810379264_0,benign_joint,,,,,,,,,,,
hurricane_harvey__907051596810379264__907051596810379264_0,direct_image,,,,,,,,,,,
hurricane_harvey__907051596810379264__907051596810379264_0,direct_text,,,,,,,,,,,
hurricane_harvey__907051596810379264__907051596810379264_0,direct_joint,,,,,,,,,,,
hurricane_harvey__907051596810379264__907051596810379264_0,misleading_image,,,,,,,,,,,
hurricane_harvey__907051596810379264__907051596810379264_0,misleading_text,,,,,,,,,,,
hurricane_harvey__907051596810379264__907051596810379264_0,misleading_joint,,,,,,,,,,,
hurricane_irma__909436803853189121__909436803853189121_0,clean,,,,,,,,,,,
hurricane_irma__909436803853189121__909436803853189121_0,benign_image,,,,,,,,,,,
hurricane_irma__909436803853189121__909436803853189121_0,benign_text,,,,,,,,,,,
hurricane_irma__909436803853189121__909436803853189121_0,benign_joint,,,,,,,,,,,
hurricane_irma__909436803853189121__909436803853189121_0,direct_image,,,,,,,,,,,
hurricane_irma__909436803853189121__909436803853189121_0,direct_text,,,,,,,,,,,
hurricane_irma__909436803853189121__909436803853189121_0,direct_joint,,,,,,,,,,,
hurricane_irma__909436803853189121__909436803853189121_0,misleading_image,,,,,,,,,,,
hurricane_irma__909436803853189121__909436803853189121_0,misleading_text,,,,,,,,,,,
hurricane_irma__909436803853189121__909436803853189121_0,misleading_joint,,,,,,,,,,,
hurricane_maria__910806102391918592__910806102391918592_0,clean,,,,,,,,,,,
hurricane_maria__910806102391918592__910806102391918592_0,benign_image,,,,,,,,,,,
hurricane_maria__910806102391918592__910806102391918592_0,benign_text,,,,,,,,,,,
hurricane_maria__910806102391918592__910806102391918592_0,benign_joint,,,,,,,,,,,
hurricane_maria__910806102391918592__910806102391918592_0,direct_image,,,,,,,,,,,
hurricane_maria__910806102391918592__910806102391918592_0,direct_text,,,,,,,,,,,
hurricane_maria__910806102391918592__910806102391918592_0,direct_joint,,,,,,,,,,,
hurricane_maria__910806102391918592__910806102391918592_0,misleading_image,,,,,,,,,,,
hurricane_maria__910806102391918592__910806102391918592_0,misleading_text,,,,,,,,,,,
hurricane_maria__910806102391918592__910806102391918592_0,misleading_joint,,,,,,,,,,,
hurricane_maria__911784420734115840__911784420734115840_0,clean,,,,,,,,,,,
hurricane_maria__911784420734115840__911784420734115840_0,benign_image,,,,,,,,,,,
hurricane_maria__911784420734115840__911784420734115840_0,benign_text,,,,,,,,,,,
hurricane_maria__911784420734115840__911784420734115840_0,benign_joint,,,,,,,,,,,
hurricane_maria__911784420734115840__911784420734115840_0,direct_image,,,,,,,,,,,
hurricane_maria__911784420734115840__911784420734115840_0,direct_text,,,,,,,,,,,
hurricane_maria__911784420734115840__911784420734115840_0,direct_joint,,,,,,,,,,,
hurricane_maria__911784420734115840__911784420734115840_0,misleading_image,,,,,,,,,,,
hurricane_maria__911784420734115840__911784420734115840_0,misleading_text,,,,,,,,,,,
hurricane_maria__911784420734115840__911784420734115840_0,misleading_joint,,,,,,,,,,,
hurricane_irma__909468250953658369__909468250953658369_0,clean,,,,,,,,,,,
hurricane_irma__909468250953658369__909468250953658369_0,benign_image,,,,,,,,,,,
hurricane_irma__909468250953658369__909468250953658369_0,benign_text,,,,,,,,,,,
hurricane_irma__909468250953658369__909468250953658369_0,benign_joint,,,,,,,,,,,
hurricane_irma__909468250953658369__909468250953658369_0,direct_image,,,,,,,,,,,
hurricane_irma__909468250953658369__909468250953658369_0,direct_text,,,,,,,,,,,
hurricane_irma__909468250953658369__909468250953658369_0,direct_joint,,,,,,,,,,,
hurricane_irma__909468250953658369__909468250953658369_0,misleading_image,,,,,,,,,,,
hurricane_irma__909468250953658369__909468250953658369_0,misleading_text,,,,,,,,,,,
hurricane_irma__909468250953658369__909468250953658369_0,misleading_joint,,,,,,,,,,,
california_wildfires__917846485965959168__917846485965959168_0,clean,,,,,,,,,,,
california_wildfires__917846485965959168__917846485965959168_0,benign_image,,,,,,,,,,,
california_wildfires__917846485965959168__917846485965959168_0,benign_text,,,,,,,,,,,
california_wildfires__917846485965959168__917846485965959168_0,benign_joint,,,,,,,,,,,
california_wildfires__917846485965959168__917846485965959168_0,direct_image,,,,,,,,,,,
california_wildfires__917846485965959168__917846485965959168_0,direct_text,,,,,,,,,,,
california_wildfires__917846485965959168__917846485965959168_0,direct_joint,,,,,,,,,,,
california_wildfires__917846485965959168__917846485965959168_0,misleading_image,,,,,,,,,,,
california_wildfires__917846485965959168__917846485965959168_0,misleading_text,,,,,,,,,,,
california_wildfires__917846485965959168__917846485965959168_0,misleading_joint,,,,,,,,,,,
hurricane_maria__910627521732972544__910627521732972544_0,clean,,,,,,,,,,,
hurricane_maria__910627521732972544__910627521732972544_0,benign_image,,,,,,,,,,,
hurricane_maria__910627521732972544__910627521732972544_0,benign_text,,,,,,,,,,,
hurricane_maria__910627521732972544__910627521732972544_0,benign_joint,,,,,,,,,,,
hurricane_maria__910627521732972544__910627521732972544_0,direct_image,,,,,,,,,,,
hurricane_maria__910627521732972544__910627521732972544_0,direct_text,,,,,,,,,,,
hurricane_maria__910627521732972544__910627521732972544_0,direct_joint,,,,,,,,,,,
hurricane_maria__910627521732972544__910627521732972544_0,misleading_image,,,,,,,,,,,
hurricane_maria__910627521732972544__910627521732972544_0,misleading_text,,,,,,,,,,,
hurricane_maria__910627521732972544__910627521732972544_0,misleading_joint,,,,,,,,,,,
hurricane_irma__909867927511486464__909867927511486464_0,clean,,,,,,,,,,,
hurricane_irma__909867927511486464__909867927511486464_0,benign_image,,,,,,,,,,,
hurricane_irma__909867927511486464__909867927511486464_0,benign_text,,,,,,,,,,,
hurricane_irma__909867927511486464__909867927511486464_0,benign_joint,,,,,,,,,,,
hurricane_irma__909867927511486464__909867927511486464_0,direct_image,,,,,,,,,,,
hurricane_irma__909867927511486464__909867927511486464_0,direct_text,,,,,,,,,,,
hurricane_irma__909867927511486464__909867927511486464_0,direct_joint,,,,,,,,,,,
hurricane_irma__909867927511486464__909867927511486464_0,misleading_image,,,,,,,,,,,
hurricane_irma__909867927511486464__909867927511486464_0,misleading_text,,,,,,,,,,,
hurricane_irma__909867927511486464__909867927511486464_0,misleading_joint,,,,,,,,,,,
hurricane_maria__922889146997211136__922889146997211136_0,clean,,,,,,,,,,,
hurricane_maria__922889146997211136__922889146997211136_0,benign_image,,,,,,,,,,,
hurricane_maria__922889146997211136__922889146997211136_0,benign_text,,,,,,,,,,,
hurricane_maria__922889146997211136__922889146997211136_0,benign_joint,,,,,,,,,,,
hurricane_maria__922889146997211136__922889146997211136_0,direct_image,,,,,,,,,,,
hurricane_maria__922889146997211136__922889146997211136_0,direct_text,,,,,,,,,,,
hurricane_maria__922889146997211136__922889146997211136_0,direct_joint,,,,,,,,,,,
hurricane_maria__922889146997211136__922889146997211136_0,misleading_image,,,,,,,,,,,
hurricane_maria__922889146997211136__922889146997211136_0,misleading_text,,,,,,,,,,,
hurricane_maria__922889146997211136__922889146997211136_0,misleading_joint,,,,,,,,,,,
hurricane_irma__910048648469319680__910048648469319680_0,clean,,,,,,,,,,,
hurricane_irma__910048648469319680__910048648469319680_0,benign_image,,,,,,,,,,,
hurricane_irma__910048648469319680__910048648469319680_0,benign_text,,,,,,,,,,,
hurricane_irma__910048648469319680__910048648469319680_0,benign_joint,,,,,,,,,,,
hurricane_irma__910048648469319680__910048648469319680_0,direct_image,,,,,,,,,,,
hurricane_irma__910048648469319680__910048648469319680_0,direct_text,,,,,,,,,,,
hurricane_irma__910048648469319680__910048648469319680_0,direct_joint,,,,,,,,,,,
hurricane_irma__910048648469319680__910048648469319680_0,misleading_image,,,,,,,,,,,
hurricane_irma__910048648469319680__910048648469319680_0,misleading_text,,,,,,,,,,,
hurricane_irma__910048648469319680__910048648469319680_0,misleading_joint,,,,,,,,,,,
california_wildfires__917837517562445824__917837517562445824_0,clean,,,,,,,,,,,
california_wildfires__917837517562445824__917837517562445824_0,benign_image,,,,,,,,,,,
california_wildfires__917837517562445824__917837517562445824_0,benign_text,,,,,,,,,,,
california_wildfires__917837517562445824__917837517562445824_0,benign_joint,,,,,,,,,,,
california_wildfires__917837517562445824__917837517562445824_0,direct_image,,,,,,,,,,,
california_wildfires__917837517562445824__917837517562445824_0,direct_text,,,,,,,,,,,
california_wildfires__917837517562445824__917837517562445824_0,direct_joint,,,,,,,,,,,
california_wildfires__917837517562445824__917837517562445824_0,misleading_image,,,,,,,,,,,
california_wildfires__917837517562445824__917837517562445824_0,misleading_text,,,,,,,,,,,
california_wildfires__917837517562445824__917837517562445824_0,misleading_joint,,,,,,,,,,,
hurricane_irma__909779299753971715__909779299753971715_0,clean,,,,,,,,,,,
hurricane_irma__909779299753971715__909779299753971715_0,benign_image,,,,,,,,,,,
hurricane_irma__909779299753971715__909779299753971715_0,benign_text,,,,,,,,,,,
hurricane_irma__909779299753971715__909779299753971715_0,benign_joint,,,,,,,,,,,
hurricane_irma__909779299753971715__909779299753971715_0,direct_image,,,,,,,,,,,
hurricane_irma__909779299753971715__909779299753971715_0,direct_text,,,,,,,,,,,
hurricane_irma__909779299753971715__909779299753971715_0,direct_joint,,,,,,,,,,,
hurricane_irma__909779299753971715__909779299753971715_0,misleading_image,,,,,,,,,,,
hurricane_irma__909779299753971715__909779299753971715_0,misleading_text,,,,,,,,,,,
hurricane_irma__909779299753971715__909779299753971715_0,misleading_joint,,,,,,,,,,,
hurricane_irma__905669512434917376__905669512434917376_0,clean,,,,,,,,,,,
hurricane_irma__905669512434917376__905669512434917376_0,benign_image,,,,,,,,,,,
hurricane_irma__905669512434917376__905669512434917376_0,benign_text,,,,,,,,,,,
hurricane_irma__905669512434917376__905669512434917376_0,benign_joint,,,,,,,,,,,
hurricane_irma__905669512434917376__905669512434917376_0,direct_image,,,,,,,,,,,
hurricane_irma__905669512434917376__905669512434917376_0,direct_text,,,,,,,,,,,
hurricane_irma__905669512434917376__905669512434917376_0,direct_joint,,,,,,,,,,,
hurricane_irma__905669512434917376__905669512434917376_0,misleading_image,,,,,,,,,,,
hurricane_irma__905669512434917376__905669512434917376_0,misleading_text,,,,,,,,,,,
hurricane_irma__905669512434917376__905669512434917376_0,misleading_joint,,,,,,,,,,,
california_wildfires__919935983314984960__919935983314984960_1,clean,,,,,,,,,,,
california_wildfires__919935983314984960__919935983314984960_1,benign_image,,,,,,,,,,,
california_wildfires__919935983314984960__919935983314984960_1,benign_text,,,,,,,,,,,
california_wildfires__919935983314984960__919935983314984960_1,benign_joint,,,,,,,,,,,
california_wildfires__919935983314984960__919935983314984960_1,direct_image,,,,,,,,,,,
california_wildfires__919935983314984960__919935983314984960_1,direct_text,,,,,,,,,,,
california_wildfires__919935983314984960__919935983314984960_1,direct_joint,,,,,,,,,,,
california_wildfires__919935983314984960__919935983314984960_1,misleading_image,,,,,,,,,,,
california_wildfires__919935983314984960__919935983314984960_1,misleading_text,,,,,,,,,,,
california_wildfires__919935983314984960__919935983314984960_1,misleading_joint,,,,,,,,,,,
hurricane_irma__909792262971842560__909792262971842560_0,clean,,,,,,,,,,,
hurricane_irma__909792262971842560__909792262971842560_0,benign_image,,,,,,,,,,,
hurricane_irma__909792262971842560__909792262971842560_0,benign_text,,,,,,,,,,,
hurricane_irma__909792262971842560__909792262971842560_0,benign_joint,,,,,,,,,,,
hurricane_irma__909792262971842560__909792262971842560_0,direct_image,,,,,,,,,,,
hurricane_irma__909792262971842560__909792262971842560_0,direct_text,,,,,,,,,,,
hurricane_irma__909792262971842560__909792262971842560_0,direct_joint,,,,,,,,,,,
hurricane_irma__909792262971842560__909792262971842560_0,misleading_image,,,,,,,,,,,
hurricane_irma__909792262971842560__909792262971842560_0,misleading_text,,,,,,,,,,,
hurricane_irma__909792262971842560__909792262971842560_0,misleading_joint,,,,,,,,,,,
hurricane_harvey__906851261881962497__906851261881962497_0,clean,,,,,,,,,,,
hurricane_harvey__906851261881962497__906851261881962497_0,benign_image,,,,,,,,,,,
hurricane_harvey__906851261881962497__906851261881962497_0,benign_text,,,,,,,,,,,
hurricane_harvey__906851261881962497__906851261881962497_0,benign_joint,,,,,,,,,,,
hurricane_harvey__906851261881962497__906851261881962497_0,direct_image,,,,,,,,,,,
hurricane_harvey__906851261881962497__906851261881962497_0,direct_text,,,,,,,,,,,
hurricane_harvey__906851261881962497__906851261881962497_0,direct_joint,,,,,,,,,,,
hurricane_harvey__906851261881962497__906851261881962497_0,misleading_image,,,,,,,,,,,
hurricane_harvey__906851261881962497__906851261881962497_0,misleading_text,,,,,,,,,,,
hurricane_harvey__906851261881962497__906851261881962497_0,misleading_joint,,,,,,,,,,,
california_wildfires__923760012735938560__923760012735938560_0,clean,,,,,,,,,,,
california_wildfires__923760012735938560__923760012735938560_0,benign_image,,,,,,,,,,,
california_wildfires__923760012735938560__923760012735938560_0,benign_text,,,,,,,,,,,
california_wildfires__923760012735938560__923760012735938560_0,benign_joint,,,,,,,,,,,
california_wildfires__923760012735938560__923760012735938560_0,direct_image,,,,,,,,,,,
california_wildfires__923760012735938560__923760012735938560_0,direct_text,,,,,,,,,,,
california_wildfires__923760012735938560__923760012735938560_0,direct_joint,,,,,,,,,,,
california_wildfires__923760012735938560__923760012735938560_0,misleading_image,,,,,,,,,,,
california_wildfires__923760012735938560__923760012735938560_0,misleading_text,,,,,,,,,,,
california_wildfires__923760012735938560__923760012735938560_0,misleading_joint,,,,,,,,,,,
california_wildfires__919592996521132032__919592996521132032_0,clean,,,,,,,,,,,
california_wildfires__919592996521132032__919592996521132032_0,benign_image,,,,,,,,,,,
california_wildfires__919592996521132032__919592996521132032_0,benign_text,,,,,,,,,,,
california_wildfires__919592996521132032__919592996521132032_0,benign_joint,,,,,,,,,,,
california_wildfires__919592996521132032__919592996521132032_0,direct_image,,,,,,,,,,,
california_wildfires__919592996521132032__919592996521132032_0,direct_text,,,,,,,,,,,
california_wildfires__919592996521132032__919592996521132032_0,direct_joint,,,,,,,,,,,
california_wildfires__919592996521132032__919592996521132032_0,misleading_image,,,,,,,,,,,
california_wildfires__919592996521132032__919592996521132032_0,misleading_text,,,,,,,,,,,
california_wildfires__919592996521132032__919592996521132032_0,misleading_joint,,,,,,,,,,,
iraq_iran_earthquake__930029077343490048__930029077343490048_0,clean,,,,,,,,,,,
iraq_iran_earthquake__930029077343490048__930029077343490048_0,benign_image,,,,,,,,,,,
iraq_iran_earthquake__930029077343490048__930029077343490048_0,benign_text,,,,,,,,,,,
iraq_iran_earthquake__930029077343490048__930029077343490048_0,benign_joint,,,,,,,,,,,
iraq_iran_earthquake__930029077343490048__930029077343490048_0,direct_image,,,,,,,,,,,
iraq_iran_earthquake__930029077343490048__930029077343490048_0,direct_text,,,,,,,,,,,
iraq_iran_earthquake__930029077343490048__930029077343490048_0,direct_joint,,,,,,,,,,,
iraq_iran_earthquake__930029077343490048__930029077343490048_0,misleading_image,,,,,,,,,,,
iraq_iran_earthquake__930029077343490048__930029077343490048_0,misleading_text,,,,,,,,,,,
iraq_iran_earthquake__930029077343490048__930029077343490048_0,misleading_joint,,,,,,,,,,,
hurricane_irma__909757909944369152__909757909944369152_0,clean,,,,,,,,,,,
hurricane_irma__909757909944369152__909757909944369152_0,benign_image,,,,,,,,,,,
hurricane_irma__909757909944369152__909757909944369152_0,benign_text,,,,,,,,,,,
hurricane_irma__909757909944369152__909757909944369152_0,benign_joint,,,,,,,,,,,
hurricane_irma__909757909944369152__909757909944369152_0,direct_image,,,,,,,,,,,
hurricane_irma__909757909944369152__909757909944369152_0,direct_text,,,,,,,,,,,
hurricane_irma__909757909944369152__909757909944369152_0,direct_joint,,,,,,,,,,,
hurricane_irma__909757909944369152__909757909944369152_0,misleading_image,,,,,,,,,,,
hurricane_irma__909757909944369152__909757909944369152_0,misleading_text,,,,,,,,,,,
hurricane_irma__909757909944369152__909757909944369152_0,misleading_joint,,,,,,,,,,,
hurricane_irma__909863311528820738__909863311528820738_0,clean,,,,,,,,,,,
hurricane_irma__909863311528820738__909863311528820738_0,benign_image,,,,,,,,,,,
hurricane_irma__909863311528820738__909863311528820738_0,benign_text,,,,,,,,,,,
hurricane_irma__909863311528820738__909863311528820738_0,benign_joint,,,,,,,,,,,
hurricane_irma__909863311528820738__909863311528820738_0,direct_image,,,,,,,,,,,
hurricane_irma__909863311528820738__909863311528820738_0,direct_text,,,,,,,,,,,
hurricane_irma__909863311528820738__909863311528820738_0,direct_joint,,,,,,,,,,,
hurricane_irma__909863311528820738__909863311528820738_0,misleading_image,,,,,,,,,,,
hurricane_irma__909863311528820738__909863311528820738_0,misleading_text,,,,,,,,,,,
hurricane_irma__909863311528820738__909863311528820738_0,misleading_joint,,,,,,,,,,,
hurricane_harvey__905405070526873600__905405070526873600_0,clean,,,,,,,,,,,
hurricane_harvey__905405070526873600__905405070526873600_0,benign_image,,,,,,,,,,,
hurricane_harvey__905405070526873600__905405070526873600_0,benign_text,,,,,,,,,,,
hurricane_harvey__905405070526873600__905405070526873600_0,benign_joint,,,,,,,,,,,
hurricane_harvey__905405070526873600__905405070526873600_0,direct_image,,,,,,,,,,,
hurricane_harvey__905405070526873600__905405070526873600_0,direct_text,,,,,,,,,,,
hurricane_harvey__905405070526873600__905405070526873600_0,direct_joint,,,,,,,,,,,
hurricane_harvey__905405070526873600__905405070526873600_0,misleading_image,,,,,,,,,,,
hurricane_harvey__905405070526873600__905405070526873600_0,misleading_text,,,,,,,,,,,
hurricane_harvey__905405070526873600__905405070526873600_0,misleading_joint,,,,,,,,,,,
hurricane_irma__910141087926378496__910141087926378496_0,clean,,,,,,,,,,,
hurricane_irma__910141087926378496__910141087926378496_0,benign_image,,,,,,,,,,,
hurricane_irma__910141087926378496__910141087926378496_0,benign_text,,,,,,,,,,,
hurricane_irma__910141087926378496__910141087926378496_0,benign_joint,,,,,,,,,,,
hurricane_irma__910141087926378496__910141087926378496_0,direct_image,,,,,,,,,,,
hurricane_irma__910141087926378496__910141087926378496_0,direct_text,,,,,,,,,,,
hurricane_irma__910141087926378496__910141087926378496_0,direct_joint,,,,,,,,,,,
hurricane_irma__910141087926378496__910141087926378496_0,misleading_image,,,,,,,,,,,
hurricane_irma__910141087926378496__910141087926378496_0,misleading_text,,,,,,,,,,,
hurricane_irma__910141087926378496__910141087926378496_0,misleading_joint,,,,,,,,,,,
hurricane_maria__913418300893392896__913418300893392896_0,clean,,,,,,,,,,,
hurricane_maria__913418300893392896__913418300893392896_0,benign_image,,,,,,,,,,,
hurricane_maria__913418300893392896__913418300893392896_0,benign_text,,,,,,,,,,,
hurricane_maria__913418300893392896__913418300893392896_0,benign_joint,,,,,,,,,,,
hurricane_maria__913418300893392896__913418300893392896_0,direct_image,,,,,,,,,,,
hurricane_maria__913418300893392896__913418300893392896_0,direct_text,,,,,,,,,,,
hurricane_maria__913418300893392896__913418300893392896_0,direct_joint,,,,,,,,,,,
hurricane_maria__913418300893392896__913418300893392896_0,misleading_image,,,,,,,,,,,
hurricane_maria__913418300893392896__913418300893392896_0,misleading_text,,,,,,,,,,,
hurricane_maria__913418300893392896__913418300893392896_0,misleading_joint,,,,,,,,,,,
hurricane_irma__905686913876582401__905686913876582401_0,clean,,,,,,,,,,,
hurricane_irma__905686913876582401__905686913876582401_0,benign_image,,,,,,,,,,,
hurricane_irma__905686913876582401__905686913876582401_0,benign_text,,,,,,,,,,,
hurricane_irma__905686913876582401__905686913876582401_0,benign_joint,,,,,,,,,,,
hurricane_irma__905686913876582401__905686913876582401_0,direct_image,,,,,,,,,,,
hurricane_irma__905686913876582401__905686913876582401_0,direct_text,,,,,,,,,,,
hurricane_irma__905686913876582401__905686913876582401_0,direct_joint,,,,,,,,,,,
hurricane_irma__905686913876582401__905686913876582401_0,misleading_image,,,,,,,,,,,
hurricane_irma__905686913876582401__905686913876582401_0,misleading_text,,,,,,,,,,,
hurricane_irma__905686913876582401__905686913876582401_0,misleading_joint,,,,,,,,,,,
hurricane_irma__909854852603367424__909854852603367424_0,clean,,,,,,,,,,,
hurricane_irma__909854852603367424__909854852603367424_0,benign_image,,,,,,,,,,,
hurricane_irma__909854852603367424__909854852603367424_0,benign_text,,,,,,,,,,,
hurricane_irma__909854852603367424__909854852603367424_0,benign_joint,,,,,,,,,,,
hurricane_irma__909854852603367424__909854852603367424_0,direct_image,,,,,,,,,,,
hurricane_irma__909854852603367424__909854852603367424_0,direct_text,,,,,,,,,,,
hurricane_irma__909854852603367424__909854852603367424_0,direct_joint,,,,,,,,,,,
hurricane_irma__909854852603367424__909854852603367424_0,misleading_image,,,,,,,,,,,
hurricane_irma__909854852603367424__909854852603367424_0,misleading_text,,,,,,,,,,,
hurricane_irma__909854852603367424__909854852603367424_0,misleading_joint,,,,,,,,,,,
hurricane_harvey__907252873565757441__907252873565757441_1,clean,,,,,,,,,,,
hurricane_harvey__907252873565757441__907252873565757441_1,benign_image,,,,,,,,,,,
hurricane_harvey__907252873565757441__907252873565757441_1,benign_text,,,,,,,,,,,
hurricane_harvey__907252873565757441__907252873565757441_1,benign_joint,,,,,,,,,,,
hurricane_harvey__907252873565757441__907252873565757441_1,direct_image,,,,,,,,,,,
hurricane_harvey__907252873565757441__907252873565757441_1,direct_text,,,,,,,,,,,
hurricane_harvey__907252873565757441__907252873565757441_1,direct_joint,,,,,,,,,,,
hurricane_harvey__907252873565757441__907252873565757441_1,misleading_image,,,,,,,,,,,
hurricane_harvey__907252873565757441__907252873565757441_1,misleading_text,,,,,,,,,,,
hurricane_harvey__907252873565757441__907252873565757441_1,misleading_joint,,,,,,,,,,,
hurricane_maria__913558949965783040__913558949965783040_0,clean,,,,,,,,,,,
hurricane_maria__913558949965783040__913558949965783040_0,benign_image,,,,,,,,,,,
hurricane_maria__913558949965783040__913558949965783040_0,benign_text,,,,,,,,,,,
hurricane_maria__913558949965783040__913558949965783040_0,benign_joint,,,,,,,,,,,
hurricane_maria__913558949965783040__913558949965783040_0,direct_image,,,,,,,,,,,
hurricane_maria__913558949965783040__913558949965783040_0,direct_text,,,,,,,,,,,
hurricane_maria__913558949965783040__913558949965783040_0,direct_joint,,,,,,,,,,,
hurricane_maria__913558949965783040__913558949965783040_0,misleading_image,,,,,,,,,,,
hurricane_maria__913558949965783040__913558949965783040_0,misleading_text,,,,,,,,,,,
hurricane_maria__913558949965783040__913558949965783040_0,misleading_joint,,,,,,,,,,,
hurricane_irma__905658650877763584__905658650877763584_0,clean,,,,,,,,,,,
hurricane_irma__905658650877763584__905658650877763584_0,benign_image,,,,,,,,,,,
hurricane_irma__905658650877763584__905658650877763584_0,benign_text,,,,,,,,,,,
hurricane_irma__905658650877763584__905658650877763584_0,benign_joint,,,,,,,,,,,
hurricane_irma__905658650877763584__905658650877763584_0,direct_image,,,,,,,,,,,
hurricane_irma__905658650877763584__905658650877763584_0,direct_text,,,,,,,,,,,
hurricane_irma__905658650877763584__905658650877763584_0,direct_joint,,,,,,,,,,,
hurricane_irma__905658650877763584__905658650877763584_0,misleading_image,,,,,,,,,,,
hurricane_irma__905658650877763584__905658650877763584_0,misleading_text,,,,,,,,,,,
hurricane_irma__905658650877763584__905658650877763584_0,misleading_joint,,,,,,,,,,,
hurricane_harvey__906048371714084864__906048371714084864_0,clean,,,,,,,,,,,
hurricane_harvey__906048371714084864__906048371714084864_0,benign_image,,,,,,,,,,,
hurricane_harvey__906048371714084864__906048371714084864_0,benign_text,,,,,,,,,,,
hurricane_harvey__906048371714084864__906048371714084864_0,benign_joint,,,,,,,,,,,
hurricane_harvey__906048371714084864__906048371714084864_0,direct_image,,,,,,,,,,,
hurricane_harvey__906048371714084864__906048371714084864_0,direct_text,,,,,,,,,,,
hurricane_harvey__906048371714084864__906048371714084864_0,direct_joint,,,,,,,,,,,
hurricane_harvey__906048371714084864__906048371714084864_0,misleading_image,,,,,,,,,,,
hurricane_harvey__906048371714084864__906048371714084864_0,misleading_text,,,,,,,,,,,
hurricane_harvey__906048371714084864__906048371714084864_0,misleading_joint,,,,,,,,,,,
hurricane_maria__912376048842665984__912376048842665984_3,clean,,,,,,,,,,,
hurricane_maria__912376048842665984__912376048842665984_3,benign_image,,,,,,,,,,,
hurricane_maria__912376048842665984__912376048842665984_3,benign_text,,,,,,,,,,,
hurricane_maria__912376048842665984__912376048842665984_3,benign_joint,,,,,,,,,,,
hurricane_maria__912376048842665984__912376048842665984_3,direct_image,,,,,,,,,,,
hurricane_maria__912376048842665984__912376048842665984_3,direct_text,,,,,,,,,,,
hurricane_maria__912376048842665984__912376048842665984_3,direct_joint,,,,,,,,,,,
hurricane_maria__912376048842665984__912376048842665984_3,misleading_image,,,,,,,,,,,
hurricane_maria__912376048842665984__912376048842665984_3,misleading_text,,,,,,,,,,,
hurricane_maria__912376048842665984__912376048842665984_3,misleading_joint,,,,,,,,,,,
hurricane_irma__909754364989923328__909754364989923328_0,clean,,,,,,,,,,,
hurricane_irma__909754364989923328__909754364989923328_0,benign_image,,,,,,,,,,,
hurricane_irma__909754364989923328__909754364989923328_0,benign_text,,,,,,,,,,,
hurricane_irma__909754364989923328__909754364989923328_0,benign_joint,,,,,,,,,,,
hurricane_irma__909754364989923328__909754364989923328_0,direct_image,,,,,,,,,,,
hurricane_irma__909754364989923328__909754364989923328_0,direct_text,,,,,,,,,,,
hurricane_irma__909754364989923328__909754364989923328_0,direct_joint,,,,,,,,,,,
hurricane_irma__909754364989923328__909754364989923328_0,misleading_image,,,,,,,,,,,
hurricane_irma__909754364989923328__909754364989923328_0,misleading_text,,,,,,,,,,,
hurricane_irma__909754364989923328__909754364989923328_0,misleading_joint,,,,,,,,,,,
hurricane_irma__906927330555305984__906927330555305984_0,clean,,,,,,,,,,,
hurricane_irma__906927330555305984__906927330555305984_0,benign_image,,,,,,,,,,,
hurricane_irma__906927330555305984__906927330555305984_0,benign_text,,,,,,,,,,,
hurricane_irma__906927330555305984__906927330555305984_0,benign_joint,,,,,,,,,,,
hurricane_irma__906927330555305984__906927330555305984_0,direct_image,,,,,,,,,,,
hurricane_irma__906927330555305984__906927330555305984_0,direct_text,,,,,,,,,,,
hurricane_irma__906927330555305984__906927330555305984_0,direct_joint,,,,,,,,,,,
hurricane_irma__906927330555305984__906927330555305984_0,misleading_image,,,,,,,,,,,
hurricane_irma__906927330555305984__906927330555305984_0,misleading_text,,,,,,,,,,,
hurricane_irma__906927330555305984__906927330555305984_0,misleading_joint,,,,,,,,,,,
hurricane_maria__921421609726029825__921421609726029825_0,clean,,,,,,,,,,,
hurricane_maria__921421609726029825__921421609726029825_0,benign_image,,,,,,,,,,,
hurricane_maria__921421609726029825__921421609726029825_0,benign_text,,,,,,,,,,,
hurricane_maria__921421609726029825__921421609726029825_0,benign_joint,,,,,,,,,,,
hurricane_maria__921421609726029825__921421609726029825_0,direct_image,,,,,,,,,,,
hurricane_maria__921421609726029825__921421609726029825_0,direct_text,,,,,,,,,,,
hurricane_maria__921421609726029825__921421609726029825_0,direct_joint,,,,,,,,,,,
hurricane_maria__921421609726029825__921421609726029825_0,misleading_image,,,,,,,,,,,
hurricane_maria__921421609726029825__921421609726029825_0,misleading_text,,,,,,,,,,,
hurricane_maria__921421609726029825__921421609726029825_0,misleading_joint,,,,,,,,,,,
hurricane_harvey__904449285831368704__904449285831368704_0,clean,,,,,,,,,,,
hurricane_harvey__904449285831368704__904449285831368704_0,benign_image,,,,,,,,,,,
hurricane_harvey__904449285831368704__904449285831368704_0,benign_text,,,,,,,,,,,
hurricane_harvey__904449285831368704__904449285831368704_0,benign_joint,,,,,,,,,,,
hurricane_harvey__904449285831368704__904449285831368704_0,direct_image,,,,,,,,,,,
hurricane_harvey__904449285831368704__904449285831368704_0,direct_text,,,,,,,,,,,
hurricane_harvey__904449285831368704__904449285831368704_0,direct_joint,,,,,,,,,,,
hurricane_harvey__904449285831368704__904449285831368704_0,misleading_image,,,,,,,,,,,
hurricane_harvey__904449285831368704__904449285831368704_0,misleading_text,,,,,,,,,,,
hurricane_harvey__904449285831368704__904449285831368704_0,misleading_joint,,,,,,,,,,,
hurricane_harvey__901714497332809728__901714497332809728_0,clean,,,,,,,,,,,
hurricane_harvey__901714497332809728__901714497332809728_0,benign_image,,,,,,,,,,,
hurricane_harvey__901714497332809728__901714497332809728_0,benign_text,,,,,,,,,,,
hurricane_harvey__901714497332809728__901714497332809728_0,benign_joint,,,,,,,,,,,
hurricane_harvey__901714497332809728__901714497332809728_0,direct_image,,,,,,,,,,,
hurricane_harvey__901714497332809728__901714497332809728_0,direct_text,,,,,,,,,,,
hurricane_harvey__901714497332809728__901714497332809728_0,direct_joint,,,,,,,,,,,
hurricane_harvey__901714497332809728__901714497332809728_0,misleading_image,,,,,,,,,,,
hurricane_harvey__901714497332809728__901714497332809728_0,misleading_text,,,,,,,,,,,
hurricane_harvey__901714497332809728__901714497332809728_0,misleading_joint,,,,,,,,,,,
hurricane_harvey__906200820961693697__906200820961693697_0,clean,,,,,,,,,,,
hurricane_harvey__906200820961693697__906200820961693697_0,benign_image,,,,,,,,,,,
hurricane_harvey__906200820961693697__906200820961693697_0,benign_text,,,,,,,,,,,
hurricane_harvey__906200820961693697__906200820961693697_0,benign_joint,,,,,,,,,,,
hurricane_harvey__906200820961693697__906200820961693697_0,direct_image,,,,,,,,,,,
hurricane_harvey__906200820961693697__906200820961693697_0,direct_text,,,,,,,,,,,
hurricane_harvey__906200820961693697__906200820961693697_0,direct_joint,,,,,,,,,,,
hurricane_harvey__906200820961693697__906200820961693697_0,misleading_image,,,,,,,,,,,
hurricane_harvey__906200820961693697__906200820961693697_0,misleading_text,,,,,,,,,,,
hurricane_harvey__906200820961693697__906200820961693697_0,misleading_joint,,,,,,,,,,,
hurricane_harvey__901835409440768000__901835409440768000_0,clean,,,,,,,,,,,
hurricane_harvey__901835409440768000__901835409440768000_0,benign_image,,,,,,,,,,,
hurricane_harvey__901835409440768000__901835409440768000_0,benign_text,,,,,,,,,,,
hurricane_harvey__901835409440768000__901835409440768000_0,benign_joint,,,,,,,,,,,
hurricane_harvey__901835409440768000__901835409440768000_0,direct_image,,,,,,,,,,,
hurricane_harvey__901835409440768000__901835409440768000_0,direct_text,,,,,,,,,,,
hurricane_harvey__901835409440768000__901835409440768000_0,direct_joint,,,,,,,,,,,
hurricane_harvey__901835409440768000__901835409440768000_0,misleading_image,,,,,,,,,,,
hurricane_harvey__901835409440768000__901835409440768000_0,misleading_text,,,,,,,,,,,
hurricane_harvey__901835409440768000__901835409440768000_0,misleading_joint,,,,,,,,,,,
srilanka_floods__870605057548443648__870605057548443648_0,clean,,,,,,,,,,,
srilanka_floods__870605057548443648__870605057548443648_0,benign_image,,,,,,,,,,,
srilanka_floods__870605057548443648__870605057548443648_0,benign_text,,,,,,,,,,,
srilanka_floods__870605057548443648__870605057548443648_0,benign_joint,,,,,,,,,,,
srilanka_floods__870605057548443648__870605057548443648_0,direct_image,,,,,,,,,,,
srilanka_floods__870605057548443648__870605057548443648_0,direct_text,,,,,,,,,,,
srilanka_floods__870605057548443648__870605057548443648_0,direct_joint,,,,,,,,,,,
srilanka_floods__870605057548443648__870605057548443648_0,misleading_image,,,,,,,,,,,
srilanka_floods__870605057548443648__870605057548443648_0,misleading_text,,,,,,,,,,,
srilanka_floods__870605057548443648__870605057548443648_0,misleading_joint,,,,,,,,,,,
hurricane_irma__910202655733112833__910202655733112833_0,clean,,,,,,,,,,,
hurricane_irma__910202655733112833__910202655733112833_0,benign_image,,,,,,,,,,,
hurricane_irma__910202655733112833__910202655733112833_0,benign_text,,,,,,,,,,,
hurricane_irma__910202655733112833__910202655733112833_0,benign_joint,,,,,,,,,,,
hurricane_irma__910202655733112833__910202655733112833_0,direct_image,,,,,,,,,,,
hurricane_irma__910202655733112833__910202655733112833_0,direct_text,,,,,,,,,,,
hurricane_irma__910202655733112833__910202655733112833_0,direct_joint,,,,,,,,,,,
hurricane_irma__910202655733112833__910202655733112833_0,misleading_image,,,,,,,,,,,
hurricane_irma__910202655733112833__910202655733112833_0,misleading_text,,,,,,,,,,,
hurricane_irma__910202655733112833__910202655733112833_0,misleading_joint,,,,,,,,,,,
hurricane_harvey__901650362410688513__901650362410688513_3,clean,,,,,,,,,,,
hurricane_harvey__901650362410688513__901650362410688513_3,benign_image,,,,,,,,,,,
hurricane_harvey__901650362410688513__901650362410688513_3,benign_text,,,,,,,,,,,
hurricane_harvey__901650362410688513__901650362410688513_3,benign_joint,,,,,,,,,,,
hurricane_harvey__901650362410688513__901650362410688513_3,direct_image,,,,,,,,,,,
hurricane_harvey__901650362410688513__901650362410688513_3,direct_text,,,,,,,,,,,
hurricane_harvey__901650362410688513__901650362410688513_3,direct_joint,,,,,,,,,,,
hurricane_harvey__901650362410688513__901650362410688513_3,misleading_image,,,,,,,,,,,
hurricane_harvey__901650362410688513__901650362410688513_3,misleading_text,,,,,,,,,,,
hurricane_harvey__901650362410688513__901650362410688513_3,misleading_joint,,,,,,,,,,,
hurricane_harvey__904989032031158274__904989032031158274_0,clean,,,,,,,,,,,
hurricane_harvey__904989032031158274__904989032031158274_0,benign_image,,,,,,,,,,,
hurricane_harvey__904989032031158274__904989032031158274_0,benign_text,,,,,,,,,,,
hurricane_harvey__904989032031158274__904989032031158274_0,benign_joint,,,,,,,,,,,
hurricane_harvey__904989032031158274__904989032031158274_0,direct_image,,,,,,,,,,,
hurricane_harvey__904989032031158274__904989032031158274_0,direct_text,,,,,,,,,,,
hurricane_harvey__904989032031158274__904989032031158274_0,direct_joint,,,,,,,,,,,
hurricane_harvey__904989032031158274__904989032031158274_0,misleading_image,,,,,,,,,,,
hurricane_harvey__904989032031158274__904989032031158274_0,misleading_text,,,,,,,,,,,
hurricane_harvey__904989032031158274__904989032031158274_0,misleading_joint,,,,,,,,,,,
hurricane_maria__922496274129129473__922496274129129473_0,clean,,,,,,,,,,,
hurricane_maria__922496274129129473__922496274129129473_0,benign_image,,,,,,,,,,,
hurricane_maria__922496274129129473__922496274129129473_0,benign_text,,,,,,,,,,,
hurricane_maria__922496274129129473__922496274129129473_0,benign_joint,,,,,,,,,,,
hurricane_maria__922496274129129473__922496274129129473_0,direct_image,,,,,,,,,,,
hurricane_maria__922496274129129473__922496274129129473_0,direct_text,,,,,,,,,,,
hurricane_maria__922496274129129473__922496274129129473_0,direct_joint,,,,,,,,,,,
hurricane_maria__922496274129129473__922496274129129473_0,misleading_image,,,,,,,,,,,
hurricane_maria__922496274129129473__922496274129129473_0,misleading_text,,,,,,,,,,,
hurricane_maria__922496274129129473__922496274129129473_0,misleading_joint,,,,,,,,,,,
hurricane_irma__909424536705265664__909424536705265664_0,clean,,,,,,,,,,,
hurricane_irma__909424536705265664__909424536705265664_0,benign_image,,,,,,,,,,,
hurricane_irma__909424536705265664__909424536705265664_0,benign_text,,,,,,,,,,,
hurricane_irma__909424536705265664__909424536705265664_0,benign_joint,,,,,,,,,,,
hurricane_irma__909424536705265664__909424536705265664_0,direct_image,,,,,,,,,,,
hurricane_irma__909424536705265664__909424536705265664_0,direct_text,,,,,,,,,,,
hurricane_irma__909424536705265664__909424536705265664_0,direct_joint,,,,,,,,,,,
hurricane_irma__909424536705265664__909424536705265664_0,misleading_image,,,,,,,,,,,
hurricane_irma__909424536705265664__909424536705265664_0,misleading_text,,,,,,,,,,,
hurricane_irma__909424536705265664__909424536705265664_0,misleading_joint,,,,,,,,,,,
hurricane_harvey__907967554789847041__907967554789847041_0,clean,,,,,,,,,,,
hurricane_harvey__907967554789847041__907967554789847041_0,benign_image,,,,,,,,,,,
hurricane_harvey__907967554789847041__907967554789847041_0,benign_text,,,,,,,,,,,
hurricane_harvey__907967554789847041__907967554789847041_0,benign_joint,,,,,,,,,,,
hurricane_harvey__907967554789847041__907967554789847041_0,direct_image,,,,,,,,,,,
hurricane_harvey__907967554789847041__907967554789847041_0,direct_text,,,,,,,,,,,
hurricane_harvey__907967554789847041__907967554789847041_0,direct_joint,,,,,,,,,,,
hurricane_harvey__907967554789847041__907967554789847041_0,misleading_image,,,,,,,,,,,
hurricane_harvey__907967554789847041__907967554789847041_0,misleading_text,,,,,,,,,,,
hurricane_harvey__907967554789847041__907967554789847041_0,misleading_joint,,,,,,,,,,,
hurricane_harvey__908767564997595139__908767564997595139_0,clean,,,,,,,,,,,
hurricane_harvey__908767564997595139__908767564997595139_0,benign_image,,,,,,,,,,,
hurricane_harvey__908767564997595139__908767564997595139_0,benign_text,,,,,,,,,,,
hurricane_harvey__908767564997595139__908767564997595139_0,benign_joint,,,,,,,,,,,
hurricane_harvey__908767564997595139__908767564997595139_0,direct_image,,,,,,,,,,,
hurricane_harvey__908767564997595139__908767564997595139_0,direct_text,,,,,,,,,,,
hurricane_harvey__908767564997595139__908767564997595139_0,direct_joint,,,,,,,,,,,
hurricane_harvey__908767564997595139__908767564997595139_0,misleading_image,,,,,,,,,,,
hurricane_harvey__908767564997595139__908767564997595139_0,misleading_text,,,,,,,,,,,
hurricane_harvey__908767564997595139__908767564997595139_0,misleading_joint,,,,,,,,,,,
hurricane_maria__922601042533007362__922601042533007362_0,clean,,,,,,,,,,,
hurricane_maria__922601042533007362__922601042533007362_0,benign_image,,,,,,,,,,,
hurricane_maria__922601042533007362__922601042533007362_0,benign_text,,,,,,,,,,,
hurricane_maria__922601042533007362__922601042533007362_0,benign_joint,,,,,,,,,,,
hurricane_maria__922601042533007362__922601042533007362_0,direct_image,,,,,,,,,,,
hurricane_maria__922601042533007362__922601042533007362_0,direct_text,,,,,,,,,,,
hurricane_maria__922601042533007362__922601042533007362_0,direct_joint,,,,,,,,,,,
hurricane_maria__922601042533007362__922601042533007362_0,misleading_image,,,,,,,,,,,
hurricane_maria__922601042533007362__922601042533007362_0,misleading_text,,,,,,,,,,,
hurricane_maria__922601042533007362__922601042533007362_0,misleading_joint,,,,,,,,,,,
hurricane_harvey__901701705909231616__901701705909231616_0,clean,,,,,,,,,,,
hurricane_harvey__901701705909231616__901701705909231616_0,benign_image,,,,,,,,,,,
hurricane_harvey__901701705909231616__901701705909231616_0,benign_text,,,,,,,,,,,
hurricane_harvey__901701705909231616__901701705909231616_0,benign_joint,,,,,,,,,,,
hurricane_harvey__901701705909231616__901701705909231616_0,direct_image,,,,,,,,,,,
hurricane_harvey__901701705909231616__901701705909231616_0,direct_text,,,,,,,,,,,
hurricane_harvey__901701705909231616__901701705909231616_0,direct_joint,,,,,,,,,,,
hurricane_harvey__901701705909231616__901701705909231616_0,misleading_image,,,,,,,,,,,
hurricane_harvey__901701705909231616__901701705909231616_0,misleading_text,,,,,,,,,,,
hurricane_harvey__901701705909231616__901701705909231616_0,misleading_joint,,,,,,,,,,,
california_wildfires__917956700149227520__917956700149227520_0,clean,,,,,,,,,,,
california_wildfires__917956700149227520__917956700149227520_0,benign_image,,,,,,,,,,,
california_wildfires__917956700149227520__917956700149227520_0,benign_text,,,,,,,,,,,
california_wildfires__917956700149227520__917956700149227520_0,benign_joint,,,,,,,,,,,
california_wildfires__917956700149227520__917956700149227520_0,direct_image,,,,,,,,,,,
california_wildfires__917956700149227520__917956700149227520_0,direct_text,,,,,,,,,,,
california_wildfires__917956700149227520__917956700149227520_0,direct_joint,,,,,,,,,,,
california_wildfires__917956700149227520__917956700149227520_0,misleading_image,,,,,,,,,,,
california_wildfires__917956700149227520__917956700149227520_0,misleading_text,,,,,,,,,,,
california_wildfires__917956700149227520__917956700149227520_0,misleading_joint,,,,,,,,,,,
hurricane_harvey__901701789279547392__901701789279547392_0,clean,,,,,,,,,,,
hurricane_harvey__901701789279547392__901701789279547392_0,benign_image,,,,,,,,,,,
hurricane_harvey__901701789279547392__901701789279547392_0,benign_text,,,,,,,,,,,
hurricane_harvey__901701789279547392__901701789279547392_0,benign_joint,,,,,,,,,,,
hurricane_harvey__901701789279547392__901701789279547392_0,direct_image,,,,,,,,,,,
hurricane_harvey__901701789279547392__901701789279547392_0,direct_text,,,,,,,,,,,
hurricane_harvey__901701789279547392__901701789279547392_0,direct_joint,,,,,,,,,,,
hurricane_harvey__901701789279547392__901701789279547392_0,misleading_image,,,,,,,,,,,
hurricane_harvey__901701789279547392__901701789279547392_0,misleading_text,,,,,,,,,,,
hurricane_harvey__901701789279547392__901701789279547392_0,misleading_joint,,,,,,,,,,,
mexico_earthquake__910525286009102336__910525286009102336_1,clean,,,,,,,,,,,
mexico_earthquake__910525286009102336__910525286009102336_1,benign_image,,,,,,,,,,,
mexico_earthquake__910525286009102336__910525286009102336_1,benign_text,,,,,,,,,,,
mexico_earthquake__910525286009102336__910525286009102336_1,benign_joint,,,,,,,,,,,
mexico_earthquake__910525286009102336__910525286009102336_1,direct_image,,,,,,,,,,,
mexico_earthquake__910525286009102336__910525286009102336_1,direct_text,,,,,,,,,,,
mexico_earthquake__910525286009102336__910525286009102336_1,direct_joint,,,,,,,,,,,
mexico_earthquake__910525286009102336__910525286009102336_1,misleading_image,,,,,,,,,,,
mexico_earthquake__910525286009102336__910525286009102336_1,misleading_text,,,,,,,,,,,
mexico_earthquake__910525286009102336__910525286009102336_1,misleading_joint,,,,,,,,,,,
hurricane_irma__910107780467617792__910107780467617792_0,clean,,,,,,,,,,,
hurricane_irma__910107780467617792__910107780467617792_0,benign_image,,,,,,,,,,,
hurricane_irma__910107780467617792__910107780467617792_0,benign_text,,,,,,,,,,,
hurricane_irma__910107780467617792__910107780467617792_0,benign_joint,,,,,,,,,,,
hurricane_irma__910107780467617792__910107780467617792_0,direct_image,,,,,,,,,,,
hurricane_irma__910107780467617792__910107780467617792_0,direct_text,,,,,,,,,,,
hurricane_irma__910107780467617792__910107780467617792_0,direct_joint,,,,,,,,,,,
hurricane_irma__910107780467617792__910107780467617792_0,misleading_image,,,,,,,,,,,
hurricane_irma__910107780467617792__910107780467617792_0,misleading_text,,,,,,,,,,,
hurricane_irma__910107780467617792__910107780467617792_0,misleading_joint,,,,,,,,,,,
hurricane_harvey__904842215620583425__904842215620583425_0,clean,,,,,,,,,,,
hurricane_harvey__904842215620583425__904842215620583425_0,benign_image,,,,,,,,,,,
hurricane_harvey__904842215620583425__904842215620583425_0,benign_text,,,,,,,,,,,
hurricane_harvey__904842215620583425__904842215620583425_0,benign_joint,,,,,,,,,,,
hurricane_harvey__904842215620583425__904842215620583425_0,direct_image,,,,,,,,,,,
hurricane_harvey__904842215620583425__904842215620583425_0,direct_text,,,,,,,,,,,
hurricane_harvey__904842215620583425__904842215620583425_0,direct_joint,,,,,,,,,,,
hurricane_harvey__904842215620583425__904842215620583425_0,misleading_image,,,,,,,,,,,
hurricane_harvey__904842215620583425__904842215620583425_0,misleading_text,,,,,,,,,,,
hurricane_harvey__904842215620583425__904842215620583425_0,misleading_joint,,,,,,,,,,,
iraq_iran_earthquake__930015299017105408__930015299017105408_1,clean,,,,,,,,,,,
iraq_iran_earthquake__930015299017105408__930015299017105408_1,benign_image,,,,,,,,,,,
iraq_iran_earthquake__930015299017105408__930015299017105408_1,benign_text,,,,,,,,,,,
iraq_iran_earthquake__930015299017105408__930015299017105408_1,benign_joint,,,,,,,,,,,
iraq_iran_earthquake__930015299017105408__930015299017105408_1,direct_image,,,,,,,,,,,
iraq_iran_earthquake__930015299017105408__930015299017105408_1,direct_text,,,,,,,,,,,
iraq_iran_earthquake__930015299017105408__930015299017105408_1,direct_joint,,,,,,,,,,,
iraq_iran_earthquake__930015299017105408__930015299017105408_1,misleading_image,,,,,,,,,,,
iraq_iran_earthquake__930015299017105408__930015299017105408_1,misleading_text,,,,,,,,,,,
iraq_iran_earthquake__930015299017105408__930015299017105408_1,misleading_joint,,,,,,,,,,,
hurricane_irma__909742125662789632__909742125662789632_0,clean,,,,,,,,,,,
hurricane_irma__909742125662789632__909742125662789632_0,benign_image,,,,,,,,,,,
hurricane_irma__909742125662789632__909742125662789632_0,benign_text,,,,,,,,,,,
hurricane_irma__909742125662789632__909742125662789632_0,benign_joint,,,,,,,,,,,
hurricane_irma__909742125662789632__909742125662789632_0,direct_image,,,,,,,,,,,
hurricane_irma__909742125662789632__909742125662789632_0,direct_text,,,,,,,,,,,
hurricane_irma__909742125662789632__909742125662789632_0,direct_joint,,,,,,,,,,,
hurricane_irma__909742125662789632__909742125662789632_0,misleading_image,,,,,,,,,,,
hurricane_irma__909742125662789632__909742125662789632_0,misleading_text,,,,,,,,,,,
hurricane_irma__909742125662789632__909742125662789632_0,misleading_joint,,,,,,,,,,,
hurricane_irma__909871998062362626__909871998062362626_0,clean,,,,,,,,,,,
hurricane_irma__909871998062362626__909871998062362626_0,benign_image,,,,,,,,,,,
hurricane_irma__909871998062362626__909871998062362626_0,benign_text,,,,,,,,,,,
hurricane_irma__909871998062362626__909871998062362626_0,benign_joint,,,,,,,,,,,
hurricane_irma__909871998062362626__909871998062362626_0,direct_image,,,,,,,,,,,
hurricane_irma__909871998062362626__909871998062362626_0,direct_text,,,,,,,,,,,
hurricane_irma__909871998062362626__909871998062362626_0,direct_joint,,,,,,,,,,,
hurricane_irma__909871998062362626__909871998062362626_0,misleading_image,,,,,,,,,,,
hurricane_irma__909871998062362626__909871998062362626_0,misleading_text,,,,,,,,,,,
hurricane_irma__909871998062362626__909871998062362626_0,misleading_joint,,,,,,,,,,,
california_wildfires__922184601069608961__922184601069608961_0,clean,,,,,,,,,,,
california_wildfires__922184601069608961__922184601069608961_0,benign_image,,,,,,,,,,,
california_wildfires__922184601069608961__922184601069608961_0,benign_text,,,,,,,,,,,
california_wildfires__922184601069608961__922184601069608961_0,benign_joint,,,,,,,,,,,
california_wildfires__922184601069608961__922184601069608961_0,direct_image,,,,,,,,,,,
california_wildfires__922184601069608961__922184601069608961_0,direct_text,,,,,,,,,,,
california_wildfires__922184601069608961__922184601069608961_0,direct_joint,,,,,,,,,,,
california_wildfires__922184601069608961__922184601069608961_0,misleading_image,,,,,,,,,,,
california_wildfires__922184601069608961__922184601069608961_0,misleading_text,,,,,,,,,,,
california_wildfires__922184601069608961__922184601069608961_0,misleading_joint,,,,,,,,,,,
mexico_earthquake__914159056201424896__914159056201424896_0,clean,,,,,,,,,,,
mexico_earthquake__914159056201424896__914159056201424896_0,benign_image,,,,,,,,,,,
mexico_earthquake__914159056201424896__914159056201424896_0,benign_text,,,,,,,,,,,
mexico_earthquake__914159056201424896__914159056201424896_0,benign_joint,,,,,,,,,,,
mexico_earthquake__914159056201424896__914159056201424896_0,direct_image,,,,,,,,,,,
mexico_earthquake__914159056201424896__914159056201424896_0,direct_text,,,,,,,,,,,
mexico_earthquake__914159056201424896__914159056201424896_0,direct_joint,,,,,,,,,,,
mexico_earthquake__914159056201424896__914159056201424896_0,misleading_image,,,,,,,,,,,
mexico_earthquake__914159056201424896__914159056201424896_0,misleading_text,,,,,,,,,,,
mexico_earthquake__914159056201424896__914159056201424896_0,misleading_joint,,,,,,,,,,,
hurricane_maria__914098064599781376__914098064599781376_0,clean,,,,,,,,,,,
hurricane_maria__914098064599781376__914098064599781376_0,benign_image,,,,,,,,,,,
hurricane_maria__914098064599781376__914098064599781376_0,benign_text,,,,,,,,,,,
hurricane_maria__914098064599781376__914098064599781376_0,benign_joint,,,,,,,,,,,
hurricane_maria__914098064599781376__914098064599781376_0,direct_image,,,,,,,,,,,
hurricane_maria__914098064599781376__914098064599781376_0,direct_text,,,,,,,,,,,
hurricane_maria__914098064599781376__914098064599781376_0,direct_joint,,,,,,,,,,,
hurricane_maria__914098064599781376__914098064599781376_0,misleading_image,,,,,,,,,,,
hurricane_maria__914098064599781376__914098064599781376_0,misleading_text,,,,,,,,,,,
hurricane_maria__914098064599781376__914098064599781376_0,misleading_joint,,,,,,,,,,,
srilanka_floods__870942570704019456__870942570704019456_2,clean,,,,,,,,,,,
srilanka_floods__870942570704019456__870942570704019456_2,benign_image,,,,,,,,,,,
srilanka_floods__870942570704019456__870942570704019456_2,benign_text,,,,,,,,,,,
srilanka_floods__870942570704019456__870942570704019456_2,benign_joint,,,,,,,,,,,
srilanka_floods__870942570704019456__870942570704019456_2,direct_image,,,,,,,,,,,
srilanka_floods__870942570704019456__870942570704019456_2,direct_text,,,,,,,,,,,
srilanka_floods__870942570704019456__870942570704019456_2,direct_joint,,,,,,,,,,,
srilanka_floods__870942570704019456__870942570704019456_2,misleading_image,,,,,,,,,,,
srilanka_floods__870942570704019456__870942570704019456_2,misleading_text,,,,,,,,,,,
srilanka_floods__870942570704019456__870942570704019456_2,misleading_joint,,,,,,,,,,,
hurricane_irma__909986077020229633__909986077020229633_0,clean,,,,,,,,,,,
hurricane_irma__909986077020229633__909986077020229633_0,benign_image,,,,,,,,,,,
hurricane_irma__909986077020229633__909986077020229633_0,benign_text,,,,,,,,,,,
hurricane_irma__909986077020229633__909986077020229633_0,benign_joint,,,,,,,,,,,
hurricane_irma__909986077020229633__909986077020229633_0,direct_image,,,,,,,,,,,
hurricane_irma__909986077020229633__909986077020229633_0,direct_text,,,,,,,,,,,
hurricane_irma__909986077020229633__909986077020229633_0,direct_joint,,,,,,,,,,,
hurricane_irma__909986077020229633__909986077020229633_0,misleading_image,,,,,,,,,,,
hurricane_irma__909986077020229633__909986077020229633_0,misleading_text,,,,,,,,,,,
hurricane_irma__909986077020229633__909986077020229633_0,misleading_joint,,,,,,,,,,,
hurricane_harvey__906563342189375488__906563342189375488_0,clean,,,,,,,,,,,
hurricane_harvey__906563342189375488__906563342189375488_0,benign_image,,,,,,,,,,,
hurricane_harvey__906563342189375488__906563342189375488_0,benign_text,,,,,,,,,,,
hurricane_harvey__906563342189375488__906563342189375488_0,benign_joint,,,,,,,,,,,
hurricane_harvey__906563342189375488__906563342189375488_0,direct_image,,,,,,,,,,,
hurricane_harvey__906563342189375488__906563342189375488_0,direct_text,,,,,,,,,,,
hurricane_harvey__906563342189375488__906563342189375488_0,direct_joint,,,,,,,,,,,
hurricane_harvey__906563342189375488__906563342189375488_0,misleading_image,,,,,,,,,,,
hurricane_harvey__906563342189375488__906563342189375488_0,misleading_text,,,,,,,,,,,
hurricane_harvey__906563342189375488__906563342189375488_0,misleading_joint,,,,,,,,,,,
hurricane_irma__909736545623658496__909736545623658496_0,clean,,,,,,,,,,,
hurricane_irma__909736545623658496__909736545623658496_0,benign_image,,,,,,,,,,,
hurricane_irma__909736545623658496__909736545623658496_0,benign_text,,,,,,,,,,,
hurricane_irma__909736545623658496__909736545623658496_0,benign_joint,,,,,,,,,,,
hurricane_irma__909736545623658496__909736545623658496_0,direct_image,,,,,,,,,,,
hurricane_irma__909736545623658496__909736545623658496_0,direct_text,,,,,,,,,,,
hurricane_irma__909736545623658496__909736545623658496_0,direct_joint,,,,,,,,,,,
hurricane_irma__909736545623658496__909736545623658496_0,misleading_image,,,,,,,,,,,
hurricane_irma__909736545623658496__909736545623658496_0,misleading_text,,,,,,,,,,,
hurricane_irma__909736545623658496__909736545623658496_0,misleading_joint,,,,,,,,,,,
hurricane_irma__905740321966891008__905740321966891008_0,clean,,,,,,,,,,,
hurricane_irma__905740321966891008__905740321966891008_0,benign_image,,,,,,,,,,,
hurricane_irma__905740321966891008__905740321966891008_0,benign_text,,,,,,,,,,,
hurricane_irma__905740321966891008__905740321966891008_0,benign_joint,,,,,,,,,,,
hurricane_irma__905740321966891008__905740321966891008_0,direct_image,,,,,,,,,,,
hurricane_irma__905740321966891008__905740321966891008_0,direct_text,,,,,,,,,,,
hurricane_irma__905740321966891008__905740321966891008_0,direct_joint,,,,,,,,,,,
hurricane_irma__905740321966891008__905740321966891008_0,misleading_image,,,,,,,,,,,
hurricane_irma__905740321966891008__905740321966891008_0,misleading_text,,,,,,,,,,,
hurricane_irma__905740321966891008__905740321966891008_0,misleading_joint,,,,,,,,,,,
hurricane_irma__909382743141822466__909382743141822466_0,clean,,,,,,,,,,,
hurricane_irma__909382743141822466__909382743141822466_0,benign_image,,,,,,,,,,,
hurricane_irma__909382743141822466__909382743141822466_0,benign_text,,,,,,,,,,,
hurricane_irma__909382743141822466__909382743141822466_0,benign_joint,,,,,,,,,,,
hurricane_irma__909382743141822466__909382743141822466_0,direct_image,,,,,,,,,,,
hurricane_irma__909382743141822466__909382743141822466_0,direct_text,,,,,,,,,,,
hurricane_irma__909382743141822466__909382743141822466_0,direct_joint,,,,,,,,,,,
hurricane_irma__909382743141822466__909382743141822466_0,misleading_image,,,,,,,,,,,
hurricane_irma__909382743141822466__909382743141822466_0,misleading_text,,,,,,,,,,,
hurricane_irma__909382743141822466__909382743141822466_0,misleading_joint,,,,,,,,,,,
hurricane_irma__909945317973417984__909945317973417984_0,clean,,,,,,,,,,,
hurricane_irma__909945317973417984__909945317973417984_0,benign_image,,,,,,,,,,,
hurricane_irma__909945317973417984__909945317973417984_0,benign_text,,,,,,,,,,,
hurricane_irma__909945317973417984__909945317973417984_0,benign_joint,,,,,,,,,,,
hurricane_irma__909945317973417984__909945317973417984_0,direct_image,,,,,,,,,,,
hurricane_irma__909945317973417984__909945317973417984_0,direct_text,,,,,,,,,,,
hurricane_irma__909945317973417984__909945317973417984_0,direct_joint,,,,,,,,,,,
hurricane_irma__909945317973417984__909945317973417984_0,misleading_image,,,,,,,,,,,
hurricane_irma__909945317973417984__909945317973417984_0,misleading_text,,,,,,,,,,,
hurricane_irma__909945317973417984__909945317973417984_0,misleading_joint,,,,,,,,,,,
hurricane_harvey__904211400360427520__904211400360427520_0,clean,,,,,,,,,,,
hurricane_harvey__904211400360427520__904211400360427520_0,benign_image,,,,,,,,,,,
hurricane_harvey__904211400360427520__904211400360427520_0,benign_text,,,,,,,,,,,
hurricane_harvey__904211400360427520__904211400360427520_0,benign_joint,,,,,,,,,,,
hurricane_harvey__904211400360427520__904211400360427520_0,direct_image,,,,,,,,,,,
hurricane_harvey__904211400360427520__904211400360427520_0,direct_text,,,,,,,,,,,
hurricane_harvey__904211400360427520__904211400360427520_0,direct_joint,,,,,,,,,,,
hurricane_harvey__904211400360427520__904211400360427520_0,misleading_image,,,,,,,,,,,
hurricane_harvey__904211400360427520__904211400360427520_0,misleading_text,,,,,,,,,,,
hurricane_harvey__904211400360427520__904211400360427520_0,misleading_joint,,,,,,,,,,,
hurricane_harvey__905306602416332800__905306602416332800_0,clean,,,,,,,,,,,
hurricane_harvey__905306602416332800__905306602416332800_0,benign_image,,,,,,,,,,,
hurricane_harvey__905306602416332800__905306602416332800_0,benign_text,,,,,,,,,,,
hurricane_harvey__905306602416332800__905306602416332800_0,benign_joint,,,,,,,,,,,
hurricane_harvey__905306602416332800__905306602416332800_0,direct_image,,,,,,,,,,,
hurricane_harvey__905306602416332800__905306602416332800_0,direct_text,,,,,,,,,,,
hurricane_harvey__905306602416332800__905306602416332800_0,direct_joint,,,,,,,,,,,
hurricane_harvey__905306602416332800__905306602416332800_0,misleading_image,,,,,,,,,,,
hurricane_harvey__905306602416332800__905306602416332800_0,misleading_text,,,,,,,,,,,
hurricane_harvey__905306602416332800__905306602416332800_0,misleading_joint,,,,,,,,,,,
hurricane_harvey__901779770236600321__901779770236600321_0,clean,,,,,,,,,,,
hurricane_harvey__901779770236600321__901779770236600321_0,benign_image,,,,,,,,,,,
hurricane_harvey__901779770236600321__901779770236600321_0,benign_text,,,,,,,,,,,
hurricane_harvey__901779770236600321__901779770236600321_0,benign_joint,,,,,,,,,,,
hurricane_harvey__901779770236600321__901779770236600321_0,direct_image,,,,,,,,,,,
hurricane_harvey__901779770236600321__901779770236600321_0,direct_text,,,,,,,,,,,
hurricane_harvey__901779770236600321__901779770236600321_0,direct_joint,,,,,,,,,,,
hurricane_harvey__901779770236600321__901779770236600321_0,misleading_image,,,,,,,,,,,
hurricane_harvey__901779770236600321__901779770236600321_0,misleading_text,,,,,,,,,,,
hurricane_harvey__901779770236600321__901779770236600321_0,misleading_joint,,,,,,,,,,,
california_wildfires__920202485926637568__920202485926637568_0,clean,,,,,,,,,,,
california_wildfires__920202485926637568__920202485926637568_0,benign_image,,,,,,,,,,,
california_wildfires__920202485926637568__920202485926637568_0,benign_text,,,,,,,,,,,
california_wildfires__920202485926637568__920202485926637568_0,benign_joint,,,,,,,,,,,
california_wildfires__920202485926637568__920202485926637568_0,direct_image,,,,,,,,,,,
california_wildfires__920202485926637568__920202485926637568_0,direct_text,,,,,,,,,,,
california_wildfires__920202485926637568__920202485926637568_0,direct_joint,,,,,,,,,,,
california_wildfires__920202485926637568__920202485926637568_0,misleading_image,,,,,,,,,,,
california_wildfires__920202485926637568__920202485926637568_0,misleading_text,,,,,,,,,,,
california_wildfires__920202485926637568__920202485926637568_0,misleading_joint,,,,,,,,,,,
hurricane_harvey__901650574785093632__901650574785093632_0,clean,,,,,,,,,,,
hurricane_harvey__901650574785093632__901650574785093632_0,benign_image,,,,,,,,,,,
hurricane_harvey__901650574785093632__901650574785093632_0,benign_text,,,,,,,,,,,
hurricane_harvey__901650574785093632__901650574785093632_0,benign_joint,,,,,,,,,,,
hurricane_harvey__901650574785093632__901650574785093632_0,direct_image,,,,,,,,,,,
hurricane_harvey__901650574785093632__901650574785093632_0,direct_text,,,,,,,,,,,
hurricane_harvey__901650574785093632__901650574785093632_0,direct_joint,,,,,,,,,,,
hurricane_harvey__901650574785093632__901650574785093632_0,misleading_image,,,,,,,,,,,
hurricane_harvey__901650574785093632__901650574785093632_0,misleading_text,,,,,,,,,,,
hurricane_harvey__901650574785093632__901650574785093632_0,misleading_joint,,,,,,,,,,,
hurricane_irma__909442846654001152__909442846654001152_0,clean,,,,,,,,,,,
hurricane_irma__909442846654001152__909442846654001152_0,benign_image,,,,,,,,,,,
hurricane_irma__909442846654001152__909442846654001152_0,benign_text,,,,,,,,,,,
hurricane_irma__909442846654001152__909442846654001152_0,benign_joint,,,,,,,,,,,
hurricane_irma__909442846654001152__909442846654001152_0,direct_image,,,,,,,,,,,
hurricane_irma__909442846654001152__909442846654001152_0,direct_text,,,,,,,,,,,
hurricane_irma__909442846654001152__909442846654001152_0,direct_joint,,,,,,,,,,,
hurricane_irma__909442846654001152__909442846654001152_0,misleading_image,,,,,,,,,,,
hurricane_irma__909442846654001152__909442846654001152_0,misleading_text,,,,,,,,,,,
hurricane_irma__909442846654001152__909442846654001152_0,misleading_joint,,,,,,,,,,,
california_wildfires__920859460725280770__920859460725280770_0,clean,,,,,,,,,,,
california_wildfires__920859460725280770__920859460725280770_0,benign_image,,,,,,,,,,,
california_wildfires__920859460725280770__920859460725280770_0,benign_text,,,,,,,,,,,
california_wildfires__920859460725280770__920859460725280770_0,benign_joint,,,,,,,,,,,
california_wildfires__920859460725280770__920859460725280770_0,direct_image,,,,,,,,,,,
california_wildfires__920859460725280770__920859460725280770_0,direct_text,,,,,,,,,,,
california_wildfires__920859460725280770__920859460725280770_0,direct_joint,,,,,,,,,,,
california_wildfires__920859460725280770__920859460725280770_0,misleading_image,,,,,,,,,,,
california_wildfires__920859460725280770__920859460725280770_0,misleading_text,,,,,,,,,,,
california_wildfires__920859460725280770__920859460725280770_0,misleading_joint,,,,,,,,,,,
hurricane_harvey__901776320232701953__901776320232701953_0,clean,,,,,,,,,,,
hurricane_harvey__901776320232701953__901776320232701953_0,benign_image,,,,,,,,,,,
hurricane_harvey__901776320232701953__901776320232701953_0,benign_text,,,,,,,,,,,
hurricane_harvey__901776320232701953__901776320232701953_0,benign_joint,,,,,,,,,,,
hurricane_harvey__901776320232701953__901776320232701953_0,direct_image,,,,,,,,,,,
hurricane_harvey__901776320232701953__901776320232701953_0,direct_text,,,,,,,,,,,
hurricane_harvey__901776320232701953__901776320232701953_0,direct_joint,,,,,,,,,,,
hurricane_harvey__901776320232701953__901776320232701953_0,misleading_image,,,,,,,,,,,
hurricane_harvey__901776320232701953__901776320232701953_0,misleading_text,,,,,,,,,,,
hurricane_harvey__901776320232701953__901776320232701953_0,misleading_joint,,,,,,,,,,,
srilanka_floods__870043559076007936__870043559076007936_0,clean,,,,,,,,,,,
srilanka_floods__870043559076007936__870043559076007936_0,benign_image,,,,,,,,,,,
srilanka_floods__870043559076007936__870043559076007936_0,benign_text,,,,,,,,,,,
srilanka_floods__870043559076007936__870043559076007936_0,benign_joint,,,,,,,,,,,
srilanka_floods__870043559076007936__870043559076007936_0,direct_image,,,,,,,,,,,
srilanka_floods__870043559076007936__870043559076007936_0,direct_text,,,,,,,,,,,
srilanka_floods__870043559076007936__870043559076007936_0,direct_joint,,,,,,,,,,,
srilanka_floods__870043559076007936__870043559076007936_0,misleading_image,,,,,,,,,,,
srilanka_floods__870043559076007936__870043559076007936_0,misleading_text,,,,,,,,,,,
srilanka_floods__870043559076007936__870043559076007936_0,misleading_joint,,,,,,,,,,,
hurricane_harvey__906984251538776071__906984251538776071_0,clean,,,,,,,,,,,
hurricane_harvey__906984251538776071__906984251538776071_0,benign_image,,,,,,,,,,,
hurricane_harvey__906984251538776071__906984251538776071_0,benign_text,,,,,,,,,,,
hurricane_harvey__906984251538776071__906984251538776071_0,benign_joint,,,,,,,,,,,
hurricane_harvey__906984251538776071__906984251538776071_0,direct_image,,,,,,,,,,,
hurricane_harvey__906984251538776071__906984251538776071_0,direct_text,,,,,,,,,,,
hurricane_harvey__906984251538776071__906984251538776071_0,direct_joint,,,,,,,,,,,
hurricane_harvey__906984251538776071__906984251538776071_0,misleading_image,,,,,,,,,,,
hurricane_harvey__906984251538776071__906984251538776071_0,misleading_text,,,,,,,,,,,
hurricane_harvey__906984251538776071__906984251538776071_0,misleading_joint,,,,,,,,,,,
hurricane_maria__914108093654376448__914108093654376448_1,clean,,,,,,,,,,,
hurricane_maria__914108093654376448__914108093654376448_1,benign_image,,,,,,,,,,,
hurricane_maria__914108093654376448__914108093654376448_1,benign_text,,,,,,,,,,,
hurricane_maria__914108093654376448__914108093654376448_1,benign_joint,,,,,,,,,,,
hurricane_maria__914108093654376448__914108093654376448_1,direct_image,,,,,,,,,,,
hurricane_maria__914108093654376448__914108093654376448_1,direct_text,,,,,,,,,,,
hurricane_maria__914108093654376448__914108093654376448_1,direct_joint,,,,,,,,,,,
hurricane_maria__914108093654376448__914108093654376448_1,misleading_image,,,,,,,,,,,
hurricane_maria__914108093654376448__914108093654376448_1,misleading_text,,,,,,,,,,,
hurricane_maria__914108093654376448__914108093654376448_1,misleading_joint,,,,,,,,,,,
hurricane_irma__910155666899292160__910155666899292160_0,clean,,,,,,,,,,,
hurricane_irma__910155666899292160__910155666899292160_0,benign_image,,,,,,,,,,,
hurricane_irma__910155666899292160__910155666899292160_0,benign_text,,,,,,,,,,,
hurricane_irma__910155666899292160__910155666899292160_0,benign_joint,,,,,,,,,,,
hurricane_irma__910155666899292160__910155666899292160_0,direct_image,,,,,,,,,,,
hurricane_irma__910155666899292160__910155666899292160_0,direct_text,,,,,,,,,,,
hurricane_irma__910155666899292160__910155666899292160_0,direct_joint,,,,,,,,,,,
hurricane_irma__910155666899292160__910155666899292160_0,misleading_image,,,,,,,,,,,
hurricane_irma__910155666899292160__910155666899292160_0,misleading_text,,,,,,,,,,,
hurricane_irma__910155666899292160__910155666899292160_0,misleading_joint,,,,,,,,,,,
hurricane_irma__909417984124506112__909417984124506112_0,clean,,,,,,,,,,,
hurricane_irma__909417984124506112__909417984124506112_0,benign_image,,,,,,,,,,,
hurricane_irma__909417984124506112__909417984124506112_0,benign_text,,,,,,,,,,,
hurricane_irma__909417984124506112__909417984124506112_0,benign_joint,,,,,,,,,,,
hurricane_irma__909417984124506112__909417984124506112_0,direct_image,,,,,,,,,,,
hurricane_irma__909417984124506112__909417984124506112_0,direct_text,,,,,,,,,,,
hurricane_irma__909417984124506112__909417984124506112_0,direct_joint,,,,,,,,,,,
hurricane_irma__909417984124506112__909417984124506112_0,misleading_image,,,,,,,,,,,
hurricane_irma__909417984124506112__909417984124506112_0,misleading_text,,,,,,,,,,,
hurricane_irma__909417984124506112__909417984124506112_0,misleading_joint,,,,,,,,,,,
hurricane_harvey__904919183762219008__904919183762219008_0,clean,,,,,,,,,,,
hurricane_harvey__904919183762219008__904919183762219008_0,benign_image,,,,,,,,,,,
hurricane_harvey__904919183762219008__904919183762219008_0,benign_text,,,,,,,,,,,
hurricane_harvey__904919183762219008__904919183762219008_0,benign_joint,,,,,,,,,,,
hurricane_harvey__904919183762219008__904919183762219008_0,direct_image,,,,,,,,,,,
hurricane_harvey__904919183762219008__904919183762219008_0,direct_text,,,,,,,,,,,
hurricane_harvey__904919183762219008__904919183762219008_0,direct_joint,,,,,,,,,,,
hurricane_harvey__904919183762219008__904919183762219008_0,misleading_image,,,,,,,,,,,
hurricane_harvey__904919183762219008__904919183762219008_0,misleading_text,,,,,,,,,,,
hurricane_harvey__904919183762219008__904919183762219008_0,misleading_joint,,,,,,,,,,,
hurricane_irma__909777512028401664__909777512028401664_0,clean,,,,,,,,,,,
hurricane_irma__909777512028401664__909777512028401664_0,benign_image,,,,,,,,,,,
hurricane_irma__909777512028401664__909777512028401664_0,benign_text,,,,,,,,,,,
hurricane_irma__909777512028401664__909777512028401664_0,benign_joint,,,,,,,,,,,
hurricane_irma__909777512028401664__909777512028401664_0,direct_image,,,,,,,,,,,
hurricane_irma__909777512028401664__909777512028401664_0,direct_text,,,,,,,,,,,
hurricane_irma__909777512028401664__909777512028401664_0,direct_joint,,,,,,,,,,,
hurricane_irma__909777512028401664__909777512028401664_0,misleading_image,,,,,,,,,,,
hurricane_irma__909777512028401664__909777512028401664_0,misleading_text,,,,,,,,,,,
hurricane_irma__909777512028401664__909777512028401664_0,misleading_joint,,,,,,,,,,,
hurricane_irma__909854830725910528__909854830725910528_0,clean,,,,,,,,,,,
hurricane_irma__909854830725910528__909854830725910528_0,benign_image,,,,,,,,,,,
hurricane_irma__909854830725910528__909854830725910528_0,benign_text,,,,,,,,,,,
hurricane_irma__909854830725910528__909854830725910528_0,benign_joint,,,,,,,,,,,
hurricane_irma__909854830725910528__909854830725910528_0,direct_image,,,,,,,,,,,
hurricane_irma__909854830725910528__909854830725910528_0,direct_text,,,,,,,,,,,
hurricane_irma__909854830725910528__909854830725910528_0,direct_joint,,,,,,,,,,,
hurricane_irma__909854830725910528__909854830725910528_0,misleading_image,,,,,,,,,,,
hurricane_irma__909854830725910528__909854830725910528_0,misleading_text,,,,,,,,,,,
hurricane_irma__909854830725910528__909854830725910528_0,misleading_joint,,,,,,,,,,,
hurricane_maria__923285999777669120__923285999777669120_0,clean,,,,,,,,,,,
hurricane_maria__923285999777669120__923285999777669120_0,benign_image,,,,,,,,,,,
hurricane_maria__923285999777669120__923285999777669120_0,benign_text,,,,,,,,,,,
hurricane_maria__923285999777669120__923285999777669120_0,benign_joint,,,,,,,,,,,
hurricane_maria__923285999777669120__923285999777669120_0,direct_image,,,,,,,,,,,
hurricane_maria__923285999777669120__923285999777669120_0,direct_text,,,,,,,,,,,
hurricane_maria__923285999777669120__923285999777669120_0,direct_joint,,,,,,,,,,,
hurricane_maria__923285999777669120__923285999777669120_0,misleading_image,,,,,,,,,,,
hurricane_maria__923285999777669120__923285999777669120_0,misleading_text,,,,,,,,,,,
hurricane_maria__923285999777669120__923285999777669120_0,misleading_joint,,,,,,,,,,,
hurricane_harvey__908037953204695047__908037953204695047_0,clean,,,,,,,,,,,
hurricane_harvey__908037953204695047__908037953204695047_0,benign_image,,,,,,,,,,,
hurricane_harvey__908037953204695047__908037953204695047_0,benign_text,,,,,,,,,,,
hurricane_harvey__908037953204695047__908037953204695047_0,benign_joint,,,,,,,,,,,
hurricane_harvey__908037953204695047__908037953204695047_0,direct_image,,,,,,,,,,,
hurricane_harvey__908037953204695047__908037953204695047_0,direct_text,,,,,,,,,,,
hurricane_harvey__908037953204695047__908037953204695047_0,direct_joint,,,,,,,,,,,
hurricane_harvey__908037953204695047__908037953204695047_0,misleading_image,,,,,,,,,,,
hurricane_harvey__908037953204695047__908037953204695047_0,misleading_text,,,,,,,,,,,
hurricane_harvey__908037953204695047__908037953204695047_0,misleading_joint,,,,,,,,,,,
mexico_earthquake__910658421338275845__910658421338275845_0,clean,,,,,,,,,,,
mexico_earthquake__910658421338275845__910658421338275845_0,benign_image,,,,,,,,,,,
mexico_earthquake__910658421338275845__910658421338275845_0,benign_text,,,,,,,,,,,
mexico_earthquake__910658421338275845__910658421338275845_0,benign_joint,,,,,,,,,,,
mexico_earthquake__910658421338275845__910658421338275845_0,direct_image,,,,,,,,,,,
mexico_earthquake__910658421338275845__910658421338275845_0,direct_text,,,,,,,,,,,
mexico_earthquake__910658421338275845__910658421338275845_0,direct_joint,,,,,,,,,,,
mexico_earthquake__910658421338275845__910658421338275845_0,misleading_image,,,,,,,,,,,
mexico_earthquake__910658421338275845__910658421338275845_0,misleading_text,,,,,,,,,,,
mexico_earthquake__910658421338275845__910658421338275845_0,misleading_joint,,,,,,,,,,,
california_wildfires__919752558926802944__919752558926802944_0,clean,,,,,,,,,,,
california_wildfires__919752558926802944__919752558926802944_0,benign_image,,,,,,,,,,,
california_wildfires__919752558926802944__919752558926802944_0,benign_text,,,,,,,,,,,
california_wildfires__919752558926802944__919752558926802944_0,benign_joint,,,,,,,,,,,
california_wildfires__919752558926802944__919752558926802944_0,direct_image,,,,,,,,,,,
california_wildfires__919752558926802944__919752558926802944_0,direct_text,,,,,,,,,,,
california_wildfires__919752558926802944__919752558926802944_0,direct_joint,,,,,,,,,,,
california_wildfires__919752558926802944__919752558926802944_0,misleading_image,,,,,,,,,,,
california_wildfires__919752558926802944__919752558926802944_0,misleading_text,,,,,,,,,,,
california_wildfires__919752558926802944__919752558926802944_0,misleading_joint,,,,,,,,,,,
hurricane_irma__910128100083724288__910128100083724288_0,clean,,,,,,,,,,,
hurricane_irma__910128100083724288__910128100083724288_0,benign_image,,,,,,,,,,,
hurricane_irma__910128100083724288__910128100083724288_0,benign_text,,,,,,,,,,,
hurricane_irma__910128100083724288__910128100083724288_0,benign_joint,,,,,,,,,,,
hurricane_irma__910128100083724288__910128100083724288_0,direct_image,,,,,,,,,,,
hurricane_irma__910128100083724288__910128100083724288_0,direct_text,,,,,,,,,,,
hurricane_irma__910128100083724288__910128100083724288_0,direct_joint,,,,,,,,,,,
hurricane_irma__910128100083724288__910128100083724288_0,misleading_image,,,,,,,,,,,
hurricane_irma__910128100083724288__910128100083724288_0,misleading_text,,,,,,,,,,,
hurricane_irma__910128100083724288__910128100083724288_0,misleading_joint,,,,,,,,,,,
hurricane_harvey__906344553204121601__906344553204121601_0,clean,,,,,,,,,,,
hurricane_harvey__906344553204121601__906344553204121601_0,benign_image,,,,,,,,,,,
hurricane_harvey__906344553204121601__906344553204121601_0,benign_text,,,,,,,,,,,
hurricane_harvey__906344553204121601__906344553204121601_0,benign_joint,,,,,,,,,,,
hurricane_harvey__906344553204121601__906344553204121601_0,direct_image,,,,,,,,,,,
hurricane_harvey__906344553204121601__906344553204121601_0,direct_text,,,,,,,,,,,
hurricane_harvey__906344553204121601__906344553204121601_0,direct_joint,,,,,,,,,,,
hurricane_harvey__906344553204121601__906344553204121601_0,misleading_image,,,,,,,,,,,
hurricane_harvey__906344553204121601__906344553204121601_0,misleading_text,,,,,,,,,,,
hurricane_harvey__906344553204121601__906344553204121601_0,misleading_joint,,,,,,,,,,,
hurricane_harvey__905420310081675267__905420310081675267_0,clean,,,,,,,,,,,
hurricane_harvey__905420310081675267__905420310081675267_0,benign_image,,,,,,,,,,,
hurricane_harvey__905420310081675267__905420310081675267_0,benign_text,,,,,,,,,,,
hurricane_harvey__905420310081675267__905420310081675267_0,benign_joint,,,,,,,,,,,
hurricane_harvey__905420310081675267__905420310081675267_0,direct_image,,,,,,,,,,,
hurricane_harvey__905420310081675267__905420310081675267_0,direct_text,,,,,,,,,,,
hurricane_harvey__905420310081675267__905420310081675267_0,direct_joint,,,,,,,,,,,
hurricane_harvey__905420310081675267__905420310081675267_0,misleading_image,,,,,,,,,,,
hurricane_harvey__905420310081675267__905420310081675267_0,misleading_text,,,,,,,,,,,
hurricane_harvey__905420310081675267__905420310081675267_0,misleading_joint,,,,,,,,,,,
california_wildfires__922161026912669698__922161026912669698_0,clean,,,,,,,,,,,
california_wildfires__922161026912669698__922161026912669698_0,benign_image,,,,,,,,,,,
california_wildfires__922161026912669698__922161026912669698_0,benign_text,,,,,,,,,,,
california_wildfires__922161026912669698__922161026912669698_0,benign_joint,,,,,,,,,,,
california_wildfires__922161026912669698__922161026912669698_0,direct_image,,,,,,,,,,,
california_wildfires__922161026912669698__922161026912669698_0,direct_text,,,,,,,,,,,
california_wildfires__922161026912669698__922161026912669698_0,direct_joint,,,,,,,,,,,
california_wildfires__922161026912669698__922161026912669698_0,misleading_image,,,,,,,,,,,
california_wildfires__922161026912669698__922161026912669698_0,misleading_text,,,,,,,,,,,
california_wildfires__922161026912669698__922161026912669698_0,misleading_joint,,,,,,,,,,,
hurricane_harvey__905562808166776832__905562808166776832_0,clean,,,,,,,,,,,
hurricane_harvey__905562808166776832__905562808166776832_0,benign_image,,,,,,,,,,,
hurricane_harvey__905562808166776832__905562808166776832_0,benign_text,,,,,,,,,,,
hurricane_harvey__905562808166776832__905562808166776832_0,benign_joint,,,,,,,,,,,
hurricane_harvey__905562808166776832__905562808166776832_0,direct_image,,,,,,,,,,,
hurricane_harvey__905562808166776832__905562808166776832_0,direct_text,,,,,,,,,,,
hurricane_harvey__905562808166776832__905562808166776832_0,direct_joint,,,,,,,,,,,
hurricane_harvey__905562808166776832__905562808166776832_0,misleading_image,,,,,,,,,,,
hurricane_harvey__905562808166776832__905562808166776832_0,misleading_text,,,,,,,,,,,
hurricane_harvey__905562808166776832__905562808166776832_0,misleading_joint,,,,,,,,,,,
hurricane_maria__922438575991459840__922438575991459840_1,clean,,,,,,,,,,,
hurricane_maria__922438575991459840__922438575991459840_1,benign_image,,,,,,,,,,,
hurricane_maria__922438575991459840__922438575991459840_1,benign_text,,,,,,,,,,,
hurricane_maria__922438575991459840__922438575991459840_1,benign_joint,,,,,,,,,,,
hurricane_maria__922438575991459840__922438575991459840_1,direct_image,,,,,,,,,,,
hurricane_maria__922438575991459840__922438575991459840_1,direct_text,,,,,,,,,,,
hurricane_maria__922438575991459840__922438575991459840_1,direct_joint,,,,,,,,,,,
hurricane_maria__922438575991459840__922438575991459840_1,misleading_image,,,,,,,,,,,
hurricane_maria__922438575991459840__922438575991459840_1,misleading_text,,,,,,,,,,,
hurricane_maria__922438575991459840__922438575991459840_1,misleading_joint,,,,,,,,,,,
hurricane_irma__909747923445002240__909747923445002240_0,clean,,,,,,,,,,,
hurricane_irma__909747923445002240__909747923445002240_0,benign_image,,,,,,,,,,,
hurricane_irma__909747923445002240__909747923445002240_0,benign_text,,,,,,,,,,,
hurricane_irma__909747923445002240__909747923445002240_0,benign_joint,,,,,,,,,,,
hurricane_irma__909747923445002240__909747923445002240_0,direct_image,,,,,,,,,,,
hurricane_irma__909747923445002240__909747923445002240_0,direct_text,,,,,,,,,,,
hurricane_irma__909747923445002240__909747923445002240_0,direct_joint,,,,,,,,,,,
hurricane_irma__909747923445002240__909747923445002240_0,misleading_image,,,,,,,,,,,
hurricane_irma__909747923445002240__909747923445002240_0,misleading_text,,,,,,,,,,,
hurricane_irma__909747923445002240__909747923445002240_0,misleading_joint,,,,,,,,,,,
iraq_iran_earthquake__930079107873783808__930079107873783808_0,clean,,,,,,,,,,,
iraq_iran_earthquake__930079107873783808__930079107873783808_0,benign_image,,,,,,,,,,,
iraq_iran_earthquake__930079107873783808__930079107873783808_0,benign_text,,,,,,,,,,,
iraq_iran_earthquake__930079107873783808__930079107873783808_0,benign_joint,,,,,,,,,,,
iraq_iran_earthquake__930079107873783808__930079107873783808_0,direct_image,,,,,,,,,,,
iraq_iran_earthquake__930079107873783808__930079107873783808_0,direct_text,,,,,,,,,,,
iraq_iran_earthquake__930079107873783808__930079107873783808_0,direct_joint,,,,,,,,,,,
iraq_iran_earthquake__930079107873783808__930079107873783808_0,misleading_image,,,,,,,,,,,
iraq_iran_earthquake__930079107873783808__930079107873783808_0,misleading_text,,,,,,,,,,,
iraq_iran_earthquake__930079107873783808__930079107873783808_0,misleading_joint,,,,,,,,,,,
hurricane_maria__914159730158735360__914159730158735360_0,clean,,,,,,,,,,,
hurricane_maria__914159730158735360__914159730158735360_0,benign_image,,,,,,,,,,,
hurricane_maria__914159730158735360__914159730158735360_0,benign_text,,,,,,,,,,,
hurricane_maria__914159730158735360__914159730158735360_0,benign_joint,,,,,,,,,,,
hurricane_maria__914159730158735360__914159730158735360_0,direct_image,,,,,,,,,,,
hurricane_maria__914159730158735360__914159730158735360_0,direct_text,,,,,,,,,,,
hurricane_maria__914159730158735360__914159730158735360_0,direct_joint,,,,,,,,,,,
hurricane_maria__914159730158735360__914159730158735360_0,misleading_image,,,,,,,,,,,
hurricane_maria__914159730158735360__914159730158735360_0,misleading_text,,,,,,,,,,,
hurricane_maria__914159730158735360__914159730158735360_0,misleading_joint,,,,,,,,,,,
hurricane_harvey__901688029521334272__901688029521334272_3,clean,,,,,,,,,,,
hurricane_harvey__901688029521334272__901688029521334272_3,benign_image,,,,,,,,,,,
hurricane_harvey__901688029521334272__901688029521334272_3,benign_text,,,,,,,,,,,
hurricane_harvey__901688029521334272__901688029521334272_3,benign_joint,,,,,,,,,,,
hurricane_harvey__901688029521334272__901688029521334272_3,direct_image,,,,,,,,,,,
hurricane_harvey__901688029521334272__901688029521334272_3,direct_text,,,,,,,,,,,
hurricane_harvey__901688029521334272__901688029521334272_3,direct_joint,,,,,,,,,,,
hurricane_harvey__901688029521334272__901688029521334272_3,misleading_image,,,,,,,,,,,
hurricane_harvey__901688029521334272__901688029521334272_3,misleading_text,,,,,,,,,,,
hurricane_harvey__901688029521334272__901688029521334272_3,misleading_joint,,,,,,,,,,,
hurricane_harvey__907638041661108224__907638041661108224_0,clean,,,,,,,,,,,
hurricane_harvey__907638041661108224__907638041661108224_0,benign_image,,,,,,,,,,,
hurricane_harvey__907638041661108224__907638041661108224_0,benign_text,,,,,,,,,,,
hurricane_harvey__907638041661108224__907638041661108224_0,benign_joint,,,,,,,,,,,
hurricane_harvey__907638041661108224__907638041661108224_0,direct_image,,,,,,,,,,,
hurricane_harvey__907638041661108224__907638041661108224_0,direct_text,,,,,,,,,,,
hurricane_harvey__907638041661108224__907638041661108224_0,direct_joint,,,,,,,,,,,
hurricane_harvey__907638041661108224__907638041661108224_0,misleading_image,,,,,,,,,,,
hurricane_harvey__907638041661108224__907638041661108224_0,misleading_text,,,,,,,,,,,
hurricane_harvey__907638041661108224__907638041661108224_0,misleading_joint,,,,,,,,,,,
hurricane_harvey__904670957247373312__904670957247373312_0,clean,,,,,,,,,,,
hurricane_harvey__904670957247373312__904670957247373312_0,benign_image,,,,,,,,,,,
hurricane_harvey__904670957247373312__904670957247373312_0,benign_text,,,,,,,,,,,
hurricane_harvey__904670957247373312__904670957247373312_0,benign_joint,,,,,,,,,,,
hurricane_harvey__904670957247373312__904670957247373312_0,direct_image,,,,,,,,,,,
hurricane_harvey__904670957247373312__904670957247373312_0,direct_text,,,,,,,,,,,
hurricane_harvey__904670957247373312__904670957247373312_0,direct_joint,,,,,,,,,,,
hurricane_harvey__904670957247373312__904670957247373312_0,misleading_image,,,,,,,,,,,
hurricane_harvey__904670957247373312__904670957247373312_0,misleading_text,,,,,,,,,,,
hurricane_harvey__904670957247373312__904670957247373312_0,misleading_joint,,,,,,,,,,,
hurricane_irma__909382127199821824__909382127199821824_0,clean,,,,,,,,,,,
hurricane_irma__909382127199821824__909382127199821824_0,benign_image,,,,,,,,,,,
hurricane_irma__909382127199821824__909382127199821824_0,benign_text,,,,,,,,,,,
hurricane_irma__909382127199821824__909382127199821824_0,benign_joint,,,,,,,,,,,
hurricane_irma__909382127199821824__909382127199821824_0,direct_image,,,,,,,,,,,
hurricane_irma__909382127199821824__909382127199821824_0,direct_text,,,,,,,,,,,
hurricane_irma__909382127199821824__909382127199821824_0,direct_joint,,,,,,,,,,,
hurricane_irma__909382127199821824__909382127199821824_0,misleading_image,,,,,,,,,,,
hurricane_irma__909382127199821824__909382127199821824_0,misleading_text,,,,,,,,,,,
hurricane_irma__909382127199821824__909382127199821824_0,misleading_joint,,,,,,,,,,,
iraq_iran_earthquake__930044157699280896__930044157699280896_0,clean,,,,,,,,,,,
iraq_iran_earthquake__930044157699280896__930044157699280896_0,benign_image,,,,,,,,,,,
iraq_iran_earthquake__930044157699280896__930044157699280896_0,benign_text,,,,,,,,,,,
iraq_iran_earthquake__930044157699280896__930044157699280896_0,benign_joint,,,,,,,,,,,
iraq_iran_earthquake__930044157699280896__930044157699280896_0,direct_image,,,,,,,,,,,
iraq_iran_earthquake__930044157699280896__930044157699280896_0,direct_text,,,,,,,,,,,
iraq_iran_earthquake__930044157699280896__930044157699280896_0,direct_joint,,,,,,,,,,,
iraq_iran_earthquake__930044157699280896__930044157699280896_0,misleading_image,,,,,,,,,,,
iraq_iran_earthquake__930044157699280896__930044157699280896_0,misleading_text,,,,,,,,,,,
iraq_iran_earthquake__930044157699280896__930044157699280896_0,misleading_joint,,,,,,,,,,,
california_wildfires__921425360373329920__921425360373329920_0,clean,,,,,,,,,,,
california_wildfires__921425360373329920__921425360373329920_0,benign_image,,,,,,,,,,,
california_wildfires__921425360373329920__921425360373329920_0,benign_text,,,,,,,,,,,
california_wildfires__921425360373329920__921425360373329920_0,benign_joint,,,,,,,,,,,
california_wildfires__921425360373329920__921425360373329920_0,direct_image,,,,,,,,,,,
california_wildfires__921425360373329920__921425360373329920_0,direct_text,,,,,,,,,,,
california_wildfires__921425360373329920__921425360373329920_0,direct_joint,,,,,,,,,,,
california_wildfires__921425360373329920__921425360373329920_0,misleading_image,,,,,,,,,,,
california_wildfires__921425360373329920__921425360373329920_0,misleading_text,,,,,,,,,,,
california_wildfires__921425360373329920__921425360373329920_0,misleading_joint,,,,,,,,,,,
hurricane_maria__912322653578461186__912322653578461186_0,clean,,,,,,,,,,,
hurricane_maria__912322653578461186__912322653578461186_0,benign_image,,,,,,,,,,,
hurricane_maria__912322653578461186__912322653578461186_0,benign_text,,,,,,,,,,,
hurricane_maria__912322653578461186__912322653578461186_0,benign_joint,,,,,,,,,,,
hurricane_maria__912322653578461186__912322653578461186_0,direct_image,,,,,,,,,,,
hurricane_maria__912322653578461186__912322653578461186_0,direct_text,,,,,,,,,,,
hurricane_maria__912322653578461186__912322653578461186_0,direct_joint,,,,,,,,,,,
hurricane_maria__912322653578461186__912322653578461186_0,misleading_image,,,,,,,,,,,
hurricane_maria__912322653578461186__912322653578461186_0,misleading_text,,,,,,,,,,,
hurricane_maria__912322653578461186__912322653578461186_0,misleading_joint,,,,,,,,,,,
hurricane_irma__909920437479624704__909920437479624704_1,clean,,,,,,,,,,,
hurricane_irma__909920437479624704__909920437479624704_1,benign_image,,,,,,,,,,,
hurricane_irma__909920437479624704__909920437479624704_1,benign_text,,,,,,,,,,,
hurricane_irma__909920437479624704__909920437479624704_1,benign_joint,,,,,,,,,,,
hurricane_irma__909920437479624704__909920437479624704_1,direct_image,,,,,,,,,,,
hurricane_irma__909920437479624704__909920437479624704_1,direct_text,,,,,,,,,,,
hurricane_irma__909920437479624704__909920437479624704_1,direct_joint,,,,,,,,,,,
hurricane_irma__909920437479624704__909920437479624704_1,misleading_image,,,,,,,,,,,
hurricane_irma__909920437479624704__909920437479624704_1,misleading_text,,,,,,,,,,,
hurricane_irma__909920437479624704__909920437479624704_1,misleading_joint,,,,,,,,,,,
hurricane_irma__910166284624711681__910166284624711681_0,clean,,,,,,,,,,,
hurricane_irma__910166284624711681__910166284624711681_0,benign_image,,,,,,,,,,,
hurricane_irma__910166284624711681__910166284624711681_0,benign_text,,,,,,,,,,,
hurricane_irma__910166284624711681__910166284624711681_0,benign_joint,,,,,,,,,,,
hurricane_irma__910166284624711681__910166284624711681_0,direct_image,,,,,,,,,,,
hurricane_irma__910166284624711681__910166284624711681_0,direct_text,,,,,,,,,,,
hurricane_irma__910166284624711681__910166284624711681_0,direct_joint,,,,,,,,,,,
hurricane_irma__910166284624711681__910166284624711681_0,misleading_image,,,,,,,,,,,
hurricane_irma__910166284624711681__910166284624711681_0,misleading_text,,,,,,,,,,,
hurricane_irma__910166284624711681__910166284624711681_0,misleading_joint,,,,,,,,,,,
hurricane_irma__906927950938873856__906927950938873856_0,clean,,,,,,,,,,,
hurricane_irma__906927950938873856__906927950938873856_0,benign_image,,,,,,,,,,,
hurricane_irma__906927950938873856__906927950938873856_0,benign_text,,,,,,,,,,,
hurricane_irma__906927950938873856__906927950938873856_0,benign_joint,,,,,,,,,,,
hurricane_irma__906927950938873856__906927950938873856_0,direct_image,,,,,,,,,,,
hurricane_irma__906927950938873856__906927950938873856_0,direct_text,,,,,,,,,,,
hurricane_irma__906927950938873856__906927950938873856_0,direct_joint,,,,,,,,,,,
hurricane_irma__906927950938873856__906927950938873856_0,misleading_image,,,,,,,,,,,
hurricane_irma__906927950938873856__906927950938873856_0,misleading_text,,,,,,,,,,,
hurricane_irma__906927950938873856__906927950938873856_0,misleading_joint,,,,,,,,,,,
hurricane_irma__905630574227927041__905630574227927041_0,clean,,,,,,,,,,,
hurricane_irma__905630574227927041__905630574227927041_0,benign_image,,,,,,,,,,,
hurricane_irma__905630574227927041__905630574227927041_0,benign_text,,,,,,,,,,,
hurricane_irma__905630574227927041__905630574227927041_0,benign_joint,,,,,,,,,,,
hurricane_irma__905630574227927041__905630574227927041_0,direct_image,,,,,,,,,,,
hurricane_irma__905630574227927041__905630574227927041_0,direct_text,,,,,,,,,,,
hurricane_irma__905630574227927041__905630574227927041_0,direct_joint,,,,,,,,,,,
hurricane_irma__905630574227927041__905630574227927041_0,misleading_image,,,,,,,,,,,
hurricane_irma__905630574227927041__905630574227927041_0,misleading_text,,,,,,,,,,,
hurricane_irma__905630574227927041__905630574227927041_0,misleading_joint,,,,,,,,,,,
hurricane_harvey__905819071849140224__905819071849140224_0,clean,,,,,,,,,,,
hurricane_harvey__905819071849140224__905819071849140224_0,benign_image,,,,,,,,,,,
hurricane_harvey__905819071849140224__905819071849140224_0,benign_text,,,,,,,,,,,
hurricane_harvey__905819071849140224__905819071849140224_0,benign_joint,,,,,,,,,,,
hurricane_harvey__905819071849140224__905819071849140224_0,direct_image,,,,,,,,,,,
hurricane_harvey__905819071849140224__905819071849140224_0,direct_text,,,,,,,,,,,
hurricane_harvey__905819071849140224__905819071849140224_0,direct_joint,,,,,,,,,,,
hurricane_harvey__905819071849140224__905819071849140224_0,misleading_image,,,,,,,,,,,
hurricane_harvey__905819071849140224__905819071849140224_0,misleading_text,,,,,,,,,,,
hurricane_harvey__905819071849140224__905819071849140224_0,misleading_joint,,,,,,,,,,,
srilanka_floods__872076035726204929__872076035726204929_0,clean,,,,,,,,,,,
srilanka_floods__872076035726204929__872076035726204929_0,benign_image,,,,,,,,,,,
srilanka_floods__872076035726204929__872076035726204929_0,benign_text,,,,,,,,,,,
srilanka_floods__872076035726204929__872076035726204929_0,benign_joint,,,,,,,,,,,
srilanka_floods__872076035726204929__872076035726204929_0,direct_image,,,,,,,,,,,
srilanka_floods__872076035726204929__872076035726204929_0,direct_text,,,,,,,,,,,
srilanka_floods__872076035726204929__872076035726204929_0,direct_joint,,,,,,,,,,,
srilanka_floods__872076035726204929__872076035726204929_0,misleading_image,,,,,,,,,,,
srilanka_floods__872076035726204929__872076035726204929_0,misleading_text,,,,,,,,,,,
srilanka_floods__872076035726204929__872076035726204929_0,misleading_joint,,,,,,,,,,,
california_wildfires__918111395555749893__918111395555749893_0,clean,,,,,,,,,,,
california_wildfires__918111395555749893__918111395555749893_0,benign_image,,,,,,,,,,,
california_wildfires__918111395555749893__918111395555749893_0,benign_text,,,,,,,,,,,
california_wildfires__918111395555749893__918111395555749893_0,benign_joint,,,,,,,,,,,
california_wildfires__918111395555749893__918111395555749893_0,direct_image,,,,,,,,,,,
california_wildfires__918111395555749893__918111395555749893_0,direct_text,,,,,,,,,,,
california_wildfires__918111395555749893__918111395555749893_0,direct_joint,,,,,,,,,,,
california_wildfires__918111395555749893__918111395555749893_0,misleading_image,,,,,,,,,,,
california_wildfires__918111395555749893__918111395555749893_0,misleading_text,,,,,,,,,,,
california_wildfires__918111395555749893__918111395555749893_0,misleading_joint,,,,,,,,,,,
srilanka_floods__876592481214881795__876592481214881795_0,clean,,,,,,,,,,,
srilanka_floods__876592481214881795__876592481214881795_0,benign_image,,,,,,,,,,,
srilanka_floods__876592481214881795__876592481214881795_0,benign_text,,,,,,,,,,,
srilanka_floods__876592481214881795__876592481214881795_0,benign_joint,,,,,,,,,,,
srilanka_floods__876592481214881795__876592481214881795_0,direct_image,,,,,,,,,,,
srilanka_floods__876592481214881795__876592481214881795_0,direct_text,,,,,,,,,,,
srilanka_floods__876592481214881795__876592481214881795_0,direct_joint,,,,,,,,,,,
srilanka_floods__876592481214881795__876592481214881795_0,misleading_image,,,,,,,,,,,
srilanka_floods__876592481214881795__876592481214881795_0,misleading_text,,,,,,,,,,,
srilanka_floods__876592481214881795__876592481214881795_0,misleading_joint,,,,,,,,,,,
hurricane_harvey__905863374122209281__905863374122209281_0,clean,,,,,,,,,,,
hurricane_harvey__905863374122209281__905863374122209281_0,benign_image,,,,,,,,,,,
hurricane_harvey__905863374122209281__905863374122209281_0,benign_text,,,,,,,,,,,
hurricane_harvey__905863374122209281__905863374122209281_0,benign_joint,,,,,,,,,,,
hurricane_harvey__905863374122209281__905863374122209281_0,direct_image,,,,,,,,,,,
hurricane_harvey__905863374122209281__905863374122209281_0,direct_text,,,,,,,,,,,
hurricane_harvey__905863374122209281__905863374122209281_0,direct_joint,,,,,,,,,,,
hurricane_harvey__905863374122209281__905863374122209281_0,misleading_image,,,,,,,,,,,
hurricane_harvey__905863374122209281__905863374122209281_0,misleading_text,,,,,,,,,,,
hurricane_harvey__905863374122209281__905863374122209281_0,misleading_joint,,,,,,,,,,,
hurricane_irma__909454690273730560__909454690273730560_0,clean,,,,,,,,,,,
hurricane_irma__909454690273730560__909454690273730560_0,benign_image,,,,,,,,,,,
hurricane_irma__909454690273730560__909454690273730560_0,benign_text,,,,,,,,,,,
hurricane_irma__909454690273730560__909454690273730560_0,benign_joint,,,,,,,,,,,
hurricane_irma__909454690273730560__909454690273730560_0,direct_image,,,,,,,,,,,
hurricane_irma__909454690273730560__909454690273730560_0,direct_text,,,,,,,,,,,
hurricane_irma__909454690273730560__909454690273730560_0,direct_joint,,,,,,,,,,,
hurricane_irma__909454690273730560__909454690273730560_0,misleading_image,,,,,,,,,,,
hurricane_irma__909454690273730560__909454690273730560_0,misleading_text,,,,,,,,,,,
hurricane_irma__909454690273730560__909454690273730560_0,misleading_joint,,,,,,,,,,,
iraq_iran_earthquake__930373217159712768__930373217159712768_0,clean,,,,,,,,,,,
iraq_iran_earthquake__930373217159712768__930373217159712768_0,benign_image,,,,,,,,,,,
iraq_iran_earthquake__930373217159712768__930373217159712768_0,benign_text,,,,,,,,,,,
iraq_iran_earthquake__930373217159712768__930373217159712768_0,benign_joint,,,,,,,,,,,
iraq_iran_earthquake__930373217159712768__930373217159712768_0,direct_image,,,,,,,,,,,
iraq_iran_earthquake__930373217159712768__930373217159712768_0,direct_text,,,,,,,,,,,
iraq_iran_earthquake__930373217159712768__930373217159712768_0,direct_joint,,,,,,,,,,,
iraq_iran_earthquake__930373217159712768__930373217159712768_0,misleading_image,,,,,,,,,,,
iraq_iran_earthquake__930373217159712768__930373217159712768_0,misleading_text,,,,,,,,,,,
iraq_iran_earthquake__930373217159712768__930373217159712768_0,misleading_joint,,,,,,,,,,,
hurricane_irma__910122628098248704__910122628098248704_0,clean,,,,,,,,,,,
hurricane_irma__910122628098248704__910122628098248704_0,benign_image,,,,,,,,,,,
hurricane_irma__910122628098248704__910122628098248704_0,benign_text,,,,,,,,,,,
hurricane_irma__910122628098248704__910122628098248704_0,benign_joint,,,,,,,,,,,
hurricane_irma__910122628098248704__910122628098248704_0,direct_image,,,,,,,,,,,
hurricane_irma__910122628098248704__910122628098248704_0,direct_text,,,,,,,,,,,
hurricane_irma__910122628098248704__910122628098248704_0,direct_joint,,,,,,,,,,,
hurricane_irma__910122628098248704__910122628098248704_0,misleading_image,,,,,,,,,,,
hurricane_irma__910122628098248704__910122628098248704_0,misleading_text,,,,,,,,,,,
hurricane_irma__910122628098248704__910122628098248704_0,misleading_joint,,,,,,,,,,,
california_wildfires__917829942133575681__917829942133575681_0,clean,,,,,,,,,,,
california_wildfires__917829942133575681__917829942133575681_0,benign_image,,,,,,,,,,,
california_wildfires__917829942133575681__917829942133575681_0,benign_text,,,,,,,,,,,
california_wildfires__917829942133575681__917829942133575681_0,benign_joint,,,,,,,,,,,
california_wildfires__917829942133575681__917829942133575681_0,direct_image,,,,,,,,,,,
california_wildfires__917829942133575681__917829942133575681_0,direct_text,,,,,,,,,,,
california_wildfires__917829942133575681__917829942133575681_0,direct_joint,,,,,,,,,,,
california_wildfires__917829942133575681__917829942133575681_0,misleading_image,,,,,,,,,,,
california_wildfires__917829942133575681__917829942133575681_0,misleading_text,,,,,,,,,,,
california_wildfires__917829942133575681__917829942133575681_0,misleading_joint,,,,,,,,,,,
hurricane_harvey__908862255512657920__908862255512657920_0,clean,,,,,,,,,,,
hurricane_harvey__908862255512657920__908862255512657920_0,benign_image,,,,,,,,,,,
hurricane_harvey__908862255512657920__908862255512657920_0,benign_text,,,,,,,,,,,
hurricane_harvey__908862255512657920__908862255512657920_0,benign_joint,,,,,,,,,,,
hurricane_harvey__908862255512657920__908862255512657920_0,direct_image,,,,,,,,,,,
hurricane_harvey__908862255512657920__908862255512657920_0,direct_text,,,,,,,,,,,
hurricane_harvey__908862255512657920__908862255512657920_0,direct_joint,,,,,,,,,,,
hurricane_harvey__908862255512657920__908862255512657920_0,misleading_image,,,,,,,,,,,
hurricane_harvey__908862255512657920__908862255512657920_0,misleading_text,,,,,,,,,,,
hurricane_harvey__908862255512657920__908862255512657920_0,misleading_joint,,,,,,,,,,,
mexico_earthquake__910655089211142145__910655089211142145_0,clean,,,,,,,,,,,
mexico_earthquake__910655089211142145__910655089211142145_0,benign_image,,,,,,,,,,,
mexico_earthquake__910655089211142145__910655089211142145_0,benign_text,,,,,,,,,,,
mexico_earthquake__910655089211142145__910655089211142145_0,benign_joint,,,,,,,,,,,
mexico_earthquake__910655089211142145__910655089211142145_0,direct_image,,,,,,,,,,,
mexico_earthquake__910655089211142145__910655089211142145_0,direct_text,,,,,,,,,,,
mexico_earthquake__910655089211142145__910655089211142145_0,direct_joint,,,,,,,,,,,
mexico_earthquake__910655089211142145__910655089211142145_0,misleading_image,,,,,,,,,,,
mexico_earthquake__910655089211142145__910655089211142145_0,misleading_text,,,,,,,,,,,
mexico_earthquake__910655089211142145__910655089211142145_0,misleading_joint,,,,,,,,,,,
srilanka_floods__872486971796598785__872486971796598785_0,clean,,,,,,,,,,,
srilanka_floods__872486971796598785__872486971796598785_0,benign_image,,,,,,,,,,,
srilanka_floods__872486971796598785__872486971796598785_0,benign_text,,,,,,,,,,,
srilanka_floods__872486971796598785__872486971796598785_0,benign_joint,,,,,,,,,,,
srilanka_floods__872486971796598785__872486971796598785_0,direct_image,,,,,,,,,,,
srilanka_floods__872486971796598785__872486971796598785_0,direct_text,,,,,,,,,,,
srilanka_floods__872486971796598785__872486971796598785_0,direct_joint,,,,,,,,,,,
srilanka_floods__872486971796598785__872486971796598785_0,misleading_image,,,,,,,,,,,
srilanka_floods__872486971796598785__872486971796598785_0,misleading_text,,,,,,,,,,,
srilanka_floods__872486971796598785__872486971796598785_0,misleading_joint,,,,,,,,,,,
mexico_earthquake__910609555821858816__910609555821858816_0,clean,,,,,,,,,,,
mexico_earthquake__910609555821858816__910609555821858816_0,benign_image,,,,,,,,,,,
mexico_earthquake__910609555821858816__910609555821858816_0,benign_text,,,,,,,,,,,
mexico_earthquake__910609555821858816__910609555821858816_0,benign_joint,,,,,,,,,,,
mexico_earthquake__910609555821858816__910609555821858816_0,direct_image,,,,,,,,,,,
mexico_earthquake__910609555821858816__910609555821858816_0,direct_text,,,,,,,,,,,
mexico_earthquake__910609555821858816__910609555821858816_0,direct_joint,,,,,,,,,,,
mexico_earthquake__910609555821858816__910609555821858816_0,misleading_image,,,,,,,,,,,
mexico_earthquake__910609555821858816__910609555821858816_0,misleading_text,,,,,,,,,,,
mexico_earthquake__910609555821858816__910609555821858816_0,misleading_joint,,,,,,,,,,,
hurricane_irma__910174179605057543__910174179605057543_0,clean,,,,,,,,,,,
hurricane_irma__910174179605057543__910174179605057543_0,benign_image,,,,,,,,,,,
hurricane_irma__910174179605057543__910174179605057543_0,benign_text,,,,,,,,,,,
hurricane_irma__910174179605057543__910174179605057543_0,benign_joint,,,,,,,,,,,
hurricane_irma__910174179605057543__910174179605057543_0,direct_image,,,,,,,,,,,
hurricane_irma__910174179605057543__910174179605057543_0,direct_text,,,,,,,,,,,
hurricane_irma__910174179605057543__910174179605057543_0,direct_joint,,,,,,,,,,,
hurricane_irma__910174179605057543__910174179605057543_0,misleading_image,,,,,,,,,,,
hurricane_irma__910174179605057543__910174179605057543_0,misleading_text,,,,,,,,,,,
hurricane_irma__910174179605057543__910174179605057543_0,misleading_joint,,,,,,,,,,,
hurricane_maria__923466082358263808__923466082358263808_0,clean,,,,,,,,,,,
hurricane_maria__923466082358263808__923466082358263808_0,benign_image,,,,,,,,,,,
hurricane_maria__923466082358263808__923466082358263808_0,benign_text,,,,,,,,,,,
hurricane_maria__923466082358263808__923466082358263808_0,benign_joint,,,,,,,,,,,
hurricane_maria__923466082358263808__923466082358263808_0,direct_image,,,,,,,,,,,
hurricane_maria__923466082358263808__923466082358263808_0,direct_text,,,,,,,,,,,
hurricane_maria__923466082358263808__923466082358263808_0,direct_joint,,,,,,,,,,,
hurricane_maria__923466082358263808__923466082358263808_0,misleading_image,,,,,,,,,,,
hurricane_maria__923466082358263808__923466082358263808_0,misleading_text,,,,,,,,,,,
hurricane_maria__923466082358263808__923466082358263808_0,misleading_joint,,,,,,,,,,,
hurricane_harvey__907735778914058241__907735778914058241_0,clean,,,,,,,,,,,
hurricane_harvey__907735778914058241__907735778914058241_0,benign_image,,,,,,,,,,,
hurricane_harvey__907735778914058241__907735778914058241_0,benign_text,,,,,,,,,,,
hurricane_harvey__907735778914058241__907735778914058241_0,benign_joint,,,,,,,,,,,
hurricane_harvey__907735778914058241__907735778914058241_0,direct_image,,,,,,,,,,,
hurricane_harvey__907735778914058241__907735778914058241_0,direct_text,,,,,,,,,,,
hurricane_harvey__907735778914058241__907735778914058241_0,direct_joint,,,,,,,,,,,
hurricane_harvey__907735778914058241__907735778914058241_0,misleading_image,,,,,,,,,,,
hurricane_harvey__907735778914058241__907735778914058241_0,misleading_text,,,,,,,,,,,
hurricane_harvey__907735778914058241__907735778914058241_0,misleading_joint,,,,,,,,,,,
hurricane_harvey__905556047984824322__905556047984824322_1,clean,,,,,,,,,,,
hurricane_harvey__905556047984824322__905556047984824322_1,benign_image,,,,,,,,,,,
hurricane_harvey__905556047984824322__905556047984824322_1,benign_text,,,,,,,,,,,
hurricane_harvey__905556047984824322__905556047984824322_1,benign_joint,,,,,,,,,,,
hurricane_harvey__905556047984824322__905556047984824322_1,direct_image,,,,,,,,,,,
hurricane_harvey__905556047984824322__905556047984824322_1,direct_text,,,,,,,,,,,
hurricane_harvey__905556047984824322__905556047984824322_1,direct_joint,,,,,,,,,,,
hurricane_harvey__905556047984824322__905556047984824322_1,misleading_image,,,,,,,,,,,
hurricane_harvey__905556047984824322__905556047984824322_1,misleading_text,,,,,,,,,,,
hurricane_harvey__905556047984824322__905556047984824322_1,misleading_joint,,,,,,,,,,,
hurricane_irma__910191733962616833__910191733962616833_0,clean,,,,,,,,,,,
hurricane_irma__910191733962616833__910191733962616833_0,benign_image,,,,,,,,,,,
hurricane_irma__910191733962616833__910191733962616833_0,benign_text,,,,,,,,,,,
hurricane_irma__910191733962616833__910191733962616833_0,benign_joint,,,,,,,,,,,
hurricane_irma__910191733962616833__910191733962616833_0,direct_image,,,,,,,,,,,
hurricane_irma__910191733962616833__910191733962616833_0,direct_text,,,,,,,,,,,
hurricane_irma__910191733962616833__910191733962616833_0,direct_joint,,,,,,,,,,,
hurricane_irma__910191733962616833__910191733962616833_0,misleading_image,,,,,,,,,,,
hurricane_irma__910191733962616833__910191733962616833_0,misleading_text,,,,,,,,,,,
hurricane_irma__910191733962616833__910191733962616833_0,misleading_joint,,,,,,,,,,,
hurricane_maria__916262602325528577__916262602325528577_0,clean,,,,,,,,,,,
hurricane_maria__916262602325528577__916262602325528577_0,benign_image,,,,,,,,,,,
hurricane_maria__916262602325528577__916262602325528577_0,benign_text,,,,,,,,,,,
hurricane_maria__916262602325528577__916262602325528577_0,benign_joint,,,,,,,,,,,
hurricane_maria__916262602325528577__916262602325528577_0,direct_image,,,,,,,,,,,
hurricane_maria__916262602325528577__916262602325528577_0,direct_text,,,,,,,,,,,
hurricane_maria__916262602325528577__916262602325528577_0,direct_joint,,,,,,,,,,,
hurricane_maria__916262602325528577__916262602325528577_0,misleading_image,,,,,,,,,,,
hurricane_maria__916262602325528577__916262602325528577_0,misleading_text,,,,,,,,,,,
hurricane_maria__916262602325528577__916262602325528577_0,misleading_joint,,,,,,,,,,,
hurricane_irma__909798840471080961__909798840471080961_0,clean,,,,,,,,,,,
hurricane_irma__909798840471080961__909798840471080961_0,benign_image,,,,,,,,,,,
hurricane_irma__909798840471080961__909798840471080961_0,benign_text,,,,,,,,,,,
hurricane_irma__909798840471080961__909798840471080961_0,benign_joint,,,,,,,,,,,
hurricane_irma__909798840471080961__909798840471080961_0,direct_image,,,,,,,,,,,
hurricane_irma__909798840471080961__909798840471080961_0,direct_text,,,,,,,,,,,
hurricane_irma__909798840471080961__909798840471080961_0,direct_joint,,,,,,,,,,,
hurricane_irma__909798840471080961__909798840471080961_0,misleading_image,,,,,,,,,,,
hurricane_irma__909798840471080961__909798840471080961_0,misleading_text,,,,,,,,,,,
hurricane_irma__909798840471080961__909798840471080961_0,misleading_joint,,,,,,,,,,,
hurricane_maria__923035424838254592__923035424838254592_0,clean,,,,,,,,,,,
hurricane_maria__923035424838254592__923035424838254592_0,benign_image,,,,,,,,,,,
hurricane_maria__923035424838254592__923035424838254592_0,benign_text,,,,,,,,,,,
hurricane_maria__923035424838254592__923035424838254592_0,benign_joint,,,,,,,,,,,
hurricane_maria__923035424838254592__923035424838254592_0,direct_image,,,,,,,,,,,
hurricane_maria__923035424838254592__923035424838254592_0,direct_text,,,,,,,,,,,
hurricane_maria__923035424838254592__923035424838254592_0,direct_joint,,,,,,,,,,,
hurricane_maria__923035424838254592__923035424838254592_0,misleading_image,,,,,,,,,,,
hurricane_maria__923035424838254592__923035424838254592_0,misleading_text,,,,,,,,,,,
hurricane_maria__923035424838254592__923035424838254592_0,misleading_joint,,,,,,,,,,,
hurricane_irma__910243501232685056__910243501232685056_0,clean,,,,,,,,,,,
hurricane_irma__910243501232685056__910243501232685056_0,benign_image,,,,,,,,,,,
hurricane_irma__910243501232685056__910243501232685056_0,benign_text,,,,,,,,,,,
hurricane_irma__910243501232685056__910243501232685056_0,benign_joint,,,,,,,,,,,
hurricane_irma__910243501232685056__910243501232685056_0,direct_image,,,,,,,,,,,
hurricane_irma__910243501232685056__910243501232685056_0,direct_text,,,,,,,,,,,
hurricane_irma__910243501232685056__910243501232685056_0,direct_joint,,,,,,,,,,,
hurricane_irma__910243501232685056__910243501232685056_0,misleading_image,,,,,,,,,,,
hurricane_irma__910243501232685056__910243501232685056_0,misleading_text,,,,,,,,,,,
hurricane_irma__910243501232685056__910243501232685056_0,misleading_joint,,,,,,,,,,,
mexico_earthquake__910803599680327681__910803599680327681_0,clean,,,,,,,,,,,
mexico_earthquake__910803599680327681__910803599680327681_0,benign_image,,,,,,,,,,,
mexico_earthquake__910803599680327681__910803599680327681_0,benign_text,,,,,,,,,,,
mexico_earthquake__910803599680327681__910803599680327681_0,benign_joint,,,,,,,,,,,
mexico_earthquake__910803599680327681__910803599680327681_0,direct_image,,,,,,,,,,,
mexico_earthquake__910803599680327681__910803599680327681_0,direct_text,,,,,,,,,,,
mexico_earthquake__910803599680327681__910803599680327681_0,direct_joint,,,,,,,,,,,
mexico_earthquake__910803599680327681__910803599680327681_0,misleading_image,,,,,,,,,,,
mexico_earthquake__910803599680327681__910803599680327681_0,misleading_text,,,,,,,,,,,
mexico_earthquake__910803599680327681__910803599680327681_0,misleading_joint,,,,,,,,,,,
hurricane_harvey__907315724275695616__907315724275695616_0,clean,,,,,,,,,,,
hurricane_harvey__907315724275695616__907315724275695616_0,benign_image,,,,,,,,,,,
hurricane_harvey__907315724275695616__907315724275695616_0,benign_text,,,,,,,,,,,
hurricane_harvey__907315724275695616__907315724275695616_0,benign_joint,,,,,,,,,,,
hurricane_harvey__907315724275695616__907315724275695616_0,direct_image,,,,,,,,,,,
hurricane_harvey__907315724275695616__907315724275695616_0,direct_text,,,,,,,,,,,
hurricane_harvey__907315724275695616__907315724275695616_0,direct_joint,,,,,,,,,,,
hurricane_harvey__907315724275695616__907315724275695616_0,misleading_image,,,,,,,,,,,
hurricane_harvey__907315724275695616__907315724275695616_0,misleading_text,,,,,,,,,,,
hurricane_harvey__907315724275695616__907315724275695616_0,misleading_joint,,,,,,,,,,,
hurricane_harvey__905114714816086016__905114714816086016_0,clean,,,,,,,,,,,
hurricane_harvey__905114714816086016__905114714816086016_0,benign_image,,,,,,,,,,,
hurricane_harvey__905114714816086016__905114714816086016_0,benign_text,,,,,,,,,,,
hurricane_harvey__905114714816086016__905114714816086016_0,benign_joint,,,,,,,,,,,
hurricane_harvey__905114714816086016__905114714816086016_0,direct_image,,,,,,,,,,,
hurricane_harvey__905114714816086016__905114714816086016_0,direct_text,,,,,,,,,,,
hurricane_harvey__905114714816086016__905114714816086016_0,direct_joint,,,,,,,,,,,
hurricane_harvey__905114714816086016__905114714816086016_0,misleading_image,,,,,,,,,,,
hurricane_harvey__905114714816086016__905114714816086016_0,misleading_text,,,,,,,,,,,
hurricane_harvey__905114714816086016__905114714816086016_0,misleading_joint,,,,,,,,,,,
california_wildfires__921975972085280769__921975972085280769_0,clean,,,,,,,,,,,
california_wildfires__921975972085280769__921975972085280769_0,benign_image,,,,,,,,,,,
california_wildfires__921975972085280769__921975972085280769_0,benign_text,,,,,,,,,,,
california_wildfires__921975972085280769__921975972085280769_0,benign_joint,,,,,,,,,,,
california_wildfires__921975972085280769__921975972085280769_0,direct_image,,,,,,,,,,,
california_wildfires__921975972085280769__921975972085280769_0,direct_text,,,,,,,,,,,
california_wildfires__921975972085280769__921975972085280769_0,direct_joint,,,,,,,,,,,
california_wildfires__921975972085280769__921975972085280769_0,misleading_image,,,,,,,,,,,
california_wildfires__921975972085280769__921975972085280769_0,misleading_text,,,,,,,,,,,
california_wildfires__921975972085280769__921975972085280769_0,misleading_joint,,,,,,,,,,,
hurricane_maria__911666490734268416__911666490734268416_0,clean,,,,,,,,,,,
hurricane_maria__911666490734268416__911666490734268416_0,benign_image,,,,,,,,,,,
hurricane_maria__911666490734268416__911666490734268416_0,benign_text,,,,,,,,,,,
hurricane_maria__911666490734268416__911666490734268416_0,benign_joint,,,,,,,,,,,
hurricane_maria__911666490734268416__911666490734268416_0,direct_image,,,,,,,,,,,
hurricane_maria__911666490734268416__911666490734268416_0,direct_text,,,,,,,,,,,
hurricane_maria__911666490734268416__911666490734268416_0,direct_joint,,,,,,,,,,,
hurricane_maria__911666490734268416__911666490734268416_0,misleading_image,,,,,,,,,,,
hurricane_maria__911666490734268416__911666490734268416_0,misleading_text,,,,,,,,,,,
hurricane_maria__911666490734268416__911666490734268416_0,misleading_joint,,,,,,,,,,,
mexico_earthquake__913102526383144961__913102526383144961_1,clean,,,,,,,,,,,
mexico_earthquake__913102526383144961__913102526383144961_1,benign_image,,,,,,,,,,,
mexico_earthquake__913102526383144961__913102526383144961_1,benign_text,,,,,,,,,,,
mexico_earthquake__913102526383144961__913102526383144961_1,benign_joint,,,,,,,,,,,
mexico_earthquake__913102526383144961__913102526383144961_1,direct_image,,,,,,,,,,,
mexico_earthquake__913102526383144961__913102526383144961_1,direct_text,,,,,,,,,,,
mexico_earthquake__913102526383144961__913102526383144961_1,direct_joint,,,,,,,,,,,
mexico_earthquake__913102526383144961__913102526383144961_1,misleading_image,,,,,,,,,,,
mexico_earthquake__913102526383144961__913102526383144961_1,misleading_text,,,,,,,,,,,
mexico_earthquake__913102526383144961__913102526383144961_1,misleading_joint,,,,,,,,,,,
hurricane_maria__911615425099608064__911615425099608064_0,clean,,,,,,,,,,,
hurricane_maria__911615425099608064__911615425099608064_0,benign_image,,,,,,,,,,,
hurricane_maria__911615425099608064__911615425099608064_0,benign_text,,,,,,,,,,,
hurricane_maria__911615425099608064__911615425099608064_0,benign_joint,,,,,,,,,,,
hurricane_maria__911615425099608064__911615425099608064_0,direct_image,,,,,,,,,,,
hurricane_maria__911615425099608064__911615425099608064_0,direct_text,,,,,,,,,,,
hurricane_maria__911615425099608064__911615425099608064_0,direct_joint,,,,,,,,,,,
hurricane_maria__911615425099608064__911615425099608064_0,misleading_image,,,,,,,,,,,
hurricane_maria__911615425099608064__911615425099608064_0,misleading_text,,,,,,,,,,,
hurricane_maria__911615425099608064__911615425099608064_0,misleading_joint,,,,,,,,,,,
iraq_iran_earthquake__930068973206622213__930068973206622213_1,clean,,,,,,,,,,,
iraq_iran_earthquake__930068973206622213__930068973206622213_1,benign_image,,,,,,,,,,,
iraq_iran_earthquake__930068973206622213__930068973206622213_1,benign_text,,,,,,,,,,,
iraq_iran_earthquake__930068973206622213__930068973206622213_1,benign_joint,,,,,,,,,,,
iraq_iran_earthquake__930068973206622213__930068973206622213_1,direct_image,,,,,,,,,,,
iraq_iran_earthquake__930068973206622213__930068973206622213_1,direct_text,,,,,,,,,,,
iraq_iran_earthquake__930068973206622213__930068973206622213_1,direct_joint,,,,,,,,,,,
iraq_iran_earthquake__930068973206622213__930068973206622213_1,misleading_image,,,,,,,,,,,
iraq_iran_earthquake__930068973206622213__930068973206622213_1,misleading_text,,,,,,,,,,,
iraq_iran_earthquake__930068973206622213__930068973206622213_1,misleading_joint,,,,,,,,,,,
hurricane_harvey__904779114506326016__904779114506326016_0,clean,,,,,,,,,,,
hurricane_harvey__904779114506326016__904779114506326016_0,benign_image,,,,,,,,,,,
hurricane_harvey__904779114506326016__904779114506326016_0,benign_text,,,,,,,,,,,
hurricane_harvey__904779114506326016__904779114506326016_0,benign_joint,,,,,,,,,,,
hurricane_harvey__904779114506326016__904779114506326016_0,direct_image,,,,,,,,,,,
hurricane_harvey__904779114506326016__904779114506326016_0,direct_text,,,,,,,,,,,
hurricane_harvey__904779114506326016__904779114506326016_0,direct_joint,,,,,,,,,,,
hurricane_harvey__904779114506326016__904779114506326016_0,misleading_image,,,,,,,,,,,
hurricane_harvey__904779114506326016__904779114506326016_0,misleading_text,,,,,,,,,,,
hurricane_harvey__904779114506326016__904779114506326016_0,misleading_joint,,,,,,,,,,,
hurricane_irma__909481301274587136__909481301274587136_3,clean,,,,,,,,,,,
hurricane_irma__909481301274587136__909481301274587136_3,benign_image,,,,,,,,,,,
hurricane_irma__909481301274587136__909481301274587136_3,benign_text,,,,,,,,,,,
hurricane_irma__909481301274587136__909481301274587136_3,benign_joint,,,,,,,,,,,
hurricane_irma__909481301274587136__909481301274587136_3,direct_image,,,,,,,,,,,
hurricane_irma__909481301274587136__909481301274587136_3,direct_text,,,,,,,,,,,
hurricane_irma__909481301274587136__909481301274587136_3,direct_joint,,,,,,,,,,,
hurricane_irma__909481301274587136__909481301274587136_3,misleading_image,,,,,,,,,,,
hurricane_irma__909481301274587136__909481301274587136_3,misleading_text,,,,,,,,,,,
hurricane_irma__909481301274587136__909481301274587136_3,misleading_joint,,,,,,,,,,,
california_wildfires__920349606717792256__920349606717792256_0,clean,,,,,,,,,,,
california_wildfires__920349606717792256__920349606717792256_0,benign_image,,,,,,,,,,,
california_wildfires__920349606717792256__920349606717792256_0,benign_text,,,,,,,,,,,
california_wildfires__920349606717792256__920349606717792256_0,benign_joint,,,,,,,,,,,
california_wildfires__920349606717792256__920349606717792256_0,direct_image,,,,,,,,,,,
california_wildfires__920349606717792256__920349606717792256_0,direct_text,,,,,,,,,,,
california_wildfires__920349606717792256__920349606717792256_0,direct_joint,,,,,,,,,,,
california_wildfires__920349606717792256__920349606717792256_0,misleading_image,,,,,,,,,,,
california_wildfires__920349606717792256__920349606717792256_0,misleading_text,,,,,,,,,,,
california_wildfires__920349606717792256__920349606717792256_0,misleading_joint,,,,,,,,,,,
hurricane_harvey__906792024094986240__906792024094986240_0,clean,,,,,,,,,,,
hurricane_harvey__906792024094986240__906792024094986240_0,benign_image,,,,,,,,,,,
hurricane_harvey__906792024094986240__906792024094986240_0,benign_text,,,,,,,,,,,
hurricane_harvey__906792024094986240__906792024094986240_0,benign_joint,,,,,,,,,,,
hurricane_harvey__906792024094986240__906792024094986240_0,direct_image,,,,,,,,,,,
hurricane_harvey__906792024094986240__906792024094986240_0,direct_text,,,,,,,,,,,
hurricane_harvey__906792024094986240__906792024094986240_0,direct_joint,,,,,,,,,,,
hurricane_harvey__906792024094986240__906792024094986240_0,misleading_image,,,,,,,,,,,
hurricane_harvey__906792024094986240__906792024094986240_0,misleading_text,,,,,,,,,,,
hurricane_harvey__906792024094986240__906792024094986240_0,misleading_joint,,,,,,,,,,,
iraq_iran_earthquake__931214387318112256__931214387318112256_0,clean,,,,,,,,,,,
iraq_iran_earthquake__931214387318112256__931214387318112256_0,benign_image,,,,,,,,,,,
iraq_iran_earthquake__931214387318112256__931214387318112256_0,benign_text,,,,,,,,,,,
iraq_iran_earthquake__931214387318112256__931214387318112256_0,benign_joint,,,,,,,,,,,
iraq_iran_earthquake__931214387318112256__931214387318112256_0,direct_image,,,,,,,,,,,
iraq_iran_earthquake__931214387318112256__931214387318112256_0,direct_text,,,,,,,,,,,
iraq_iran_earthquake__931214387318112256__931214387318112256_0,direct_joint,,,,,,,,,,,
iraq_iran_earthquake__931214387318112256__931214387318112256_0,misleading_image,,,,,,,,,,,
iraq_iran_earthquake__931214387318112256__931214387318112256_0,misleading_text,,,,,,,,,,,
iraq_iran_earthquake__931214387318112256__931214387318112256_0,misleading_joint,,,,,,,,,,,
hurricane_maria__928735678912958464__928735678912958464_0,clean,,,,,,,,,,,
hurricane_maria__928735678912958464__928735678912958464_0,benign_image,,,,,,,,,,,
hurricane_maria__928735678912958464__928735678912958464_0,benign_text,,,,,,,,,,,
hurricane_maria__928735678912958464__928735678912958464_0,benign_joint,,,,,,,,,,,
hurricane_maria__928735678912958464__928735678912958464_0,direct_image,,,,,,,,,,,
hurricane_maria__928735678912958464__928735678912958464_0,direct_text,,,,,,,,,,,
hurricane_maria__928735678912958464__928735678912958464_0,direct_joint,,,,,,,,,,,
hurricane_maria__928735678912958464__928735678912958464_0,misleading_image,,,,,,,,,,,
hurricane_maria__928735678912958464__928735678912958464_0,misleading_text,,,,,,,,,,,
hurricane_maria__928735678912958464__928735678912958464_0,misleading_joint,,,,,,,,,,,
srilanka_floods__872044691885305858__872044691885305858_0,clean,,,,,,,,,,,
srilanka_floods__872044691885305858__872044691885305858_0,benign_image,,,,,,,,,,,
srilanka_floods__872044691885305858__872044691885305858_0,benign_text,,,,,,,,,,,
srilanka_floods__872044691885305858__872044691885305858_0,benign_joint,,,,,,,,,,,
srilanka_floods__872044691885305858__872044691885305858_0,direct_image,,,,,,,,,,,
srilanka_floods__872044691885305858__872044691885305858_0,direct_text,,,,,,,,,,,
srilanka_floods__872044691885305858__872044691885305858_0,direct_joint,,,,,,,,,,,
srilanka_floods__872044691885305858__872044691885305858_0,misleading_image,,,,,,,,,,,
srilanka_floods__872044691885305858__872044691885305858_0,misleading_text,,,,,,,,,,,
srilanka_floods__872044691885305858__872044691885305858_0,misleading_joint,,,,,,,,,,,
hurricane_irma__910201953556119552__910201953556119552_0,clean,,,,,,,,,,,
hurricane_irma__910201953556119552__910201953556119552_0,benign_image,,,,,,,,,,,
hurricane_irma__910201953556119552__910201953556119552_0,benign_text,,,,,,,,,,,
hurricane_irma__910201953556119552__910201953556119552_0,benign_joint,,,,,,,,,,,
hurricane_irma__910201953556119552__910201953556119552_0,direct_image,,,,,,,,,,,
hurricane_irma__910201953556119552__910201953556119552_0,direct_text,,,,,,,,,,,
hurricane_irma__910201953556119552__910201953556119552_0,direct_joint,,,,,,,,,,,
hurricane_irma__910201953556119552__910201953556119552_0,misleading_image,,,,,,,,,,,
hurricane_irma__910201953556119552__910201953556119552_0,misleading_text,,,,,,,,,,,
hurricane_irma__910201953556119552__910201953556119552_0,misleading_joint,,,,,,,,,,,
mexico_earthquake__910544691438944256__910544691438944256_0,clean,,,,,,,,,,,
mexico_earthquake__910544691438944256__910544691438944256_0,benign_image,,,,,,,,,,,
mexico_earthquake__910544691438944256__910544691438944256_0,benign_text,,,,,,,,,,,
mexico_earthquake__910544691438944256__910544691438944256_0,benign_joint,,,,,,,,,,,
mexico_earthquake__910544691438944256__910544691438944256_0,direct_image,,,,,,,,,,,
mexico_earthquake__910544691438944256__910544691438944256_0,direct_text,,,,,,,,,,,
mexico_earthquake__910544691438944256__910544691438944256_0,direct_joint,,,,,,,,,,,
mexico_earthquake__910544691438944256__910544691438944256_0,misleading_image,,,,,,,,,,,
mexico_earthquake__910544691438944256__910544691438944256_0,misleading_text,,,,,,,,,,,
mexico_earthquake__910544691438944256__910544691438944256_0,misleading_joint,,,,,,,,,,,
hurricane_irma__910199693132599297__910199693132599297_0,clean,,,,,,,,,,,
hurricane_irma__910199693132599297__910199693132599297_0,benign_image,,,,,,,,,,,
hurricane_irma__910199693132599297__910199693132599297_0,benign_text,,,,,,,,,,,
hurricane_irma__910199693132599297__910199693132599297_0,benign_joint,,,,,,,,,,,
hurricane_irma__910199693132599297__910199693132599297_0,direct_image,,,,,,,,,,,
hurricane_irma__910199693132599297__910199693132599297_0,direct_text,,,,,,,,,,,
hurricane_irma__910199693132599297__910199693132599297_0,direct_joint,,,,,,,,,,,
hurricane_irma__910199693132599297__910199693132599297_0,misleading_image,,,,,,,,,,,
hurricane_irma__910199693132599297__910199693132599297_0,misleading_text,,,,,,,,,,,
hurricane_irma__910199693132599297__910199693132599297_0,misleading_joint,,,,,,,,,,,
hurricane_irma__909919169319260160__909919169319260160_0,clean,,,,,,,,,,,
hurricane_irma__909919169319260160__909919169319260160_0,benign_image,,,,,,,,,,,
hurricane_irma__909919169319260160__909919169319260160_0,benign_text,,,,,,,,,,,
hurricane_irma__909919169319260160__909919169319260160_0,benign_joint,,,,,,,,,,,
hurricane_irma__909919169319260160__909919169319260160_0,direct_image,,,,,,,,,,,
hurricane_irma__909919169319260160__909919169319260160_0,direct_text,,,,,,,,,,,
hurricane_irma__909919169319260160__909919169319260160_0,direct_joint,,,,,,,,,,,
hurricane_irma__909919169319260160__909919169319260160_0,misleading_image,,,,,,,,,,,
hurricane_irma__909919169319260160__909919169319260160_0,misleading_text,,,,,,,,,,,
hurricane_irma__909919169319260160__909919169319260160_0,misleading_joint,,,,,,,,,,,
hurricane_harvey__905855941484171264__905855941484171264_0,clean,,,,,,,,,,,
hurricane_harvey__905855941484171264__905855941484171264_0,benign_image,,,,,,,,,,,
hurricane_harvey__905855941484171264__905855941484171264_0,benign_text,,,,,,,,,,,
hurricane_harvey__905855941484171264__905855941484171264_0,benign_joint,,,,,,,,,,,
hurricane_harvey__905855941484171264__905855941484171264_0,direct_image,,,,,,,,,,,
hurricane_harvey__905855941484171264__905855941484171264_0,direct_text,,,,,,,,,,,
hurricane_harvey__905855941484171264__905855941484171264_0,direct_joint,,,,,,,,,,,
hurricane_harvey__905855941484171264__905855941484171264_0,misleading_image,,,,,,,,,,,
hurricane_harvey__905855941484171264__905855941484171264_0,misleading_text,,,,,,,,,,,
hurricane_harvey__905855941484171264__905855941484171264_0,misleading_joint,,,,,,,,,,,
hurricane_maria__921385789635944448__921385789635944448_0,clean,,,,,,,,,,,
hurricane_maria__921385789635944448__921385789635944448_0,benign_image,,,,,,,,,,,
hurricane_maria__921385789635944448__921385789635944448_0,benign_text,,,,,,,,,,,
hurricane_maria__921385789635944448__921385789635944448_0,benign_joint,,,,,,,,,,,
hurricane_maria__921385789635944448__921385789635944448_0,direct_image,,,,,,,,,,,
hurricane_maria__921385789635944448__921385789635944448_0,direct_text,,,,,,,,,,,
hurricane_maria__921385789635944448__921385789635944448_0,direct_joint,,,,,,,,,,,
hurricane_maria__921385789635944448__921385789635944448_0,misleading_image,,,,,,,,,,,
hurricane_maria__921385789635944448__921385789635944448_0,misleading_text,,,,,,,,,,,
hurricane_maria__921385789635944448__921385789635944448_0,misleading_joint,,,,,,,,,,,
hurricane_harvey__905511848115552256__905511848115552256_0,clean,,,,,,,,,,,
hurricane_harvey__905511848115552256__905511848115552256_0,benign_image,,,,,,,,,,,
hurricane_harvey__905511848115552256__905511848115552256_0,benign_text,,,,,,,,,,,
hurricane_harvey__905511848115552256__905511848115552256_0,benign_joint,,,,,,,,,,,
hurricane_harvey__905511848115552256__905511848115552256_0,direct_image,,,,,,,,,,,
hurricane_harvey__905511848115552256__905511848115552256_0,direct_text,,,,,,,,,,,
hurricane_harvey__905511848115552256__905511848115552256_0,direct_joint,,,,,,,,,,,
hurricane_harvey__905511848115552256__905511848115552256_0,misleading_image,,,,,,,,,,,
hurricane_harvey__905511848115552256__905511848115552256_0,misleading_text,,,,,,,,,,,
hurricane_harvey__905511848115552256__905511848115552256_0,misleading_joint,,,,,,,,,,,
hurricane_irma__909930819619233793__909930819619233793_0,clean,,,,,,,,,,,
hurricane_irma__909930819619233793__909930819619233793_0,benign_image,,,,,,,,,,,
hurricane_irma__909930819619233793__909930819619233793_0,benign_text,,,,,,,,,,,
hurricane_irma__909930819619233793__909930819619233793_0,benign_joint,,,,,,,,,,,
hurricane_irma__909930819619233793__909930819619233793_0,direct_image,,,,,,,,,,,
hurricane_irma__909930819619233793__909930819619233793_0,direct_text,,,,,,,,,,,
hurricane_irma__909930819619233793__909930819619233793_0,direct_joint,,,,,,,,,,,
hurricane_irma__909930819619233793__909930819619233793_0,misleading_image,,,,,,,,,,,
hurricane_irma__909930819619233793__909930819619233793_0,misleading_text,,,,,,,,,,,
hurricane_irma__909930819619233793__909930819619233793_0,misleading_joint,,,,,,,,,,,
hurricane_irma__910126603946090497__910126603946090497_0,clean,,,,,,,,,,,
hurricane_irma__910126603946090497__910126603946090497_0,benign_image,,,,,,,,,,,
hurricane_irma__910126603946090497__910126603946090497_0,benign_text,,,,,,,,,,,
hurricane_irma__910126603946090497__910126603946090497_0,benign_joint,,,,,,,,,,,
hurricane_irma__910126603946090497__910126603946090497_0,direct_image,,,,,,,,,,,
hurricane_irma__910126603946090497__910126603946090497_0,direct_text,,,,,,,,,,,
hurricane_irma__910126603946090497__910126603946090497_0,direct_joint,,,,,,,,,,,
hurricane_irma__910126603946090497__910126603946090497_0,misleading_image,,,,,,,,,,,
hurricane_irma__910126603946090497__910126603946090497_0,misleading_text,,,,,,,,,,,
hurricane_irma__910126603946090497__910126603946090497_0,misleading_joint,,,,,,,,,,,
hurricane_irma__909907796958830592__909907796958830592_2,clean,,,,,,,,,,,
hurricane_irma__909907796958830592__909907796958830592_2,benign_image,,,,,,,,,,,
hurricane_irma__909907796958830592__909907796958830592_2,benign_text,,,,,,,,,,,
hurricane_irma__909907796958830592__909907796958830592_2,benign_joint,,,,,,,,,,,
hurricane_irma__909907796958830592__909907796958830592_2,direct_image,,,,,,,,,,,
hurricane_irma__909907796958830592__909907796958830592_2,direct_text,,,,,,,,,,,
hurricane_irma__909907796958830592__909907796958830592_2,direct_joint,,,,,,,,,,,
hurricane_irma__909907796958830592__909907796958830592_2,misleading_image,,,,,,,,,,,
hurricane_irma__909907796958830592__909907796958830592_2,misleading_text,,,,,,,,,,,
hurricane_irma__909907796958830592__909907796958830592_2,misleading_joint,,,,,,,,,,,
hurricane_irma__909834191474368518__909834191474368518_0,clean,,,,,,,,,,,
hurricane_irma__909834191474368518__909834191474368518_0,benign_image,,,,,,,,,,,
hurricane_irma__909834191474368518__909834191474368518_0,benign_text,,,,,,,,,,,
hurricane_irma__909834191474368518__909834191474368518_0,benign_joint,,,,,,,,,,,
hurricane_irma__909834191474368518__909834191474368518_0,direct_image,,,,,,,,,,,
hurricane_irma__909834191474368518__909834191474368518_0,direct_text,,,,,,,,,,,
hurricane_irma__909834191474368518__909834191474368518_0,direct_joint,,,,,,,,,,,
hurricane_irma__909834191474368518__909834191474368518_0,misleading_image,,,,,,,,,,,
hurricane_irma__909834191474368518__909834191474368518_0,misleading_text,,,,,,,,,,,
hurricane_irma__909834191474368518__909834191474368518_0,misleading_joint,,,,,,,,,,,
hurricane_irma__905647083713003520__905647083713003520_0,clean,,,,,,,,,,,
hurricane_irma__905647083713003520__905647083713003520_0,benign_image,,,,,,,,,,,
hurricane_irma__905647083713003520__905647083713003520_0,benign_text,,,,,,,,,,,
hurricane_irma__905647083713003520__905647083713003520_0,benign_joint,,,,,,,,,,,
hurricane_irma__905647083713003520__905647083713003520_0,direct_image,,,,,,,,,,,
hurricane_irma__905647083713003520__905647083713003520_0,direct_text,,,,,,,,,,,
hurricane_irma__905647083713003520__905647083713003520_0,direct_joint,,,,,,,,,,,
hurricane_irma__905647083713003520__905647083713003520_0,misleading_image,,,,,,,,,,,
hurricane_irma__905647083713003520__905647083713003520_0,misleading_text,,,,,,,,,,,
hurricane_irma__905647083713003520__905647083713003520_0,misleading_joint,,,,,,,,,,,
iraq_iran_earthquake__930147282028072960__930147282028072960_0,clean,,,,,,,,,,,
iraq_iran_earthquake__930147282028072960__930147282028072960_0,benign_image,,,,,,,,,,,
iraq_iran_earthquake__930147282028072960__930147282028072960_0,benign_text,,,,,,,,,,,
iraq_iran_earthquake__930147282028072960__930147282028072960_0,benign_joint,,,,,,,,,,,
iraq_iran_earthquake__930147282028072960__930147282028072960_0,direct_image,,,,,,,,,,,
iraq_iran_earthquake__930147282028072960__930147282028072960_0,direct_text,,,,,,,,,,,
iraq_iran_earthquake__930147282028072960__930147282028072960_0,direct_joint,,,,,,,,,,,
iraq_iran_earthquake__930147282028072960__930147282028072960_0,misleading_image,,,,,,,,,,,
iraq_iran_earthquake__930147282028072960__930147282028072960_0,misleading_text,,,,,,,,,,,
iraq_iran_earthquake__930147282028072960__930147282028072960_0,misleading_joint,,,,,,,,,,,
hurricane_maria__929408546122424320__929408546122424320_0,clean,,,,,,,,,,,
hurricane_maria__929408546122424320__929408546122424320_0,benign_image,,,,,,,,,,,
hurricane_maria__929408546122424320__929408546122424320_0,benign_text,,,,,,,,,,,
hurricane_maria__929408546122424320__929408546122424320_0,benign_joint,,,,,,,,,,,
hurricane_maria__929408546122424320__929408546122424320_0,direct_image,,,,,,,,,,,
hurricane_maria__929408546122424320__929408546122424320_0,direct_text,,,,,,,,,,,
hurricane_maria__929408546122424320__929408546122424320_0,direct_joint,,,,,,,,,,,
hurricane_maria__929408546122424320__929408546122424320_0,misleading_image,,,,,,,,,,,
hurricane_maria__929408546122424320__929408546122424320_0,misleading_text,,,,,,,,,,,
hurricane_maria__929408546122424320__929408546122424320_0,misleading_joint,,,,,,,,,,,
hurricane_maria__913845125943500801__913845125943500801_0,clean,,,,,,,,,,,
hurricane_maria__913845125943500801__913845125943500801_0,benign_image,,,,,,,,,,,
hurricane_maria__913845125943500801__913845125943500801_0,benign_text,,,,,,,,,,,
hurricane_maria__913845125943500801__913845125943500801_0,benign_joint,,,,,,,,,,,
hurricane_maria__913845125943500801__913845125943500801_0,direct_image,,,,,,,,,,,
hurricane_maria__913845125943500801__913845125943500801_0,direct_text,,,,,,,,,,,
hurricane_maria__913845125943500801__913845125943500801_0,direct_joint,,,,,,,,,,,
hurricane_maria__913845125943500801__913845125943500801_0,misleading_image,,,,,,,,,,,
hurricane_maria__913845125943500801__913845125943500801_0,misleading_text,,,,,,,,,,,
hurricane_maria__913845125943500801__913845125943500801_0,misleading_joint,,,,,,,,,,,
hurricane_maria__922734674832756737__922734674832756737_0,clean,,,,,,,,,,,
hurricane_maria__922734674832756737__922734674832756737_0,benign_image,,,,,,,,,,,
hurricane_maria__922734674832756737__922734674832756737_0,benign_text,,,,,,,,,,,
hurricane_maria__922734674832756737__922734674832756737_0,benign_joint,,,,,,,,,,,
hurricane_maria__922734674832756737__922734674832756737_0,direct_image,,,,,,,,,,,
hurricane_maria__922734674832756737__922734674832756737_0,direct_text,,,,,,,,,,,
hurricane_maria__922734674832756737__922734674832756737_0,direct_joint,,,,,,,,,,,
hurricane_maria__922734674832756737__922734674832756737_0,misleading_image,,,,,,,,,,,
hurricane_maria__922734674832756737__922734674832756737_0,misleading_text,,,,,,,,,,,
hurricane_maria__922734674832756737__922734674832756737_0,misleading_joint,,,,,,,,,,,
hurricane_maria__928621174850052101__928621174850052101_0,clean,,,,,,,,,,,
hurricane_maria__928621174850052101__928621174850052101_0,benign_image,,,,,,,,,,,
hurricane_maria__928621174850052101__928621174850052101_0,benign_text,,,,,,,,,,,
hurricane_maria__928621174850052101__928621174850052101_0,benign_joint,,,,,,,,,,,
hurricane_maria__928621174850052101__928621174850052101_0,direct_image,,,,,,,,,,,
hurricane_maria__928621174850052101__928621174850052101_0,direct_text,,,,,,,,,,,
hurricane_maria__928621174850052101__928621174850052101_0,direct_joint,,,,,,,,,,,
hurricane_maria__928621174850052101__928621174850052101_0,misleading_image,,,,,,,,,,,
hurricane_maria__928621174850052101__928621174850052101_0,misleading_text,,,,,,,,,,,
hurricane_maria__928621174850052101__928621174850052101_0,misleading_joint,,,,,,,,,,,
iraq_iran_earthquake__930001778115985408__930001778115985408_0,clean,,,,,,,,,,,
iraq_iran_earthquake__930001778115985408__930001778115985408_0,benign_image,,,,,,,,,,,
iraq_iran_earthquake__930001778115985408__930001778115985408_0,benign_text,,,,,,,,,,,
iraq_iran_earthquake__930001778115985408__930001778115985408_0,benign_joint,,,,,,,,,,,
iraq_iran_earthquake__930001778115985408__930001778115985408_0,direct_image,,,,,,,,,,,
iraq_iran_earthquake__930001778115985408__930001778115985408_0,direct_text,,,,,,,,,,,
iraq_iran_earthquake__930001778115985408__930001778115985408_0,direct_joint,,,,,,,,,,,
iraq_iran_earthquake__930001778115985408__930001778115985408_0,misleading_image,,,,,,,,,,,
iraq_iran_earthquake__930001778115985408__930001778115985408_0,misleading_text,,,,,,,,,,,
iraq_iran_earthquake__930001778115985408__930001778115985408_0,misleading_joint,,,,,,,,,,,
hurricane_harvey__906964197053014016__906964197053014016_0,clean,,,,,,,,,,,
hurricane_harvey__906964197053014016__906964197053014016_0,benign_image,,,,,,,,,,,
hurricane_harvey__906964197053014016__906964197053014016_0,benign_text,,,,,,,,,,,
hurricane_harvey__906964197053014016__906964197053014016_0,benign_joint,,,,,,,,,,,
hurricane_harvey__906964197053014016__906964197053014016_0,direct_image,,,,,,,,,,,
hurricane_harvey__906964197053014016__906964197053014016_0,direct_text,,,,,,,,,,,
hurricane_harvey__906964197053014016__906964197053014016_0,direct_joint,,,,,,,,,,,
hurricane_harvey__906964197053014016__906964197053014016_0,misleading_image,,,,,,,,,,,
hurricane_harvey__906964197053014016__906964197053014016_0,misleading_text,,,,,,,,,,,
hurricane_harvey__906964197053014016__906964197053014016_0,misleading_joint,,,,,,,,,,,
hurricane_maria__911546967473442816__911546967473442816_0,clean,,,,,,,,,,,
hurricane_maria__911546967473442816__911546967473442816_0,benign_image,,,,,,,,,,,
hurricane_maria__911546967473442816__911546967473442816_0,benign_text,,,,,,,,,,,
hurricane_maria__911546967473442816__911546967473442816_0,benign_joint,,,,,,,,,,,
hurricane_maria__911546967473442816__911546967473442816_0,direct_image,,,,,,,,,,,
hurricane_maria__911546967473442816__911546967473442816_0,direct_text,,,,,,,,,,,
hurricane_maria__911546967473442816__911546967473442816_0,direct_joint,,,,,,,,,,,
hurricane_maria__911546967473442816__911546967473442816_0,misleading_image,,,,,,,,,,,
hurricane_maria__911546967473442816__911546967473442816_0,misleading_text,,,,,,,,,,,
hurricane_maria__911546967473442816__911546967473442816_0,misleading_joint,,,,,,,,,,,
hurricane_maria__911939076974088193__911939076974088193_0,clean,,,,,,,,,,,
hurricane_maria__911939076974088193__911939076974088193_0,benign_image,,,,,,,,,,,
hurricane_maria__911939076974088193__911939076974088193_0,benign_text,,,,,,,,,,,
hurricane_maria__911939076974088193__911939076974088193_0,benign_joint,,,,,,,,,,,
hurricane_maria__911939076974088193__911939076974088193_0,direct_image,,,,,,,,,,,
hurricane_maria__911939076974088193__911939076974088193_0,direct_text,,,,,,,,,,,
hurricane_maria__911939076974088193__911939076974088193_0,direct_joint,,,,,,,,,,,
hurricane_maria__911939076974088193__911939076974088193_0,misleading_image,,,,,,,,,,,
hurricane_maria__911939076974088193__911939076974088193_0,misleading_text,,,,,,,,,,,
hurricane_maria__911939076974088193__911939076974088193_0,misleading_joint,,,,,,,,,,,
hurricane_irma__910140800658497537__910140800658497537_0,clean,,,,,,,,,,,
hurricane_irma__910140800658497537__910140800658497537_0,benign_image,,,,,,,,,,,
hurricane_irma__910140800658497537__910140800658497537_0,benign_text,,,,,,,,,,,
hurricane_irma__910140800658497537__910140800658497537_0,benign_joint,,,,,,,,,,,
hurricane_irma__910140800658497537__910140800658497537_0,direct_image,,,,,,,,,,,
hurricane_irma__910140800658497537__910140800658497537_0,direct_text,,,,,,,,,,,
hurricane_irma__910140800658497537__910140800658497537_0,direct_joint,,,,,,,,,,,
hurricane_irma__910140800658497537__910140800658497537_0,misleading_image,,,,,,,,,,,
hurricane_irma__910140800658497537__910140800658497537_0,misleading_text,,,,,,,,,,,
hurricane_irma__910140800658497537__910140800658497537_0,misleading_joint,,,,,,,,,,,
hurricane_harvey__907395856445317120__907395856445317120_0,clean,,,,,,,,,,,
hurricane_harvey__907395856445317120__907395856445317120_0,benign_image,,,,,,,,,,,
hurricane_harvey__907395856445317120__907395856445317120_0,benign_text,,,,,,,,,,,
hurricane_harvey__907395856445317120__907395856445317120_0,benign_joint,,,,,,,,,,,
hurricane_harvey__907395856445317120__907395856445317120_0,direct_image,,,,,,,,,,,
hurricane_harvey__907395856445317120__907395856445317120_0,direct_text,,,,,,,,,,,
hurricane_harvey__907395856445317120__907395856445317120_0,direct_joint,,,,,,,,,,,
hurricane_harvey__907395856445317120__907395856445317120_0,misleading_image,,,,,,,,,,,
hurricane_harvey__907395856445317120__907395856445317120_0,misleading_text,,,,,,,,,,,
hurricane_harvey__907395856445317120__907395856445317120_0,misleading_joint,,,,,,,,,,,
hurricane_irma__905729992742625281__905729992742625281_0,clean,,,,,,,,,,,
hurricane_irma__905729992742625281__905729992742625281_0,benign_image,,,,,,,,,,,
hurricane_irma__905729992742625281__905729992742625281_0,benign_text,,,,,,,,,,,
hurricane_irma__905729992742625281__905729992742625281_0,benign_joint,,,,,,,,,,,
hurricane_irma__905729992742625281__905729992742625281_0,direct_image,,,,,,,,,,,
hurricane_irma__905729992742625281__905729992742625281_0,direct_text,,,,,,,,,,,
hurricane_irma__905729992742625281__905729992742625281_0,direct_joint,,,,,,,,,,,
hurricane_irma__905729992742625281__905729992742625281_0,misleading_image,,,,,,,,,,,
hurricane_irma__905729992742625281__905729992742625281_0,misleading_text,,,,,,,,,,,
hurricane_irma__905729992742625281__905729992742625281_0,misleading_joint,,,,,,,,,,,
hurricane_maria__913892408621981696__913892408621981696_0,clean,,,,,,,,,,,
hurricane_maria__913892408621981696__913892408621981696_0,benign_image,,,,,,,,,,,
hurricane_maria__913892408621981696__913892408621981696_0,benign_text,,,,,,,,,,,
hurricane_maria__913892408621981696__913892408621981696_0,benign_joint,,,,,,,,,,,
hurricane_maria__913892408621981696__913892408621981696_0,direct_image,,,,,,,,,,,
hurricane_maria__913892408621981696__913892408621981696_0,direct_text,,,,,,,,,,,
hurricane_maria__913892408621981696__913892408621981696_0,direct_joint,,,,,,,,,,,
hurricane_maria__913892408621981696__913892408621981696_0,misleading_image,,,,,,,,,,,
hurricane_maria__913892408621981696__913892408621981696_0,misleading_text,,,,,,,,,,,
hurricane_maria__913892408621981696__913892408621981696_0,misleading_joint,,,,,,,,,,,
california_wildfires__917933070358941696__917933070358941696_0,clean,,,,,,,,,,,
california_wildfires__917933070358941696__917933070358941696_0,benign_image,,,,,,,,,,,
california_wildfires__917933070358941696__917933070358941696_0,benign_text,,,,,,,,,,,
california_wildfires__917933070358941696__917933070358941696_0,benign_joint,,,,,,,,,,,
california_wildfires__917933070358941696__917933070358941696_0,direct_image,,,,,,,,,,,
california_wildfires__917933070358941696__917933070358941696_0,direct_text,,,,,,,,,,,
california_wildfires__917933070358941696__917933070358941696_0,direct_joint,,,,,,,,,,,
california_wildfires__917933070358941696__917933070358941696_0,misleading_image,,,,,,,,,,,
california_wildfires__917933070358941696__917933070358941696_0,misleading_text,,,,,,,,,,,
california_wildfires__917933070358941696__917933070358941696_0,misleading_joint,,,,,,,,,,,
hurricane_irma__910209384264777728__910209384264777728_0,clean,,,,,,,,,,,
hurricane_irma__910209384264777728__910209384264777728_0,benign_image,,,,,,,,,,,
hurricane_irma__910209384264777728__910209384264777728_0,benign_text,,,,,,,,,,,
hurricane_irma__910209384264777728__910209384264777728_0,benign_joint,,,,,,,,,,,
hurricane_irma__910209384264777728__910209384264777728_0,direct_image,,,,,,,,,,,
hurricane_irma__910209384264777728__910209384264777728_0,direct_text,,,,,,,,,,,
hurricane_irma__910209384264777728__910209384264777728_0,direct_joint,,,,,,,,,,,
hurricane_irma__910209384264777728__910209384264777728_0,misleading_image,,,,,,,,,,,
hurricane_irma__910209384264777728__910209384264777728_0,misleading_text,,,,,,,,,,,
hurricane_irma__910209384264777728__910209384264777728_0,misleading_joint,,,,,,,,,,,
hurricane_harvey__904759310277849089__904759310277849089_0,clean,,,,,,,,,,,
hurricane_harvey__904759310277849089__904759310277849089_0,benign_image,,,,,,,,,,,
hurricane_harvey__904759310277849089__904759310277849089_0,benign_text,,,,,,,,,,,
hurricane_harvey__904759310277849089__904759310277849089_0,benign_joint,,,,,,,,,,,
hurricane_harvey__904759310277849089__904759310277849089_0,direct_image,,,,,,,,,,,
hurricane_harvey__904759310277849089__904759310277849089_0,direct_text,,,,,,,,,,,
hurricane_harvey__904759310277849089__904759310277849089_0,direct_joint,,,,,,,,,,,
hurricane_harvey__904759310277849089__904759310277849089_0,misleading_image,,,,,,,,,,,
hurricane_harvey__904759310277849089__904759310277849089_0,misleading_text,,,,,,,,,,,
hurricane_harvey__904759310277849089__904759310277849089_0,misleading_joint,,,,,,,,,,,
hurricane_maria__910566731273433091__910566731273433091_0,clean,,,,,,,,,,,
hurricane_maria__910566731273433091__910566731273433091_0,benign_image,,,,,,,,,,,
hurricane_maria__910566731273433091__910566731273433091_0,benign_text,,,,,,,,,,,
hurricane_maria__910566731273433091__910566731273433091_0,benign_joint,,,,,,,,,,,
hurricane_maria__910566731273433091__910566731273433091_0,direct_image,,,,,,,,,,,
hurricane_maria__910566731273433091__910566731273433091_0,direct_text,,,,,,,,,,,
hurricane_maria__910566731273433091__910566731273433091_0,direct_joint,,,,,,,,,,,
hurricane_maria__910566731273433091__910566731273433091_0,misleading_image,,,,,,,,,,,
hurricane_maria__910566731273433091__910566731273433091_0,misleading_text,,,,,,,,,,,
hurricane_maria__910566731273433091__910566731273433091_0,misleading_joint,,,,,,,,,,,
hurricane_maria__916351632287215616__916351632287215616_0,clean,,,,,,,,,,,
hurricane_maria__916351632287215616__916351632287215616_0,benign_image,,,,,,,,,,,
hurricane_maria__916351632287215616__916351632287215616_0,benign_text,,,,,,,,,,,
hurricane_maria__916351632287215616__916351632287215616_0,benign_joint,,,,,,,,,,,
hurricane_maria__916351632287215616__916351632287215616_0,direct_image,,,,,,,,,,,
hurricane_maria__916351632287215616__916351632287215616_0,direct_text,,,,,,,,,,,
hurricane_maria__916351632287215616__916351632287215616_0,direct_joint,,,,,,,,,,,
hurricane_maria__916351632287215616__916351632287215616_0,misleading_image,,,,,,,,,,,
hurricane_maria__916351632287215616__916351632287215616_0,misleading_text,,,,,,,,,,,
hurricane_maria__916351632287215616__916351632287215616_0,misleading_joint,,,,,,,,,,,
iraq_iran_earthquake__930819767874793473__930819767874793473_0,clean,,,,,,,,,,,
iraq_iran_earthquake__930819767874793473__930819767874793473_0,benign_image,,,,,,,,,,,
iraq_iran_earthquake__930819767874793473__930819767874793473_0,benign_text,,,,,,,,,,,
iraq_iran_earthquake__930819767874793473__930819767874793473_0,benign_joint,,,,,,,,,,,
iraq_iran_earthquake__930819767874793473__930819767874793473_0,direct_image,,,,,,,,,,,
iraq_iran_earthquake__930819767874793473__930819767874793473_0,direct_text,,,,,,,,,,,
iraq_iran_earthquake__930819767874793473__930819767874793473_0,direct_joint,,,,,,,,,,,
iraq_iran_earthquake__930819767874793473__930819767874793473_0,misleading_image,,,,,,,,,,,
iraq_iran_earthquake__930819767874793473__930819767874793473_0,misleading_text,,,,,,,,,,,
iraq_iran_earthquake__930819767874793473__930819767874793473_0,misleading_joint,,,,,,,,,,,
hurricane_irma__905630580745830400__905630580745830400_3,clean,,,,,,,,,,,
hurricane_irma__905630580745830400__905630580745830400_3,benign_image,,,,,,,,,,,
hurricane_irma__905630580745830400__905630580745830400_3,benign_text,,,,,,,,,,,
hurricane_irma__905630580745830400__905630580745830400_3,benign_joint,,,,,,,,,,,
hurricane_irma__905630580745830400__905630580745830400_3,direct_image,,,,,,,,,,,
hurricane_irma__905630580745830400__905630580745830400_3,direct_text,,,,,,,,,,,
hurricane_irma__905630580745830400__905630580745830400_3,direct_joint,,,,,,,,,,,
hurricane_irma__905630580745830400__905630580745830400_3,misleading_image,,,,,,,,,,,
hurricane_irma__905630580745830400__905630580745830400_3,misleading_text,,,,,,,,,,,
hurricane_irma__905630580745830400__905630580745830400_3,misleading_joint,,,,,,,,,,,
iraq_iran_earthquake__931258352272838656__931258352272838656_0,clean,,,,,,,,,,,
iraq_iran_earthquake__931258352272838656__931258352272838656_0,benign_image,,,,,,,,,,,
iraq_iran_earthquake__931258352272838656__931258352272838656_0,benign_text,,,,,,,,,,,
iraq_iran_earthquake__931258352272838656__931258352272838656_0,benign_joint,,,,,,,,,,,
iraq_iran_earthquake__931258352272838656__931258352272838656_0,direct_image,,,,,,,,,,,
iraq_iran_earthquake__931258352272838656__931258352272838656_0,direct_text,,,,,,,,,,,
iraq_iran_earthquake__931258352272838656__931258352272838656_0,direct_joint,,,,,,,,,,,
iraq_iran_earthquake__931258352272838656__931258352272838656_0,misleading_image,,,,,,,,,,,
iraq_iran_earthquake__931258352272838656__931258352272838656_0,misleading_text,,,,,,,,,,,
iraq_iran_earthquake__931258352272838656__931258352272838656_0,misleading_joint,,,,,,,,,,,
hurricane_maria__923085525677936640__923085525677936640_0,clean,,,,,,,,,,,
hurricane_maria__923085525677936640__923085525677936640_0,benign_image,,,,,,,,,,,
hurricane_maria__923085525677936640__923085525677936640_0,benign_text,,,,,,,,,,,
hurricane_maria__923085525677936640__923085525677936640_0,benign_joint,,,,,,,,,,,
hurricane_maria__923085525677936640__923085525677936640_0,direct_image,,,,,,,,,,,
hurricane_maria__923085525677936640__923085525677936640_0,direct_text,,,,,,,,,,,
hurricane_maria__923085525677936640__923085525677936640_0,direct_joint,,,,,,,,,,,
hurricane_maria__923085525677936640__923085525677936640_0,misleading_image,,,,,,,,,,,
hurricane_maria__923085525677936640__923085525677936640_0,misleading_text,,,,,,,,,,,
hurricane_maria__923085525677936640__923085525677936640_0,misleading_joint,,,,,,,,,,,
hurricane_harvey__908073044341673986__908073044341673986_0,clean,,,,,,,,,,,
hurricane_harvey__908073044341673986__908073044341673986_0,benign_image,,,,,,,,,,,
hurricane_harvey__908073044341673986__908073044341673986_0,benign_text,,,,,,,,,,,
hurricane_harvey__908073044341673986__908073044341673986_0,benign_joint,,,,,,,,,,,
hurricane_harvey__908073044341673986__908073044341673986_0,direct_image,,,,,,,,,,,
hurricane_harvey__908073044341673986__908073044341673986_0,direct_text,,,,,,,,,,,
hurricane_harvey__908073044341673986__908073044341673986_0,direct_joint,,,,,,,,,,,
hurricane_harvey__908073044341673986__908073044341673986_0,misleading_image,,,,,,,,,,,
hurricane_harvey__908073044341673986__908073044341673986_0,misleading_text,,,,,,,,,,,
hurricane_harvey__908073044341673986__908073044341673986_0,misleading_joint,,,,,,,,,,,
hurricane_irma__910218229397602304__910218229397602304_0,clean,,,,,,,,,,,
hurricane_irma__910218229397602304__910218229397602304_0,benign_image,,,,,,,,,,,
hurricane_irma__910218229397602304__910218229397602304_0,benign_text,,,,,,,,,,,
hurricane_irma__910218229397602304__910218229397602304_0,benign_joint,,,,,,,,,,,
hurricane_irma__910218229397602304__910218229397602304_0,direct_image,,,,,,,,,,,
hurricane_irma__910218229397602304__910218229397602304_0,direct_text,,,,,,,,,,,
hurricane_irma__910218229397602304__910218229397602304_0,direct_joint,,,,,,,,,,,
hurricane_irma__910218229397602304__910218229397602304_0,misleading_image,,,,,,,,,,,
hurricane_irma__910218229397602304__910218229397602304_0,misleading_text,,,,,,,,,,,
hurricane_irma__910218229397602304__910218229397602304_0,misleading_joint,,,,,,,,,,,
hurricane_maria__914555402737668097__914555402737668097_0,clean,,,,,,,,,,,
hurricane_maria__914555402737668097__914555402737668097_0,benign_image,,,,,,,,,,,
hurricane_maria__914555402737668097__914555402737668097_0,benign_text,,,,,,,,,,,
hurricane_maria__914555402737668097__914555402737668097_0,benign_joint,,,,,,,,,,,
hurricane_maria__914555402737668097__914555402737668097_0,direct_image,,,,,,,,,,,
hurricane_maria__914555402737668097__914555402737668097_0,direct_text,,,,,,,,,,,
hurricane_maria__914555402737668097__914555402737668097_0,direct_joint,,,,,,,,,,,
hurricane_maria__914555402737668097__914555402737668097_0,misleading_image,,,,,,,,,,,
hurricane_maria__914555402737668097__914555402737668097_0,misleading_text,,,,,,,,,,,
hurricane_maria__914555402737668097__914555402737668097_0,misleading_joint,,,,,,,,,,,
california_wildfires__919653166974750720__919653166974750720_0,clean,,,,,,,,,,,
california_wildfires__919653166974750720__919653166974750720_0,benign_image,,,,,,,,,,,
california_wildfires__919653166974750720__919653166974750720_0,benign_text,,,,,,,,,,,
california_wildfires__919653166974750720__919653166974750720_0,benign_joint,,,,,,,,,,,
california_wildfires__919653166974750720__919653166974750720_0,direct_image,,,,,,,,,,,
california_wildfires__919653166974750720__919653166974750720_0,direct_text,,,,,,,,,,,
california_wildfires__919653166974750720__919653166974750720_0,direct_joint,,,,,,,,,,,
california_wildfires__919653166974750720__919653166974750720_0,misleading_image,,,,,,,,,,,
california_wildfires__919653166974750720__919653166974750720_0,misleading_text,,,,,,,,,,,
california_wildfires__919653166974750720__919653166974750720_0,misleading_joint,,,,,,,,,,,
hurricane_irma__909469987001241601__909469987001241601_1,clean,,,,,,,,,,,
hurricane_irma__909469987001241601__909469987001241601_1,benign_image,,,,,,,,,,,
hurricane_irma__909469987001241601__909469987001241601_1,benign_text,,,,,,,,,,,
hurricane_irma__909469987001241601__909469987001241601_1,benign_joint,,,,,,,,,,,
hurricane_irma__909469987001241601__909469987001241601_1,direct_image,,,,,,,,,,,
hurricane_irma__909469987001241601__909469987001241601_1,direct_text,,,,,,,,,,,
hurricane_irma__909469987001241601__909469987001241601_1,direct_joint,,,,,,,,,,,
hurricane_irma__909469987001241601__909469987001241601_1,misleading_image,,,,,,,,,,,
hurricane_irma__909469987001241601__909469987001241601_1,misleading_text,,,,,,,,,,,
hurricane_irma__909469987001241601__909469987001241601_1,misleading_joint,,,,,,,,,,,
hurricane_irma__909913791865004033__909913791865004033_0,clean,,,,,,,,,,,
hurricane_irma__909913791865004033__909913791865004033_0,benign_image,,,,,,,,,,,
hurricane_irma__909913791865004033__909913791865004033_0,benign_text,,,,,,,,,,,
hurricane_irma__909913791865004033__909913791865004033_0,benign_joint,,,,,,,,,,,
hurricane_irma__909913791865004033__909913791865004033_0,direct_image,,,,,,,,,,,
hurricane_irma__909913791865004033__909913791865004033_0,direct_text,,,,,,,,,,,
hurricane_irma__909913791865004033__909913791865004033_0,direct_joint,,,,,,,,,,,
hurricane_irma__909913791865004033__909913791865004033_0,misleading_image,,,,,,,,,,,
hurricane_irma__909913791865004033__909913791865004033_0,misleading_text,,,,,,,,,,,
hurricane_irma__909913791865004033__909913791865004033_0,misleading_joint,,,,,,,,,,,
hurricane_harvey__905534245178880001__905534245178880001_0,clean,,,,,,,,,,,
hurricane_harvey__905534245178880001__905534245178880001_0,benign_image,,,,,,,,,,,
hurricane_harvey__905534245178880001__905534245178880001_0,benign_text,,,,,,,,,,,
hurricane_harvey__905534245178880001__905534245178880001_0,benign_joint,,,,,,,,,,,
hurricane_harvey__905534245178880001__905534245178880001_0,direct_image,,,,,,,,,,,
hurricane_harvey__905534245178880001__905534245178880001_0,direct_text,,,,,,,,,,,
hurricane_harvey__905534245178880001__905534245178880001_0,direct_joint,,,,,,,,,,,
hurricane_harvey__905534245178880001__905534245178880001_0,misleading_image,,,,,,,,,,,
hurricane_harvey__905534245178880001__905534245178880001_0,misleading_text,,,,,,,,,,,
hurricane_harvey__905534245178880001__905534245178880001_0,misleading_joint,,,,,,,,,,,
srilanka_floods__870258521635381248__870258521635381248_0,clean,,,,,,,,,,,
srilanka_floods__870258521635381248__870258521635381248_0,benign_image,,,,,,,,,,,
srilanka_floods__870258521635381248__870258521635381248_0,benign_text,,,,,,,,,,,
srilanka_floods__870258521635381248__870258521635381248_0,benign_joint,,,,,,,,,,,
srilanka_floods__870258521635381248__870258521635381248_0,direct_image,,,,,,,,,,,
srilanka_floods__870258521635381248__870258521635381248_0,direct_text,,,,,,,,,,,
srilanka_floods__870258521635381248__870258521635381248_0,direct_joint,,,,,,,,,,,
srilanka_floods__870258521635381248__870258521635381248_0,misleading_image,,,,,,,,,,,
srilanka_floods__870258521635381248__870258521635381248_0,misleading_text,,,,,,,,,,,
srilanka_floods__870258521635381248__870258521635381248_0,misleading_joint,,,,,,,,,,,
hurricane_irma__909804794637729792__909804794637729792_0,clean,,,,,,,,,,,
hurricane_irma__909804794637729792__909804794637729792_0,benign_image,,,,,,,,,,,
hurricane_irma__909804794637729792__909804794637729792_0,benign_text,,,,,,,,,,,
hurricane_irma__909804794637729792__909804794637729792_0,benign_joint,,,,,,,,,,,
hurricane_irma__909804794637729792__909804794637729792_0,direct_image,,,,,,,,,,,
hurricane_irma__909804794637729792__909804794637729792_0,direct_text,,,,,,,,,,,
hurricane_irma__909804794637729792__909804794637729792_0,direct_joint,,,,,,,,,,,
hurricane_irma__909804794637729792__909804794637729792_0,misleading_image,,,,,,,,,,,
hurricane_irma__909804794637729792__909804794637729792_0,misleading_text,,,,,,,,,,,
hurricane_irma__909804794637729792__909804794637729792_0,misleading_joint,,,,,,,,,,,
hurricane_harvey__906706479440384000__906706479440384000_0,clean,,,,,,,,,,,
hurricane_harvey__906706479440384000__906706479440384000_0,benign_image,,,,,,,,,,,
hurricane_harvey__906706479440384000__906706479440384000_0,benign_text,,,,,,,,,,,
hurricane_harvey__906706479440384000__906706479440384000_0,benign_joint,,,,,,,,,,,
hurricane_harvey__906706479440384000__906706479440384000_0,direct_image,,,,,,,,,,,
hurricane_harvey__906706479440384000__906706479440384000_0,direct_text,,,,,,,,,,,
hurricane_harvey__906706479440384000__906706479440384000_0,direct_joint,,,,,,,,,,,
hurricane_harvey__906706479440384000__906706479440384000_0,misleading_image,,,,,,,,,,,
hurricane_harvey__906706479440384000__906706479440384000_0,misleading_text,,,,,,,,,,,
hurricane_harvey__906706479440384000__906706479440384000_0,misleading_joint,,,,,,,,,,,
hurricane_maria__912460997603999744__912460997603999744_0,clean,,,,,,,,,,,
hurricane_maria__912460997603999744__912460997603999744_0,benign_image,,,,,,,,,,,
hurricane_maria__912460997603999744__912460997603999744_0,benign_text,,,,,,,,,,,
hurricane_maria__912460997603999744__912460997603999744_0,benign_joint,,,,,,,,,,,
hurricane_maria__912460997603999744__912460997603999744_0,direct_image,,,,,,,,,,,
hurricane_maria__912460997603999744__912460997603999744_0,direct_text,,,,,,,,,,,
hurricane_maria__912460997603999744__912460997603999744_0,direct_joint,,,,,,,,,,,
hurricane_maria__912460997603999744__912460997603999744_0,misleading_image,,,,,,,,,,,
hurricane_maria__912460997603999744__912460997603999744_0,misleading_text,,,,,,,,,,,
hurricane_maria__912460997603999744__912460997603999744_0,misleading_joint,,,,,,,,,,,
hurricane_maria__921317041365245952__921317041365245952_0,clean,,,,,,,,,,,
hurricane_maria__921317041365245952__921317041365245952_0,benign_image,,,,,,,,,,,
hurricane_maria__921317041365245952__921317041365245952_0,benign_text,,,,,,,,,,,
hurricane_maria__921317041365245952__921317041365245952_0,benign_joint,,,,,,,,,,,
hurricane_maria__921317041365245952__921317041365245952_0,direct_image,,,,,,,,,,,
hurricane_maria__921317041365245952__921317041365245952_0,direct_text,,,,,,,,,,,
hurricane_maria__921317041365245952__921317041365245952_0,direct_joint,,,,,,,,,,,
hurricane_maria__921317041365245952__921317041365245952_0,misleading_image,,,,,,,,,,,
hurricane_maria__921317041365245952__921317041365245952_0,misleading_text,,,,,,,,,,,
hurricane_maria__921317041365245952__921317041365245952_0,misleading_joint,,,,,,,,,,,
hurricane_harvey__905014427451244544__905014427451244544_0,clean,,,,,,,,,,,
hurricane_harvey__905014427451244544__905014427451244544_0,benign_image,,,,,,,,,,,
hurricane_harvey__905014427451244544__905014427451244544_0,benign_text,,,,,,,,,,,
hurricane_harvey__905014427451244544__905014427451244544_0,benign_joint,,,,,,,,,,,
hurricane_harvey__905014427451244544__905014427451244544_0,direct_image,,,,,,,,,,,
hurricane_harvey__905014427451244544__905014427451244544_0,direct_text,,,,,,,,,,,
hurricane_harvey__905014427451244544__905014427451244544_0,direct_joint,,,,,,,,,,,
hurricane_harvey__905014427451244544__905014427451244544_0,misleading_image,,,,,,,,,,,
hurricane_harvey__905014427451244544__905014427451244544_0,misleading_text,,,,,,,,,,,
hurricane_harvey__905014427451244544__905014427451244544_0,misleading_joint,,,,,,,,,,,
hurricane_irma__909766700853338112__909766700853338112_0,clean,,,,,,,,,,,
hurricane_irma__909766700853338112__909766700853338112_0,benign_image,,,,,,,,,,,
hurricane_irma__909766700853338112__909766700853338112_0,benign_text,,,,,,,,,,,
hurricane_irma__909766700853338112__909766700853338112_0,benign_joint,,,,,,,,,,,
hurricane_irma__909766700853338112__909766700853338112_0,direct_image,,,,,,,,,,,
hurricane_irma__909766700853338112__909766700853338112_0,direct_text,,,,,,,,,,,
hurricane_irma__909766700853338112__909766700853338112_0,direct_joint,,,,,,,,,,,
hurricane_irma__909766700853338112__909766700853338112_0,misleading_image,,,,,,,,,,,
hurricane_irma__909766700853338112__909766700853338112_0,misleading_text,,,,,,,,,,,
hurricane_irma__909766700853338112__909766700853338112_0,misleading_joint,,,,,,,,,,,
hurricane_maria__915294511579897857__915294511579897857_0,clean,,,,,,,,,,,
hurricane_maria__915294511579897857__915294511579897857_0,benign_image,,,,,,,,,,,
hurricane_maria__915294511579897857__915294511579897857_0,benign_text,,,,,,,,,,,
hurricane_maria__915294511579897857__915294511579897857_0,benign_joint,,,,,,,,,,,
hurricane_maria__915294511579897857__915294511579897857_0,direct_image,,,,,,,,,,,
hurricane_maria__915294511579897857__915294511579897857_0,direct_text,,,,,,,,,,,
hurricane_maria__915294511579897857__915294511579897857_0,direct_joint,,,,,,,,,,,
hurricane_maria__915294511579897857__915294511579897857_0,misleading_image,,,,,,,,,,,
hurricane_maria__915294511579897857__915294511579897857_0,misleading_text,,,,,,,,,,,
hurricane_maria__915294511579897857__915294511579897857_0,misleading_joint,,,,,,,,,,,
hurricane_maria__913929309211041792__913929309211041792_0,clean,,,,,,,,,,,
hurricane_maria__913929309211041792__913929309211041792_0,benign_image,,,,,,,,,,,
hurricane_maria__913929309211041792__913929309211041792_0,benign_text,,,,,,,,,,,
hurricane_maria__913929309211041792__913929309211041792_0,benign_joint,,,,,,,,,,,
hurricane_maria__913929309211041792__913929309211041792_0,direct_image,,,,,,,,,,,
hurricane_maria__913929309211041792__913929309211041792_0,direct_text,,,,,,,,,,,
hurricane_maria__913929309211041792__913929309211041792_0,direct_joint,,,,,,,,,,,
hurricane_maria__913929309211041792__913929309211041792_0,misleading_image,,,,,,,,,,,
hurricane_maria__913929309211041792__913929309211041792_0,misleading_text,,,,,,,,,,,
hurricane_maria__913929309211041792__913929309211041792_0,misleading_joint,,,,,,,,,,,
hurricane_irma__910144212288589825__910144212288589825_0,clean,,,,,,,,,,,
hurricane_irma__910144212288589825__910144212288589825_0,benign_image,,,,,,,,,,,
hurricane_irma__910144212288589825__910144212288589825_0,benign_text,,,,,,,,,,,
hurricane_irma__910144212288589825__910144212288589825_0,benign_joint,,,,,,,,,,,
hurricane_irma__910144212288589825__910144212288589825_0,direct_image,,,,,,,,,,,
hurricane_irma__910144212288589825__910144212288589825_0,direct_text,,,,,,,,,,,
hurricane_irma__910144212288589825__910144212288589825_0,direct_joint,,,,,,,,,,,
hurricane_irma__910144212288589825__910144212288589825_0,misleading_image,,,,,,,,,,,
hurricane_irma__910144212288589825__910144212288589825_0,misleading_text,,,,,,,,,,,
hurricane_irma__910144212288589825__910144212288589825_0,misleading_joint,,,,,,,,,,,
mexico_earthquake__913102526383144961__913102526383144961_2,clean,,,,,,,,,,,
mexico_earthquake__913102526383144961__913102526383144961_2,benign_image,,,,,,,,,,,
mexico_earthquake__913102526383144961__913102526383144961_2,benign_text,,,,,,,,,,,
mexico_earthquake__913102526383144961__913102526383144961_2,benign_joint,,,,,,,,,,,
mexico_earthquake__913102526383144961__913102526383144961_2,direct_image,,,,,,,,,,,
mexico_earthquake__913102526383144961__913102526383144961_2,direct_text,,,,,,,,,,,
mexico_earthquake__913102526383144961__913102526383144961_2,direct_joint,,,,,,,,,,,
mexico_earthquake__913102526383144961__913102526383144961_2,misleading_image,,,,,,,,,,,
mexico_earthquake__913102526383144961__913102526383144961_2,misleading_text,,,,,,,,,,,
mexico_earthquake__913102526383144961__913102526383144961_2,misleading_joint,,,,,,,,,,,
hurricane_harvey__904240121922322432__904240121922322432_0,clean,,,,,,,,,,,
hurricane_harvey__904240121922322432__904240121922322432_0,benign_image,,,,,,,,,,,
hurricane_harvey__904240121922322432__904240121922322432_0,benign_text,,,,,,,,,,,
hurricane_harvey__904240121922322432__904240121922322432_0,benign_joint,,,,,,,,,,,
hurricane_harvey__904240121922322432__904240121922322432_0,direct_image,,,,,,,,,,,
hurricane_harvey__904240121922322432__904240121922322432_0,direct_text,,,,,,,,,,,
hurricane_harvey__904240121922322432__904240121922322432_0,direct_joint,,,,,,,,,,,
hurricane_harvey__904240121922322432__904240121922322432_0,misleading_image,,,,,,,,,,,
hurricane_harvey__904240121922322432__904240121922322432_0,misleading_text,,,,,,,,,,,
hurricane_harvey__904240121922322432__904240121922322432_0,misleading_joint,,,,,,,,,,,
hurricane_irma__909901984387518464__909901984387518464_0,clean,,,,,,,,,,,
hurricane_irma__909901984387518464__909901984387518464_0,benign_image,,,,,,,,,,,
hurricane_irma__909901984387518464__909901984387518464_0,benign_text,,,,,,,,,,,
hurricane_irma__909901984387518464__909901984387518464_0,benign_joint,,,,,,,,,,,
hurricane_irma__909901984387518464__909901984387518464_0,direct_image,,,,,,,,,,,
hurricane_irma__909901984387518464__909901984387518464_0,direct_text,,,,,,,,,,,
hurricane_irma__909901984387518464__909901984387518464_0,direct_joint,,,,,,,,,,,
hurricane_irma__909901984387518464__909901984387518464_0,misleading_image,,,,,,,,,,,
hurricane_irma__909901984387518464__909901984387518464_0,misleading_text,,,,,,,,,,,
hurricane_irma__909901984387518464__909901984387518464_0,misleading_joint,,,,,,,,,,,
srilanka_floods__869967714948849664__869967714948849664_0,clean,,,,,,,,,,,
srilanka_floods__869967714948849664__869967714948849664_0,benign_image,,,,,,,,,,,
srilanka_floods__869967714948849664__869967714948849664_0,benign_text,,,,,,,,,,,
srilanka_floods__869967714948849664__869967714948849664_0,benign_joint,,,,,,,,,,,
srilanka_floods__869967714948849664__869967714948849664_0,direct_image,,,,,,,,,,,
srilanka_floods__869967714948849664__869967714948849664_0,direct_text,,,,,,,,,,,
srilanka_floods__869967714948849664__869967714948849664_0,direct_joint,,,,,,,,,,,
srilanka_floods__869967714948849664__869967714948849664_0,misleading_image,,,,,,,,,,,
srilanka_floods__869967714948849664__869967714948849664_0,misleading_text,,,,,,,,,,,
srilanka_floods__869967714948849664__869967714948849664_0,misleading_joint,,,,,,,,,,,
california_wildfires__917831945802919938__917831945802919938_0,clean,,,,,,,,,,,
california_wildfires__917831945802919938__917831945802919938_0,benign_image,,,,,,,,,,,
california_wildfires__917831945802919938__917831945802919938_0,benign_text,,,,,,,,,,,
california_wildfires__917831945802919938__917831945802919938_0,benign_joint,,,,,,,,,,,
california_wildfires__917831945802919938__917831945802919938_0,direct_image,,,,,,,,,,,
california_wildfires__917831945802919938__917831945802919938_0,direct_text,,,,,,,,,,,
california_wildfires__917831945802919938__917831945802919938_0,direct_joint,,,,,,,,,,,
california_wildfires__917831945802919938__917831945802919938_0,misleading_image,,,,,,,,,,,
california_wildfires__917831945802919938__917831945802919938_0,misleading_text,,,,,,,,,,,
california_wildfires__917831945802919938__917831945802919938_0,misleading_joint,,,,,,,,,,,
iraq_iran_earthquake__930493617537454080__930493617537454080_0,clean,,,,,,,,,,,
iraq_iran_earthquake__930493617537454080__930493617537454080_0,benign_image,,,,,,,,,,,
iraq_iran_earthquake__930493617537454080__930493617537454080_0,benign_text,,,,,,,,,,,
iraq_iran_earthquake__930493617537454080__930493617537454080_0,benign_joint,,,,,,,,,,,
iraq_iran_earthquake__930493617537454080__930493617537454080_0,direct_image,,,,,,,,,,,
iraq_iran_earthquake__930493617537454080__930493617537454080_0,direct_text,,,,,,,,,,,
iraq_iran_earthquake__930493617537454080__930493617537454080_0,direct_joint,,,,,,,,,,,
iraq_iran_earthquake__930493617537454080__930493617537454080_0,misleading_image,,,,,,,,,,,
iraq_iran_earthquake__930493617537454080__930493617537454080_0,misleading_text,,,,,,,,,,,
iraq_iran_earthquake__930493617537454080__930493617537454080_0,misleading_joint,,,,,,,,,,,
hurricane_maria__921383665917218816__921383665917218816_0,clean,,,,,,,,,,,
hurricane_maria__921383665917218816__921383665917218816_0,benign_image,,,,,,,,,,,
hurricane_maria__921383665917218816__921383665917218816_0,benign_text,,,,,,,,,,,
hurricane_maria__921383665917218816__921383665917218816_0,benign_joint,,,,,,,,,,,
hurricane_maria__921383665917218816__921383665917218816_0,direct_image,,,,,,,,,,,
hurricane_maria__921383665917218816__921383665917218816_0,direct_text,,,,,,,,,,,
hurricane_maria__921383665917218816__921383665917218816_0,direct_joint,,,,,,,,,,,
hurricane_maria__921383665917218816__921383665917218816_0,misleading_image,,,,,,,,,,,
hurricane_maria__921383665917218816__921383665917218816_0,misleading_text,,,,,,,,,,,
hurricane_maria__921383665917218816__921383665917218816_0,misleading_joint,,,,,,,,,,,
hurricane_maria__911584878172540929__911584878172540929_1,clean,,,,,,,,,,,
hurricane_maria__911584878172540929__911584878172540929_1,benign_image,,,,,,,,,,,
hurricane_maria__911584878172540929__911584878172540929_1,benign_text,,,,,,,,,,,
hurricane_maria__911584878172540929__911584878172540929_1,benign_joint,,,,,,,,,,,
hurricane_maria__911584878172540929__911584878172540929_1,direct_image,,,,,,,,,,,
hurricane_maria__911584878172540929__911584878172540929_1,direct_text,,,,,,,,,,,
hurricane_maria__911584878172540929__911584878172540929_1,direct_joint,,,,,,,,,,,
hurricane_maria__911584878172540929__911584878172540929_1,misleading_image,,,,,,,,,,,
hurricane_maria__911584878172540929__911584878172540929_1,misleading_text,,,,,,,,,,,
hurricane_maria__911584878172540929__911584878172540929_1,misleading_joint,,,,,,,,,,,
hurricane_irma__909448877790695424__909448877790695424_0,clean,,,,,,,,,,,
hurricane_irma__909448877790695424__909448877790695424_0,benign_image,,,,,,,,,,,
hurricane_irma__909448877790695424__909448877790695424_0,benign_text,,,,,,,,,,,
hurricane_irma__909448877790695424__909448877790695424_0,benign_joint,,,,,,,,,,,
hurricane_irma__909448877790695424__909448877790695424_0,direct_image,,,,,,,,,,,
hurricane_irma__909448877790695424__909448877790695424_0,direct_text,,,,,,,,,,,
hurricane_irma__909448877790695424__909448877790695424_0,direct_joint,,,,,,,,,,,
hurricane_irma__909448877790695424__909448877790695424_0,misleading_image,,,,,,,,,,,
hurricane_irma__909448877790695424__909448877790695424_0,misleading_text,,,,,,,,,,,
hurricane_irma__909448877790695424__909448877790695424_0,misleading_joint,,,,,,,,,,,
hurricane_harvey__908584190446264320__908584190446264320_0,clean,,,,,,,,,,,
hurricane_harvey__908584190446264320__908584190446264320_0,benign_image,,,,,,,,,,,
hurricane_harvey__908584190446264320__908584190446264320_0,benign_text,,,,,,,,,,,
hurricane_harvey__908584190446264320__908584190446264320_0,benign_joint,,,,,,,,,,,
hurricane_harvey__908584190446264320__908584190446264320_0,direct_image,,,,,,,,,,,
hurricane_harvey__908584190446264320__908584190446264320_0,direct_text,,,,,,,,,,,
hurricane_harvey__908584190446264320__908584190446264320_0,direct_joint,,,,,,,,,,,
hurricane_harvey__908584190446264320__908584190446264320_0,misleading_image,,,,,,,,,,,
hurricane_harvey__908584190446264320__908584190446264320_0,misleading_text,,,,,,,,,,,
hurricane_harvey__908584190446264320__908584190446264320_0,misleading_joint,,,,,,,,,,,
california_wildfires__919580937184260098__919580937184260098_0,clean,,,,,,,,,,,
california_wildfires__919580937184260098__919580937184260098_0,benign_image,,,,,,,,,,,
california_wildfires__919580937184260098__919580937184260098_0,benign_text,,,,,,,,,,,
california_wildfires__919580937184260098__919580937184260098_0,benign_joint,,,,,,,,,,,
california_wildfires__919580937184260098__919580937184260098_0,direct_image,,,,,,,,,,,
california_wildfires__919580937184260098__919580937184260098_0,direct_text,,,,,,,,,,,
california_wildfires__919580937184260098__919580937184260098_0,direct_joint,,,,,,,,,,,
california_wildfires__919580937184260098__919580937184260098_0,misleading_image,,,,,,,,,,,
california_wildfires__919580937184260098__919580937184260098_0,misleading_text,,,,,,,,,,,
california_wildfires__919580937184260098__919580937184260098_0,misleading_joint,,,,,,,,,,,
mexico_earthquake__910679991599460352__910679991599460352_0,clean,,,,,,,,,,,
mexico_earthquake__910679991599460352__910679991599460352_0,benign_image,,,,,,,,,,,
mexico_earthquake__910679991599460352__910679991599460352_0,benign_text,,,,,,,,,,,
mexico_earthquake__910679991599460352__910679991599460352_0,benign_joint,,,,,,,,,,,
mexico_earthquake__910679991599460352__910679991599460352_0,direct_image,,,,,,,,,,,
mexico_earthquake__910679991599460352__910679991599460352_0,direct_text,,,,,,,,,,,
mexico_earthquake__910679991599460352__910679991599460352_0,direct_joint,,,,,,,,,,,
mexico_earthquake__910679991599460352__910679991599460352_0,misleading_image,,,,,,,,,,,
mexico_earthquake__910679991599460352__910679991599460352_0,misleading_text,,,,,,,,,,,
mexico_earthquake__910679991599460352__910679991599460352_0,misleading_joint,,,,,,,,,,,
hurricane_irma__909801844637085697__909801844637085697_0,clean,,,,,,,,,,,
hurricane_irma__909801844637085697__909801844637085697_0,benign_image,,,,,,,,,,,
hurricane_irma__909801844637085697__909801844637085697_0,benign_text,,,,,,,,,,,
hurricane_irma__909801844637085697__909801844637085697_0,benign_joint,,,,,,,,,,,
hurricane_irma__909801844637085697__909801844637085697_0,direct_image,,,,,,,,,,,
hurricane_irma__909801844637085697__909801844637085697_0,direct_text,,,,,,,,,,,
hurricane_irma__909801844637085697__909801844637085697_0,direct_joint,,,,,,,,,,,
hurricane_irma__909801844637085697__909801844637085697_0,misleading_image,,,,,,,,,,,
hurricane_irma__909801844637085697__909801844637085697_0,misleading_text,,,,,,,,,,,
hurricane_irma__909801844637085697__909801844637085697_0,misleading_joint,,,,,,,,,,,
hurricane_harvey__901705136782716928__901705136782716928_1,clean,,,,,,,,,,,
hurricane_harvey__901705136782716928__901705136782716928_1,benign_image,,,,,,,,,,,
hurricane_harvey__901705136782716928__901705136782716928_1,benign_text,,,,,,,,,,,
hurricane_harvey__901705136782716928__901705136782716928_1,benign_joint,,,,,,,,,,,
hurricane_harvey__901705136782716928__901705136782716928_1,direct_image,,,,,,,,,,,
hurricane_harvey__901705136782716928__901705136782716928_1,direct_text,,,,,,,,,,,
hurricane_harvey__901705136782716928__901705136782716928_1,direct_joint,,,,,,,,,,,
hurricane_harvey__901705136782716928__901705136782716928_1,misleading_image,,,,,,,,,,,
hurricane_harvey__901705136782716928__901705136782716928_1,misleading_text,,,,,,,,,,,
hurricane_harvey__901705136782716928__901705136782716928_1,misleading_joint,,,,,,,,,,,
mexico_earthquake__915079996900827136__915079996900827136_0,clean,,,,,,,,,,,
mexico_earthquake__915079996900827136__915079996900827136_0,benign_image,,,,,,,,,,,
mexico_earthquake__915079996900827136__915079996900827136_0,benign_text,,,,,,,,,,,
mexico_earthquake__915079996900827136__915079996900827136_0,benign_joint,,,,,,,,,,,
mexico_earthquake__915079996900827136__915079996900827136_0,direct_image,,,,,,,,,,,
mexico_earthquake__915079996900827136__915079996900827136_0,direct_text,,,,,,,,,,,
mexico_earthquake__915079996900827136__915079996900827136_0,direct_joint,,,,,,,,,,,
mexico_earthquake__915079996900827136__915079996900827136_0,misleading_image,,,,,,,,,,,
mexico_earthquake__915079996900827136__915079996900827136_0,misleading_text,,,,,,,,,,,
mexico_earthquake__915079996900827136__915079996900827136_0,misleading_joint,,,,,,,,,,,
california_wildfires__917925667051790336__917925667051790336_0,clean,,,,,,,,,,,
california_wildfires__917925667051790336__917925667051790336_0,benign_image,,,,,,,,,,,
california_wildfires__917925667051790336__917925667051790336_0,benign_text,,,,,,,,,,,
california_wildfires__917925667051790336__917925667051790336_0,benign_joint,,,,,,,,,,,
california_wildfires__917925667051790336__917925667051790336_0,direct_image,,,,,,,,,,,
california_wildfires__917925667051790336__917925667051790336_0,direct_text,,,,,,,,,,,
california_wildfires__917925667051790336__917925667051790336_0,direct_joint,,,,,,,,,,,
california_wildfires__917925667051790336__917925667051790336_0,misleading_image,,,,,,,,,,,
california_wildfires__917925667051790336__917925667051790336_0,misleading_text,,,,,,,,,,,
california_wildfires__917925667051790336__917925667051790336_0,misleading_joint,,,,,,,,,,,
hurricane_harvey__905486990279397382__905486990279397382_0,clean,,,,,,,,,,,
hurricane_harvey__905486990279397382__905486990279397382_0,benign_image,,,,,,,,,,,
hurricane_harvey__905486990279397382__905486990279397382_0,benign_text,,,,,,,,,,,
hurricane_harvey__905486990279397382__905486990279397382_0,benign_joint,,,,,,,,,,,
hurricane_harvey__905486990279397382__905486990279397382_0,direct_image,,,,,,,,,,,
hurricane_harvey__905486990279397382__905486990279397382_0,direct_text,,,,,,,,,,,
hurricane_harvey__905486990279397382__905486990279397382_0,direct_joint,,,,,,,,,,,
hurricane_harvey__905486990279397382__905486990279397382_0,misleading_image,,,,,,,,,,,
hurricane_harvey__905486990279397382__905486990279397382_0,misleading_text,,,,,,,,,,,
hurricane_harvey__905486990279397382__905486990279397382_0,misleading_joint,,,,,,,,,,,
hurricane_maria__910534114922647553__910534114922647553_0,clean,,,,,,,,,,,
hurricane_maria__910534114922647553__910534114922647553_0,benign_image,,,,,,,,,,,
hurricane_maria__910534114922647553__910534114922647553_0,benign_text,,,,,,,,,,,
hurricane_maria__910534114922647553__910534114922647553_0,benign_joint,,,,,,,,,,,
hurricane_maria__910534114922647553__910534114922647553_0,direct_image,,,,,,,,,,,
hurricane_maria__910534114922647553__910534114922647553_0,direct_text,,,,,,,,,,,
hurricane_maria__910534114922647553__910534114922647553_0,direct_joint,,,,,,,,,,,
hurricane_maria__910534114922647553__910534114922647553_0,misleading_image,,,,,,,,,,,
hurricane_maria__910534114922647553__910534114922647553_0,misleading_text,,,,,,,,,,,
hurricane_maria__910534114922647553__910534114922647553_0,misleading_joint,,,,,,,,,,,
mexico_earthquake__910624850703773696__910624850703773696_0,clean,,,,,,,,,,,
mexico_earthquake__910624850703773696__910624850703773696_0,benign_image,,,,,,,,,,,
mexico_earthquake__910624850703773696__910624850703773696_0,benign_text,,,,,,,,,,,
mexico_earthquake__910624850703773696__910624850703773696_0,benign_joint,,,,,,,,,,,
mexico_earthquake__910624850703773696__910624850703773696_0,direct_image,,,,,,,,,,,
mexico_earthquake__910624850703773696__910624850703773696_0,direct_text,,,,,,,,,,,
mexico_earthquake__910624850703773696__910624850703773696_0,direct_joint,,,,,,,,,,,
mexico_earthquake__910624850703773696__910624850703773696_0,misleading_image,,,,,,,,,,,
mexico_earthquake__910624850703773696__910624850703773696_0,misleading_text,,,,,,,,,,,
mexico_earthquake__910624850703773696__910624850703773696_0,misleading_joint,,,,,,,,,,,
hurricane_irma__905756443667820544__905756443667820544_0,clean,,,,,,,,,,,
hurricane_irma__905756443667820544__905756443667820544_0,benign_image,,,,,,,,,,,
hurricane_irma__905756443667820544__905756443667820544_0,benign_text,,,,,,,,,,,
hurricane_irma__905756443667820544__905756443667820544_0,benign_joint,,,,,,,,,,,
hurricane_irma__905756443667820544__905756443667820544_0,direct_image,,,,,,,,,,,
hurricane_irma__905756443667820544__905756443667820544_0,direct_text,,,,,,,,,,,
hurricane_irma__905756443667820544__905756443667820544_0,direct_joint,,,,,,,,,,,
hurricane_irma__905756443667820544__905756443667820544_0,misleading_image,,,,,,,,,,,
hurricane_irma__905756443667820544__905756443667820544_0,misleading_text,,,,,,,,,,,
hurricane_irma__905756443667820544__905756443667820544_0,misleading_joint,,,,,,,,,,,
hurricane_irma__909843612309102592__909843612309102592_0,clean,,,,,,,,,,,
hurricane_irma__909843612309102592__909843612309102592_0,benign_image,,,,,,,,,,,
hurricane_irma__909843612309102592__909843612309102592_0,benign_text,,,,,,,,,,,
hurricane_irma__909843612309102592__909843612309102592_0,benign_joint,,,,,,,,,,,
hurricane_irma__909843612309102592__909843612309102592_0,direct_image,,,,,,,,,,,
hurricane_irma__909843612309102592__909843612309102592_0,direct_text,,,,,,,,,,,
hurricane_irma__909843612309102592__909843612309102592_0,direct_joint,,,,,,,,,,,
hurricane_irma__909843612309102592__909843612309102592_0,misleading_image,,,,,,,,,,,
hurricane_irma__909843612309102592__909843612309102592_0,misleading_text,,,,,,,,,,,
hurricane_irma__909843612309102592__909843612309102592_0,misleading_joint,,,,,,,,,,,
hurricane_irma__909989983154524160__909989983154524160_0,clean,,,,,,,,,,,
hurricane_irma__909989983154524160__909989983154524160_0,benign_image,,,,,,,,,,,
hurricane_irma__909989983154524160__909989983154524160_0,benign_text,,,,,,,,,,,
hurricane_irma__909989983154524160__909989983154524160_0,benign_joint,,,,,,,,,,,
hurricane_irma__909989983154524160__909989983154524160_0,direct_image,,,,,,,,,,,
hurricane_irma__909989983154524160__909989983154524160_0,direct_text,,,,,,,,,,,
hurricane_irma__909989983154524160__909989983154524160_0,direct_joint,,,,,,,,,,,
hurricane_irma__909989983154524160__909989983154524160_0,misleading_image,,,,,,,,,,,
hurricane_irma__909989983154524160__909989983154524160_0,misleading_text,,,,,,,,,,,
hurricane_irma__909989983154524160__909989983154524160_0,misleading_joint,,,,,,,,,,,
california_wildfires__917828328475680768__917828328475680768_0,clean,,,,,,,,,,,
california_wildfires__917828328475680768__917828328475680768_0,benign_image,,,,,,,,,,,
california_wildfires__917828328475680768__917828328475680768_0,benign_text,,,,,,,,,,,
california_wildfires__917828328475680768__917828328475680768_0,benign_joint,,,,,,,,,,,
california_wildfires__917828328475680768__917828328475680768_0,direct_image,,,,,,,,,,,
california_wildfires__917828328475680768__917828328475680768_0,direct_text,,,,,,,,,,,
california_wildfires__917828328475680768__917828328475680768_0,direct_joint,,,,,,,,,,,
california_wildfires__917828328475680768__917828328475680768_0,misleading_image,,,,,,,,,,,
california_wildfires__917828328475680768__917828328475680768_0,misleading_text,,,,,,,,,,,
california_wildfires__917828328475680768__917828328475680768_0,misleading_joint,,,,,,,,,,,
hurricane_harvey__904331124339609600__904331124339609600_0,clean,,,,,,,,,,,
hurricane_harvey__904331124339609600__904331124339609600_0,benign_image,,,,,,,,,,,
hurricane_harvey__904331124339609600__904331124339609600_0,benign_text,,,,,,,,,,,
hurricane_harvey__904331124339609600__904331124339609600_0,benign_joint,,,,,,,,,,,
hurricane_harvey__904331124339609600__904331124339609600_0,direct_image,,,,,,,,,,,
hurricane_harvey__904331124339609600__904331124339609600_0,direct_text,,,,,,,,,,,
hurricane_harvey__904331124339609600__904331124339609600_0,direct_joint,,,,,,,,,,,
hurricane_harvey__904331124339609600__904331124339609600_0,misleading_image,,,,,,,,,,,
hurricane_harvey__904331124339609600__904331124339609600_0,misleading_text,,,,,,,,,,,
hurricane_harvey__904331124339609600__904331124339609600_0,misleading_joint,,,,,,,,,,,
hurricane_harvey__905862761263104001__905862761263104001_0,clean,,,,,,,,,,,
hurricane_harvey__905862761263104001__905862761263104001_0,benign_image,,,,,,,,,,,
hurricane_harvey__905862761263104001__905862761263104001_0,benign_text,,,,,,,,,,,
hurricane_harvey__905862761263104001__905862761263104001_0,benign_joint,,,,,,,,,,,
hurricane_harvey__905862761263104001__905862761263104001_0,direct_image,,,,,,,,,,,
hurricane_harvey__905862761263104001__905862761263104001_0,direct_text,,,,,,,,,,,
hurricane_harvey__905862761263104001__905862761263104001_0,direct_joint,,,,,,,,,,,
hurricane_harvey__905862761263104001__905862761263104001_0,misleading_image,,,,,,,,,,,
hurricane_harvey__905862761263104001__905862761263104001_0,misleading_text,,,,,,,,,,,
hurricane_harvey__905862761263104001__905862761263104001_0,misleading_joint,,,,,,,,,,,
hurricane_harvey__901741728520130560__901741728520130560_0,clean,,,,,,,,,,,
hurricane_harvey__901741728520130560__901741728520130560_0,benign_image,,,,,,,,,,,
hurricane_harvey__901741728520130560__901741728520130560_0,benign_text,,,,,,,,,,,
hurricane_harvey__901741728520130560__901741728520130560_0,benign_joint,,,,,,,,,,,
hurricane_harvey__901741728520130560__901741728520130560_0,direct_image,,,,,,,,,,,
hurricane_harvey__901741728520130560__901741728520130560_0,direct_text,,,,,,,,,,,
hurricane_harvey__901741728520130560__901741728520130560_0,direct_joint,,,,,,,,,,,
hurricane_harvey__901741728520130560__901741728520130560_0,misleading_image,,,,,,,,,,,
hurricane_harvey__901741728520130560__901741728520130560_0,misleading_text,,,,,,,,,,,
hurricane_harvey__901741728520130560__901741728520130560_0,misleading_joint,,,,,,,,,,,
california_wildfires__918077527226118144__918077527226118144_0,clean,,,,,,,,,,,
california_wildfires__918077527226118144__918077527226118144_0,benign_image,,,,,,,,,,,
california_wildfires__918077527226118144__918077527226118144_0,benign_text,,,,,,,,,,,
california_wildfires__918077527226118144__918077527226118144_0,benign_joint,,,,,,,,,,,
california_wildfires__918077527226118144__918077527226118144_0,direct_image,,,,,,,,,,,
california_wildfires__918077527226118144__918077527226118144_0,direct_text,,,,,,,,,,,
california_wildfires__918077527226118144__918077527226118144_0,direct_joint,,,,,,,,,,,
california_wildfires__918077527226118144__918077527226118144_0,misleading_image,,,,,,,,,,,
california_wildfires__918077527226118144__918077527226118144_0,misleading_text,,,,,,,,,,,
california_wildfires__918077527226118144__918077527226118144_0,misleading_joint,,,,,,,,,,,
hurricane_harvey__907398192567930882__907398192567930882_0,clean,,,,,,,,,,,
hurricane_harvey__907398192567930882__907398192567930882_0,benign_image,,,,,,,,,,,
hurricane_harvey__907398192567930882__907398192567930882_0,benign_text,,,,,,,,,,,
hurricane_harvey__907398192567930882__907398192567930882_0,benign_joint,,,,,,,,,,,
hurricane_harvey__907398192567930882__907398192567930882_0,direct_image,,,,,,,,,,,
hurricane_harvey__907398192567930882__907398192567930882_0,direct_text,,,,,,,,,,,
hurricane_harvey__907398192567930882__907398192567930882_0,direct_joint,,,,,,,,,,,
hurricane_harvey__907398192567930882__907398192567930882_0,misleading_image,,,,,,,,,,,
hurricane_harvey__907398192567930882__907398192567930882_0,misleading_text,,,,,,,,,,,
hurricane_harvey__907398192567930882__907398192567930882_0,misleading_joint,,,,,,,,,,,
hurricane_maria__921316214441463808__921316214441463808_0,clean,,,,,,,,,,,
hurricane_maria__921316214441463808__921316214441463808_0,benign_image,,,,,,,,,,,
hurricane_maria__921316214441463808__921316214441463808_0,benign_text,,,,,,,,,,,
hurricane_maria__921316214441463808__921316214441463808_0,benign_joint,,,,,,,,,,,
hurricane_maria__921316214441463808__921316214441463808_0,direct_image,,,,,,,,,,,
hurricane_maria__921316214441463808__921316214441463808_0,direct_text,,,,,,,,,,,
hurricane_maria__921316214441463808__921316214441463808_0,direct_joint,,,,,,,,,,,
hurricane_maria__921316214441463808__921316214441463808_0,misleading_image,,,,,,,,,,,
hurricane_maria__921316214441463808__921316214441463808_0,misleading_text,,,,,,,,,,,
hurricane_maria__921316214441463808__921316214441463808_0,misleading_joint,,,,,,,,,,,
hurricane_maria__923605681910849536__923605681910849536_0,clean,,,,,,,,,,,
hurricane_maria__923605681910849536__923605681910849536_0,benign_image,,,,,,,,,,,
hurricane_maria__923605681910849536__923605681910849536_0,benign_text,,,,,,,,,,,
hurricane_maria__923605681910849536__923605681910849536_0,benign_joint,,,,,,,,,,,
hurricane_maria__923605681910849536__923605681910849536_0,direct_image,,,,,,,,,,,
hurricane_maria__923605681910849536__923605681910849536_0,direct_text,,,,,,,,,,,
hurricane_maria__923605681910849536__923605681910849536_0,direct_joint,,,,,,,,,,,
hurricane_maria__923605681910849536__923605681910849536_0,misleading_image,,,,,,,,,,,
hurricane_maria__923605681910849536__923605681910849536_0,misleading_text,,,,,,,,,,,
hurricane_maria__923605681910849536__923605681910849536_0,misleading_joint,,,,,,,,,,,
srilanka_floods__869957051547435008__869957051547435008_0,clean,,,,,,,,,,,
srilanka_floods__869957051547435008__869957051547435008_0,benign_image,,,,,,,,,,,
srilanka_floods__869957051547435008__869957051547435008_0,benign_text,,,,,,,,,,,
srilanka_floods__869957051547435008__869957051547435008_0,benign_joint,,,,,,,,,,,
srilanka_floods__869957051547435008__869957051547435008_0,direct_image,,,,,,,,,,,
srilanka_floods__869957051547435008__869957051547435008_0,direct_text,,,,,,,,,,,
srilanka_floods__869957051547435008__869957051547435008_0,direct_joint,,,,,,,,,,,
srilanka_floods__869957051547435008__869957051547435008_0,misleading_image,,,,,,,,,,,
srilanka_floods__869957051547435008__869957051547435008_0,misleading_text,,,,,,,,,,,
srilanka_floods__869957051547435008__869957051547435008_0,misleading_joint,,,,,,,,,,,
hurricane_maria__923578730114514945__923578730114514945_0,clean,,,,,,,,,,,
hurricane_maria__923578730114514945__923578730114514945_0,benign_image,,,,,,,,,,,
hurricane_maria__923578730114514945__923578730114514945_0,benign_text,,,,,,,,,,,
hurricane_maria__923578730114514945__923578730114514945_0,benign_joint,,,,,,,,,,,
hurricane_maria__923578730114514945__923578730114514945_0,direct_image,,,,,,,,,,,
hurricane_maria__923578730114514945__923578730114514945_0,direct_text,,,,,,,,,,,
hurricane_maria__923578730114514945__923578730114514945_0,direct_joint,,,,,,,,,,,
hurricane_maria__923578730114514945__923578730114514945_0,misleading_image,,,,,,,,,,,
hurricane_maria__923578730114514945__923578730114514945_0,misleading_text,,,,,,,,,,,
hurricane_maria__923578730114514945__923578730114514945_0,misleading_joint,,,,,,,,,,,
hurricane_irma__909436630267760641__909436630267760641_3,clean,,,,,,,,,,,
hurricane_irma__909436630267760641__909436630267760641_3,benign_image,,,,,,,,,,,
hurricane_irma__909436630267760641__909436630267760641_3,benign_text,,,,,,,,,,,
hurricane_irma__909436630267760641__909436630267760641_3,benign_joint,,,,,,,,,,,
hurricane_irma__909436630267760641__909436630267760641_3,direct_image,,,,,,,,,,,
hurricane_irma__909436630267760641__909436630267760641_3,direct_text,,,,,,,,,,,
hurricane_irma__909436630267760641__909436630267760641_3,direct_joint,,,,,,,,,,,
hurricane_irma__909436630267760641__909436630267760641_3,misleading_image,,,,,,,,,,,
hurricane_irma__909436630267760641__909436630267760641_3,misleading_text,,,,,,,,,,,
hurricane_irma__909436630267760641__909436630267760641_3,misleading_joint,,,,,,,,,,,
hurricane_irma__905745716575838208__905745716575838208_0,clean,,,,,,,,,,,
hurricane_irma__905745716575838208__905745716575838208_0,benign_image,,,,,,,,,,,
hurricane_irma__905745716575838208__905745716575838208_0,benign_text,,,,,,,,,,,
hurricane_irma__905745716575838208__905745716575838208_0,benign_joint,,,,,,,,,,,
hurricane_irma__905745716575838208__905745716575838208_0,direct_image,,,,,,,,,,,
hurricane_irma__905745716575838208__905745716575838208_0,direct_text,,,,,,,,,,,
hurricane_irma__905745716575838208__905745716575838208_0,direct_joint,,,,,,,,,,,
hurricane_irma__905745716575838208__905745716575838208_0,misleading_image,,,,,,,,,,,
hurricane_irma__905745716575838208__905745716575838208_0,misleading_text,,,,,,,,,,,
hurricane_irma__905745716575838208__905745716575838208_0,misleading_joint,,,,,,,,,,,
california_wildfires__917815040962695168__917815040962695168_2,clean,,,,,,,,,,,
california_wildfires__917815040962695168__917815040962695168_2,benign_image,,,,,,,,,,,
california_wildfires__917815040962695168__917815040962695168_2,benign_text,,,,,,,,,,,
california_wildfires__917815040962695168__917815040962695168_2,benign_joint,,,,,,,,,,,
california_wildfires__917815040962695168__917815040962695168_2,direct_image,,,,,,,,,,,
california_wildfires__917815040962695168__917815040962695168_2,direct_text,,,,,,,,,,,
california_wildfires__917815040962695168__917815040962695168_2,direct_joint,,,,,,,,,,,
california_wildfires__917815040962695168__917815040962695168_2,misleading_image,,,,,,,,,,,
california_wildfires__917815040962695168__917815040962695168_2,misleading_text,,,,,,,,,,,
california_wildfires__917815040962695168__917815040962695168_2,misleading_joint,,,,,,,,,,,
srilanka_floods__870182877706715139__870182877706715139_0,clean,,,,,,,,,,,
srilanka_floods__870182877706715139__870182877706715139_0,benign_image,,,,,,,,,,,
srilanka_floods__870182877706715139__870182877706715139_0,benign_text,,,,,,,,,,,
srilanka_floods__870182877706715139__870182877706715139_0,benign_joint,,,,,,,,,,,
srilanka_floods__870182877706715139__870182877706715139_0,direct_image,,,,,,,,,,,
srilanka_floods__870182877706715139__870182877706715139_0,direct_text,,,,,,,,,,,
srilanka_floods__870182877706715139__870182877706715139_0,direct_joint,,,,,,,,,,,
srilanka_floods__870182877706715139__870182877706715139_0,misleading_image,,,,,,,,,,,
srilanka_floods__870182877706715139__870182877706715139_0,misleading_text,,,,,,,,,,,
srilanka_floods__870182877706715139__870182877706715139_0,misleading_joint,,,,,,,,,,,
hurricane_irma__910118839081472000__910118839081472000_0,clean,,,,,,,,,,,
hurricane_irma__910118839081472000__910118839081472000_0,benign_image,,,,,,,,,,,
hurricane_irma__910118839081472000__910118839081472000_0,benign_text,,,,,,,,,,,
hurricane_irma__910118839081472000__910118839081472000_0,benign_joint,,,,,,,,,,,
hurricane_irma__910118839081472000__910118839081472000_0,direct_image,,,,,,,,,,,
hurricane_irma__910118839081472000__910118839081472000_0,direct_text,,,,,,,,,,,
hurricane_irma__910118839081472000__910118839081472000_0,direct_joint,,,,,,,,,,,
hurricane_irma__910118839081472000__910118839081472000_0,misleading_image,,,,,,,,,,,
hurricane_irma__910118839081472000__910118839081472000_0,misleading_text,,,,,,,,,,,
hurricane_irma__910118839081472000__910118839081472000_0,misleading_joint,,,,,,,,,,,
hurricane_harvey__901835409440768000__901835409440768000_1,clean,,,,,,,,,,,
hurricane_harvey__901835409440768000__901835409440768000_1,benign_image,,,,,,,,,,,
hurricane_harvey__901835409440768000__901835409440768000_1,benign_text,,,,,,,,,,,
hurricane_harvey__901835409440768000__901835409440768000_1,benign_joint,,,,,,,,,,,
hurricane_harvey__901835409440768000__901835409440768000_1,direct_image,,,,,,,,,,,
hurricane_harvey__901835409440768000__901835409440768000_1,direct_text,,,,,,,,,,,
hurricane_harvey__901835409440768000__901835409440768000_1,direct_joint,,,,,,,,,,,
hurricane_harvey__901835409440768000__901835409440768000_1,misleading_image,,,,,,,,,,,
hurricane_harvey__901835409440768000__901835409440768000_1,misleading_text,,,,,,,,,,,
hurricane_harvey__901835409440768000__901835409440768000_1,misleading_joint,,,,,,,,,,,
hurricane_maria__911935529905684481__911935529905684481_0,clean,,,,,,,,,,,
hurricane_maria__911935529905684481__911935529905684481_0,benign_image,,,,,,,,,,,
hurricane_maria__911935529905684481__911935529905684481_0,benign_text,,,,,,,,,,,
hurricane_maria__911935529905684481__911935529905684481_0,benign_joint,,,,,,,,,,,
hurricane_maria__911935529905684481__911935529905684481_0,direct_image,,,,,,,,,,,
hurricane_maria__911935529905684481__911935529905684481_0,direct_text,,,,,,,,,,,
hurricane_maria__911935529905684481__911935529905684481_0,direct_joint,,,,,,,,,,,
hurricane_maria__911935529905684481__911935529905684481_0,misleading_image,,,,,,,,,,,
hurricane_maria__911935529905684481__911935529905684481_0,misleading_text,,,,,,,,,,,
hurricane_maria__911935529905684481__911935529905684481_0,misleading_joint,,,,,,,,,,,
hurricane_harvey__908772392159387648__908772392159387648_2,clean,,,,,,,,,,,
hurricane_harvey__908772392159387648__908772392159387648_2,benign_image,,,,,,,,,,,
hurricane_harvey__908772392159387648__908772392159387648_2,benign_text,,,,,,,,,,,
hurricane_harvey__908772392159387648__908772392159387648_2,benign_joint,,,,,,,,,,,
hurricane_harvey__908772392159387648__908772392159387648_2,direct_image,,,,,,,,,,,
hurricane_harvey__908772392159387648__908772392159387648_2,direct_text,,,,,,,,,,,
hurricane_harvey__908772392159387648__908772392159387648_2,direct_joint,,,,,,,,,,,
hurricane_harvey__908772392159387648__908772392159387648_2,misleading_image,,,,,,,,,,,
hurricane_harvey__908772392159387648__908772392159387648_2,misleading_text,,,,,,,,,,,
hurricane_harvey__908772392159387648__908772392159387648_2,misleading_joint,,,,,,,,,,,
california_wildfires__917832022017445888__917832022017445888_0,clean,,,,,,,,,,,
california_wildfires__917832022017445888__917832022017445888_0,benign_image,,,,,,,,,,,
california_wildfires__917832022017445888__917832022017445888_0,benign_text,,,,,,,,,,,
california_wildfires__917832022017445888__917832022017445888_0,benign_joint,,,,,,,,,,,
california_wildfires__917832022017445888__917832022017445888_0,direct_image,,,,,,,,,,,
california_wildfires__917832022017445888__917832022017445888_0,direct_text,,,,,,,,,,,
california_wildfires__917832022017445888__917832022017445888_0,direct_joint,,,,,,,,,,,
california_wildfires__917832022017445888__917832022017445888_0,misleading_image,,,,,,,,,,,
california_wildfires__917832022017445888__917832022017445888_0,misleading_text,,,,,,,,,,,
california_wildfires__917832022017445888__917832022017445888_0,misleading_joint,,,,,,,,,,,
hurricane_irma__909822717574238208__909822717574238208_0,clean,,,,,,,,,,,
hurricane_irma__909822717574238208__909822717574238208_0,benign_image,,,,,,,,,,,
hurricane_irma__909822717574238208__909822717574238208_0,benign_text,,,,,,,,,,,
hurricane_irma__909822717574238208__909822717574238208_0,benign_joint,,,,,,,,,,,
hurricane_irma__909822717574238208__909822717574238208_0,direct_image,,,,,,,,,,,
hurricane_irma__909822717574238208__909822717574238208_0,direct_text,,,,,,,,,,,
hurricane_irma__909822717574238208__909822717574238208_0,direct_joint,,,,,,,,,,,
hurricane_irma__909822717574238208__909822717574238208_0,misleading_image,,,,,,,,,,,
hurricane_irma__909822717574238208__909822717574238208_0,misleading_text,,,,,,,,,,,
hurricane_irma__909822717574238208__909822717574238208_0,misleading_joint,,,,,,,,,,,
hurricane_maria__916095715813744640__916095715813744640_0,clean,,,,,,,,,,,
hurricane_maria__916095715813744640__916095715813744640_0,benign_image,,,,,,,,,,,
hurricane_maria__916095715813744640__916095715813744640_0,benign_text,,,,,,,,,,,
hurricane_maria__916095715813744640__916095715813744640_0,benign_joint,,,,,,,,,,,
hurricane_maria__916095715813744640__916095715813744640_0,direct_image,,,,,,,,,,,
hurricane_maria__916095715813744640__916095715813744640_0,direct_text,,,,,,,,,,,
hurricane_maria__916095715813744640__916095715813744640_0,direct_joint,,,,,,,,,,,
hurricane_maria__916095715813744640__916095715813744640_0,misleading_image,,,,,,,,,,,
hurricane_maria__916095715813744640__916095715813744640_0,misleading_text,,,,,,,,,,,
hurricane_maria__916095715813744640__916095715813744640_0,misleading_joint,,,,,,,,,,,
hurricane_harvey__904464789811863552__904464789811863552_0,clean,,,,,,,,,,,
hurricane_harvey__904464789811863552__904464789811863552_0,benign_image,,,,,,,,,,,
hurricane_harvey__904464789811863552__904464789811863552_0,benign_text,,,,,,,,,,,
hurricane_harvey__904464789811863552__904464789811863552_0,benign_joint,,,,,,,,,,,
hurricane_harvey__904464789811863552__904464789811863552_0,direct_image,,,,,,,,,,,
hurricane_harvey__904464789811863552__904464789811863552_0,direct_text,,,,,,,,,,,
hurricane_harvey__904464789811863552__904464789811863552_0,direct_joint,,,,,,,,,,,
hurricane_harvey__904464789811863552__904464789811863552_0,misleading_image,,,,,,,,,,,
hurricane_harvey__904464789811863552__904464789811863552_0,misleading_text,,,,,,,,,,,
hurricane_harvey__904464789811863552__904464789811863552_0,misleading_joint,,,,,,,,,,,
hurricane_maria__912022246008541191__912022246008541191_0,clean,,,,,,,,,,,
hurricane_maria__912022246008541191__912022246008541191_0,benign_image,,,,,,,,,,,
hurricane_maria__912022246008541191__912022246008541191_0,benign_text,,,,,,,,,,,
hurricane_maria__912022246008541191__912022246008541191_0,benign_joint,,,,,,,,,,,
hurricane_maria__912022246008541191__912022246008541191_0,direct_image,,,,,,,,,,,
hurricane_maria__912022246008541191__912022246008541191_0,direct_text,,,,,,,,,,,
hurricane_maria__912022246008541191__912022246008541191_0,direct_joint,,,,,,,,,,,
hurricane_maria__912022246008541191__912022246008541191_0,misleading_image,,,,,,,,,,,
hurricane_maria__912022246008541191__912022246008541191_0,misleading_text,,,,,,,,,,,
hurricane_maria__912022246008541191__912022246008541191_0,misleading_joint,,,,,,,,,,,
hurricane_harvey__901731017358139392__901731017358139392_0,clean,,,,,,,,,,,
hurricane_harvey__901731017358139392__901731017358139392_0,benign_image,,,,,,,,,,,
hurricane_harvey__901731017358139392__901731017358139392_0,benign_text,,,,,,,,,,,
hurricane_harvey__901731017358139392__901731017358139392_0,benign_joint,,,,,,,,,,,
hurricane_harvey__901731017358139392__901731017358139392_0,direct_image,,,,,,,,,,,
hurricane_harvey__901731017358139392__901731017358139392_0,direct_text,,,,,,,,,,,
hurricane_harvey__901731017358139392__901731017358139392_0,direct_joint,,,,,,,,,,,
hurricane_harvey__901731017358139392__901731017358139392_0,misleading_image,,,,,,,,,,,
hurricane_harvey__901731017358139392__901731017358139392_0,misleading_text,,,,,,,,,,,
hurricane_harvey__901731017358139392__901731017358139392_0,misleading_joint,,,,,,,,,,,
hurricane_harvey__901697361541509120__901697361541509120_0,clean,,,,,,,,,,,
hurricane_harvey__901697361541509120__901697361541509120_0,benign_image,,,,,,,,,,,
hurricane_harvey__901697361541509120__901697361541509120_0,benign_text,,,,,,,,,,,
hurricane_harvey__901697361541509120__901697361541509120_0,benign_joint,,,,,,,,,,,
hurricane_harvey__901697361541509120__901697361541509120_0,direct_image,,,,,,,,,,,
hurricane_harvey__901697361541509120__901697361541509120_0,direct_text,,,,,,,,,,,
hurricane_harvey__901697361541509120__901697361541509120_0,direct_joint,,,,,,,,,,,
hurricane_harvey__901697361541509120__901697361541509120_0,misleading_image,,,,,,,,,,,
hurricane_harvey__901697361541509120__901697361541509120_0,misleading_text,,,,,,,,,,,
hurricane_harvey__901697361541509120__901697361541509120_0,misleading_joint,,,,,,,,,,,
hurricane_harvey__908169364716781568__908169364716781568_0,clean,,,,,,,,,,,
hurricane_harvey__908169364716781568__908169364716781568_0,benign_image,,,,,,,,,,,
hurricane_harvey__908169364716781568__908169364716781568_0,benign_text,,,,,,,,,,,
hurricane_harvey__908169364716781568__908169364716781568_0,benign_joint,,,,,,,,,,,
hurricane_harvey__908169364716781568__908169364716781568_0,direct_image,,,,,,,,,,,
hurricane_harvey__908169364716781568__908169364716781568_0,direct_text,,,,,,,,,,,
hurricane_harvey__908169364716781568__908169364716781568_0,direct_joint,,,,,,,,,,,
hurricane_harvey__908169364716781568__908169364716781568_0,misleading_image,,,,,,,,,,,
hurricane_harvey__908169364716781568__908169364716781568_0,misleading_text,,,,,,,,,,,
hurricane_harvey__908169364716781568__908169364716781568_0,misleading_joint,,,,,,,,,,,
srilanka_floods__870845845133971456__870845845133971456_2,clean,,,,,,,,,,,
srilanka_floods__870845845133971456__870845845133971456_2,benign_image,,,,,,,,,,,
srilanka_floods__870845845133971456__870845845133971456_2,benign_text,,,,,,,,,,,
srilanka_floods__870845845133971456__870845845133971456_2,benign_joint,,,,,,,,,,,
srilanka_floods__870845845133971456__870845845133971456_2,direct_image,,,,,,,,,,,
srilanka_floods__870845845133971456__870845845133971456_2,direct_text,,,,,,,,,,,
srilanka_floods__870845845133971456__870845845133971456_2,direct_joint,,,,,,,,,,,
srilanka_floods__870845845133971456__870845845133971456_2,misleading_image,,,,,,,,,,,
srilanka_floods__870845845133971456__870845845133971456_2,misleading_text,,,,,,,,,,,
srilanka_floods__870845845133971456__870845845133971456_2,misleading_joint,,,,,,,,,,,
california_wildfires__919869455928238081__919869455928238081_0,clean,,,,,,,,,,,
california_wildfires__919869455928238081__919869455928238081_0,benign_image,,,,,,,,,,,
california_wildfires__919869455928238081__919869455928238081_0,benign_text,,,,,,,,,,,
california_wildfires__919869455928238081__919869455928238081_0,benign_joint,,,,,,,,,,,
california_wildfires__919869455928238081__919869455928238081_0,direct_image,,,,,,,,,,,
california_wildfires__919869455928238081__919869455928238081_0,direct_text,,,,,,,,,,,
california_wildfires__919869455928238081__919869455928238081_0,direct_joint,,,,,,,,,,,
california_wildfires__919869455928238081__919869455928238081_0,misleading_image,,,,,,,,,,,
california_wildfires__919869455928238081__919869455928238081_0,misleading_text,,,,,,,,,,,
california_wildfires__919869455928238081__919869455928238081_0,misleading_joint,,,,,,,,,,,
mexico_earthquake__910708399377080322__910708399377080322_0,clean,,,,,,,,,,,
mexico_earthquake__910708399377080322__910708399377080322_0,benign_image,,,,,,,,,,,
mexico_earthquake__910708399377080322__910708399377080322_0,benign_text,,,,,,,,,,,
mexico_earthquake__910708399377080322__910708399377080322_0,benign_joint,,,,,,,,,,,
mexico_earthquake__910708399377080322__910708399377080322_0,direct_image,,,,,,,,,,,
mexico_earthquake__910708399377080322__910708399377080322_0,direct_text,,,,,,,,,,,
mexico_earthquake__910708399377080322__910708399377080322_0,direct_joint,,,,,,,,,,,
mexico_earthquake__910708399377080322__910708399377080322_0,misleading_image,,,,,,,,,,,
mexico_earthquake__910708399377080322__910708399377080322_0,misleading_text,,,,,,,,,,,
mexico_earthquake__910708399377080322__910708399377080322_0,misleading_joint,,,,,,,,,,,
hurricane_harvey__907257101029974016__907257101029974016_3,clean,,,,,,,,,,,
hurricane_harvey__907257101029974016__907257101029974016_3,benign_image,,,,,,,,,,,
hurricane_harvey__907257101029974016__907257101029974016_3,benign_text,,,,,,,,,,,
hurricane_harvey__907257101029974016__907257101029974016_3,benign_joint,,,,,,,,,,,
hurricane_harvey__907257101029974016__907257101029974016_3,direct_image,,,,,,,,,,,
hurricane_harvey__907257101029974016__907257101029974016_3,direct_text,,,,,,,,,,,
hurricane_harvey__907257101029974016__907257101029974016_3,direct_joint,,,,,,,,,,,
hurricane_harvey__907257101029974016__907257101029974016_3,misleading_image,,,,,,,,,,,
hurricane_harvey__907257101029974016__907257101029974016_3,misleading_text,,,,,,,,,,,
hurricane_harvey__907257101029974016__907257101029974016_3,misleading_joint,,,,,,,,,,,
hurricane_irma__909385864500989952__909385864500989952_1,clean,,,,,,,,,,,
hurricane_irma__909385864500989952__909385864500989952_1,benign_image,,,,,,,,,,,
hurricane_irma__909385864500989952__909385864500989952_1,benign_text,,,,,,,,,,,
hurricane_irma__909385864500989952__909385864500989952_1,benign_joint,,,,,,,,,,,
hurricane_irma__909385864500989952__909385864500989952_1,direct_image,,,,,,,,,,,
hurricane_irma__909385864500989952__909385864500989952_1,direct_text,,,,,,,,,,,
hurricane_irma__909385864500989952__909385864500989952_1,direct_joint,,,,,,,,,,,
hurricane_irma__909385864500989952__909385864500989952_1,misleading_image,,,,,,,,,,,
hurricane_irma__909385864500989952__909385864500989952_1,misleading_text,,,,,,,,,,,
hurricane_irma__909385864500989952__909385864500989952_1,misleading_joint,,,,,,,,,,,
hurricane_irma__909494205390651397__909494205390651397_0,clean,,,,,,,,,,,
hurricane_irma__909494205390651397__909494205390651397_0,benign_image,,,,,,,,,,,
hurricane_irma__909494205390651397__909494205390651397_0,benign_text,,,,,,,,,,,
hurricane_irma__909494205390651397__909494205390651397_0,benign_joint,,,,,,,,,,,
hurricane_irma__909494205390651397__909494205390651397_0,direct_image,,,,,,,,,,,
hurricane_irma__909494205390651397__909494205390651397_0,direct_text,,,,,,,,,,,
hurricane_irma__909494205390651397__909494205390651397_0,direct_joint,,,,,,,,,,,
hurricane_irma__909494205390651397__909494205390651397_0,misleading_image,,,,,,,,,,,
hurricane_irma__909494205390651397__909494205390651397_0,misleading_text,,,,,,,,,,,
hurricane_irma__909494205390651397__909494205390651397_0,misleading_joint,,,,,,,,,,,
mexico_earthquake__911709683446140928__911709683446140928_0,clean,,,,,,,,,,,
mexico_earthquake__911709683446140928__911709683446140928_0,benign_image,,,,,,,,,,,
mexico_earthquake__911709683446140928__911709683446140928_0,benign_text,,,,,,,,,,,
mexico_earthquake__911709683446140928__911709683446140928_0,benign_joint,,,,,,,,,,,
mexico_earthquake__911709683446140928__911709683446140928_0,direct_image,,,,,,,,,,,
mexico_earthquake__911709683446140928__911709683446140928_0,direct_text,,,,,,,,,,,
mexico_earthquake__911709683446140928__911709683446140928_0,direct_joint,,,,,,,,,,,
mexico_earthquake__911709683446140928__911709683446140928_0,misleading_image,,,,,,,,,,,
mexico_earthquake__911709683446140928__911709683446140928_0,misleading_text,,,,,,,,,,,
mexico_earthquake__911709683446140928__911709683446140928_0,misleading_joint,,,,,,,,,,,
hurricane_maria__914928771865694209__914928771865694209_0,clean,,,,,,,,,,,
hurricane_maria__914928771865694209__914928771865694209_0,benign_image,,,,,,,,,,,
hurricane_maria__914928771865694209__914928771865694209_0,benign_text,,,,,,,,,,,
hurricane_maria__914928771865694209__914928771865694209_0,benign_joint,,,,,,,,,,,
hurricane_maria__914928771865694209__914928771865694209_0,direct_image,,,,,,,,,,,
hurricane_maria__914928771865694209__914928771865694209_0,direct_text,,,,,,,,,,,
hurricane_maria__914928771865694209__914928771865694209_0,direct_joint,,,,,,,,,,,
hurricane_maria__914928771865694209__914928771865694209_0,misleading_image,,,,,,,,,,,
hurricane_maria__914928771865694209__914928771865694209_0,misleading_text,,,,,,,,,,,
hurricane_maria__914928771865694209__914928771865694209_0,misleading_joint,,,,,,,,,,,
hurricane_maria__910549146360311808__910549146360311808_0,clean,,,,,,,,,,,
hurricane_maria__910549146360311808__910549146360311808_0,benign_image,,,,,,,,,,,
hurricane_maria__910549146360311808__910549146360311808_0,benign_text,,,,,,,,,,,
hurricane_maria__910549146360311808__910549146360311808_0,benign_joint,,,,,,,,,,,
hurricane_maria__910549146360311808__910549146360311808_0,direct_image,,,,,,,,,,,
hurricane_maria__910549146360311808__910549146360311808_0,direct_text,,,,,,,,,,,
hurricane_maria__910549146360311808__910549146360311808_0,direct_joint,,,,,,,,,,,
hurricane_maria__910549146360311808__910549146360311808_0,misleading_image,,,,,,,,,,,
hurricane_maria__910549146360311808__910549146360311808_0,misleading_text,,,,,,,,,,,
hurricane_maria__910549146360311808__910549146360311808_0,misleading_joint,,,,,,,,,,,
hurricane_irma__909778959189016578__909778959189016578_0,clean,,,,,,,,,,,
hurricane_irma__909778959189016578__909778959189016578_0,benign_image,,,,,,,,,,,
hurricane_irma__909778959189016578__909778959189016578_0,benign_text,,,,,,,,,,,
hurricane_irma__909778959189016578__909778959189016578_0,benign_joint,,,,,,,,,,,
hurricane_irma__909778959189016578__909778959189016578_0,direct_image,,,,,,,,,,,
hurricane_irma__909778959189016578__909778959189016578_0,direct_text,,,,,,,,,,,
hurricane_irma__909778959189016578__909778959189016578_0,direct_joint,,,,,,,,,,,
hurricane_irma__909778959189016578__909778959189016578_0,misleading_image,,,,,,,,,,,
hurricane_irma__909778959189016578__909778959189016578_0,misleading_text,,,,,,,,,,,
hurricane_irma__909778959189016578__909778959189016578_0,misleading_joint,,,,,,,,,,,
srilanka_floods__870942570704019456__870942570704019456_0,clean,,,,,,,,,,,
srilanka_floods__870942570704019456__870942570704019456_0,benign_image,,,,,,,,,,,
srilanka_floods__870942570704019456__870942570704019456_0,benign_text,,,,,,,,,,,
srilanka_floods__870942570704019456__870942570704019456_0,benign_joint,,,,,,,,,,,
srilanka_floods__870942570704019456__870942570704019456_0,direct_image,,,,,,,,,,,
srilanka_floods__870942570704019456__870942570704019456_0,direct_text,,,,,,,,,,,
srilanka_floods__870942570704019456__870942570704019456_0,direct_joint,,,,,,,,,,,
srilanka_floods__870942570704019456__870942570704019456_0,misleading_image,,,,,,,,,,,
srilanka_floods__870942570704019456__870942570704019456_0,misleading_text,,,,,,,,,,,
srilanka_floods__870942570704019456__870942570704019456_0,misleading_joint,,,,,,,,,,,
hurricane_maria__913788509684629504__913788509684629504_0,clean,,,,,,,,,,,
hurricane_maria__913788509684629504__913788509684629504_0,benign_image,,,,,,,,,,,
hurricane_maria__913788509684629504__913788509684629504_0,benign_text,,,,,,,,,,,
hurricane_maria__913788509684629504__913788509684629504_0,benign_joint,,,,,,,,,,,
hurricane_maria__913788509684629504__913788509684629504_0,direct_image,,,,,,,,,,,
hurricane_maria__913788509684629504__913788509684629504_0,direct_text,,,,,,,,,,,
hurricane_maria__913788509684629504__913788509684629504_0,direct_joint,,,,,,,,,,,
hurricane_maria__913788509684629504__913788509684629504_0,misleading_image,,,,,,,,,,,
hurricane_maria__913788509684629504__913788509684629504_0,misleading_text,,,,,,,,,,,
hurricane_maria__913788509684629504__913788509684629504_0,misleading_joint,,,,,,,,,,,
srilanka_floods__870140525889822724__870140525889822724_0,clean,,,,,,,,,,,
srilanka_floods__870140525889822724__870140525889822724_0,benign_image,,,,,,,,,,,
srilanka_floods__870140525889822724__870140525889822724_0,benign_text,,,,,,,,,,,
srilanka_floods__870140525889822724__870140525889822724_0,benign_joint,,,,,,,,,,,
srilanka_floods__870140525889822724__870140525889822724_0,direct_image,,,,,,,,,,,
srilanka_floods__870140525889822724__870140525889822724_0,direct_text,,,,,,,,,,,
srilanka_floods__870140525889822724__870140525889822724_0,direct_joint,,,,,,,,,,,
srilanka_floods__870140525889822724__870140525889822724_0,misleading_image,,,,,,,,,,,
srilanka_floods__870140525889822724__870140525889822724_0,misleading_text,,,,,,,,,,,
srilanka_floods__870140525889822724__870140525889822724_0,misleading_joint,,,,,,,,,,,
hurricane_irma__909875590815154177__909875590815154177_0,clean,,,,,,,,,,,
hurricane_irma__909875590815154177__909875590815154177_0,benign_image,,,,,,,,,,,
hurricane_irma__909875590815154177__909875590815154177_0,benign_text,,,,,,,,,,,
hurricane_irma__909875590815154177__909875590815154177_0,benign_joint,,,,,,,,,,,
hurricane_irma__909875590815154177__909875590815154177_0,direct_image,,,,,,,,,,,
hurricane_irma__909875590815154177__909875590815154177_0,direct_text,,,,,,,,,,,
hurricane_irma__909875590815154177__909875590815154177_0,direct_joint,,,,,,,,,,,
hurricane_irma__909875590815154177__909875590815154177_0,misleading_image,,,,,,,,,,,
hurricane_irma__909875590815154177__909875590815154177_0,misleading_text,,,,,,,,,,,
hurricane_irma__909875590815154177__909875590815154177_0,misleading_joint,,,,,,,,,,,
mexico_earthquake__910647834688462848__910647834688462848_0,clean,,,,,,,,,,,
mexico_earthquake__910647834688462848__910647834688462848_0,benign_image,,,,,,,,,,,
mexico_earthquake__910647834688462848__910647834688462848_0,benign_text,,,,,,,,,,,
mexico_earthquake__910647834688462848__910647834688462848_0,benign_joint,,,,,,,,,,,
mexico_earthquake__910647834688462848__910647834688462848_0,direct_image,,,,,,,,,,,
mexico_earthquake__910647834688462848__910647834688462848_0,direct_text,,,,,,,,,,,
mexico_earthquake__910647834688462848__910647834688462848_0,direct_joint,,,,,,,,,,,
mexico_earthquake__910647834688462848__910647834688462848_0,misleading_image,,,,,,,,,,,
mexico_earthquake__910647834688462848__910647834688462848_0,misleading_text,,,,,,,,,,,
mexico_earthquake__910647834688462848__910647834688462848_0,misleading_joint,,,,,,,,,,,
srilanka_floods__870237610362380289__870237610362380289_0,clean,,,,,,,,,,,
srilanka_floods__870237610362380289__870237610362380289_0,benign_image,,,,,,,,,,,
srilanka_floods__870237610362380289__870237610362380289_0,benign_text,,,,,,,,,,,
srilanka_floods__870237610362380289__870237610362380289_0,benign_joint,,,,,,,,,,,
srilanka_floods__870237610362380289__870237610362380289_0,direct_image,,,,,,,,,,,
srilanka_floods__870237610362380289__870237610362380289_0,direct_text,,,,,,,,,,,
srilanka_floods__870237610362380289__870237610362380289_0,direct_joint,,,,,,,,,,,
srilanka_floods__870237610362380289__870237610362380289_0,misleading_image,,,,,,,,,,,
srilanka_floods__870237610362380289__870237610362380289_0,misleading_text,,,,,,,,,,,
srilanka_floods__870237610362380289__870237610362380289_0,misleading_joint,,,,,,,,,,,
hurricane_irma__909774149698179072__909774149698179072_2,clean,,,,,,,,,,,
hurricane_irma__909774149698179072__909774149698179072_2,benign_image,,,,,,,,,,,
hurricane_irma__909774149698179072__909774149698179072_2,benign_text,,,,,,,,,,,
hurricane_irma__909774149698179072__909774149698179072_2,benign_joint,,,,,,,,,,,
hurricane_irma__909774149698179072__909774149698179072_2,direct_image,,,,,,,,,,,
hurricane_irma__909774149698179072__909774149698179072_2,direct_text,,,,,,,,,,,
hurricane_irma__909774149698179072__909774149698179072_2,direct_joint,,,,,,,,,,,
hurricane_irma__909774149698179072__909774149698179072_2,misleading_image,,,,,,,,,,,
hurricane_irma__909774149698179072__909774149698179072_2,misleading_text,,,,,,,,,,,
hurricane_irma__909774149698179072__909774149698179072_2,misleading_joint,,,,,,,,,,,
hurricane_irma__909441515839266816__909441515839266816_1,clean,,,,,,,,,,,
hurricane_irma__909441515839266816__909441515839266816_1,benign_image,,,,,,,,,,,
hurricane_irma__909441515839266816__909441515839266816_1,benign_text,,,,,,,,,,,
hurricane_irma__909441515839266816__909441515839266816_1,benign_joint,,,,,,,,,,,
hurricane_irma__909441515839266816__909441515839266816_1,direct_image,,,,,,,,,,,
hurricane_irma__909441515839266816__909441515839266816_1,direct_text,,,,,,,,,,,
hurricane_irma__909441515839266816__909441515839266816_1,direct_joint,,,,,,,,,,,
hurricane_irma__909441515839266816__909441515839266816_1,misleading_image,,,,,,,,,,,
hurricane_irma__909441515839266816__909441515839266816_1,misleading_text,,,,,,,,,,,
hurricane_irma__909441515839266816__909441515839266816_1,misleading_joint,,,,,,,,,,,
hurricane_irma__909710844811993088__909710844811993088_0,clean,,,,,,,,,,,
hurricane_irma__909710844811993088__909710844811993088_0,benign_image,,,,,,,,,,,
hurricane_irma__909710844811993088__909710844811993088_0,benign_text,,,,,,,,,,,
hurricane_irma__909710844811993088__909710844811993088_0,benign_joint,,,,,,,,,,,
hurricane_irma__909710844811993088__909710844811993088_0,direct_image,,,,,,,,,,,
hurricane_irma__909710844811993088__909710844811993088_0,direct_text,,,,,,,,,,,
hurricane_irma__909710844811993088__909710844811993088_0,direct_joint,,,,,,,,,,,
hurricane_irma__909710844811993088__909710844811993088_0,misleading_image,,,,,,,,,,,
hurricane_irma__909710844811993088__909710844811993088_0,misleading_text,,,,,,,,,,,
hurricane_irma__909710844811993088__909710844811993088_0,misleading_joint,,,,,,,,,,,
hurricane_harvey__904873466989502464__904873466989502464_0,clean,,,,,,,,,,,
hurricane_harvey__904873466989502464__904873466989502464_0,benign_image,,,,,,,,,,,
hurricane_harvey__904873466989502464__904873466989502464_0,benign_text,,,,,,,,,,,
hurricane_harvey__904873466989502464__904873466989502464_0,benign_joint,,,,,,,,,,,
hurricane_harvey__904873466989502464__904873466989502464_0,direct_image,,,,,,,,,,,
hurricane_harvey__904873466989502464__904873466989502464_0,direct_text,,,,,,,,,,,
hurricane_harvey__904873466989502464__904873466989502464_0,direct_joint,,,,,,,,,,,
hurricane_harvey__904873466989502464__904873466989502464_0,misleading_image,,,,,,,,,,,
hurricane_harvey__904873466989502464__904873466989502464_0,misleading_text,,,,,,,,,,,
hurricane_harvey__904873466989502464__904873466989502464_0,misleading_joint,,,,,,,,,,,
hurricane_maria__916027872212656129__916027872212656129_2,clean,,,,,,,,,,,
hurricane_maria__916027872212656129__916027872212656129_2,benign_image,,,,,,,,,,,
hurricane_maria__916027872212656129__916027872212656129_2,benign_text,,,,,,,,,,,
hurricane_maria__916027872212656129__916027872212656129_2,benign_joint,,,,,,,,,,,
hurricane_maria__916027872212656129__916027872212656129_2,direct_image,,,,,,,,,,,
hurricane_maria__916027872212656129__916027872212656129_2,direct_text,,,,,,,,,,,
hurricane_maria__916027872212656129__916027872212656129_2,direct_joint,,,,,,,,,,,
hurricane_maria__916027872212656129__916027872212656129_2,misleading_image,,,,,,,,,,,
hurricane_maria__916027872212656129__916027872212656129_2,misleading_text,,,,,,,,,,,
hurricane_maria__916027872212656129__916027872212656129_2,misleading_joint,,,,,,,,,,,
iraq_iran_earthquake__930191093785698304__930191093785698304_0,clean,,,,,,,,,,,
iraq_iran_earthquake__930191093785698304__930191093785698304_0,benign_image,,,,,,,,,,,
iraq_iran_earthquake__930191093785698304__930191093785698304_0,benign_text,,,,,,,,,,,
iraq_iran_earthquake__930191093785698304__930191093785698304_0,benign_joint,,,,,,,,,,,
iraq_iran_earthquake__930191093785698304__930191093785698304_0,direct_image,,,,,,,,,,,
iraq_iran_earthquake__930191093785698304__930191093785698304_0,direct_text,,,,,,,,,,,
iraq_iran_earthquake__930191093785698304__930191093785698304_0,direct_joint,,,,,,,,,,,
iraq_iran_earthquake__930191093785698304__930191093785698304_0,misleading_image,,,,,,,,,,,
iraq_iran_earthquake__930191093785698304__930191093785698304_0,misleading_text,,,,,,,,,,,
iraq_iran_earthquake__930191093785698304__930191093785698304_0,misleading_joint,,,,,,,,,,,
hurricane_irma__909451341067677696__909451341067677696_0,clean,,,,,,,,,,,
hurricane_irma__909451341067677696__909451341067677696_0,benign_image,,,,,,,,,,,
hurricane_irma__909451341067677696__909451341067677696_0,benign_text,,,,,,,,,,,
hurricane_irma__909451341067677696__909451341067677696_0,benign_joint,,,,,,,,,,,
hurricane_irma__909451341067677696__909451341067677696_0,direct_image,,,,,,,,,,,
hurricane_irma__909451341067677696__909451341067677696_0,direct_text,,,,,,,,,,,
hurricane_irma__909451341067677696__909451341067677696_0,direct_joint,,,,,,,,,,,
hurricane_irma__909451341067677696__909451341067677696_0,misleading_image,,,,,,,,,,,
hurricane_irma__909451341067677696__909451341067677696_0,misleading_text,,,,,,,,,,,
hurricane_irma__909451341067677696__909451341067677696_0,misleading_joint,,,,,,,,,,,
hurricane_irma__910170497689759744__910170497689759744_0,clean,,,,,,,,,,,
hurricane_irma__910170497689759744__910170497689759744_0,benign_image,,,,,,,,,,,
hurricane_irma__910170497689759744__910170497689759744_0,benign_text,,,,,,,,,,,
hurricane_irma__910170497689759744__910170497689759744_0,benign_joint,,,,,,,,,,,
hurricane_irma__910170497689759744__910170497689759744_0,direct_image,,,,,,,,,,,
hurricane_irma__910170497689759744__910170497689759744_0,direct_text,,,,,,,,,,,
hurricane_irma__910170497689759744__910170497689759744_0,direct_joint,,,,,,,,,,,
hurricane_irma__910170497689759744__910170497689759744_0,misleading_image,,,,,,,,,,,
hurricane_irma__910170497689759744__910170497689759744_0,misleading_text,,,,,,,,,,,
hurricane_irma__910170497689759744__910170497689759744_0,misleading_joint,,,,,,,,,,,
california_wildfires__919649109782421504__919649109782421504_0,clean,,,,,,,,,,,
california_wildfires__919649109782421504__919649109782421504_0,benign_image,,,,,,,,,,,
california_wildfires__919649109782421504__919649109782421504_0,benign_text,,,,,,,,,,,
california_wildfires__919649109782421504__919649109782421504_0,benign_joint,,,,,,,,,,,
california_wildfires__919649109782421504__919649109782421504_0,direct_image,,,,,,,,,,,
california_wildfires__919649109782421504__919649109782421504_0,direct_text,,,,,,,,,,,
california_wildfires__919649109782421504__919649109782421504_0,direct_joint,,,,,,,,,,,
california_wildfires__919649109782421504__919649109782421504_0,misleading_image,,,,,,,,,,,
california_wildfires__919649109782421504__919649109782421504_0,misleading_text,,,,,,,,,,,
california_wildfires__919649109782421504__919649109782421504_0,misleading_joint,,,,,,,,,,,
hurricane_irma__909718574641614848__909718574641614848_3,clean,,,,,,,,,,,
hurricane_irma__909718574641614848__909718574641614848_3,benign_image,,,,,,,,,,,
hurricane_irma__909718574641614848__909718574641614848_3,benign_text,,,,,,,,,,,
hurricane_irma__909718574641614848__909718574641614848_3,benign_joint,,,,,,,,,,,
hurricane_irma__909718574641614848__909718574641614848_3,direct_image,,,,,,,,,,,
hurricane_irma__909718574641614848__909718574641614848_3,direct_text,,,,,,,,,,,
hurricane_irma__909718574641614848__909718574641614848_3,direct_joint,,,,,,,,,,,
hurricane_irma__909718574641614848__909718574641614848_3,misleading_image,,,,,,,,,,,
hurricane_irma__909718574641614848__909718574641614848_3,misleading_text,,,,,,,,,,,
hurricane_irma__909718574641614848__909718574641614848_3,misleading_joint,,,,,,,,,,,
hurricane_maria__914663754117386240__914663754117386240_0,clean,,,,,,,,,,,
hurricane_maria__914663754117386240__914663754117386240_0,benign_image,,,,,,,,,,,
hurricane_maria__914663754117386240__914663754117386240_0,benign_text,,,,,,,,,,,
hurricane_maria__914663754117386240__914663754117386240_0,benign_joint,,,,,,,,,,,
hurricane_maria__914663754117386240__914663754117386240_0,direct_image,,,,,,,,,,,
hurricane_maria__914663754117386240__914663754117386240_0,direct_text,,,,,,,,,,,
hurricane_maria__914663754117386240__914663754117386240_0,direct_joint,,,,,,,,,,,
hurricane_maria__914663754117386240__914663754117386240_0,misleading_image,,,,,,,,,,,
hurricane_maria__914663754117386240__914663754117386240_0,misleading_text,,,,,,,,,,,
hurricane_maria__914663754117386240__914663754117386240_0,misleading_joint,,,,,,,,,,,
hurricane_harvey__905930890735439873__905930890735439873_0,clean,,,,,,,,,,,
hurricane_harvey__905930890735439873__905930890735439873_0,benign_image,,,,,,,,,,,
hurricane_harvey__905930890735439873__905930890735439873_0,benign_text,,,,,,,,,,,
hurricane_harvey__905930890735439873__905930890735439873_0,benign_joint,,,,,,,,,,,
hurricane_harvey__905930890735439873__905930890735439873_0,direct_image,,,,,,,,,,,
hurricane_harvey__905930890735439873__905930890735439873_0,direct_text,,,,,,,,,,,
hurricane_harvey__905930890735439873__905930890735439873_0,direct_joint,,,,,,,,,,,
hurricane_harvey__905930890735439873__905930890735439873_0,misleading_image,,,,,,,,,,,
hurricane_harvey__905930890735439873__905930890735439873_0,misleading_text,,,,,,,,,,,
hurricane_harvey__905930890735439873__905930890735439873_0,misleading_joint,,,,,,,,,,,
mexico_earthquake__910523983149252608__910523983149252608_0,clean,,,,,,,,,,,
mexico_earthquake__910523983149252608__910523983149252608_0,benign_image,,,,,,,,,,,
mexico_earthquake__910523983149252608__910523983149252608_0,benign_text,,,,,,,,,,,
mexico_earthquake__910523983149252608__910523983149252608_0,benign_joint,,,,,,,,,,,
mexico_earthquake__910523983149252608__910523983149252608_0,direct_image,,,,,,,,,,,
mexico_earthquake__910523983149252608__910523983149252608_0,direct_text,,,,,,,,,,,
mexico_earthquake__910523983149252608__910523983149252608_0,direct_joint,,,,,,,,,,,
mexico_earthquake__910523983149252608__910523983149252608_0,misleading_image,,,,,,,,,,,
mexico_earthquake__910523983149252608__910523983149252608_0,misleading_text,,,,,,,,,,,
mexico_earthquake__910523983149252608__910523983149252608_0,misleading_joint,,,,,,,,,,,
hurricane_irma__909839453010702338__909839453010702338_0,clean,,,,,,,,,,,
hurricane_irma__909839453010702338__909839453010702338_0,benign_image,,,,,,,,,,,
hurricane_irma__909839453010702338__909839453010702338_0,benign_text,,,,,,,,,,,
hurricane_irma__909839453010702338__909839453010702338_0,benign_joint,,,,,,,,,,,
hurricane_irma__909839453010702338__909839453010702338_0,direct_image,,,,,,,,,,,
hurricane_irma__909839453010702338__909839453010702338_0,direct_text,,,,,,,,,,,
hurricane_irma__909839453010702338__909839453010702338_0,direct_joint,,,,,,,,,,,
hurricane_irma__909839453010702338__909839453010702338_0,misleading_image,,,,,,,,,,,
hurricane_irma__909839453010702338__909839453010702338_0,misleading_text,,,,,,,,,,,
hurricane_irma__909839453010702338__909839453010702338_0,misleading_joint,,,,,,,,,,,
hurricane_irma__910201716934574081__910201716934574081_0,clean,,,,,,,,,,,
hurricane_irma__910201716934574081__910201716934574081_0,benign_image,,,,,,,,,,,
hurricane_irma__910201716934574081__910201716934574081_0,benign_text,,,,,,,,,,,
hurricane_irma__910201716934574081__910201716934574081_0,benign_joint,,,,,,,,,,,
hurricane_irma__910201716934574081__910201716934574081_0,direct_image,,,,,,,,,,,
hurricane_irma__910201716934574081__910201716934574081_0,direct_text,,,,,,,,,,,
hurricane_irma__910201716934574081__910201716934574081_0,direct_joint,,,,,,,,,,,
hurricane_irma__910201716934574081__910201716934574081_0,misleading_image,,,,,,,,,,,
hurricane_irma__910201716934574081__910201716934574081_0,misleading_text,,,,,,,,,,,
hurricane_irma__910201716934574081__910201716934574081_0,misleading_joint,,,,,,,,,,,
hurricane_irma__910270036861886465__910270036861886465_0,clean,,,,,,,,,,,
hurricane_irma__910270036861886465__910270036861886465_0,benign_image,,,,,,,,,,,
hurricane_irma__910270036861886465__910270036861886465_0,benign_text,,,,,,,,,,,
hurricane_irma__910270036861886465__910270036861886465_0,benign_joint,,,,,,,,,,,
hurricane_irma__910270036861886465__910270036861886465_0,direct_image,,,,,,,,,,,
hurricane_irma__910270036861886465__910270036861886465_0,direct_text,,,,,,,,,,,
hurricane_irma__910270036861886465__910270036861886465_0,direct_joint,,,,,,,,,,,
hurricane_irma__910270036861886465__910270036861886465_0,misleading_image,,,,,,,,,,,
hurricane_irma__910270036861886465__910270036861886465_0,misleading_text,,,,,,,,,,,
hurricane_irma__910270036861886465__910270036861886465_0,misleading_joint,,,,,,,,,,,
hurricane_irma__905631198843691009__905631198843691009_1,clean,,,,,,,,,,,
hurricane_irma__905631198843691009__905631198843691009_1,benign_image,,,,,,,,,,,
hurricane_irma__905631198843691009__905631198843691009_1,benign_text,,,,,,,,,,,
hurricane_irma__905631198843691009__905631198843691009_1,benign_joint,,,,,,,,,,,
hurricane_irma__905631198843691009__905631198843691009_1,direct_image,,,,,,,,,,,
hurricane_irma__905631198843691009__905631198843691009_1,direct_text,,,,,,,,,,,
hurricane_irma__905631198843691009__905631198843691009_1,direct_joint,,,,,,,,,,,
hurricane_irma__905631198843691009__905631198843691009_1,misleading_image,,,,,,,,,,,
hurricane_irma__905631198843691009__905631198843691009_1,misleading_text,,,,,,,,,,,
hurricane_irma__905631198843691009__905631198843691009_1,misleading_joint,,,,,,,,,,,
hurricane_harvey__904933387114340352__904933387114340352_0,clean,,,,,,,,,,,
hurricane_harvey__904933387114340352__904933387114340352_0,benign_image,,,,,,,,,,,
hurricane_harvey__904933387114340352__904933387114340352_0,benign_text,,,,,,,,,,,
hurricane_harvey__904933387114340352__904933387114340352_0,benign_joint,,,,,,,,,,,
hurricane_harvey__904933387114340352__904933387114340352_0,direct_image,,,,,,,,,,,
hurricane_harvey__904933387114340352__904933387114340352_0,direct_text,,,,,,,,,,,
hurricane_harvey__904933387114340352__904933387114340352_0,direct_joint,,,,,,,,,,,
hurricane_harvey__904933387114340352__904933387114340352_0,misleading_image,,,,,,,,,,,
hurricane_harvey__904933387114340352__904933387114340352_0,misleading_text,,,,,,,,,,,
hurricane_harvey__904933387114340352__904933387114340352_0,misleading_joint,,,,,,,,,,,
hurricane_harvey__908111834418466816__908111834418466816_0,clean,,,,,,,,,,,
hurricane_harvey__908111834418466816__908111834418466816_0,benign_image,,,,,,,,,,,
hurricane_harvey__908111834418466816__908111834418466816_0,benign_text,,,,,,,,,,,
hurricane_harvey__908111834418466816__908111834418466816_0,benign_joint,,,,,,,,,,,
hurricane_harvey__908111834418466816__908111834418466816_0,direct_image,,,,,,,,,,,
hurricane_harvey__908111834418466816__908111834418466816_0,direct_text,,,,,,,,,,,
hurricane_harvey__908111834418466816__908111834418466816_0,direct_joint,,,,,,,,,,,
hurricane_harvey__908111834418466816__908111834418466816_0,misleading_image,,,,,,,,,,,
hurricane_harvey__908111834418466816__908111834418466816_0,misleading_text,,,,,,,,,,,
hurricane_harvey__908111834418466816__908111834418466816_0,misleading_joint,,,,,,,,,,,
hurricane_harvey__908525619037732865__908525619037732865_1,clean,,,,,,,,,,,
hurricane_harvey__908525619037732865__908525619037732865_1,benign_image,,,,,,,,,,,
hurricane_harvey__908525619037732865__908525619037732865_1,benign_text,,,,,,,,,,,
hurricane_harvey__908525619037732865__908525619037732865_1,benign_joint,,,,,,,,,,,
hurricane_harvey__908525619037732865__908525619037732865_1,direct_image,,,,,,,,,,,
hurricane_harvey__908525619037732865__908525619037732865_1,direct_text,,,,,,,,,,,
hurricane_harvey__908525619037732865__908525619037732865_1,direct_joint,,,,,,,,,,,
hurricane_harvey__908525619037732865__908525619037732865_1,misleading_image,,,,,,,,,,,
hurricane_harvey__908525619037732865__908525619037732865_1,misleading_text,,,,,,,,,,,
hurricane_harvey__908525619037732865__908525619037732865_1,misleading_joint,,,,,,,,,,,
hurricane_irma__910244526392008704__910244526392008704_0,clean,,,,,,,,,,,
hurricane_irma__910244526392008704__910244526392008704_0,benign_image,,,,,,,,,,,
hurricane_irma__910244526392008704__910244526392008704_0,benign_text,,,,,,,,,,,
hurricane_irma__910244526392008704__910244526392008704_0,benign_joint,,,,,,,,,,,
hurricane_irma__910244526392008704__910244526392008704_0,direct_image,,,,,,,,,,,
hurricane_irma__910244526392008704__910244526392008704_0,direct_text,,,,,,,,,,,
hurricane_irma__910244526392008704__910244526392008704_0,direct_joint,,,,,,,,,,,
hurricane_irma__910244526392008704__910244526392008704_0,misleading_image,,,,,,,,,,,
hurricane_irma__910244526392008704__910244526392008704_0,misleading_text,,,,,,,,,,,
hurricane_irma__910244526392008704__910244526392008704_0,misleading_joint,,,,,,,,,,,
mexico_earthquake__911623875565375488__911623875565375488_0,clean,,,,,,,,,,,
mexico_earthquake__911623875565375488__911623875565375488_0,benign_image,,,,,,,,,,,
mexico_earthquake__911623875565375488__911623875565375488_0,benign_text,,,,,,,,,,,
mexico_earthquake__911623875565375488__911623875565375488_0,benign_joint,,,,,,,,,,,
mexico_earthquake__911623875565375488__911623875565375488_0,direct_image,,,,,,,,,,,
mexico_earthquake__911623875565375488__911623875565375488_0,direct_text,,,,,,,,,,,
mexico_earthquake__911623875565375488__911623875565375488_0,direct_joint,,,,,,,,,,,
mexico_earthquake__911623875565375488__911623875565375488_0,misleading_image,,,,,,,,,,,
mexico_earthquake__911623875565375488__911623875565375488_0,misleading_text,,,,,,,,,,,
mexico_earthquake__911623875565375488__911623875565375488_0,misleading_joint,,,,,,,,,,,
hurricane_maria__910657158290853888__910657158290853888_0,clean,,,,,,,,,,,
hurricane_maria__910657158290853888__910657158290853888_0,benign_image,,,,,,,,,,,
hurricane_maria__910657158290853888__910657158290853888_0,benign_text,,,,,,,,,,,
hurricane_maria__910657158290853888__910657158290853888_0,benign_joint,,,,,,,,,,,
hurricane_maria__910657158290853888__910657158290853888_0,direct_image,,,,,,,,,,,
hurricane_maria__910657158290853888__910657158290853888_0,direct_text,,,,,,,,,,,
hurricane_maria__910657158290853888__910657158290853888_0,direct_joint,,,,,,,,,,,
hurricane_maria__910657158290853888__910657158290853888_0,misleading_image,,,,,,,,,,,
hurricane_maria__910657158290853888__910657158290853888_0,misleading_text,,,,,,,,,,,
hurricane_maria__910657158290853888__910657158290853888_0,misleading_joint,,,,,,,,,,,
california_wildfires__920705565575151616__920705565575151616_0,clean,,,,,,,,,,,
california_wildfires__920705565575151616__920705565575151616_0,benign_image,,,,,,,,,,,
california_wildfires__920705565575151616__920705565575151616_0,benign_text,,,,,,,,,,,
california_wildfires__920705565575151616__920705565575151616_0,benign_joint,,,,,,,,,,,
california_wildfires__920705565575151616__920705565575151616_0,direct_image,,,,,,,,,,,
california_wildfires__920705565575151616__920705565575151616_0,direct_text,,,,,,,,,,,
california_wildfires__920705565575151616__920705565575151616_0,direct_joint,,,,,,,,,,,
california_wildfires__920705565575151616__920705565575151616_0,misleading_image,,,,,,,,,,,
california_wildfires__920705565575151616__920705565575151616_0,misleading_text,,,,,,,,,,,
california_wildfires__920705565575151616__920705565575151616_0,misleading_joint,,,,,,,,,,,
iraq_iran_earthquake__930389337895776256__930389337895776256_0,clean,,,,,,,,,,,
iraq_iran_earthquake__930389337895776256__930389337895776256_0,benign_image,,,,,,,,,,,
iraq_iran_earthquake__930389337895776256__930389337895776256_0,benign_text,,,,,,,,,,,
iraq_iran_earthquake__930389337895776256__930389337895776256_0,benign_joint,,,,,,,,,,,
iraq_iran_earthquake__930389337895776256__930389337895776256_0,direct_image,,,,,,,,,,,
iraq_iran_earthquake__930389337895776256__930389337895776256_0,direct_text,,,,,,,,,,,
iraq_iran_earthquake__930389337895776256__930389337895776256_0,direct_joint,,,,,,,,,,,
iraq_iran_earthquake__930389337895776256__930389337895776256_0,misleading_image,,,,,,,,,,,
iraq_iran_earthquake__930389337895776256__930389337895776256_0,misleading_text,,,,,,,,,,,
iraq_iran_earthquake__930389337895776256__930389337895776256_0,misleading_joint,,,,,,,,,,,
california_wildfires__918237370536906753__918237370536906753_0,clean,,,,,,,,,,,
california_wildfires__918237370536906753__918237370536906753_0,benign_image,,,,,,,,,,,
california_wildfires__918237370536906753__918237370536906753_0,benign_text,,,,,,,,,,,
california_wildfires__918237370536906753__918237370536906753_0,benign_joint,,,,,,,,,,,
california_wildfires__918237370536906753__918237370536906753_0,direct_image,,,,,,,,,,,
california_wildfires__918237370536906753__918237370536906753_0,direct_text,,,,,,,,,,,
california_wildfires__918237370536906753__918237370536906753_0,direct_joint,,,,,,,,,,,
california_wildfires__918237370536906753__918237370536906753_0,misleading_image,,,,,,,,,,,
california_wildfires__918237370536906753__918237370536906753_0,misleading_text,,,,,,,,,,,
california_wildfires__918237370536906753__918237370536906753_0,misleading_joint,,,,,,,,,,,
california_wildfires__917792092100988929__917792092100988929_0,clean,,,,,,,,,,,
california_wildfires__917792092100988929__917792092100988929_0,benign_image,,,,,,,,,,,
california_wildfires__917792092100988929__917792092100988929_0,benign_text,,,,,,,,,,,
california_wildfires__917792092100988929__917792092100988929_0,benign_joint,,,,,,,,,,,
california_wildfires__917792092100988929__917792092100988929_0,direct_image,,,,,,,,,,,
california_wildfires__917792092100988929__917792092100988929_0,direct_text,,,,,,,,,,,
california_wildfires__917792092100988929__917792092100988929_0,direct_joint,,,,,,,,,,,
california_wildfires__917792092100988929__917792092100988929_0,misleading_image,,,,,,,,,,,
california_wildfires__917792092100988929__917792092100988929_0,misleading_text,,,,,,,,,,,
california_wildfires__917792092100988929__917792092100988929_0,misleading_joint,,,,,,,,,,,
california_wildfires__923761170967797761__923761170967797761_0,clean,,,,,,,,,,,
california_wildfires__923761170967797761__923761170967797761_0,benign_image,,,,,,,,,,,
california_wildfires__923761170967797761__923761170967797761_0,benign_text,,,,,,,,,,,
california_wildfires__923761170967797761__923761170967797761_0,benign_joint,,,,,,,,,,,
california_wildfires__923761170967797761__923761170967797761_0,direct_image,,,,,,,,,,,
california_wildfires__923761170967797761__923761170967797761_0,direct_text,,,,,,,,,,,
california_wildfires__923761170967797761__923761170967797761_0,direct_joint,,,,,,,,,,,
california_wildfires__923761170967797761__923761170967797761_0,misleading_image,,,,,,,,,,,
california_wildfires__923761170967797761__923761170967797761_0,misleading_text,,,,,,,,,,,
california_wildfires__923761170967797761__923761170967797761_0,misleading_joint,,,,,,,,,,,
hurricane_irma__905717024701030400__905717024701030400_0,clean,,,,,,,,,,,
hurricane_irma__905717024701030400__905717024701030400_0,benign_image,,,,,,,,,,,
hurricane_irma__905717024701030400__905717024701030400_0,benign_text,,,,,,,,,,,
hurricane_irma__905717024701030400__905717024701030400_0,benign_joint,,,,,,,,,,,
hurricane_irma__905717024701030400__905717024701030400_0,direct_image,,,,,,,,,,,
hurricane_irma__905717024701030400__905717024701030400_0,direct_text,,,,,,,,,,,
hurricane_irma__905717024701030400__905717024701030400_0,direct_joint,,,,,,,,,,,
hurricane_irma__905717024701030400__905717024701030400_0,misleading_image,,,,,,,,,,,
hurricane_irma__905717024701030400__905717024701030400_0,misleading_text,,,,,,,,,,,
hurricane_irma__905717024701030400__905717024701030400_0,misleading_joint,,,,,,,,,,,
mexico_earthquake__915992255583854592__915992255583854592_0,clean,,,,,,,,,,,
mexico_earthquake__915992255583854592__915992255583854592_0,benign_image,,,,,,,,,,,
mexico_earthquake__915992255583854592__915992255583854592_0,benign_text,,,,,,,,,,,
mexico_earthquake__915992255583854592__915992255583854592_0,benign_joint,,,,,,,,,,,
mexico_earthquake__915992255583854592__915992255583854592_0,direct_image,,,,,,,,,,,
mexico_earthquake__915992255583854592__915992255583854592_0,direct_text,,,,,,,,,,,
mexico_earthquake__915992255583854592__915992255583854592_0,direct_joint,,,,,,,,,,,
mexico_earthquake__915992255583854592__915992255583854592_0,misleading_image,,,,,,,,,,,
mexico_earthquake__915992255583854592__915992255583854592_0,misleading_text,,,,,,,,,,,
mexico_earthquake__915992255583854592__915992255583854592_0,misleading_joint,,,,,,,,,,,
hurricane_maria__911818109123747846__911818109123747846_1,clean,,,,,,,,,,,
hurricane_maria__911818109123747846__911818109123747846_1,benign_image,,,,,,,,,,,
hurricane_maria__911818109123747846__911818109123747846_1,benign_text,,,,,,,,,,,
hurricane_maria__911818109123747846__911818109123747846_1,benign_joint,,,,,,,,,,,
hurricane_maria__911818109123747846__911818109123747846_1,direct_image,,,,,,,,,,,
hurricane_maria__911818109123747846__911818109123747846_1,direct_text,,,,,,,,,,,
hurricane_maria__911818109123747846__911818109123747846_1,direct_joint,,,,,,,,,,,
hurricane_maria__911818109123747846__911818109123747846_1,misleading_image,,,,,,,,,,,
hurricane_maria__911818109123747846__911818109123747846_1,misleading_text,,,,,,,,,,,
hurricane_maria__911818109123747846__911818109123747846_1,misleading_joint,,,,,,,,,,,
srilanka_floods__871220595928834049__871220595928834049_0,clean,,,,,,,,,,,
srilanka_floods__871220595928834049__871220595928834049_0,benign_image,,,,,,,,,,,
srilanka_floods__871220595928834049__871220595928834049_0,benign_text,,,,,,,,,,,
srilanka_floods__871220595928834049__871220595928834049_0,benign_joint,,,,,,,,,,,
srilanka_floods__871220595928834049__871220595928834049_0,direct_image,,,,,,,,,,,
srilanka_floods__871220595928834049__871220595928834049_0,direct_text,,,,,,,,,,,
srilanka_floods__871220595928834049__871220595928834049_0,direct_joint,,,,,,,,,,,
srilanka_floods__871220595928834049__871220595928834049_0,misleading_image,,,,,,,,,,,
srilanka_floods__871220595928834049__871220595928834049_0,misleading_text,,,,,,,,,,,
srilanka_floods__871220595928834049__871220595928834049_0,misleading_joint,,,,,,,,,,,
hurricane_irma__905669053879951361__905669053879951361_3,clean,,,,,,,,,,,
hurricane_irma__905669053879951361__905669053879951361_3,benign_image,,,,,,,,,,,
hurricane_irma__905669053879951361__905669053879951361_3,benign_text,,,,,,,,,,,
hurricane_irma__905669053879951361__905669053879951361_3,benign_joint,,,,,,,,,,,
hurricane_irma__905669053879951361__905669053879951361_3,direct_image,,,,,,,,,,,
hurricane_irma__905669053879951361__905669053879951361_3,direct_text,,,,,,,,,,,
hurricane_irma__905669053879951361__905669053879951361_3,direct_joint,,,,,,,,,,,
hurricane_irma__905669053879951361__905669053879951361_3,misleading_image,,,,,,,,,,,
hurricane_irma__905669053879951361__905669053879951361_3,misleading_text,,,,,,,,,,,
hurricane_irma__905669053879951361__905669053879951361_3,misleading_joint,,,,,,,,,,,
california_wildfires__919691857986166785__919691857986166785_0,clean,,,,,,,,,,,
california_wildfires__919691857986166785__919691857986166785_0,benign_image,,,,,,,,,,,
california_wildfires__919691857986166785__919691857986166785_0,benign_text,,,,,,,,,,,
california_wildfires__919691857986166785__919691857986166785_0,benign_joint,,,,,,,,,,,
california_wildfires__919691857986166785__919691857986166785_0,direct_image,,,,,,,,,,,
california_wildfires__919691857986166785__919691857986166785_0,direct_text,,,,,,,,,,,
california_wildfires__919691857986166785__919691857986166785_0,direct_joint,,,,,,,,,,,
california_wildfires__919691857986166785__919691857986166785_0,misleading_image,,,,,,,,,,,
california_wildfires__919691857986166785__919691857986166785_0,misleading_text,,,,,,,,,,,
california_wildfires__919691857986166785__919691857986166785_0,misleading_joint,,,,,,,,,,,
hurricane_harvey__901805448944390145__901805448944390145_0,clean,,,,,,,,,,,
hurricane_harvey__901805448944390145__901805448944390145_0,benign_image,,,,,,,,,,,
hurricane_harvey__901805448944390145__901805448944390145_0,benign_text,,,,,,,,,,,
hurricane_harvey__901805448944390145__901805448944390145_0,benign_joint,,,,,,,,,,,
hurricane_harvey__901805448944390145__901805448944390145_0,direct_image,,,,,,,,,,,
hurricane_harvey__901805448944390145__901805448944390145_0,direct_text,,,,,,,,,,,
hurricane_harvey__901805448944390145__901805448944390145_0,direct_joint,,,,,,,,,,,
hurricane_harvey__901805448944390145__901805448944390145_0,misleading_image,,,,,,,,,,,
hurricane_harvey__901805448944390145__901805448944390145_0,misleading_text,,,,,,,,,,,
hurricane_harvey__901805448944390145__901805448944390145_0,misleading_joint,,,,,,,,,,,
hurricane_maria__927192810146619393__927192810146619393_0,clean,,,,,,,,,,,
hurricane_maria__927192810146619393__927192810146619393_0,benign_image,,,,,,,,,,,
hurricane_maria__927192810146619393__927192810146619393_0,benign_text,,,,,,,,,,,
hurricane_maria__927192810146619393__927192810146619393_0,benign_joint,,,,,,,,,,,
hurricane_maria__927192810146619393__927192810146619393_0,direct_image,,,,,,,,,,,
hurricane_maria__927192810146619393__927192810146619393_0,direct_text,,,,,,,,,,,
hurricane_maria__927192810146619393__927192810146619393_0,direct_joint,,,,,,,,,,,
hurricane_maria__927192810146619393__927192810146619393_0,misleading_image,,,,,,,,,,,
hurricane_maria__927192810146619393__927192810146619393_0,misleading_text,,,,,,,,,,,
hurricane_maria__927192810146619393__927192810146619393_0,misleading_joint,,,,,,,,,,,
hurricane_harvey__904429898944667648__904429898944667648_3,clean,,,,,,,,,,,
hurricane_harvey__904429898944667648__904429898944667648_3,benign_image,,,,,,,,,,,
hurricane_harvey__904429898944667648__904429898944667648_3,benign_text,,,,,,,,,,,
hurricane_harvey__904429898944667648__904429898944667648_3,benign_joint,,,,,,,,,,,
hurricane_harvey__904429898944667648__904429898944667648_3,direct_image,,,,,,,,,,,
hurricane_harvey__904429898944667648__904429898944667648_3,direct_text,,,,,,,,,,,
hurricane_harvey__904429898944667648__904429898944667648_3,direct_joint,,,,,,,,,,,
hurricane_harvey__904429898944667648__904429898944667648_3,misleading_image,,,,,,,,,,,
hurricane_harvey__904429898944667648__904429898944667648_3,misleading_text,,,,,,,,,,,
hurricane_harvey__904429898944667648__904429898944667648_3,misleading_joint,,,,,,,,,,,
california_wildfires__918356075782463488__918356075782463488_0,clean,,,,,,,,,,,
california_wildfires__918356075782463488__918356075782463488_0,benign_image,,,,,,,,,,,
california_wildfires__918356075782463488__918356075782463488_0,benign_text,,,,,,,,,,,
california_wildfires__918356075782463488__918356075782463488_0,benign_joint,,,,,,,,,,,
california_wildfires__918356075782463488__918356075782463488_0,direct_image,,,,,,,,,,,
california_wildfires__918356075782463488__918356075782463488_0,direct_text,,,,,,,,,,,
california_wildfires__918356075782463488__918356075782463488_0,direct_joint,,,,,,,,,,,
california_wildfires__918356075782463488__918356075782463488_0,misleading_image,,,,,,,,,,,
california_wildfires__918356075782463488__918356075782463488_0,misleading_text,,,,,,,,,,,
california_wildfires__918356075782463488__918356075782463488_0,misleading_joint,,,,,,,,,,,
srilanka_floods__871494277951508482__871494277951508482_0,clean,,,,,,,,,,,
srilanka_floods__871494277951508482__871494277951508482_0,benign_image,,,,,,,,,,,
srilanka_floods__871494277951508482__871494277951508482_0,benign_text,,,,,,,,,,,
srilanka_floods__871494277951508482__871494277951508482_0,benign_joint,,,,,,,,,,,
srilanka_floods__871494277951508482__871494277951508482_0,direct_image,,,,,,,,,,,
srilanka_floods__871494277951508482__871494277951508482_0,direct_text,,,,,,,,,,,
srilanka_floods__871494277951508482__871494277951508482_0,direct_joint,,,,,,,,,,,
srilanka_floods__871494277951508482__871494277951508482_0,misleading_image,,,,,,,,,,,
srilanka_floods__871494277951508482__871494277951508482_0,misleading_text,,,,,,,,,,,
srilanka_floods__871494277951508482__871494277951508482_0,misleading_joint,,,,,,,,,,,
hurricane_maria__911711789246693377__911711789246693377_0,clean,,,,,,,,,,,
hurricane_maria__911711789246693377__911711789246693377_0,benign_image,,,,,,,,,,,
hurricane_maria__911711789246693377__911711789246693377_0,benign_text,,,,,,,,,,,
hurricane_maria__911711789246693377__911711789246693377_0,benign_joint,,,,,,,,,,,
hurricane_maria__911711789246693377__911711789246693377_0,direct_image,,,,,,,,,,,
hurricane_maria__911711789246693377__911711789246693377_0,direct_text,,,,,,,,,,,
hurricane_maria__911711789246693377__911711789246693377_0,direct_joint,,,,,,,,,,,
hurricane_maria__911711789246693377__911711789246693377_0,misleading_image,,,,,,,,,,,
hurricane_maria__911711789246693377__911711789246693377_0,misleading_text,,,,,,,,,,,
hurricane_maria__911711789246693377__911711789246693377_0,misleading_joint,,,,,,,,,,,
hurricane_maria__921390909031354368__921390909031354368_0,clean,,,,,,,,,,,
hurricane_maria__921390909031354368__921390909031354368_0,benign_image,,,,,,,,,,,
hurricane_maria__921390909031354368__921390909031354368_0,benign_text,,,,,,,,,,,
hurricane_maria__921390909031354368__921390909031354368_0,benign_joint,,,,,,,,,,,
hurricane_maria__921390909031354368__921390909031354368_0,direct_image,,,,,,,,,,,
hurricane_maria__921390909031354368__921390909031354368_0,direct_text,,,,,,,,,,,
hurricane_maria__921390909031354368__921390909031354368_0,direct_joint,,,,,,,,,,,
hurricane_maria__921390909031354368__921390909031354368_0,misleading_image,,,,,,,,,,,
hurricane_maria__921390909031354368__921390909031354368_0,misleading_text,,,,,,,,,,,
hurricane_maria__921390909031354368__921390909031354368_0,misleading_joint,,,,,,,,,,,
iraq_iran_earthquake__931366109583958016__931366109583958016_0,clean,,,,,,,,,,,
iraq_iran_earthquake__931366109583958016__931366109583958016_0,benign_image,,,,,,,,,,,
iraq_iran_earthquake__931366109583958016__931366109583958016_0,benign_text,,,,,,,,,,,
iraq_iran_earthquake__931366109583958016__931366109583958016_0,benign_joint,,,,,,,,,,,
iraq_iran_earthquake__931366109583958016__931366109583958016_0,direct_image,,,,,,,,,,,
iraq_iran_earthquake__931366109583958016__931366109583958016_0,direct_text,,,,,,,,,,,
iraq_iran_earthquake__931366109583958016__931366109583958016_0,direct_joint,,,,,,,,,,,
iraq_iran_earthquake__931366109583958016__931366109583958016_0,misleading_image,,,,,,,,,,,
iraq_iran_earthquake__931366109583958016__931366109583958016_0,misleading_text,,,,,,,,,,,
iraq_iran_earthquake__931366109583958016__931366109583958016_0,misleading_joint,,,,,,,,,,,
hurricane_irma__910124040584667136__910124040584667136_0,clean,,,,,,,,,,,
hurricane_irma__910124040584667136__910124040584667136_0,benign_image,,,,,,,,,,,
hurricane_irma__910124040584667136__910124040584667136_0,benign_text,,,,,,,,,,,
hurricane_irma__910124040584667136__910124040584667136_0,benign_joint,,,,,,,,,,,
hurricane_irma__910124040584667136__910124040584667136_0,direct_image,,,,,,,,,,,
hurricane_irma__910124040584667136__910124040584667136_0,direct_text,,,,,,,,,,,
hurricane_irma__910124040584667136__910124040584667136_0,direct_joint,,,,,,,,,,,
hurricane_irma__910124040584667136__910124040584667136_0,misleading_image,,,,,,,,,,,
hurricane_irma__910124040584667136__910124040584667136_0,misleading_text,,,,,,,,,,,
hurricane_irma__910124040584667136__910124040584667136_0,misleading_joint,,,,,,,,,,,
srilanka_floods__871142568016453632__871142568016453632_0,clean,,,,,,,,,,,
srilanka_floods__871142568016453632__871142568016453632_0,benign_image,,,,,,,,,,,
srilanka_floods__871142568016453632__871142568016453632_0,benign_text,,,,,,,,,,,
srilanka_floods__871142568016453632__871142568016453632_0,benign_joint,,,,,,,,,,,
srilanka_floods__871142568016453632__871142568016453632_0,direct_image,,,,,,,,,,,
srilanka_floods__871142568016453632__871142568016453632_0,direct_text,,,,,,,,,,,
srilanka_floods__871142568016453632__871142568016453632_0,direct_joint,,,,,,,,,,,
srilanka_floods__871142568016453632__871142568016453632_0,misleading_image,,,,,,,,,,,
srilanka_floods__871142568016453632__871142568016453632_0,misleading_text,,,,,,,,,,,
srilanka_floods__871142568016453632__871142568016453632_0,misleading_joint,,,,,,,,,,,
hurricane_irma__905739963706302464__905739963706302464_0,clean,,,,,,,,,,,
hurricane_irma__905739963706302464__905739963706302464_0,benign_image,,,,,,,,,,,
hurricane_irma__905739963706302464__905739963706302464_0,benign_text,,,,,,,,,,,
hurricane_irma__905739963706302464__905739963706302464_0,benign_joint,,,,,,,,,,,
hurricane_irma__905739963706302464__905739963706302464_0,direct_image,,,,,,,,,,,
hurricane_irma__905739963706302464__905739963706302464_0,direct_text,,,,,,,,,,,
hurricane_irma__905739963706302464__905739963706302464_0,direct_joint,,,,,,,,,,,
hurricane_irma__905739963706302464__905739963706302464_0,misleading_image,,,,,,,,,,,
hurricane_irma__905739963706302464__905739963706302464_0,misleading_text,,,,,,,,,,,
hurricane_irma__905739963706302464__905739963706302464_0,misleading_joint,,,,,,,,,,,
hurricane_harvey__908701985809068034__908701985809068034_0,clean,,,,,,,,,,,
hurricane_harvey__908701985809068034__908701985809068034_0,benign_image,,,,,,,,,,,
hurricane_harvey__908701985809068034__908701985809068034_0,benign_text,,,,,,,,,,,
hurricane_harvey__908701985809068034__908701985809068034_0,benign_joint,,,,,,,,,,,
hurricane_harvey__908701985809068034__908701985809068034_0,direct_image,,,,,,,,,,,
hurricane_harvey__908701985809068034__908701985809068034_0,direct_text,,,,,,,,,,,
hurricane_harvey__908701985809068034__908701985809068034_0,direct_joint,,,,,,,,,,,
hurricane_harvey__908701985809068034__908701985809068034_0,misleading_image,,,,,,,,,,,
hurricane_harvey__908701985809068034__908701985809068034_0,misleading_text,,,,,,,,,,,
hurricane_harvey__908701985809068034__908701985809068034_0,misleading_joint,,,,,,,,,,,
iraq_iran_earthquake__930032829244805120__930032829244805120_0,clean,,,,,,,,,,,
iraq_iran_earthquake__930032829244805120__930032829244805120_0,benign_image,,,,,,,,,,,
iraq_iran_earthquake__930032829244805120__930032829244805120_0,benign_text,,,,,,,,,,,
iraq_iran_earthquake__930032829244805120__930032829244805120_0,benign_joint,,,,,,,,,,,
iraq_iran_earthquake__930032829244805120__930032829244805120_0,direct_image,,,,,,,,,,,
iraq_iran_earthquake__930032829244805120__930032829244805120_0,direct_text,,,,,,,,,,,
iraq_iran_earthquake__930032829244805120__930032829244805120_0,direct_joint,,,,,,,,,,,
iraq_iran_earthquake__930032829244805120__930032829244805120_0,misleading_image,,,,,,,,,,,
iraq_iran_earthquake__930032829244805120__930032829244805120_0,misleading_text,,,,,,,,,,,
iraq_iran_earthquake__930032829244805120__930032829244805120_0,misleading_joint,,,,,,,,,,,
hurricane_irma__910141406165028864__910141406165028864_0,clean,,,,,,,,,,,
hurricane_irma__910141406165028864__910141406165028864_0,benign_image,,,,,,,,,,,
hurricane_irma__910141406165028864__910141406165028864_0,benign_text,,,,,,,,,,,
hurricane_irma__910141406165028864__910141406165028864_0,benign_joint,,,,,,,,,,,
hurricane_irma__910141406165028864__910141406165028864_0,direct_image,,,,,,,,,,,
hurricane_irma__910141406165028864__910141406165028864_0,direct_text,,,,,,,,,,,
hurricane_irma__910141406165028864__910141406165028864_0,direct_joint,,,,,,,,,,,
hurricane_irma__910141406165028864__910141406165028864_0,misleading_image,,,,,,,,,,,
hurricane_irma__910141406165028864__910141406165028864_0,misleading_text,,,,,,,,,,,
hurricane_irma__910141406165028864__910141406165028864_0,misleading_joint,,,,,,,,,,,
hurricane_irma__909447517565325312__909447517565325312_0,clean,,,,,,,,,,,
hurricane_irma__909447517565325312__909447517565325312_0,benign_image,,,,,,,,,,,
hurricane_irma__909447517565325312__909447517565325312_0,benign_text,,,,,,,,,,,
hurricane_irma__909447517565325312__909447517565325312_0,benign_joint,,,,,,,,,,,
hurricane_irma__909447517565325312__909447517565325312_0,direct_image,,,,,,,,,,,
hurricane_irma__909447517565325312__909447517565325312_0,direct_text,,,,,,,,,,,
hurricane_irma__909447517565325312__909447517565325312_0,direct_joint,,,,,,,,,,,
hurricane_irma__909447517565325312__909447517565325312_0,misleading_image,,,,,,,,,,,
hurricane_irma__909447517565325312__909447517565325312_0,misleading_text,,,,,,,,,,,
hurricane_irma__909447517565325312__909447517565325312_0,misleading_joint,,,,,,,,,,,
hurricane_harvey__904454011050393600__904454011050393600_0,clean,,,,,,,,,,,
hurricane_harvey__904454011050393600__904454011050393600_0,benign_image,,,,,,,,,,,
hurricane_harvey__904454011050393600__904454011050393600_0,benign_text,,,,,,,,,,,
hurricane_harvey__904454011050393600__904454011050393600_0,benign_joint,,,,,,,,,,,
hurricane_harvey__904454011050393600__904454011050393600_0,direct_image,,,,,,,,,,,
hurricane_harvey__904454011050393600__904454011050393600_0,direct_text,,,,,,,,,,,
hurricane_harvey__904454011050393600__904454011050393600_0,direct_joint,,,,,,,,,,,
hurricane_harvey__904454011050393600__904454011050393600_0,misleading_image,,,,,,,,,,,
hurricane_harvey__904454011050393600__904454011050393600_0,misleading_text,,,,,,,,,,,
hurricane_harvey__904454011050393600__904454011050393600_0,misleading_joint,,,,,,,,,,,
srilanka_floods__873663464774017024__873663464774017024_0,clean,,,,,,,,,,,
srilanka_floods__873663464774017024__873663464774017024_0,benign_image,,,,,,,,,,,
srilanka_floods__873663464774017024__873663464774017024_0,benign_text,,,,,,,,,,,
srilanka_floods__873663464774017024__873663464774017024_0,benign_joint,,,,,,,,,,,
srilanka_floods__873663464774017024__873663464774017024_0,direct_image,,,,,,,,,,,
srilanka_floods__873663464774017024__873663464774017024_0,direct_text,,,,,,,,,,,
srilanka_floods__873663464774017024__873663464774017024_0,direct_joint,,,,,,,,,,,
srilanka_floods__873663464774017024__873663464774017024_0,misleading_image,,,,,,,,,,,
srilanka_floods__873663464774017024__873663464774017024_0,misleading_text,,,,,,,,,,,
srilanka_floods__873663464774017024__873663464774017024_0,misleading_joint,,,,,,,,,,,
hurricane_irma__910220699658342402__910220699658342402_0,clean,,,,,,,,,,,
hurricane_irma__910220699658342402__910220699658342402_0,benign_image,,,,,,,,,,,
hurricane_irma__910220699658342402__910220699658342402_0,benign_text,,,,,,,,,,,
hurricane_irma__910220699658342402__910220699658342402_0,benign_joint,,,,,,,,,,,
hurricane_irma__910220699658342402__910220699658342402_0,direct_image,,,,,,,,,,,
hurricane_irma__910220699658342402__910220699658342402_0,direct_text,,,,,,,,,,,
hurricane_irma__910220699658342402__910220699658342402_0,direct_joint,,,,,,,,,,,
hurricane_irma__910220699658342402__910220699658342402_0,misleading_image,,,,,,,,,,,
hurricane_irma__910220699658342402__910220699658342402_0,misleading_text,,,,,,,,,,,
hurricane_irma__910220699658342402__910220699658342402_0,misleading_joint,,,,,,,,,,,
iraq_iran_earthquake__930064582290403329__930064582290403329_0,clean,,,,,,,,,,,
iraq_iran_earthquake__930064582290403329__930064582290403329_0,benign_image,,,,,,,,,,,
iraq_iran_earthquake__930064582290403329__930064582290403329_0,benign_text,,,,,,,,,,,
iraq_iran_earthquake__930064582290403329__930064582290403329_0,benign_joint,,,,,,,,,,,
iraq_iran_earthquake__930064582290403329__930064582290403329_0,direct_image,,,,,,,,,,,
iraq_iran_earthquake__930064582290403329__930064582290403329_0,direct_text,,,,,,,,,,,
iraq_iran_earthquake__930064582290403329__930064582290403329_0,direct_joint,,,,,,,,,,,
iraq_iran_earthquake__930064582290403329__930064582290403329_0,misleading_image,,,,,,,,,,,
iraq_iran_earthquake__930064582290403329__930064582290403329_0,misleading_text,,,,,,,,,,,
iraq_iran_earthquake__930064582290403329__930064582290403329_0,misleading_joint,,,,,,,,,,,
california_wildfires__918075669048938496__918075669048938496_0,clean,,,,,,,,,,,
california_wildfires__918075669048938496__918075669048938496_0,benign_image,,,,,,,,,,,
california_wildfires__918075669048938496__918075669048938496_0,benign_text,,,,,,,,,,,
california_wildfires__918075669048938496__918075669048938496_0,benign_joint,,,,,,,,,,,
california_wildfires__918075669048938496__918075669048938496_0,direct_image,,,,,,,,,,,
california_wildfires__918075669048938496__918075669048938496_0,direct_text,,,,,,,,,,,
california_wildfires__918075669048938496__918075669048938496_0,direct_joint,,,,,,,,,,,
california_wildfires__918075669048938496__918075669048938496_0,misleading_image,,,,,,,,,,,
california_wildfires__918075669048938496__918075669048938496_0,misleading_text,,,,,,,,,,,
california_wildfires__918075669048938496__918075669048938496_0,misleading_joint,,,,,,,,,,,
california_wildfires__919975227953762304__919975227953762304_0,clean,,,,,,,,,,,
california_wildfires__919975227953762304__919975227953762304_0,benign_image,,,,,,,,,,,
california_wildfires__919975227953762304__919975227953762304_0,benign_text,,,,,,,,,,,
california_wildfires__919975227953762304__919975227953762304_0,benign_joint,,,,,,,,,,,
california_wildfires__919975227953762304__919975227953762304_0,direct_image,,,,,,,,,,,
california_wildfires__919975227953762304__919975227953762304_0,direct_text,,,,,,,,,,,
california_wildfires__919975227953762304__919975227953762304_0,direct_joint,,,,,,,,,,,
california_wildfires__919975227953762304__919975227953762304_0,misleading_image,,,,,,,,,,,
california_wildfires__919975227953762304__919975227953762304_0,misleading_text,,,,,,,,,,,
california_wildfires__919975227953762304__919975227953762304_0,misleading_joint,,,,,,,,,,,
hurricane_harvey__905164194970050561__905164194970050561_0,clean,,,,,,,,,,,
hurricane_harvey__905164194970050561__905164194970050561_0,benign_image,,,,,,,,,,,
hurricane_harvey__905164194970050561__905164194970050561_0,benign_text,,,,,,,,,,,
hurricane_harvey__905164194970050561__905164194970050561_0,benign_joint,,,,,,,,,,,
hurricane_harvey__905164194970050561__905164194970050561_0,direct_image,,,,,,,,,,,
hurricane_harvey__905164194970050561__905164194970050561_0,direct_text,,,,,,,,,,,
hurricane_harvey__905164194970050561__905164194970050561_0,direct_joint,,,,,,,,,,,
hurricane_harvey__905164194970050561__905164194970050561_0,misleading_image,,,,,,,,,,,
hurricane_harvey__905164194970050561__905164194970050561_0,misleading_text,,,,,,,,,,,
hurricane_harvey__905164194970050561__905164194970050561_0,misleading_joint,,,,,,,,,,,
hurricane_irma__909963325944901633__909963325944901633_0,clean,,,,,,,,,,,
hurricane_irma__909963325944901633__909963325944901633_0,benign_image,,,,,,,,,,,
hurricane_irma__909963325944901633__909963325944901633_0,benign_text,,,,,,,,,,,
hurricane_irma__909963325944901633__909963325944901633_0,benign_joint,,,,,,,,,,,
hurricane_irma__909963325944901633__909963325944901633_0,direct_image,,,,,,,,,,,
hurricane_irma__909963325944901633__909963325944901633_0,direct_text,,,,,,,,,,,
hurricane_irma__909963325944901633__909963325944901633_0,direct_joint,,,,,,,,,,,
hurricane_irma__909963325944901633__909963325944901633_0,misleading_image,,,,,,,,,,,
hurricane_irma__909963325944901633__909963325944901633_0,misleading_text,,,,,,,,,,,
hurricane_irma__909963325944901633__909963325944901633_0,misleading_joint,,,,,,,,,,,
hurricane_irma__909447146268585985__909447146268585985_0,clean,,,,,,,,,,,
hurricane_irma__909447146268585985__909447146268585985_0,benign_image,,,,,,,,,,,
hurricane_irma__909447146268585985__909447146268585985_0,benign_text,,,,,,,,,,,
hurricane_irma__909447146268585985__909447146268585985_0,benign_joint,,,,,,,,,,,
hurricane_irma__909447146268585985__909447146268585985_0,direct_image,,,,,,,,,,,
hurricane_irma__909447146268585985__909447146268585985_0,direct_text,,,,,,,,,,,
hurricane_irma__909447146268585985__909447146268585985_0,direct_joint,,,,,,,,,,,
hurricane_irma__909447146268585985__909447146268585985_0,misleading_image,,,,,,,,,,,
hurricane_irma__909447146268585985__909447146268585985_0,misleading_text,,,,,,,,,,,
hurricane_irma__909447146268585985__909447146268585985_0,misleading_joint,,,,,,,,,,,
iraq_iran_earthquake__930726547073376256__930726547073376256_0,clean,,,,,,,,,,,
iraq_iran_earthquake__930726547073376256__930726547073376256_0,benign_image,,,,,,,,,,,
iraq_iran_earthquake__930726547073376256__930726547073376256_0,benign_text,,,,,,,,,,,
iraq_iran_earthquake__930726547073376256__930726547073376256_0,benign_joint,,,,,,,,,,,
iraq_iran_earthquake__930726547073376256__930726547073376256_0,direct_image,,,,,,,,,,,
iraq_iran_earthquake__930726547073376256__930726547073376256_0,direct_text,,,,,,,,,,,
iraq_iran_earthquake__930726547073376256__930726547073376256_0,direct_joint,,,,,,,,,,,
iraq_iran_earthquake__930726547073376256__930726547073376256_0,misleading_image,,,,,,,,,,,
iraq_iran_earthquake__930726547073376256__930726547073376256_0,misleading_text,,,,,,,,,,,
iraq_iran_earthquake__930726547073376256__930726547073376256_0,misleading_joint,,,,,,,,,,,
hurricane_maria__913916001426837504__913916001426837504_0,clean,,,,,,,,,,,
hurricane_maria__913916001426837504__913916001426837504_0,benign_image,,,,,,,,,,,
hurricane_maria__913916001426837504__913916001426837504_0,benign_text,,,,,,,,,,,
hurricane_maria__913916001426837504__913916001426837504_0,benign_joint,,,,,,,,,,,
hurricane_maria__913916001426837504__913916001426837504_0,direct_image,,,,,,,,,,,
hurricane_maria__913916001426837504__913916001426837504_0,direct_text,,,,,,,,,,,
hurricane_maria__913916001426837504__913916001426837504_0,direct_joint,,,,,,,,,,,
hurricane_maria__913916001426837504__913916001426837504_0,misleading_image,,,,,,,,,,,
hurricane_maria__913916001426837504__913916001426837504_0,misleading_text,,,,,,,,,,,
hurricane_maria__913916001426837504__913916001426837504_0,misleading_joint,,,,,,,,,,,
hurricane_irma__909397079138689024__909397079138689024_0,clean,,,,,,,,,,,
hurricane_irma__909397079138689024__909397079138689024_0,benign_image,,,,,,,,,,,
hurricane_irma__909397079138689024__909397079138689024_0,benign_text,,,,,,,,,,,
hurricane_irma__909397079138689024__909397079138689024_0,benign_joint,,,,,,,,,,,
hurricane_irma__909397079138689024__909397079138689024_0,direct_image,,,,,,,,,,,
hurricane_irma__909397079138689024__909397079138689024_0,direct_text,,,,,,,,,,,
hurricane_irma__909397079138689024__909397079138689024_0,direct_joint,,,,,,,,,,,
hurricane_irma__909397079138689024__909397079138689024_0,misleading_image,,,,,,,,,,,
hurricane_irma__909397079138689024__909397079138689024_0,misleading_text,,,,,,,,,,,
hurricane_irma__909397079138689024__909397079138689024_0,misleading_joint,,,,,,,,,,,
hurricane_irma__909845244648284160__909845244648284160_0,clean,,,,,,,,,,,
hurricane_irma__909845244648284160__909845244648284160_0,benign_image,,,,,,,,,,,
hurricane_irma__909845244648284160__909845244648284160_0,benign_text,,,,,,,,,,,
hurricane_irma__909845244648284160__909845244648284160_0,benign_joint,,,,,,,,,,,
hurricane_irma__909845244648284160__909845244648284160_0,direct_image,,,,,,,,,,,
hurricane_irma__909845244648284160__909845244648284160_0,direct_text,,,,,,,,,,,
hurricane_irma__909845244648284160__909845244648284160_0,direct_joint,,,,,,,,,,,
hurricane_irma__909845244648284160__909845244648284160_0,misleading_image,,,,,,,,,,,
hurricane_irma__909845244648284160__909845244648284160_0,misleading_text,,,,,,,,,,,
hurricane_irma__909845244648284160__909845244648284160_0,misleading_joint,,,,,,,,,,,
srilanka_floods__870347744912711680__870347744912711680_0,clean,,,,,,,,,,,
srilanka_floods__870347744912711680__870347744912711680_0,benign_image,,,,,,,,,,,
srilanka_floods__870347744912711680__870347744912711680_0,benign_text,,,,,,,,,,,
srilanka_floods__870347744912711680__870347744912711680_0,benign_joint,,,,,,,,,,,
srilanka_floods__870347744912711680__870347744912711680_0,direct_image,,,,,,,,,,,
srilanka_floods__870347744912711680__870347744912711680_0,direct_text,,,,,,,,,,,
srilanka_floods__870347744912711680__870347744912711680_0,direct_joint,,,,,,,,,,,
srilanka_floods__870347744912711680__870347744912711680_0,misleading_image,,,,,,,,,,,
srilanka_floods__870347744912711680__870347744912711680_0,misleading_text,,,,,,,,,,,
srilanka_floods__870347744912711680__870347744912711680_0,misleading_joint,,,,,,,,,,,
hurricane_maria__914570237881745414__914570237881745414_0,clean,,,,,,,,,,,
hurricane_maria__914570237881745414__914570237881745414_0,benign_image,,,,,,,,,,,
hurricane_maria__914570237881745414__914570237881745414_0,benign_text,,,,,,,,,,,
hurricane_maria__914570237881745414__914570237881745414_0,benign_joint,,,,,,,,,,,
hurricane_maria__914570237881745414__914570237881745414_0,direct_image,,,,,,,,,,,
hurricane_maria__914570237881745414__914570237881745414_0,direct_text,,,,,,,,,,,
hurricane_maria__914570237881745414__914570237881745414_0,direct_joint,,,,,,,,,,,
hurricane_maria__914570237881745414__914570237881745414_0,misleading_image,,,,,,,,,,,
hurricane_maria__914570237881745414__914570237881745414_0,misleading_text,,,,,,,,,,,
hurricane_maria__914570237881745414__914570237881745414_0,misleading_joint,,,,,,,,,,,
hurricane_harvey__904947206607818753__904947206607818753_0,clean,,,,,,,,,,,
hurricane_harvey__904947206607818753__904947206607818753_0,benign_image,,,,,,,,,,,
hurricane_harvey__904947206607818753__904947206607818753_0,benign_text,,,,,,,,,,,
hurricane_harvey__904947206607818753__904947206607818753_0,benign_joint,,,,,,,,,,,
hurricane_harvey__904947206607818753__904947206607818753_0,direct_image,,,,,,,,,,,
hurricane_harvey__904947206607818753__904947206607818753_0,direct_text,,,,,,,,,,,
hurricane_harvey__904947206607818753__904947206607818753_0,direct_joint,,,,,,,,,,,
hurricane_harvey__904947206607818753__904947206607818753_0,misleading_image,,,,,,,,,,,
hurricane_harvey__904947206607818753__904947206607818753_0,misleading_text,,,,,,,,,,,
hurricane_harvey__904947206607818753__904947206607818753_0,misleading_joint,,,,,,,,,,,
california_wildfires__922018534863011840__922018534863011840_0,clean,,,,,,,,,,,
california_wildfires__922018534863011840__922018534863011840_0,benign_image,,,,,,,,,,,
california_wildfires__922018534863011840__922018534863011840_0,benign_text,,,,,,,,,,,
california_wildfires__922018534863011840__922018534863011840_0,benign_joint,,,,,,,,,,,
california_wildfires__922018534863011840__922018534863011840_0,direct_image,,,,,,,,,,,
california_wildfires__922018534863011840__922018534863011840_0,direct_text,,,,,,,,,,,
california_wildfires__922018534863011840__922018534863011840_0,direct_joint,,,,,,,,,,,
california_wildfires__922018534863011840__922018534863011840_0,misleading_image,,,,,,,,,,,
california_wildfires__922018534863011840__922018534863011840_0,misleading_text,,,,,,,,,,,
california_wildfires__922018534863011840__922018534863011840_0,misleading_joint,,,,,,,,,,,
srilanka_floods__870230068156448769__870230068156448769_0,clean,,,,,,,,,,,
srilanka_floods__870230068156448769__870230068156448769_0,benign_image,,,,,,,,,,,
srilanka_floods__870230068156448769__870230068156448769_0,benign_text,,,,,,,,,,,
srilanka_floods__870230068156448769__870230068156448769_0,benign_joint,,,,,,,,,,,
srilanka_floods__870230068156448769__870230068156448769_0,direct_image,,,,,,,,,,,
srilanka_floods__870230068156448769__870230068156448769_0,direct_text,,,,,,,,,,,
srilanka_floods__870230068156448769__870230068156448769_0,direct_joint,,,,,,,,,,,
srilanka_floods__870230068156448769__870230068156448769_0,misleading_image,,,,,,,,,,,
srilanka_floods__870230068156448769__870230068156448769_0,misleading_text,,,,,,,,,,,
srilanka_floods__870230068156448769__870230068156448769_0,misleading_joint,,,,,,,,,,,
hurricane_maria__914353354503069696__914353354503069696_1,clean,,,,,,,,,,,
hurricane_maria__914353354503069696__914353354503069696_1,benign_image,,,,,,,,,,,
hurricane_maria__914353354503069696__914353354503069696_1,benign_text,,,,,,,,,,,
hurricane_maria__914353354503069696__914353354503069696_1,benign_joint,,,,,,,,,,,
hurricane_maria__914353354503069696__914353354503069696_1,direct_image,,,,,,,,,,,
hurricane_maria__914353354503069696__914353354503069696_1,direct_text,,,,,,,,,,,
hurricane_maria__914353354503069696__914353354503069696_1,direct_joint,,,,,,,,,,,
hurricane_maria__914353354503069696__914353354503069696_1,misleading_image,,,,,,,,,,,
hurricane_maria__914353354503069696__914353354503069696_1,misleading_text,,,,,,,,,,,
hurricane_maria__914353354503069696__914353354503069696_1,misleading_joint,,,,,,,,,,,
hurricane_irma__909770637249536000__909770637249536000_0,clean,,,,,,,,,,,
hurricane_irma__909770637249536000__909770637249536000_0,benign_image,,,,,,,,,,,
hurricane_irma__909770637249536000__909770637249536000_0,benign_text,,,,,,,,,,,
hurricane_irma__909770637249536000__909770637249536000_0,benign_joint,,,,,,,,,,,
hurricane_irma__909770637249536000__909770637249536000_0,direct_image,,,,,,,,,,,
hurricane_irma__909770637249536000__909770637249536000_0,direct_text,,,,,,,,,,,
hurricane_irma__909770637249536000__909770637249536000_0,direct_joint,,,,,,,,,,,
hurricane_irma__909770637249536000__909770637249536000_0,misleading_image,,,,,,,,,,,
hurricane_irma__909770637249536000__909770637249536000_0,misleading_text,,,,,,,,,,,
hurricane_irma__909770637249536000__909770637249536000_0,misleading_joint,,,,,,,,,,,
hurricane_harvey__905556047984824322__905556047984824322_0,clean,,,,,,,,,,,
hurricane_harvey__905556047984824322__905556047984824322_0,benign_image,,,,,,,,,,,
hurricane_harvey__905556047984824322__905556047984824322_0,benign_text,,,,,,,,,,,
hurricane_harvey__905556047984824322__905556047984824322_0,benign_joint,,,,,,,,,,,
hurricane_harvey__905556047984824322__905556047984824322_0,direct_image,,,,,,,,,,,
hurricane_harvey__905556047984824322__905556047984824322_0,direct_text,,,,,,,,,,,
hurricane_harvey__905556047984824322__905556047984824322_0,direct_joint,,,,,,,,,,,
hurricane_harvey__905556047984824322__905556047984824322_0,misleading_image,,,,,,,,,,,
hurricane_harvey__905556047984824322__905556047984824322_0,misleading_text,,,,,,,,,,,
hurricane_harvey__905556047984824322__905556047984824322_0,misleading_joint,,,,,,,,,,,
hurricane_irma__909994032436191232__909994032436191232_0,clean,,,,,,,,,,,
hurricane_irma__909994032436191232__909994032436191232_0,benign_image,,,,,,,,,,,
hurricane_irma__909994032436191232__909994032436191232_0,benign_text,,,,,,,,,,,
hurricane_irma__909994032436191232__909994032436191232_0,benign_joint,,,,,,,,,,,
hurricane_irma__909994032436191232__909994032436191232_0,direct_image,,,,,,,,,,,
hurricane_irma__909994032436191232__909994032436191232_0,direct_text,,,,,,,,,,,
hurricane_irma__909994032436191232__909994032436191232_0,direct_joint,,,,,,,,,,,
hurricane_irma__909994032436191232__909994032436191232_0,misleading_image,,,,,,,,,,,
hurricane_irma__909994032436191232__909994032436191232_0,misleading_text,,,,,,,,,,,
hurricane_irma__909994032436191232__909994032436191232_0,misleading_joint,,,,,,,,,,,
srilanka_floods__870140216656502784__870140216656502784_0,clean,,,,,,,,,,,
srilanka_floods__870140216656502784__870140216656502784_0,benign_image,,,,,,,,,,,
srilanka_floods__870140216656502784__870140216656502784_0,benign_text,,,,,,,,,,,
srilanka_floods__870140216656502784__870140216656502784_0,benign_joint,,,,,,,,,,,
srilanka_floods__870140216656502784__870140216656502784_0,direct_image,,,,,,,,,,,
srilanka_floods__870140216656502784__870140216656502784_0,direct_text,,,,,,,,,,,
srilanka_floods__870140216656502784__870140216656502784_0,direct_joint,,,,,,,,,,,
srilanka_floods__870140216656502784__870140216656502784_0,misleading_image,,,,,,,,,,,
srilanka_floods__870140216656502784__870140216656502784_0,misleading_text,,,,,,,,,,,
srilanka_floods__870140216656502784__870140216656502784_0,misleading_joint,,,,,,,,,,,
hurricane_harvey__906635791778160640__906635791778160640_2,clean,,,,,,,,,,,
hurricane_harvey__906635791778160640__906635791778160640_2,benign_image,,,,,,,,,,,
hurricane_harvey__906635791778160640__906635791778160640_2,benign_text,,,,,,,,,,,
hurricane_harvey__906635791778160640__906635791778160640_2,benign_joint,,,,,,,,,,,
hurricane_harvey__906635791778160640__906635791778160640_2,direct_image,,,,,,,,,,,
hurricane_harvey__906635791778160640__906635791778160640_2,direct_text,,,,,,,,,,,
hurricane_harvey__906635791778160640__906635791778160640_2,direct_joint,,,,,,,,,,,
hurricane_harvey__906635791778160640__906635791778160640_2,misleading_image,,,,,,,,,,,
hurricane_harvey__906635791778160640__906635791778160640_2,misleading_text,,,,,,,,,,,
hurricane_harvey__906635791778160640__906635791778160640_2,misleading_joint,,,,,,,,,,,
hurricane_harvey__904878370088816641__904878370088816641_0,clean,,,,,,,,,,,
hurricane_harvey__904878370088816641__904878370088816641_0,benign_image,,,,,,,,,,,
hurricane_harvey__904878370088816641__904878370088816641_0,benign_text,,,,,,,,,,,
hurricane_harvey__904878370088816641__904878370088816641_0,benign_joint,,,,,,,,,,,
hurricane_harvey__904878370088816641__904878370088816641_0,direct_image,,,,,,,,,,,
hurricane_harvey__904878370088816641__904878370088816641_0,direct_text,,,,,,,,,,,
hurricane_harvey__904878370088816641__904878370088816641_0,direct_joint,,,,,,,,,,,
hurricane_harvey__904878370088816641__904878370088816641_0,misleading_image,,,,,,,,,,,
hurricane_harvey__904878370088816641__904878370088816641_0,misleading_text,,,,,,,,,,,
hurricane_harvey__904878370088816641__904878370088816641_0,misleading_joint,,,,,,,,,,,
iraq_iran_earthquake__930023493160366080__930023493160366080_0,clean,,,,,,,,,,,
iraq_iran_earthquake__930023493160366080__930023493160366080_0,benign_image,,,,,,,,,,,
iraq_iran_earthquake__930023493160366080__930023493160366080_0,benign_text,,,,,,,,,,,
iraq_iran_earthquake__930023493160366080__930023493160366080_0,benign_joint,,,,,,,,,,,
iraq_iran_earthquake__930023493160366080__930023493160366080_0,direct_image,,,,,,,,,,,
iraq_iran_earthquake__930023493160366080__930023493160366080_0,direct_text,,,,,,,,,,,
iraq_iran_earthquake__930023493160366080__930023493160366080_0,direct_joint,,,,,,,,,,,
iraq_iran_earthquake__930023493160366080__930023493160366080_0,misleading_image,,,,,,,,,,,
iraq_iran_earthquake__930023493160366080__930023493160366080_0,misleading_text,,,,,,,,,,,
iraq_iran_earthquake__930023493160366080__930023493160366080_0,misleading_joint,,,,,,,,,,,
hurricane_harvey__905454327082438656__905454327082438656_0,clean,,,,,,,,,,,
hurricane_harvey__905454327082438656__905454327082438656_0,benign_image,,,,,,,,,,,
hurricane_harvey__905454327082438656__905454327082438656_0,benign_text,,,,,,,,,,,
hurricane_harvey__905454327082438656__905454327082438656_0,benign_joint,,,,,,,,,,,
hurricane_harvey__905454327082438656__905454327082438656_0,direct_image,,,,,,,,,,,
hurricane_harvey__905454327082438656__905454327082438656_0,direct_text,,,,,,,,,,,
hurricane_harvey__905454327082438656__905454327082438656_0,direct_joint,,,,,,,,,,,
hurricane_harvey__905454327082438656__905454327082438656_0,misleading_image,,,,,,,,,,,
hurricane_harvey__905454327082438656__905454327082438656_0,misleading_text,,,,,,,,,,,
hurricane_harvey__905454327082438656__905454327082438656_0,misleading_joint,,,,,,,,,,,
hurricane_irma__910170472658083840__910170472658083840_0,clean,,,,,,,,,,,
hurricane_irma__910170472658083840__910170472658083840_0,benign_image,,,,,,,,,,,
hurricane_irma__910170472658083840__910170472658083840_0,benign_text,,,,,,,,,,,
hurricane_irma__910170472658083840__910170472658083840_0,benign_joint,,,,,,,,,,,
hurricane_irma__910170472658083840__910170472658083840_0,direct_image,,,,,,,,,,,
hurricane_irma__910170472658083840__910170472658083840_0,direct_text,,,,,,,,,,,
hurricane_irma__910170472658083840__910170472658083840_0,direct_joint,,,,,,,,,,,
hurricane_irma__910170472658083840__910170472658083840_0,misleading_image,,,,,,,,,,,
hurricane_irma__910170472658083840__910170472658083840_0,misleading_text,,,,,,,,,,,
hurricane_irma__910170472658083840__910170472658083840_0,misleading_joint,,,,,,,,,,,
hurricane_irma__909838084786786304__909838084786786304_3,clean,,,,,,,,,,,
hurricane_irma__909838084786786304__909838084786786304_3,benign_image,,,,,,,,,,,
hurricane_irma__909838084786786304__909838084786786304_3,benign_text,,,,,,,,,,,
hurricane_irma__909838084786786304__909838084786786304_3,benign_joint,,,,,,,,,,,
hurricane_irma__909838084786786304__909838084786786304_3,direct_image,,,,,,,,,,,
hurricane_irma__909838084786786304__909838084786786304_3,direct_text,,,,,,,,,,,
hurricane_irma__909838084786786304__909838084786786304_3,direct_joint,,,,,,,,,,,
hurricane_irma__909838084786786304__909838084786786304_3,misleading_image,,,,,,,,,,,
hurricane_irma__909838084786786304__909838084786786304_3,misleading_text,,,,,,,,,,,
hurricane_irma__909838084786786304__909838084786786304_3,misleading_joint,,,,,,,,,,,
hurricane_irma__905647872175104001__905647872175104001_0,clean,,,,,,,,,,,
hurricane_irma__905647872175104001__905647872175104001_0,benign_image,,,,,,,,,,,
hurricane_irma__905647872175104001__905647872175104001_0,benign_text,,,,,,,,,,,
hurricane_irma__905647872175104001__905647872175104001_0,benign_joint,,,,,,,,,,,
hurricane_irma__905647872175104001__905647872175104001_0,direct_image,,,,,,,,,,,
hurricane_irma__905647872175104001__905647872175104001_0,direct_text,,,,,,,,,,,
hurricane_irma__905647872175104001__905647872175104001_0,direct_joint,,,,,,,,,,,
hurricane_irma__905647872175104001__905647872175104001_0,misleading_image,,,,,,,,,,,
hurricane_irma__905647872175104001__905647872175104001_0,misleading_text,,,,,,,,,,,
hurricane_irma__905647872175104001__905647872175104001_0,misleading_joint,,,,,,,,,,,
hurricane_harvey__901705136782716928__901705136782716928_0,clean,,,,,,,,,,,
hurricane_harvey__901705136782716928__901705136782716928_0,benign_image,,,,,,,,,,,
hurricane_harvey__901705136782716928__901705136782716928_0,benign_text,,,,,,,,,,,
hurricane_harvey__901705136782716928__901705136782716928_0,benign_joint,,,,,,,,,,,
hurricane_harvey__901705136782716928__901705136782716928_0,direct_image,,,,,,,,,,,
hurricane_harvey__901705136782716928__901705136782716928_0,direct_text,,,,,,,,,,,
hurricane_harvey__901705136782716928__901705136782716928_0,direct_joint,,,,,,,,,,,
hurricane_harvey__901705136782716928__901705136782716928_0,misleading_image,,,,,,,,,,,
hurricane_harvey__901705136782716928__901705136782716928_0,misleading_text,,,,,,,,,,,
hurricane_harvey__901705136782716928__901705136782716928_0,misleading_joint,,,,,,,,,,,
mexico_earthquake__911773444978675712__911773444978675712_0,clean,,,,,,,,,,,
mexico_earthquake__911773444978675712__911773444978675712_0,benign_image,,,,,,,,,,,
mexico_earthquake__911773444978675712__911773444978675712_0,benign_text,,,,,,,,,,,
mexico_earthquake__911773444978675712__911773444978675712_0,benign_joint,,,,,,,,,,,
mexico_earthquake__911773444978675712__911773444978675712_0,direct_image,,,,,,,,,,,
mexico_earthquake__911773444978675712__911773444978675712_0,direct_text,,,,,,,,,,,
mexico_earthquake__911773444978675712__911773444978675712_0,direct_joint,,,,,,,,,,,
mexico_earthquake__911773444978675712__911773444978675712_0,misleading_image,,,,,,,,,,,
mexico_earthquake__911773444978675712__911773444978675712_0,misleading_text,,,,,,,,,,,
mexico_earthquake__911773444978675712__911773444978675712_0,misleading_joint,,,,,,,,,,,
mexico_earthquake__910541813617848320__910541813617848320_0,clean,,,,,,,,,,,
mexico_earthquake__910541813617848320__910541813617848320_0,benign_image,,,,,,,,,,,
mexico_earthquake__910541813617848320__910541813617848320_0,benign_text,,,,,,,,,,,
mexico_earthquake__910541813617848320__910541813617848320_0,benign_joint,,,,,,,,,,,
mexico_earthquake__910541813617848320__910541813617848320_0,direct_image,,,,,,,,,,,
mexico_earthquake__910541813617848320__910541813617848320_0,direct_text,,,,,,,,,,,
mexico_earthquake__910541813617848320__910541813617848320_0,direct_joint,,,,,,,,,,,
mexico_earthquake__910541813617848320__910541813617848320_0,misleading_image,,,,,,,,,,,
mexico_earthquake__910541813617848320__910541813617848320_0,misleading_text,,,,,,,,,,,
mexico_earthquake__910541813617848320__910541813617848320_0,misleading_joint,,,,,,,,,,,
hurricane_irma__906928042865504261__906928042865504261_0,clean,,,,,,,,,,,
hurricane_irma__906928042865504261__906928042865504261_0,benign_image,,,,,,,,,,,
hurricane_irma__906928042865504261__906928042865504261_0,benign_text,,,,,,,,,,,
hurricane_irma__906928042865504261__906928042865504261_0,benign_joint,,,,,,,,,,,
hurricane_irma__906928042865504261__906928042865504261_0,direct_image,,,,,,,,,,,
hurricane_irma__906928042865504261__906928042865504261_0,direct_text,,,,,,,,,,,
hurricane_irma__906928042865504261__906928042865504261_0,direct_joint,,,,,,,,,,,
hurricane_irma__906928042865504261__906928042865504261_0,misleading_image,,,,,,,,,,,
hurricane_irma__906928042865504261__906928042865504261_0,misleading_text,,,,,,,,,,,
hurricane_irma__906928042865504261__906928042865504261_0,misleading_joint,,,,,,,,,,,
hurricane_irma__909863172156284928__909863172156284928_0,clean,,,,,,,,,,,
hurricane_irma__909863172156284928__909863172156284928_0,benign_image,,,,,,,,,,,
hurricane_irma__909863172156284928__909863172156284928_0,benign_text,,,,,,,,,,,
hurricane_irma__909863172156284928__909863172156284928_0,benign_joint,,,,,,,,,,,
hurricane_irma__909863172156284928__909863172156284928_0,direct_image,,,,,,,,,,,
hurricane_irma__909863172156284928__909863172156284928_0,direct_text,,,,,,,,,,,
hurricane_irma__909863172156284928__909863172156284928_0,direct_joint,,,,,,,,,,,
hurricane_irma__909863172156284928__909863172156284928_0,misleading_image,,,,,,,,,,,
hurricane_irma__909863172156284928__909863172156284928_0,misleading_text,,,,,,,,,,,
hurricane_irma__909863172156284928__909863172156284928_0,misleading_joint,,,,,,,,,,,
hurricane_harvey__908482896515780608__908482896515780608_0,clean,,,,,,,,,,,
hurricane_harvey__908482896515780608__908482896515780608_0,benign_image,,,,,,,,,,,
hurricane_harvey__908482896515780608__908482896515780608_0,benign_text,,,,,,,,,,,
hurricane_harvey__908482896515780608__908482896515780608_0,benign_joint,,,,,,,,,,,
hurricane_harvey__908482896515780608__908482896515780608_0,direct_image,,,,,,,,,,,
hurricane_harvey__908482896515780608__908482896515780608_0,direct_text,,,,,,,,,,,
hurricane_harvey__908482896515780608__908482896515780608_0,direct_joint,,,,,,,,,,,
hurricane_harvey__908482896515780608__908482896515780608_0,misleading_image,,,,,,,,,,,
hurricane_harvey__908482896515780608__908482896515780608_0,misleading_text,,,,,,,,,,,
hurricane_harvey__908482896515780608__908482896515780608_0,misleading_joint,,,,,,,,,,,
hurricane_irma__910128121541689346__910128121541689346_0,clean,,,,,,,,,,,
hurricane_irma__910128121541689346__910128121541689346_0,benign_image,,,,,,,,,,,
hurricane_irma__910128121541689346__910128121541689346_0,benign_text,,,,,,,,,,,
hurricane_irma__910128121541689346__910128121541689346_0,benign_joint,,,,,,,,,,,
hurricane_irma__910128121541689346__910128121541689346_0,direct_image,,,,,,,,,,,
hurricane_irma__910128121541689346__910128121541689346_0,direct_text,,,,,,,,,,,
hurricane_irma__910128121541689346__910128121541689346_0,direct_joint,,,,,,,,,,,
hurricane_irma__910128121541689346__910128121541689346_0,misleading_image,,,,,,,,,,,
hurricane_irma__910128121541689346__910128121541689346_0,misleading_text,,,,,,,,,,,
hurricane_irma__910128121541689346__910128121541689346_0,misleading_joint,,,,,,,,,,,
hurricane_irma__909835088044580864__909835088044580864_1,clean,,,,,,,,,,,
hurricane_irma__909835088044580864__909835088044580864_1,benign_image,,,,,,,,,,,
hurricane_irma__909835088044580864__909835088044580864_1,benign_text,,,,,,,,,,,
hurricane_irma__909835088044580864__909835088044580864_1,benign_joint,,,,,,,,,,,
hurricane_irma__909835088044580864__909835088044580864_1,direct_image,,,,,,,,,,,
hurricane_irma__909835088044580864__909835088044580864_1,direct_text,,,,,,,,,,,
hurricane_irma__909835088044580864__909835088044580864_1,direct_joint,,,,,,,,,,,
hurricane_irma__909835088044580864__909835088044580864_1,misleading_image,,,,,,,,,,,
hurricane_irma__909835088044580864__909835088044580864_1,misleading_text,,,,,,,,,,,
hurricane_irma__909835088044580864__909835088044580864_1,misleading_joint,,,,,,,,,,,
hurricane_maria__929033551885959169__929033551885959169_0,clean,,,,,,,,,,,
hurricane_maria__929033551885959169__929033551885959169_0,benign_image,,,,,,,,,,,
hurricane_maria__929033551885959169__929033551885959169_0,benign_text,,,,,,,,,,,
hurricane_maria__929033551885959169__929033551885959169_0,benign_joint,,,,,,,,,,,
hurricane_maria__929033551885959169__929033551885959169_0,direct_image,,,,,,,,,,,
hurricane_maria__929033551885959169__929033551885959169_0,direct_text,,,,,,,,,,,
hurricane_maria__929033551885959169__929033551885959169_0,direct_joint,,,,,,,,,,,
hurricane_maria__929033551885959169__929033551885959169_0,misleading_image,,,,,,,,,,,
hurricane_maria__929033551885959169__929033551885959169_0,misleading_text,,,,,,,,,,,
hurricane_maria__929033551885959169__929033551885959169_0,misleading_joint,,,,,,,,,,,
california_wildfires__918235406512074752__918235406512074752_0,clean,,,,,,,,,,,
california_wildfires__918235406512074752__918235406512074752_0,benign_image,,,,,,,,,,,
california_wildfires__918235406512074752__918235406512074752_0,benign_text,,,,,,,,,,,
california_wildfires__918235406512074752__918235406512074752_0,benign_joint,,,,,,,,,,,
california_wildfires__918235406512074752__918235406512074752_0,direct_image,,,,,,,,,,,
california_wildfires__918235406512074752__918235406512074752_0,direct_text,,,,,,,,,,,
california_wildfires__918235406512074752__918235406512074752_0,direct_joint,,,,,,,,,,,
california_wildfires__918235406512074752__918235406512074752_0,misleading_image,,,,,,,,,,,
california_wildfires__918235406512074752__918235406512074752_0,misleading_text,,,,,,,,,,,
california_wildfires__918235406512074752__918235406512074752_0,misleading_joint,,,,,,,,,,,
srilanka_floods__877815334408921088__877815334408921088_0,clean,,,,,,,,,,,
srilanka_floods__877815334408921088__877815334408921088_0,benign_image,,,,,,,,,,,
srilanka_floods__877815334408921088__877815334408921088_0,benign_text,,,,,,,,,,,
srilanka_floods__877815334408921088__877815334408921088_0,benign_joint,,,,,,,,,,,
srilanka_floods__877815334408921088__877815334408921088_0,direct_image,,,,,,,,,,,
srilanka_floods__877815334408921088__877815334408921088_0,direct_text,,,,,,,,,,,
srilanka_floods__877815334408921088__877815334408921088_0,direct_joint,,,,,,,,,,,
srilanka_floods__877815334408921088__877815334408921088_0,misleading_image,,,,,,,,,,,
srilanka_floods__877815334408921088__877815334408921088_0,misleading_text,,,,,,,,,,,
srilanka_floods__877815334408921088__877815334408921088_0,misleading_joint,,,,,,,,,,,
california_wildfires__919970733375217664__919970733375217664_0,clean,,,,,,,,,,,
california_wildfires__919970733375217664__919970733375217664_0,benign_image,,,,,,,,,,,
california_wildfires__919970733375217664__919970733375217664_0,benign_text,,,,,,,,,,,
california_wildfires__919970733375217664__919970733375217664_0,benign_joint,,,,,,,,,,,
california_wildfires__919970733375217664__919970733375217664_0,direct_image,,,,,,,,,,,
california_wildfires__919970733375217664__919970733375217664_0,direct_text,,,,,,,,,,,
california_wildfires__919970733375217664__919970733375217664_0,direct_joint,,,,,,,,,,,
california_wildfires__919970733375217664__919970733375217664_0,misleading_image,,,,,,,,,,,
california_wildfires__919970733375217664__919970733375217664_0,misleading_text,,,,,,,,,,,
california_wildfires__919970733375217664__919970733375217664_0,misleading_joint,,,,,,,,,,,
hurricane_maria__928651782946947072__928651782946947072_0,clean,,,,,,,,,,,
hurricane_maria__928651782946947072__928651782946947072_0,benign_image,,,,,,,,,,,
hurricane_maria__928651782946947072__928651782946947072_0,benign_text,,,,,,,,,,,
hurricane_maria__928651782946947072__928651782946947072_0,benign_joint,,,,,,,,,,,
hurricane_maria__928651782946947072__928651782946947072_0,direct_image,,,,,,,,,,,
hurricane_maria__928651782946947072__928651782946947072_0,direct_text,,,,,,,,,,,
hurricane_maria__928651782946947072__928651782946947072_0,direct_joint,,,,,,,,,,,
hurricane_maria__928651782946947072__928651782946947072_0,misleading_image,,,,,,,,,,,
hurricane_maria__928651782946947072__928651782946947072_0,misleading_text,,,,,,,,,,,
hurricane_maria__928651782946947072__928651782946947072_0,misleading_joint,,,,,,,,,,,
california_wildfires__917834628290920448__917834628290920448_0,clean,,,,,,,,,,,
california_wildfires__917834628290920448__917834628290920448_0,benign_image,,,,,,,,,,,
california_wildfires__917834628290920448__917834628290920448_0,benign_text,,,,,,,,,,,
california_wildfires__917834628290920448__917834628290920448_0,benign_joint,,,,,,,,,,,
california_wildfires__917834628290920448__917834628290920448_0,direct_image,,,,,,,,,,,
california_wildfires__917834628290920448__917834628290920448_0,direct_text,,,,,,,,,,,
california_wildfires__917834628290920448__917834628290920448_0,direct_joint,,,,,,,,,,,
california_wildfires__917834628290920448__917834628290920448_0,misleading_image,,,,,,,,,,,
california_wildfires__917834628290920448__917834628290920448_0,misleading_text,,,,,,,,,,,
california_wildfires__917834628290920448__917834628290920448_0,misleading_joint,,,,,,,,,,,
mexico_earthquake__913092121292410883__913092121292410883_0,clean,,,,,,,,,,,
mexico_earthquake__913092121292410883__913092121292410883_0,benign_image,,,,,,,,,,,
mexico_earthquake__913092121292410883__913092121292410883_0,benign_text,,,,,,,,,,,
mexico_earthquake__913092121292410883__913092121292410883_0,benign_joint,,,,,,,,,,,
mexico_earthquake__913092121292410883__913092121292410883_0,direct_image,,,,,,,,,,,
mexico_earthquake__913092121292410883__913092121292410883_0,direct_text,,,,,,,,,,,
mexico_earthquake__913092121292410883__913092121292410883_0,direct_joint,,,,,,,,,,,
mexico_earthquake__913092121292410883__913092121292410883_0,misleading_image,,,,,,,,,,,
mexico_earthquake__913092121292410883__913092121292410883_0,misleading_text,,,,,,,,,,,
mexico_earthquake__913092121292410883__913092121292410883_0,misleading_joint,,,,,,,,,,,
hurricane_maria__921443803457781766__921443803457781766_1,clean,,,,,,,,,,,
hurricane_maria__921443803457781766__921443803457781766_1,benign_image,,,,,,,,,,,
hurricane_maria__921443803457781766__921443803457781766_1,benign_text,,,,,,,,,,,
hurricane_maria__921443803457781766__921443803457781766_1,benign_joint,,,,,,,,,,,
hurricane_maria__921443803457781766__921443803457781766_1,direct_image,,,,,,,,,,,
hurricane_maria__921443803457781766__921443803457781766_1,direct_text,,,,,,,,,,,
hurricane_maria__921443803457781766__921443803457781766_1,direct_joint,,,,,,,,,,,
hurricane_maria__921443803457781766__921443803457781766_1,misleading_image,,,,,,,,,,,
hurricane_maria__921443803457781766__921443803457781766_1,misleading_text,,,,,,,,,,,
hurricane_maria__921443803457781766__921443803457781766_1,misleading_joint,,,,,,,,,,,
srilanka_floods__871260385252343808__871260385252343808_0,clean,,,,,,,,,,,
srilanka_floods__871260385252343808__871260385252343808_0,benign_image,,,,,,,,,,,
srilanka_floods__871260385252343808__871260385252343808_0,benign_text,,,,,,,,,,,
srilanka_floods__871260385252343808__871260385252343808_0,benign_joint,,,,,,,,,,,
srilanka_floods__871260385252343808__871260385252343808_0,direct_image,,,,,,,,,,,
srilanka_floods__871260385252343808__871260385252343808_0,direct_text,,,,,,,,,,,
srilanka_floods__871260385252343808__871260385252343808_0,direct_joint,,,,,,,,,,,
srilanka_floods__871260385252343808__871260385252343808_0,misleading_image,,,,,,,,,,,
srilanka_floods__871260385252343808__871260385252343808_0,misleading_text,,,,,,,,,,,
srilanka_floods__871260385252343808__871260385252343808_0,misleading_joint,,,,,,,,,,,
hurricane_harvey__906842826457133056__906842826457133056_0,clean,,,,,,,,,,,
hurricane_harvey__906842826457133056__906842826457133056_0,benign_image,,,,,,,,,,,
hurricane_harvey__906842826457133056__906842826457133056_0,benign_text,,,,,,,,,,,
hurricane_harvey__906842826457133056__906842826457133056_0,benign_joint,,,,,,,,,,,
hurricane_harvey__906842826457133056__906842826457133056_0,direct_image,,,,,,,,,,,
hurricane_harvey__906842826457133056__906842826457133056_0,direct_text,,,,,,,,,,,
hurricane_harvey__906842826457133056__906842826457133056_0,direct_joint,,,,,,,,,,,
hurricane_harvey__906842826457133056__906842826457133056_0,misleading_image,,,,,,,,,,,
hurricane_harvey__906842826457133056__906842826457133056_0,misleading_text,,,,,,,,,,,
hurricane_harvey__906842826457133056__906842826457133056_0,misleading_joint,,,,,,,,,,,
hurricane_harvey__901713307144507392__901713307144507392_0,clean,,,,,,,,,,,
hurricane_harvey__901713307144507392__901713307144507392_0,benign_image,,,,,,,,,,,
hurricane_harvey__901713307144507392__901713307144507392_0,benign_text,,,,,,,,,,,
hurricane_harvey__901713307144507392__901713307144507392_0,benign_joint,,,,,,,,,,,
hurricane_harvey__901713307144507392__901713307144507392_0,direct_image,,,,,,,,,,,
hurricane_harvey__901713307144507392__901713307144507392_0,direct_text,,,,,,,,,,,
hurricane_harvey__901713307144507392__901713307144507392_0,direct_joint,,,,,,,,,,,
hurricane_harvey__901713307144507392__901713307144507392_0,misleading_image,,,,,,,,,,,
hurricane_harvey__901713307144507392__901713307144507392_0,misleading_text,,,,,,,,,,,
hurricane_harvey__901713307144507392__901713307144507392_0,misleading_joint,,,,,,,,,,,
hurricane_irma__910247140441632768__910247140441632768_0,clean,,,,,,,,,,,
hurricane_irma__910247140441632768__910247140441632768_0,benign_image,,,,,,,,,,,
hurricane_irma__910247140441632768__910247140441632768_0,benign_text,,,,,,,,,,,
hurricane_irma__910247140441632768__910247140441632768_0,benign_joint,,,,,,,,,,,
hurricane_irma__910247140441632768__910247140441632768_0,direct_image,,,,,,,,,,,
hurricane_irma__910247140441632768__910247140441632768_0,direct_text,,,,,,,,,,,
hurricane_irma__910247140441632768__910247140441632768_0,direct_joint,,,,,,,,,,,
hurricane_irma__910247140441632768__910247140441632768_0,misleading_image,,,,,,,,,,,
hurricane_irma__910247140441632768__910247140441632768_0,misleading_text,,,,,,,,,,,
hurricane_irma__910247140441632768__910247140441632768_0,misleading_joint,,,,,,,,,,,
hurricane_harvey__907712998642536448__907712998642536448_0,clean,,,,,,,,,,,
hurricane_harvey__907712998642536448__907712998642536448_0,benign_image,,,,,,,,,,,
hurricane_harvey__907712998642536448__907712998642536448_0,benign_text,,,,,,,,,,,
hurricane_harvey__907712998642536448__907712998642536448_0,benign_joint,,,,,,,,,,,
hurricane_harvey__907712998642536448__907712998642536448_0,direct_image,,,,,,,,,,,
hurricane_harvey__907712998642536448__907712998642536448_0,direct_text,,,,,,,,,,,
hurricane_harvey__907712998642536448__907712998642536448_0,direct_joint,,,,,,,,,,,
hurricane_harvey__907712998642536448__907712998642536448_0,misleading_image,,,,,,,,,,,
hurricane_harvey__907712998642536448__907712998642536448_0,misleading_text,,,,,,,,,,,
hurricane_harvey__907712998642536448__907712998642536448_0,misleading_joint,,,,,,,,,,,
hurricane_irma__909440826933223425__909440826933223425_0,clean,,,,,,,,,,,
hurricane_irma__909440826933223425__909440826933223425_0,benign_image,,,,,,,,,,,
hurricane_irma__909440826933223425__909440826933223425_0,benign_text,,,,,,,,,,,
hurricane_irma__909440826933223425__909440826933223425_0,benign_joint,,,,,,,,,,,
hurricane_irma__909440826933223425__909440826933223425_0,direct_image,,,,,,,,,,,
hurricane_irma__909440826933223425__909440826933223425_0,direct_text,,,,,,,,,,,
hurricane_irma__909440826933223425__909440826933223425_0,direct_joint,,,,,,,,,,,
hurricane_irma__909440826933223425__909440826933223425_0,misleading_image,,,,,,,,,,,
hurricane_irma__909440826933223425__909440826933223425_0,misleading_text,,,,,,,,,,,
hurricane_irma__909440826933223425__909440826933223425_0,misleading_joint,,,,,,,,,,,
hurricane_irma__910216576464510976__910216576464510976_0,clean,,,,,,,,,,,
hurricane_irma__910216576464510976__910216576464510976_0,benign_image,,,,,,,,,,,
hurricane_irma__910216576464510976__910216576464510976_0,benign_text,,,,,,,,,,,
hurricane_irma__910216576464510976__910216576464510976_0,benign_joint,,,,,,,,,,,
hurricane_irma__910216576464510976__910216576464510976_0,direct_image,,,,,,,,,,,
hurricane_irma__910216576464510976__910216576464510976_0,direct_text,,,,,,,,,,,
hurricane_irma__910216576464510976__910216576464510976_0,direct_joint,,,,,,,,,,,
hurricane_irma__910216576464510976__910216576464510976_0,misleading_image,,,,,,,,,,,
hurricane_irma__910216576464510976__910216576464510976_0,misleading_text,,,,,,,,,,,
hurricane_irma__910216576464510976__910216576464510976_0,misleading_joint,,,,,,,,,,,
california_wildfires__919943278220341249__919943278220341249_0,clean,,,,,,,,,,,
california_wildfires__919943278220341249__919943278220341249_0,benign_image,,,,,,,,,,,
california_wildfires__919943278220341249__919943278220341249_0,benign_text,,,,,,,,,,,
california_wildfires__919943278220341249__919943278220341249_0,benign_joint,,,,,,,,,,,
california_wildfires__919943278220341249__919943278220341249_0,direct_image,,,,,,,,,,,
california_wildfires__919943278220341249__919943278220341249_0,direct_text,,,,,,,,,,,
california_wildfires__919943278220341249__919943278220341249_0,direct_joint,,,,,,,,,,,
california_wildfires__919943278220341249__919943278220341249_0,misleading_image,,,,,,,,,,,
california_wildfires__919943278220341249__919943278220341249_0,misleading_text,,,,,,,,,,,
california_wildfires__919943278220341249__919943278220341249_0,misleading_joint,,,,,,,,,,,
hurricane_harvey__907772978116653056__907772978116653056_1,clean,,,,,,,,,,,
hurricane_harvey__907772978116653056__907772978116653056_1,benign_image,,,,,,,,,,,
hurricane_harvey__907772978116653056__907772978116653056_1,benign_text,,,,,,,,,,,
hurricane_harvey__907772978116653056__907772978116653056_1,benign_joint,,,,,,,,,,,
hurricane_harvey__907772978116653056__907772978116653056_1,direct_image,,,,,,,,,,,
hurricane_harvey__907772978116653056__907772978116653056_1,direct_text,,,,,,,,,,,
hurricane_harvey__907772978116653056__907772978116653056_1,direct_joint,,,,,,,,,,,
hurricane_harvey__907772978116653056__907772978116653056_1,misleading_image,,,,,,,,,,,
hurricane_harvey__907772978116653056__907772978116653056_1,misleading_text,,,,,,,,,,,
hurricane_harvey__907772978116653056__907772978116653056_1,misleading_joint,,,,,,,,,,,
hurricane_harvey__905498554332000256__905498554332000256_3,clean,,,,,,,,,,,
hurricane_harvey__905498554332000256__905498554332000256_3,benign_image,,,,,,,,,,,
hurricane_harvey__905498554332000256__905498554332000256_3,benign_text,,,,,,,,,,,
hurricane_harvey__905498554332000256__905498554332000256_3,benign_joint,,,,,,,,,,,
hurricane_harvey__905498554332000256__905498554332000256_3,direct_image,,,,,,,,,,,
hurricane_harvey__905498554332000256__905498554332000256_3,direct_text,,,,,,,,,,,
hurricane_harvey__905498554332000256__905498554332000256_3,direct_joint,,,,,,,,,,,
hurricane_harvey__905498554332000256__905498554332000256_3,misleading_image,,,,,,,,,,,
hurricane_harvey__905498554332000256__905498554332000256_3,misleading_text,,,,,,,,,,,
hurricane_harvey__905498554332000256__905498554332000256_3,misleading_joint,,,,,,,,,,,
hurricane_irma__909914772816179201__909914772816179201_3,clean,,,,,,,,,,,
hurricane_irma__909914772816179201__909914772816179201_3,benign_image,,,,,,,,,,,
hurricane_irma__909914772816179201__909914772816179201_3,benign_text,,,,,,,,,,,
hurricane_irma__909914772816179201__909914772816179201_3,benign_joint,,,,,,,,,,,
hurricane_irma__909914772816179201__909914772816179201_3,direct_image,,,,,,,,,,,
hurricane_irma__909914772816179201__909914772816179201_3,direct_text,,,,,,,,,,,
hurricane_irma__909914772816179201__909914772816179201_3,direct_joint,,,,,,,,,,,
hurricane_irma__909914772816179201__909914772816179201_3,misleading_image,,,,,,,,,,,
hurricane_irma__909914772816179201__909914772816179201_3,misleading_text,,,,,,,,,,,
hurricane_irma__909914772816179201__909914772816179201_3,misleading_joint,,,,,,,,,,,
hurricane_irma__905715102258569216__905715102258569216_0,clean,,,,,,,,,,,
hurricane_irma__905715102258569216__905715102258569216_0,benign_image,,,,,,,,,,,
hurricane_irma__905715102258569216__905715102258569216_0,benign_text,,,,,,,,,,,
hurricane_irma__905715102258569216__905715102258569216_0,benign_joint,,,,,,,,,,,
hurricane_irma__905715102258569216__905715102258569216_0,direct_image,,,,,,,,,,,
hurricane_irma__905715102258569216__905715102258569216_0,direct_text,,,,,,,,,,,
hurricane_irma__905715102258569216__905715102258569216_0,direct_joint,,,,,,,,,,,
hurricane_irma__905715102258569216__905715102258569216_0,misleading_image,,,,,,,,,,,
hurricane_irma__905715102258569216__905715102258569216_0,misleading_text,,,,,,,,,,,
hurricane_irma__905715102258569216__905715102258569216_0,misleading_joint,,,,,,,,,,,
hurricane_irma__909484405214908419__909484405214908419_0,clean,,,,,,,,,,,
hurricane_irma__909484405214908419__909484405214908419_0,benign_image,,,,,,,,,,,
hurricane_irma__909484405214908419__909484405214908419_0,benign_text,,,,,,,,,,,
hurricane_irma__909484405214908419__909484405214908419_0,benign_joint,,,,,,,,,,,
hurricane_irma__909484405214908419__909484405214908419_0,direct_image,,,,,,,,,,,
hurricane_irma__909484405214908419__909484405214908419_0,direct_text,,,,,,,,,,,
hurricane_irma__909484405214908419__909484405214908419_0,direct_joint,,,,,,,,,,,
hurricane_irma__909484405214908419__909484405214908419_0,misleading_image,,,,,,,,,,,
hurricane_irma__909484405214908419__909484405214908419_0,misleading_text,,,,,,,,,,,
hurricane_irma__909484405214908419__909484405214908419_0,misleading_joint,,,,,,,,,,,
hurricane_harvey__901692349289566210__901692349289566210_2,clean,,,,,,,,,,,
hurricane_harvey__901692349289566210__901692349289566210_2,benign_image,,,,,,,,,,,
hurricane_harvey__901692349289566210__901692349289566210_2,benign_text,,,,,,,,,,,
hurricane_harvey__901692349289566210__901692349289566210_2,benign_joint,,,,,,,,,,,
hurricane_harvey__901692349289566210__901692349289566210_2,direct_image,,,,,,,,,,,
hurricane_harvey__901692349289566210__901692349289566210_2,direct_text,,,,,,,,,,,
hurricane_harvey__901692349289566210__901692349289566210_2,direct_joint,,,,,,,,,,,
hurricane_harvey__901692349289566210__901692349289566210_2,misleading_image,,,,,,,,,,,
hurricane_harvey__901692349289566210__901692349289566210_2,misleading_text,,,,,,,,,,,
hurricane_harvey__901692349289566210__901692349289566210_2,misleading_joint,,,,,,,,,,,
hurricane_maria__913992284986855424__913992284986855424_0,clean,,,,,,,,,,,
hurricane_maria__913992284986855424__913992284986855424_0,benign_image,,,,,,,,,,,
hurricane_maria__913992284986855424__913992284986855424_0,benign_text,,,,,,,,,,,
hurricane_maria__913992284986855424__913992284986855424_0,benign_joint,,,,,,,,,,,
hurricane_maria__913992284986855424__913992284986855424_0,direct_image,,,,,,,,,,,
hurricane_maria__913992284986855424__913992284986855424_0,direct_text,,,,,,,,,,,
hurricane_maria__913992284986855424__913992284986855424_0,direct_joint,,,,,,,,,,,
hurricane_maria__913992284986855424__913992284986855424_0,misleading_image,,,,,,,,,,,
hurricane_maria__913992284986855424__913992284986855424_0,misleading_text,,,,,,,,,,,
hurricane_maria__913992284986855424__913992284986855424_0,misleading_joint,,,,,,,,,,,
hurricane_maria__916134570759802880__916134570759802880_0,clean,,,,,,,,,,,
hurricane_maria__916134570759802880__916134570759802880_0,benign_image,,,,,,,,,,,
hurricane_maria__916134570759802880__916134570759802880_0,benign_text,,,,,,,,,,,
hurricane_maria__916134570759802880__916134570759802880_0,benign_joint,,,,,,,,,,,
hurricane_maria__916134570759802880__916134570759802880_0,direct_image,,,,,,,,,,,
hurricane_maria__916134570759802880__916134570759802880_0,direct_text,,,,,,,,,,,
hurricane_maria__916134570759802880__916134570759802880_0,direct_joint,,,,,,,,,,,
hurricane_maria__916134570759802880__916134570759802880_0,misleading_image,,,,,,,,,,,
hurricane_maria__916134570759802880__916134570759802880_0,misleading_text,,,,,,,,,,,
hurricane_maria__916134570759802880__916134570759802880_0,misleading_joint,,,,,,,,,,,
hurricane_harvey__905548507343454208__905548507343454208_0,clean,,,,,,,,,,,
hurricane_harvey__905548507343454208__905548507343454208_0,benign_image,,,,,,,,,,,
hurricane_harvey__905548507343454208__905548507343454208_0,benign_text,,,,,,,,,,,
hurricane_harvey__905548507343454208__905548507343454208_0,benign_joint,,,,,,,,,,,
hurricane_harvey__905548507343454208__905548507343454208_0,direct_image,,,,,,,,,,,
hurricane_harvey__905548507343454208__905548507343454208_0,direct_text,,,,,,,,,,,
hurricane_harvey__905548507343454208__905548507343454208_0,direct_joint,,,,,,,,,,,
hurricane_harvey__905548507343454208__905548507343454208_0,misleading_image,,,,,,,,,,,
hurricane_harvey__905548507343454208__905548507343454208_0,misleading_text,,,,,,,,,,,
hurricane_harvey__905548507343454208__905548507343454208_0,misleading_joint,,,,,,,,,,,
srilanka_floods__870061681493155844__870061681493155844_0,clean,,,,,,,,,,,
srilanka_floods__870061681493155844__870061681493155844_0,benign_image,,,,,,,,,,,
srilanka_floods__870061681493155844__870061681493155844_0,benign_text,,,,,,,,,,,
srilanka_floods__870061681493155844__870061681493155844_0,benign_joint,,,,,,,,,,,
srilanka_floods__870061681493155844__870061681493155844_0,direct_image,,,,,,,,,,,
srilanka_floods__870061681493155844__870061681493155844_0,direct_text,,,,,,,,,,,
srilanka_floods__870061681493155844__870061681493155844_0,direct_joint,,,,,,,,,,,
srilanka_floods__870061681493155844__870061681493155844_0,misleading_image,,,,,,,,,,,
srilanka_floods__870061681493155844__870061681493155844_0,misleading_text,,,,,,,,,,,
srilanka_floods__870061681493155844__870061681493155844_0,misleading_joint,,,,,,,,,,,
california_wildfires__921528721563095041__921528721563095041_0,clean,,,,,,,,,,,
california_wildfires__921528721563095041__921528721563095041_0,benign_image,,,,,,,,,,,
california_wildfires__921528721563095041__921528721563095041_0,benign_text,,,,,,,,,,,
california_wildfires__921528721563095041__921528721563095041_0,benign_joint,,,,,,,,,,,
california_wildfires__921528721563095041__921528721563095041_0,direct_image,,,,,,,,,,,
california_wildfires__921528721563095041__921528721563095041_0,direct_text,,,,,,,,,,,
california_wildfires__921528721563095041__921528721563095041_0,direct_joint,,,,,,,,,,,
california_wildfires__921528721563095041__921528721563095041_0,misleading_image,,,,,,,,,,,
california_wildfires__921528721563095041__921528721563095041_0,misleading_text,,,,,,,,,,,
california_wildfires__921528721563095041__921528721563095041_0,misleading_joint,,,,,,,,,,,
hurricane_maria__912337650278916097__912337650278916097_0,clean,,,,,,,,,,,
hurricane_maria__912337650278916097__912337650278916097_0,benign_image,,,,,,,,,,,
hurricane_maria__912337650278916097__912337650278916097_0,benign_text,,,,,,,,,,,
hurricane_maria__912337650278916097__912337650278916097_0,benign_joint,,,,,,,,,,,
hurricane_maria__912337650278916097__912337650278916097_0,direct_image,,,,,,,,,,,
hurricane_maria__912337650278916097__912337650278916097_0,direct_text,,,,,,,,,,,
hurricane_maria__912337650278916097__912337650278916097_0,direct_joint,,,,,,,,,,,
hurricane_maria__912337650278916097__912337650278916097_0,misleading_image,,,,,,,,,,,
hurricane_maria__912337650278916097__912337650278916097_0,misleading_text,,,,,,,,,,,
hurricane_maria__912337650278916097__912337650278916097_0,misleading_joint,,,,,,,,,,,
srilanka_floods__870635993661091840__870635993661091840_0,clean,,,,,,,,,,,
srilanka_floods__870635993661091840__870635993661091840_0,benign_image,,,,,,,,,,,
srilanka_floods__870635993661091840__870635993661091840_0,benign_text,,,,,,,,,,,
srilanka_floods__870635993661091840__870635993661091840_0,benign_joint,,,,,,,,,,,
srilanka_floods__870635993661091840__870635993661091840_0,direct_image,,,,,,,,,,,
srilanka_floods__870635993661091840__870635993661091840_0,direct_text,,,,,,,,,,,
srilanka_floods__870635993661091840__870635993661091840_0,direct_joint,,,,,,,,,,,
srilanka_floods__870635993661091840__870635993661091840_0,misleading_image,,,,,,,,,,,
srilanka_floods__870635993661091840__870635993661091840_0,misleading_text,,,,,,,,,,,
srilanka_floods__870635993661091840__870635993661091840_0,misleading_joint,,,,,,,,,,,
iraq_iran_earthquake__930181623043239938__930181623043239938_0,clean,,,,,,,,,,,
iraq_iran_earthquake__930181623043239938__930181623043239938_0,benign_image,,,,,,,,,,,
iraq_iran_earthquake__930181623043239938__930181623043239938_0,benign_text,,,,,,,,,,,
iraq_iran_earthquake__930181623043239938__930181623043239938_0,benign_joint,,,,,,,,,,,
iraq_iran_earthquake__930181623043239938__930181623043239938_0,direct_image,,,,,,,,,,,
iraq_iran_earthquake__930181623043239938__930181623043239938_0,direct_text,,,,,,,,,,,
iraq_iran_earthquake__930181623043239938__930181623043239938_0,direct_joint,,,,,,,,,,,
iraq_iran_earthquake__930181623043239938__930181623043239938_0,misleading_image,,,,,,,,,,,
iraq_iran_earthquake__930181623043239938__930181623043239938_0,misleading_text,,,,,,,,,,,
iraq_iran_earthquake__930181623043239938__930181623043239938_0,misleading_joint,,,,,,,,,,,
mexico_earthquake__910623424309088256__910623424309088256_0,clean,,,,,,,,,,,
mexico_earthquake__910623424309088256__910623424309088256_0,benign_image,,,,,,,,,,,
mexico_earthquake__910623424309088256__910623424309088256_0,benign_text,,,,,,,,,,,
mexico_earthquake__910623424309088256__910623424309088256_0,benign_joint,,,,,,,,,,,
mexico_earthquake__910623424309088256__910623424309088256_0,direct_image,,,,,,,,,,,
mexico_earthquake__910623424309088256__910623424309088256_0,direct_text,,,,,,,,,,,
mexico_earthquake__910623424309088256__910623424309088256_0,direct_joint,,,,,,,,,,,
mexico_earthquake__910623424309088256__910623424309088256_0,misleading_image,,,,,,,,,,,
mexico_earthquake__910623424309088256__910623424309088256_0,misleading_text,,,,,,,,,,,
mexico_earthquake__910623424309088256__910623424309088256_0,misleading_joint,,,,,,,,,,,
hurricane_harvey__905470249683865604__905470249683865604_0,clean,,,,,,,,,,,
hurricane_harvey__905470249683865604__905470249683865604_0,benign_image,,,,,,,,,,,
hurricane_harvey__905470249683865604__905470249683865604_0,benign_text,,,,,,,,,,,
hurricane_harvey__905470249683865604__905470249683865604_0,benign_joint,,,,,,,,,,,
hurricane_harvey__905470249683865604__905470249683865604_0,direct_image,,,,,,,,,,,
hurricane_harvey__905470249683865604__905470249683865604_0,direct_text,,,,,,,,,,,
hurricane_harvey__905470249683865604__905470249683865604_0,direct_joint,,,,,,,,,,,
hurricane_harvey__905470249683865604__905470249683865604_0,misleading_image,,,,,,,,,,,
hurricane_harvey__905470249683865604__905470249683865604_0,misleading_text,,,,,,,,,,,
hurricane_harvey__905470249683865604__905470249683865604_0,misleading_joint,,,,,,,,,,,
hurricane_harvey__901762681975304193__901762681975304193_0,clean,,,,,,,,,,,
hurricane_harvey__901762681975304193__901762681975304193_0,benign_image,,,,,,,,,,,
hurricane_harvey__901762681975304193__901762681975304193_0,benign_text,,,,,,,,,,,
hurricane_harvey__901762681975304193__901762681975304193_0,benign_joint,,,,,,,,,,,
hurricane_harvey__901762681975304193__901762681975304193_0,direct_image,,,,,,,,,,,
hurricane_harvey__901762681975304193__901762681975304193_0,direct_text,,,,,,,,,,,
hurricane_harvey__901762681975304193__901762681975304193_0,direct_joint,,,,,,,,,,,
hurricane_harvey__901762681975304193__901762681975304193_0,misleading_image,,,,,,,,,,,
hurricane_harvey__901762681975304193__901762681975304193_0,misleading_text,,,,,,,,,,,
hurricane_harvey__901762681975304193__901762681975304193_0,misleading_joint,,,,,,,,,,,
iraq_iran_earthquake__930106568116441094__930106568116441094_0,clean,,,,,,,,,,,
iraq_iran_earthquake__930106568116441094__930106568116441094_0,benign_image,,,,,,,,,,,
iraq_iran_earthquake__930106568116441094__930106568116441094_0,benign_text,,,,,,,,,,,
iraq_iran_earthquake__930106568116441094__930106568116441094_0,benign_joint,,,,,,,,,,,
iraq_iran_earthquake__930106568116441094__930106568116441094_0,direct_image,,,,,,,,,,,
iraq_iran_earthquake__930106568116441094__930106568116441094_0,direct_text,,,,,,,,,,,
iraq_iran_earthquake__930106568116441094__930106568116441094_0,direct_joint,,,,,,,,,,,
iraq_iran_earthquake__930106568116441094__930106568116441094_0,misleading_image,,,,,,,,,,,
iraq_iran_earthquake__930106568116441094__930106568116441094_0,misleading_text,,,,,,,,,,,
iraq_iran_earthquake__930106568116441094__930106568116441094_0,misleading_joint,,,,,,,,,,,
hurricane_harvey__904240884241326081__904240884241326081_0,clean,,,,,,,,,,,
hurricane_harvey__904240884241326081__904240884241326081_0,benign_image,,,,,,,,,,,
hurricane_harvey__904240884241326081__904240884241326081_0,benign_text,,,,,,,,,,,
hurricane_harvey__904240884241326081__904240884241326081_0,benign_joint,,,,,,,,,,,
hurricane_harvey__904240884241326081__904240884241326081_0,direct_image,,,,,,,,,,,
hurricane_harvey__904240884241326081__904240884241326081_0,direct_text,,,,,,,,,,,
hurricane_harvey__904240884241326081__904240884241326081_0,direct_joint,,,,,,,,,,,
hurricane_harvey__904240884241326081__904240884241326081_0,misleading_image,,,,,,,,,,,
hurricane_harvey__904240884241326081__904240884241326081_0,misleading_text,,,,,,,,,,,
hurricane_harvey__904240884241326081__904240884241326081_0,misleading_joint,,,,,,,,,,,
hurricane_maria__915256404742688769__915256404742688769_1,clean,,,,,,,,,,,
hurricane_maria__915256404742688769__915256404742688769_1,benign_image,,,,,,,,,,,
hurricane_maria__915256404742688769__915256404742688769_1,benign_text,,,,,,,,,,,
hurricane_maria__915256404742688769__915256404742688769_1,benign_joint,,,,,,,,,,,
hurricane_maria__915256404742688769__915256404742688769_1,direct_image,,,,,,,,,,,
hurricane_maria__915256404742688769__915256404742688769_1,direct_text,,,,,,,,,,,
hurricane_maria__915256404742688769__915256404742688769_1,direct_joint,,,,,,,,,,,
hurricane_maria__915256404742688769__915256404742688769_1,misleading_image,,,,,,,,,,,
hurricane_maria__915256404742688769__915256404742688769_1,misleading_text,,,,,,,,,,,
hurricane_maria__915256404742688769__915256404742688769_1,misleading_joint,,,,,,,,,,,
hurricane_irma__910095089489383430__910095089489383430_0,clean,,,,,,,,,,,
hurricane_irma__910095089489383430__910095089489383430_0,benign_image,,,,,,,,,,,
hurricane_irma__910095089489383430__910095089489383430_0,benign_text,,,,,,,,,,,
hurricane_irma__910095089489383430__910095089489383430_0,benign_joint,,,,,,,,,,,
hurricane_irma__910095089489383430__910095089489383430_0,direct_image,,,,,,,,,,,
hurricane_irma__910095089489383430__910095089489383430_0,direct_text,,,,,,,,,,,
hurricane_irma__910095089489383430__910095089489383430_0,direct_joint,,,,,,,,,,,
hurricane_irma__910095089489383430__910095089489383430_0,misleading_image,,,,,,,,,,,
hurricane_irma__910095089489383430__910095089489383430_0,misleading_text,,,,,,,,,,,
hurricane_irma__910095089489383430__910095089489383430_0,misleading_joint,,,,,,,,,,,
hurricane_harvey__908496398898925569__908496398898925569_0,clean,,,,,,,,,,,
hurricane_harvey__908496398898925569__908496398898925569_0,benign_image,,,,,,,,,,,
hurricane_harvey__908496398898925569__908496398898925569_0,benign_text,,,,,,,,,,,
hurricane_harvey__908496398898925569__908496398898925569_0,benign_joint,,,,,,,,,,,
hurricane_harvey__908496398898925569__908496398898925569_0,direct_image,,,,,,,,,,,
hurricane_harvey__908496398898925569__908496398898925569_0,direct_text,,,,,,,,,,,
hurricane_harvey__908496398898925569__908496398898925569_0,direct_joint,,,,,,,,,,,
hurricane_harvey__908496398898925569__908496398898925569_0,misleading_image,,,,,,,,,,,
hurricane_harvey__908496398898925569__908496398898925569_0,misleading_text,,,,,,,,,,,
hurricane_harvey__908496398898925569__908496398898925569_0,misleading_joint,,,,,,,,,,,
hurricane_maria__910533136286650368__910533136286650368_0,clean,,,,,,,,,,,
hurricane_maria__910533136286650368__910533136286650368_0,benign_image,,,,,,,,,,,
hurricane_maria__910533136286650368__910533136286650368_0,benign_text,,,,,,,,,,,
hurricane_maria__910533136286650368__910533136286650368_0,benign_joint,,,,,,,,,,,
hurricane_maria__910533136286650368__910533136286650368_0,direct_image,,,,,,,,,,,
hurricane_maria__910533136286650368__910533136286650368_0,direct_text,,,,,,,,,,,
hurricane_maria__910533136286650368__910533136286650368_0,direct_joint,,,,,,,,,,,
hurricane_maria__910533136286650368__910533136286650368_0,misleading_image,,,,,,,,,,,
hurricane_maria__910533136286650368__910533136286650368_0,misleading_text,,,,,,,,,,,
hurricane_maria__910533136286650368__910533136286650368_0,misleading_joint,,,,,,,,,,,
srilanka_floods__870331956415909890__870331956415909890_1,clean,,,,,,,,,,,
srilanka_floods__870331956415909890__870331956415909890_1,benign_image,,,,,,,,,,,
srilanka_floods__870331956415909890__870331956415909890_1,benign_text,,,,,,,,,,,
srilanka_floods__870331956415909890__870331956415909890_1,benign_joint,,,,,,,,,,,
srilanka_floods__870331956415909890__870331956415909890_1,direct_image,,,,,,,,,,,
srilanka_floods__870331956415909890__870331956415909890_1,direct_text,,,,,,,,,,,
srilanka_floods__870331956415909890__870331956415909890_1,direct_joint,,,,,,,,,,,
srilanka_floods__870331956415909890__870331956415909890_1,misleading_image,,,,,,,,,,,
srilanka_floods__870331956415909890__870331956415909890_1,misleading_text,,,,,,,,,,,
srilanka_floods__870331956415909890__870331956415909890_1,misleading_joint,,,,,,,,,,,
hurricane_irma__909864932719685632__909864932719685632_0,clean,,,,,,,,,,,
hurricane_irma__909864932719685632__909864932719685632_0,benign_image,,,,,,,,,,,
hurricane_irma__909864932719685632__909864932719685632_0,benign_text,,,,,,,,,,,
hurricane_irma__909864932719685632__909864932719685632_0,benign_joint,,,,,,,,,,,
hurricane_irma__909864932719685632__909864932719685632_0,direct_image,,,,,,,,,,,
hurricane_irma__909864932719685632__909864932719685632_0,direct_text,,,,,,,,,,,
hurricane_irma__909864932719685632__909864932719685632_0,direct_joint,,,,,,,,,,,
hurricane_irma__909864932719685632__909864932719685632_0,misleading_image,,,,,,,,,,,
hurricane_irma__909864932719685632__909864932719685632_0,misleading_text,,,,,,,,,,,
hurricane_irma__909864932719685632__909864932719685632_0,misleading_joint,,,,,,,,,,,
hurricane_harvey__905230326359891968__905230326359891968_0,clean,,,,,,,,,,,
hurricane_harvey__905230326359891968__905230326359891968_0,benign_image,,,,,,,,,,,
hurricane_harvey__905230326359891968__905230326359891968_0,benign_text,,,,,,,,,,,
hurricane_harvey__905230326359891968__905230326359891968_0,benign_joint,,,,,,,,,,,
hurricane_harvey__905230326359891968__905230326359891968_0,direct_image,,,,,,,,,,,
hurricane_harvey__905230326359891968__905230326359891968_0,direct_text,,,,,,,,,,,
hurricane_harvey__905230326359891968__905230326359891968_0,direct_joint,,,,,,,,,,,
hurricane_harvey__905230326359891968__905230326359891968_0,misleading_image,,,,,,,,,,,
hurricane_harvey__905230326359891968__905230326359891968_0,misleading_text,,,,,,,,,,,
hurricane_harvey__905230326359891968__905230326359891968_0,misleading_joint,,,,,,,,,,,
iraq_iran_earthquake__930028600992165888__930028600992165888_2,clean,,,,,,,,,,,
iraq_iran_earthquake__930028600992165888__930028600992165888_2,benign_image,,,,,,,,,,,
iraq_iran_earthquake__930028600992165888__930028600992165888_2,benign_text,,,,,,,,,,,
iraq_iran_earthquake__930028600992165888__930028600992165888_2,benign_joint,,,,,,,,,,,
iraq_iran_earthquake__930028600992165888__930028600992165888_2,direct_image,,,,,,,,,,,
iraq_iran_earthquake__930028600992165888__930028600992165888_2,direct_text,,,,,,,,,,,
iraq_iran_earthquake__930028600992165888__930028600992165888_2,direct_joint,,,,,,,,,,,
iraq_iran_earthquake__930028600992165888__930028600992165888_2,misleading_image,,,,,,,,,,,
iraq_iran_earthquake__930028600992165888__930028600992165888_2,misleading_text,,,,,,,,,,,
iraq_iran_earthquake__930028600992165888__930028600992165888_2,misleading_joint,,,,,,,,,,,
hurricane_irma__909715026872762368__909715026872762368_1,clean,,,,,,,,,,,
hurricane_irma__909715026872762368__909715026872762368_1,benign_image,,,,,,,,,,,
hurricane_irma__909715026872762368__909715026872762368_1,benign_text,,,,,,,,,,,
hurricane_irma__909715026872762368__909715026872762368_1,benign_joint,,,,,,,,,,,
hurricane_irma__909715026872762368__909715026872762368_1,direct_image,,,,,,,,,,,
hurricane_irma__909715026872762368__909715026872762368_1,direct_text,,,,,,,,,,,
hurricane_irma__909715026872762368__909715026872762368_1,direct_joint,,,,,,,,,,,
hurricane_irma__909715026872762368__909715026872762368_1,misleading_image,,,,,,,,,,,
hurricane_irma__909715026872762368__909715026872762368_1,misleading_text,,,,,,,,,,,
hurricane_irma__909715026872762368__909715026872762368_1,misleading_joint,,,,,,,,,,,
hurricane_irma__910160326737281025__910160326737281025_0,clean,,,,,,,,,,,
hurricane_irma__910160326737281025__910160326737281025_0,benign_image,,,,,,,,,,,
hurricane_irma__910160326737281025__910160326737281025_0,benign_text,,,,,,,,,,,
hurricane_irma__910160326737281025__910160326737281025_0,benign_joint,,,,,,,,,,,
hurricane_irma__910160326737281025__910160326737281025_0,direct_image,,,,,,,,,,,
hurricane_irma__910160326737281025__910160326737281025_0,direct_text,,,,,,,,,,,
hurricane_irma__910160326737281025__910160326737281025_0,direct_joint,,,,,,,,,,,
hurricane_irma__910160326737281025__910160326737281025_0,misleading_image,,,,,,,,,,,
hurricane_irma__910160326737281025__910160326737281025_0,misleading_text,,,,,,,,,,,
hurricane_irma__910160326737281025__910160326737281025_0,misleading_joint,,,,,,,,,,,
california_wildfires__920116683779346432__920116683779346432_0,clean,,,,,,,,,,,
california_wildfires__920116683779346432__920116683779346432_0,benign_image,,,,,,,,,,,
california_wildfires__920116683779346432__920116683779346432_0,benign_text,,,,,,,,,,,
california_wildfires__920116683779346432__920116683779346432_0,benign_joint,,,,,,,,,,,
california_wildfires__920116683779346432__920116683779346432_0,direct_image,,,,,,,,,,,
california_wildfires__920116683779346432__920116683779346432_0,direct_text,,,,,,,,,,,
california_wildfires__920116683779346432__920116683779346432_0,direct_joint,,,,,,,,,,,
california_wildfires__920116683779346432__920116683779346432_0,misleading_image,,,,,,,,,,,
california_wildfires__920116683779346432__920116683779346432_0,misleading_text,,,,,,,,,,,
california_wildfires__920116683779346432__920116683779346432_0,misleading_joint,,,,,,,,,,,
hurricane_maria__928672406797012992__928672406797012992_0,clean,,,,,,,,,,,
hurricane_maria__928672406797012992__928672406797012992_0,benign_image,,,,,,,,,,,
hurricane_maria__928672406797012992__928672406797012992_0,benign_text,,,,,,,,,,,
hurricane_maria__928672406797012992__928672406797012992_0,benign_joint,,,,,,,,,,,
hurricane_maria__928672406797012992__928672406797012992_0,direct_image,,,,,,,,,,,
hurricane_maria__928672406797012992__928672406797012992_0,direct_text,,,,,,,,,,,
hurricane_maria__928672406797012992__928672406797012992_0,direct_joint,,,,,,,,,,,
hurricane_maria__928672406797012992__928672406797012992_0,misleading_image,,,,,,,,,,,
hurricane_maria__928672406797012992__928672406797012992_0,misleading_text,,,,,,,,,,,
hurricane_maria__928672406797012992__928672406797012992_0,misleading_joint,,,,,,,,,,,
iraq_iran_earthquake__930064975304966145__930064975304966145_0,clean,,,,,,,,,,,
iraq_iran_earthquake__930064975304966145__930064975304966145_0,benign_image,,,,,,,,,,,
iraq_iran_earthquake__930064975304966145__930064975304966145_0,benign_text,,,,,,,,,,,
iraq_iran_earthquake__930064975304966145__930064975304966145_0,benign_joint,,,,,,,,,,,
iraq_iran_earthquake__930064975304966145__930064975304966145_0,direct_image,,,,,,,,,,,
iraq_iran_earthquake__930064975304966145__930064975304966145_0,direct_text,,,,,,,,,,,
iraq_iran_earthquake__930064975304966145__930064975304966145_0,direct_joint,,,,,,,,,,,
iraq_iran_earthquake__930064975304966145__930064975304966145_0,misleading_image,,,,,,,,,,,
iraq_iran_earthquake__930064975304966145__930064975304966145_0,misleading_text,,,,,,,,,,,
iraq_iran_earthquake__930064975304966145__930064975304966145_0,misleading_joint,,,,,,,,,,,
hurricane_irma__909400394773811200__909400394773811200_0,clean,,,,,,,,,,,
hurricane_irma__909400394773811200__909400394773811200_0,benign_image,,,,,,,,,,,
hurricane_irma__909400394773811200__909400394773811200_0,benign_text,,,,,,,,,,,
hurricane_irma__909400394773811200__909400394773811200_0,benign_joint,,,,,,,,,,,
hurricane_irma__909400394773811200__909400394773811200_0,direct_image,,,,,,,,,,,
hurricane_irma__909400394773811200__909400394773811200_0,direct_text,,,,,,,,,,,
hurricane_irma__909400394773811200__909400394773811200_0,direct_joint,,,,,,,,,,,
hurricane_irma__909400394773811200__909400394773811200_0,misleading_image,,,,,,,,,,,
hurricane_irma__909400394773811200__909400394773811200_0,misleading_text,,,,,,,,,,,
hurricane_irma__909400394773811200__909400394773811200_0,misleading_joint,,,,,,,,,,,
srilanka_floods__870110587661021185__870110587661021185_0,clean,,,,,,,,,,,
srilanka_floods__870110587661021185__870110587661021185_0,benign_image,,,,,,,,,,,
srilanka_floods__870110587661021185__870110587661021185_0,benign_text,,,,,,,,,,,
srilanka_floods__870110587661021185__870110587661021185_0,benign_joint,,,,,,,,,,,
srilanka_floods__870110587661021185__870110587661021185_0,direct_image,,,,,,,,,,,
srilanka_floods__870110587661021185__870110587661021185_0,direct_text,,,,,,,,,,,
srilanka_floods__870110587661021185__870110587661021185_0,direct_joint,,,,,,,,,,,
srilanka_floods__870110587661021185__870110587661021185_0,misleading_image,,,,,,,,,,,
srilanka_floods__870110587661021185__870110587661021185_0,misleading_text,,,,,,,,,,,
srilanka_floods__870110587661021185__870110587661021185_0,misleading_joint,,,,,,,,,,,
iraq_iran_earthquake__930652773116534784__930652773116534784_0,clean,,,,,,,,,,,
iraq_iran_earthquake__930652773116534784__930652773116534784_0,benign_image,,,,,,,,,,,
iraq_iran_earthquake__930652773116534784__930652773116534784_0,benign_text,,,,,,,,,,,
iraq_iran_earthquake__930652773116534784__930652773116534784_0,benign_joint,,,,,,,,,,,
iraq_iran_earthquake__930652773116534784__930652773116534784_0,direct_image,,,,,,,,,,,
iraq_iran_earthquake__930652773116534784__930652773116534784_0,direct_text,,,,,,,,,,,
iraq_iran_earthquake__930652773116534784__930652773116534784_0,direct_joint,,,,,,,,,,,
iraq_iran_earthquake__930652773116534784__930652773116534784_0,misleading_image,,,,,,,,,,,
iraq_iran_earthquake__930652773116534784__930652773116534784_0,misleading_text,,,,,,,,,,,
iraq_iran_earthquake__930652773116534784__930652773116534784_0,misleading_joint,,,,,,,,,,,
hurricane_maria__923265376963715072__923265376963715072_1,clean,,,,,,,,,,,
hurricane_maria__923265376963715072__923265376963715072_1,benign_image,,,,,,,,,,,
hurricane_maria__923265376963715072__923265376963715072_1,benign_text,,,,,,,,,,,
hurricane_maria__923265376963715072__923265376963715072_1,benign_joint,,,,,,,,,,,
hurricane_maria__923265376963715072__923265376963715072_1,direct_image,,,,,,,,,,,
hurricane_maria__923265376963715072__923265376963715072_1,direct_text,,,,,,,,,,,
hurricane_maria__923265376963715072__923265376963715072_1,direct_joint,,,,,,,,,,,
hurricane_maria__923265376963715072__923265376963715072_1,misleading_image,,,,,,,,,,,
hurricane_maria__923265376963715072__923265376963715072_1,misleading_text,,,,,,,,,,,
hurricane_maria__923265376963715072__923265376963715072_1,misleading_joint,,,,,,,,,,,
hurricane_harvey__901787699648004097__901787699648004097_1,clean,,,,,,,,,,,
hurricane_harvey__901787699648004097__901787699648004097_1,benign_image,,,,,,,,,,,
hurricane_harvey__901787699648004097__901787699648004097_1,benign_text,,,,,,,,,,,
hurricane_harvey__901787699648004097__901787699648004097_1,benign_joint,,,,,,,,,,,
hurricane_harvey__901787699648004097__901787699648004097_1,direct_image,,,,,,,,,,,
hurricane_harvey__901787699648004097__901787699648004097_1,direct_text,,,,,,,,,,,
hurricane_harvey__901787699648004097__901787699648004097_1,direct_joint,,,,,,,,,,,
hurricane_harvey__901787699648004097__901787699648004097_1,misleading_image,,,,,,,,,,,
hurricane_harvey__901787699648004097__901787699648004097_1,misleading_text,,,,,,,,,,,
hurricane_harvey__901787699648004097__901787699648004097_1,misleading_joint,,,,,,,,,,,
hurricane_maria__912376048842665984__912376048842665984_2,clean,,,,,,,,,,,
hurricane_maria__912376048842665984__912376048842665984_2,benign_image,,,,,,,,,,,
hurricane_maria__912376048842665984__912376048842665984_2,benign_text,,,,,,,,,,,
hurricane_maria__912376048842665984__912376048842665984_2,benign_joint,,,,,,,,,,,
hurricane_maria__912376048842665984__912376048842665984_2,direct_image,,,,,,,,,,,
hurricane_maria__912376048842665984__912376048842665984_2,direct_text,,,,,,,,,,,
hurricane_maria__912376048842665984__912376048842665984_2,direct_joint,,,,,,,,,,,
hurricane_maria__912376048842665984__912376048842665984_2,misleading_image,,,,,,,,,,,
hurricane_maria__912376048842665984__912376048842665984_2,misleading_text,,,,,,,,,,,
hurricane_maria__912376048842665984__912376048842665984_2,misleading_joint,,,,,,,,,,,
iraq_iran_earthquake__930762101836124161__930762101836124161_0,clean,,,,,,,,,,,
iraq_iran_earthquake__930762101836124161__930762101836124161_0,benign_image,,,,,,,,,,,
iraq_iran_earthquake__930762101836124161__930762101836124161_0,benign_text,,,,,,,,,,,
iraq_iran_earthquake__930762101836124161__930762101836124161_0,benign_joint,,,,,,,,,,,
iraq_iran_earthquake__930762101836124161__930762101836124161_0,direct_image,,,,,,,,,,,
iraq_iran_earthquake__930762101836124161__930762101836124161_0,direct_text,,,,,,,,,,,
iraq_iran_earthquake__930762101836124161__930762101836124161_0,direct_joint,,,,,,,,,,,
iraq_iran_earthquake__930762101836124161__930762101836124161_0,misleading_image,,,,,,,,,,,
iraq_iran_earthquake__930762101836124161__930762101836124161_0,misleading_text,,,,,,,,,,,
iraq_iran_earthquake__930762101836124161__930762101836124161_0,misleading_joint,,,,,,,,,,,
california_wildfires__920528819626434561__920528819626434561_0,clean,,,,,,,,,,,
california_wildfires__920528819626434561__920528819626434561_0,benign_image,,,,,,,,,,,
california_wildfires__920528819626434561__920528819626434561_0,benign_text,,,,,,,,,,,
california_wildfires__920528819626434561__920528819626434561_0,benign_joint,,,,,,,,,,,
california_wildfires__920528819626434561__920528819626434561_0,direct_image,,,,,,,,,,,
california_wildfires__920528819626434561__920528819626434561_0,direct_text,,,,,,,,,,,
california_wildfires__920528819626434561__920528819626434561_0,direct_joint,,,,,,,,,,,
california_wildfires__920528819626434561__920528819626434561_0,misleading_image,,,,,,,,,,,
california_wildfires__920528819626434561__920528819626434561_0,misleading_text,,,,,,,,,,,
california_wildfires__920528819626434561__920528819626434561_0,misleading_joint,,,,,,,,,,,
hurricane_irma__910070947725692928__910070947725692928_0,clean,,,,,,,,,,,
hurricane_irma__910070947725692928__910070947725692928_0,benign_image,,,,,,,,,,,
hurricane_irma__910070947725692928__910070947725692928_0,benign_text,,,,,,,,,,,
hurricane_irma__910070947725692928__910070947725692928_0,benign_joint,,,,,,,,,,,
hurricane_irma__910070947725692928__910070947725692928_0,direct_image,,,,,,,,,,,
hurricane_irma__910070947725692928__910070947725692928_0,direct_text,,,,,,,,,,,
hurricane_irma__910070947725692928__910070947725692928_0,direct_joint,,,,,,,,,,,
hurricane_irma__910070947725692928__910070947725692928_0,misleading_image,,,,,,,,,,,
hurricane_irma__910070947725692928__910070947725692928_0,misleading_text,,,,,,,,,,,
hurricane_irma__910070947725692928__910070947725692928_0,misleading_joint,,,,,,,,,,,
hurricane_irma__910192971492012032__910192971492012032_0,clean,,,,,,,,,,,
hurricane_irma__910192971492012032__910192971492012032_0,benign_image,,,,,,,,,,,
hurricane_irma__910192971492012032__910192971492012032_0,benign_text,,,,,,,,,,,
hurricane_irma__910192971492012032__910192971492012032_0,benign_joint,,,,,,,,,,,
hurricane_irma__910192971492012032__910192971492012032_0,direct_image,,,,,,,,,,,
hurricane_irma__910192971492012032__910192971492012032_0,direct_text,,,,,,,,,,,
hurricane_irma__910192971492012032__910192971492012032_0,direct_joint,,,,,,,,,,,
hurricane_irma__910192971492012032__910192971492012032_0,misleading_image,,,,,,,,,,,
hurricane_irma__910192971492012032__910192971492012032_0,misleading_text,,,,,,,,,,,
hurricane_irma__910192971492012032__910192971492012032_0,misleading_joint,,,,,,,,,,,
hurricane_irma__909715026872762368__909715026872762368_0,clean,,,,,,,,,,,
hurricane_irma__909715026872762368__909715026872762368_0,benign_image,,,,,,,,,,,
hurricane_irma__909715026872762368__909715026872762368_0,benign_text,,,,,,,,,,,
hurricane_irma__909715026872762368__909715026872762368_0,benign_joint,,,,,,,,,,,
hurricane_irma__909715026872762368__909715026872762368_0,direct_image,,,,,,,,,,,
hurricane_irma__909715026872762368__909715026872762368_0,direct_text,,,,,,,,,,,
hurricane_irma__909715026872762368__909715026872762368_0,direct_joint,,,,,,,,,,,
hurricane_irma__909715026872762368__909715026872762368_0,misleading_image,,,,,,,,,,,
hurricane_irma__909715026872762368__909715026872762368_0,misleading_text,,,,,,,,,,,
hurricane_irma__909715026872762368__909715026872762368_0,misleading_joint,,,,,,,,,,,
california_wildfires__917829116220473345__917829116220473345_0,clean,,,,,,,,,,,
california_wildfires__917829116220473345__917829116220473345_0,benign_image,,,,,,,,,,,
california_wildfires__917829116220473345__917829116220473345_0,benign_text,,,,,,,,,,,
california_wildfires__917829116220473345__917829116220473345_0,benign_joint,,,,,,,,,,,
california_wildfires__917829116220473345__917829116220473345_0,direct_image,,,,,,,,,,,
california_wildfires__917829116220473345__917829116220473345_0,direct_text,,,,,,,,,,,
california_wildfires__917829116220473345__917829116220473345_0,direct_joint,,,,,,,,,,,
california_wildfires__917829116220473345__917829116220473345_0,misleading_image,,,,,,,,,,,
california_wildfires__917829116220473345__917829116220473345_0,misleading_text,,,,,,,,,,,
california_wildfires__917829116220473345__917829116220473345_0,misleading_joint,,,,,,,,,,,
hurricane_maria__914113249934811136__914113249934811136_1,clean,,,,,,,,,,,
hurricane_maria__914113249934811136__914113249934811136_1,benign_image,,,,,,,,,,,
hurricane_maria__914113249934811136__914113249934811136_1,benign_text,,,,,,,,,,,
hurricane_maria__914113249934811136__914113249934811136_1,benign_joint,,,,,,,,,,,
hurricane_maria__914113249934811136__914113249934811136_1,direct_image,,,,,,,,,,,
hurricane_maria__914113249934811136__914113249934811136_1,direct_text,,,,,,,,,,,
hurricane_maria__914113249934811136__914113249934811136_1,direct_joint,,,,,,,,,,,
hurricane_maria__914113249934811136__914113249934811136_1,misleading_image,,,,,,,,,,,
hurricane_maria__914113249934811136__914113249934811136_1,misleading_text,,,,,,,,,,,
hurricane_maria__914113249934811136__914113249934811136_1,misleading_joint,,,,,,,,,,,
hurricane_maria__911567186719801344__911567186719801344_0,clean,,,,,,,,,,,
hurricane_maria__911567186719801344__911567186719801344_0,benign_image,,,,,,,,,,,
hurricane_maria__911567186719801344__911567186719801344_0,benign_text,,,,,,,,,,,
hurricane_maria__911567186719801344__911567186719801344_0,benign_joint,,,,,,,,,,,
hurricane_maria__911567186719801344__911567186719801344_0,direct_image,,,,,,,,,,,
hurricane_maria__911567186719801344__911567186719801344_0,direct_text,,,,,,,,,,,
hurricane_maria__911567186719801344__911567186719801344_0,direct_joint,,,,,,,,,,,
hurricane_maria__911567186719801344__911567186719801344_0,misleading_image,,,,,,,,,,,
hurricane_maria__911567186719801344__911567186719801344_0,misleading_text,,,,,,,,,,,
hurricane_maria__911567186719801344__911567186719801344_0,misleading_joint,,,,,,,,,,,
hurricane_maria__910704791550136320__910704791550136320_0,clean,,,,,,,,,,,
hurricane_maria__910704791550136320__910704791550136320_0,benign_image,,,,,,,,,,,
hurricane_maria__910704791550136320__910704791550136320_0,benign_text,,,,,,,,,,,
hurricane_maria__910704791550136320__910704791550136320_0,benign_joint,,,,,,,,,,,
hurricane_maria__910704791550136320__910704791550136320_0,direct_image,,,,,,,,,,,
hurricane_maria__910704791550136320__910704791550136320_0,direct_text,,,,,,,,,,,
hurricane_maria__910704791550136320__910704791550136320_0,direct_joint,,,,,,,,,,,
hurricane_maria__910704791550136320__910704791550136320_0,misleading_image,,,,,,,,,,,
hurricane_maria__910704791550136320__910704791550136320_0,misleading_text,,,,,,,,,,,
hurricane_maria__910704791550136320__910704791550136320_0,misleading_joint,,,,,,,,,,,
mexico_earthquake__914952139209891852__914952139209891852_1,clean,,,,,,,,,,,
mexico_earthquake__914952139209891852__914952139209891852_1,benign_image,,,,,,,,,,,
mexico_earthquake__914952139209891852__914952139209891852_1,benign_text,,,,,,,,,,,
mexico_earthquake__914952139209891852__914952139209891852_1,benign_joint,,,,,,,,,,,
mexico_earthquake__914952139209891852__914952139209891852_1,direct_image,,,,,,,,,,,
mexico_earthquake__914952139209891852__914952139209891852_1,direct_text,,,,,,,,,,,
mexico_earthquake__914952139209891852__914952139209891852_1,direct_joint,,,,,,,,,,,
mexico_earthquake__914952139209891852__914952139209891852_1,misleading_image,,,,,,,,,,,
mexico_earthquake__914952139209891852__914952139209891852_1,misleading_text,,,,,,,,,,,
mexico_earthquake__914952139209891852__914952139209891852_1,misleading_joint,,,,,,,,,,,
hurricane_maria__921532750552883200__921532750552883200_0,clean,,,,,,,,,,,
hurricane_maria__921532750552883200__921532750552883200_0,benign_image,,,,,,,,,,,
hurricane_maria__921532750552883200__921532750552883200_0,benign_text,,,,,,,,,,,
hurricane_maria__921532750552883200__921532750552883200_0,benign_joint,,,,,,,,,,,
hurricane_maria__921532750552883200__921532750552883200_0,direct_image,,,,,,,,,,,
hurricane_maria__921532750552883200__921532750552883200_0,direct_text,,,,,,,,,,,
hurricane_maria__921532750552883200__921532750552883200_0,direct_joint,,,,,,,,,,,
hurricane_maria__921532750552883200__921532750552883200_0,misleading_image,,,,,,,,,,,
hurricane_maria__921532750552883200__921532750552883200_0,misleading_text,,,,,,,,,,,
hurricane_maria__921532750552883200__921532750552883200_0,misleading_joint,,,,,,,,,,,
california_wildfires__918009550409752576__918009550409752576_0,clean,,,,,,,,,,,
california_wildfires__918009550409752576__918009550409752576_0,benign_image,,,,,,,,,,,
california_wildfires__918009550409752576__918009550409752576_0,benign_text,,,,,,,,,,,
california_wildfires__918009550409752576__918009550409752576_0,benign_joint,,,,,,,,,,,
california_wildfires__918009550409752576__918009550409752576_0,direct_image,,,,,,,,,,,
california_wildfires__918009550409752576__918009550409752576_0,direct_text,,,,,,,,,,,
california_wildfires__918009550409752576__918009550409752576_0,direct_joint,,,,,,,,,,,
california_wildfires__918009550409752576__918009550409752576_0,misleading_image,,,,,,,,,,,
california_wildfires__918009550409752576__918009550409752576_0,misleading_text,,,,,,,,,,,
california_wildfires__918009550409752576__918009550409752576_0,misleading_joint,,,,,,,,,,,
hurricane_irma__909936938718760960__909936938718760960_0,clean,,,,,,,,,,,
hurricane_irma__909936938718760960__909936938718760960_0,benign_image,,,,,,,,,,,
hurricane_irma__909936938718760960__909936938718760960_0,benign_text,,,,,,,,,,,
hurricane_irma__909936938718760960__909936938718760960_0,benign_joint,,,,,,,,,,,
hurricane_irma__909936938718760960__909936938718760960_0,direct_image,,,,,,,,,,,
hurricane_irma__909936938718760960__909936938718760960_0,direct_text,,,,,,,,,,,
hurricane_irma__909936938718760960__909936938718760960_0,direct_joint,,,,,,,,,,,
hurricane_irma__909936938718760960__909936938718760960_0,misleading_image,,,,,,,,,,,
hurricane_irma__909936938718760960__909936938718760960_0,misleading_text,,,,,,,,,,,
hurricane_irma__909936938718760960__909936938718760960_0,misleading_joint,,,,,,,,,,,
hurricane_irma__909905907470995456__909905907470995456_0,clean,,,,,,,,,,,
hurricane_irma__909905907470995456__909905907470995456_0,benign_image,,,,,,,,,,,
hurricane_irma__909905907470995456__909905907470995456_0,benign_text,,,,,,,,,,,
hurricane_irma__909905907470995456__909905907470995456_0,benign_joint,,,,,,,,,,,
hurricane_irma__909905907470995456__909905907470995456_0,direct_image,,,,,,,,,,,
hurricane_irma__909905907470995456__909905907470995456_0,direct_text,,,,,,,,,,,
hurricane_irma__909905907470995456__909905907470995456_0,direct_joint,,,,,,,,,,,
hurricane_irma__909905907470995456__909905907470995456_0,misleading_image,,,,,,,,,,,
hurricane_irma__909905907470995456__909905907470995456_0,misleading_text,,,,,,,,,,,
hurricane_irma__909905907470995456__909905907470995456_0,misleading_joint,,,,,,,,,,,
hurricane_maria__922969963035615233__922969963035615233_0,clean,,,,,,,,,,,
hurricane_maria__922969963035615233__922969963035615233_0,benign_image,,,,,,,,,,,
hurricane_maria__922969963035615233__922969963035615233_0,benign_text,,,,,,,,,,,
hurricane_maria__922969963035615233__922969963035615233_0,benign_joint,,,,,,,,,,,
hurricane_maria__922969963035615233__922969963035615233_0,direct_image,,,,,,,,,,,
hurricane_maria__922969963035615233__922969963035615233_0,direct_text,,,,,,,,,,,
hurricane_maria__922969963035615233__922969963035615233_0,direct_joint,,,,,,,,,,,
hurricane_maria__922969963035615233__922969963035615233_0,misleading_image,,,,,,,,,,,
hurricane_maria__922969963035615233__922969963035615233_0,misleading_text,,,,,,,,,,,
hurricane_maria__922969963035615233__922969963035615233_0,misleading_joint,,,,,,,,,,,
srilanka_floods__875116643453632512__875116643453632512_1,clean,,,,,,,,,,,
srilanka_floods__875116643453632512__875116643453632512_1,benign_image,,,,,,,,,,,
srilanka_floods__875116643453632512__875116643453632512_1,benign_text,,,,,,,,,,,
srilanka_floods__875116643453632512__875116643453632512_1,benign_joint,,,,,,,,,,,
srilanka_floods__875116643453632512__875116643453632512_1,direct_image,,,,,,,,,,,
srilanka_floods__875116643453632512__875116643453632512_1,direct_text,,,,,,,,,,,
srilanka_floods__875116643453632512__875116643453632512_1,direct_joint,,,,,,,,,,,
srilanka_floods__875116643453632512__875116643453632512_1,misleading_image,,,,,,,,,,,
srilanka_floods__875116643453632512__875116643453632512_1,misleading_text,,,,,,,,,,,
srilanka_floods__875116643453632512__875116643453632512_1,misleading_joint,,,,,,,,,,,
hurricane_harvey__905596298459574273__905596298459574273_0,clean,,,,,,,,,,,
hurricane_harvey__905596298459574273__905596298459574273_0,benign_image,,,,,,,,,,,
hurricane_harvey__905596298459574273__905596298459574273_0,benign_text,,,,,,,,,,,
hurricane_harvey__905596298459574273__905596298459574273_0,benign_joint,,,,,,,,,,,
hurricane_harvey__905596298459574273__905596298459574273_0,direct_image,,,,,,,,,,,
hurricane_harvey__905596298459574273__905596298459574273_0,direct_text,,,,,,,,,,,
hurricane_harvey__905596298459574273__905596298459574273_0,direct_joint,,,,,,,,,,,
hurricane_harvey__905596298459574273__905596298459574273_0,misleading_image,,,,,,,,,,,
hurricane_harvey__905596298459574273__905596298459574273_0,misleading_text,,,,,,,,,,,
hurricane_harvey__905596298459574273__905596298459574273_0,misleading_joint,,,,,,,,,,,
hurricane_irma__905641602928009216__905641602928009216_0,clean,,,,,,,,,,,
hurricane_irma__905641602928009216__905641602928009216_0,benign_image,,,,,,,,,,,
hurricane_irma__905641602928009216__905641602928009216_0,benign_text,,,,,,,,,,,
hurricane_irma__905641602928009216__905641602928009216_0,benign_joint,,,,,,,,,,,
hurricane_irma__905641602928009216__905641602928009216_0,direct_image,,,,,,,,,,,
hurricane_irma__905641602928009216__905641602928009216_0,direct_text,,,,,,,,,,,
hurricane_irma__905641602928009216__905641602928009216_0,direct_joint,,,,,,,,,,,
hurricane_irma__905641602928009216__905641602928009216_0,misleading_image,,,,,,,,,,,
hurricane_irma__905641602928009216__905641602928009216_0,misleading_text,,,,,,,,,,,
hurricane_irma__905641602928009216__905641602928009216_0,misleading_joint,,,,,,,,,,,
srilanka_floods__870130736069656577__870130736069656577_0,clean,,,,,,,,,,,
srilanka_floods__870130736069656577__870130736069656577_0,benign_image,,,,,,,,,,,
srilanka_floods__870130736069656577__870130736069656577_0,benign_text,,,,,,,,,,,
srilanka_floods__870130736069656577__870130736069656577_0,benign_joint,,,,,,,,,,,
srilanka_floods__870130736069656577__870130736069656577_0,direct_image,,,,,,,,,,,
srilanka_floods__870130736069656577__870130736069656577_0,direct_text,,,,,,,,,,,
srilanka_floods__870130736069656577__870130736069656577_0,direct_joint,,,,,,,,,,,
srilanka_floods__870130736069656577__870130736069656577_0,misleading_image,,,,,,,,,,,
srilanka_floods__870130736069656577__870130736069656577_0,misleading_text,,,,,,,,,,,
srilanka_floods__870130736069656577__870130736069656577_0,misleading_joint,,,,,,,,,,,
hurricane_maria__912236509289488384__912236509289488384_0,clean,,,,,,,,,,,
hurricane_maria__912236509289488384__912236509289488384_0,benign_image,,,,,,,,,,,
hurricane_maria__912236509289488384__912236509289488384_0,benign_text,,,,,,,,,,,
hurricane_maria__912236509289488384__912236509289488384_0,benign_joint,,,,,,,,,,,
hurricane_maria__912236509289488384__912236509289488384_0,direct_image,,,,,,,,,,,
hurricane_maria__912236509289488384__912236509289488384_0,direct_text,,,,,,,,,,,
hurricane_maria__912236509289488384__912236509289488384_0,direct_joint,,,,,,,,,,,
hurricane_maria__912236509289488384__912236509289488384_0,misleading_image,,,,,,,,,,,
hurricane_maria__912236509289488384__912236509289488384_0,misleading_text,,,,,,,,,,,
hurricane_maria__912236509289488384__912236509289488384_0,misleading_joint,,,,,,,,,,,
hurricane_irma__910256172950634497__910256172950634497_0,clean,,,,,,,,,,,
hurricane_irma__910256172950634497__910256172950634497_0,benign_image,,,,,,,,,,,
hurricane_irma__910256172950634497__910256172950634497_0,benign_text,,,,,,,,,,,
hurricane_irma__910256172950634497__910256172950634497_0,benign_joint,,,,,,,,,,,
hurricane_irma__910256172950634497__910256172950634497_0,direct_image,,,,,,,,,,,
hurricane_irma__910256172950634497__910256172950634497_0,direct_text,,,,,,,,,,,
hurricane_irma__910256172950634497__910256172950634497_0,direct_joint,,,,,,,,,,,
hurricane_irma__910256172950634497__910256172950634497_0,misleading_image,,,,,,,,,,,
hurricane_irma__910256172950634497__910256172950634497_0,misleading_text,,,,,,,,,,,
hurricane_irma__910256172950634497__910256172950634497_0,misleading_joint,,,,,,,,,,,
iraq_iran_earthquake__930019166907719681__930019166907719681_0,clean,,,,,,,,,,,
iraq_iran_earthquake__930019166907719681__930019166907719681_0,benign_image,,,,,,,,,,,
iraq_iran_earthquake__930019166907719681__930019166907719681_0,benign_text,,,,,,,,,,,
iraq_iran_earthquake__930019166907719681__930019166907719681_0,benign_joint,,,,,,,,,,,
iraq_iran_earthquake__930019166907719681__930019166907719681_0,direct_image,,,,,,,,,,,
iraq_iran_earthquake__930019166907719681__930019166907719681_0,direct_text,,,,,,,,,,,
iraq_iran_earthquake__930019166907719681__930019166907719681_0,direct_joint,,,,,,,,,,,
iraq_iran_earthquake__930019166907719681__930019166907719681_0,misleading_image,,,,,,,,,,,
iraq_iran_earthquake__930019166907719681__930019166907719681_0,misleading_text,,,,,,,,,,,
iraq_iran_earthquake__930019166907719681__930019166907719681_0,misleading_joint,,,,,,,,,,,
iraq_iran_earthquake__930005173799354368__930005173799354368_0,clean,,,,,,,,,,,
iraq_iran_earthquake__930005173799354368__930005173799354368_0,benign_image,,,,,,,,,,,
iraq_iran_earthquake__930005173799354368__930005173799354368_0,benign_text,,,,,,,,,,,
iraq_iran_earthquake__930005173799354368__930005173799354368_0,benign_joint,,,,,,,,,,,
iraq_iran_earthquake__930005173799354368__930005173799354368_0,direct_image,,,,,,,,,,,
iraq_iran_earthquake__930005173799354368__930005173799354368_0,direct_text,,,,,,,,,,,
iraq_iran_earthquake__930005173799354368__930005173799354368_0,direct_joint,,,,,,,,,,,
iraq_iran_earthquake__930005173799354368__930005173799354368_0,misleading_image,,,,,,,,,,,
iraq_iran_earthquake__930005173799354368__930005173799354368_0,misleading_text,,,,,,,,,,,
iraq_iran_earthquake__930005173799354368__930005173799354368_0,misleading_joint,,,,,,,,,,,
california_wildfires__921571773501640709__921571773501640709_0,clean,,,,,,,,,,,
california_wildfires__921571773501640709__921571773501640709_0,benign_image,,,,,,,,,,,
california_wildfires__921571773501640709__921571773501640709_0,benign_text,,,,,,,,,,,
california_wildfires__921571773501640709__921571773501640709_0,benign_joint,,,,,,,,,,,
california_wildfires__921571773501640709__921571773501640709_0,direct_image,,,,,,,,,,,
california_wildfires__921571773501640709__921571773501640709_0,direct_text,,,,,,,,,,,
california_wildfires__921571773501640709__921571773501640709_0,direct_joint,,,,,,,,,,,
california_wildfires__921571773501640709__921571773501640709_0,misleading_image,,,,,,,,,,,
california_wildfires__921571773501640709__921571773501640709_0,misleading_text,,,,,,,,,,,
california_wildfires__921571773501640709__921571773501640709_0,misleading_joint,,,,,,,,,,,
mexico_earthquake__910694845949366272__910694845949366272_0,clean,,,,,,,,,,,
mexico_earthquake__910694845949366272__910694845949366272_0,benign_image,,,,,,,,,,,
mexico_earthquake__910694845949366272__910694845949366272_0,benign_text,,,,,,,,,,,
mexico_earthquake__910694845949366272__910694845949366272_0,benign_joint,,,,,,,,,,,
mexico_earthquake__910694845949366272__910694845949366272_0,direct_image,,,,,,,,,,,
mexico_earthquake__910694845949366272__910694845949366272_0,direct_text,,,,,,,,,,,
mexico_earthquake__910694845949366272__910694845949366272_0,direct_joint,,,,,,,,,,,
mexico_earthquake__910694845949366272__910694845949366272_0,misleading_image,,,,,,,,,,,
mexico_earthquake__910694845949366272__910694845949366272_0,misleading_text,,,,,,,,,,,
mexico_earthquake__910694845949366272__910694845949366272_0,misleading_joint,,,,,,,,,,,
hurricane_irma__909940586882330624__909940586882330624_0,clean,,,,,,,,,,,
hurricane_irma__909940586882330624__909940586882330624_0,benign_image,,,,,,,,,,,
hurricane_irma__909940586882330624__909940586882330624_0,benign_text,,,,,,,,,,,
hurricane_irma__909940586882330624__909940586882330624_0,benign_joint,,,,,,,,,,,
hurricane_irma__909940586882330624__909940586882330624_0,direct_image,,,,,,,,,,,
hurricane_irma__909940586882330624__909940586882330624_0,direct_text,,,,,,,,,,,
hurricane_irma__909940586882330624__909940586882330624_0,direct_joint,,,,,,,,,,,
hurricane_irma__909940586882330624__909940586882330624_0,misleading_image,,,,,,,,,,,
hurricane_irma__909940586882330624__909940586882330624_0,misleading_text,,,,,,,,,,,
hurricane_irma__909940586882330624__909940586882330624_0,misleading_joint,,,,,,,,,,,
iraq_iran_earthquake__929989752882806785__929989752882806785_0,clean,,,,,,,,,,,
iraq_iran_earthquake__929989752882806785__929989752882806785_0,benign_image,,,,,,,,,,,
iraq_iran_earthquake__929989752882806785__929989752882806785_0,benign_text,,,,,,,,,,,
iraq_iran_earthquake__929989752882806785__929989752882806785_0,benign_joint,,,,,,,,,,,
iraq_iran_earthquake__929989752882806785__929989752882806785_0,direct_image,,,,,,,,,,,
iraq_iran_earthquake__929989752882806785__929989752882806785_0,direct_text,,,,,,,,,,,
iraq_iran_earthquake__929989752882806785__929989752882806785_0,direct_joint,,,,,,,,,,,
iraq_iran_earthquake__929989752882806785__929989752882806785_0,misleading_image,,,,,,,,,,,
iraq_iran_earthquake__929989752882806785__929989752882806785_0,misleading_text,,,,,,,,,,,
iraq_iran_earthquake__929989752882806785__929989752882806785_0,misleading_joint,,,,,,,,,,,
hurricane_maria__910655381247950848__910655381247950848_0,clean,,,,,,,,,,,
hurricane_maria__910655381247950848__910655381247950848_0,benign_image,,,,,,,,,,,
hurricane_maria__910655381247950848__910655381247950848_0,benign_text,,,,,,,,,,,
hurricane_maria__910655381247950848__910655381247950848_0,benign_joint,,,,,,,,,,,
hurricane_maria__910655381247950848__910655381247950848_0,direct_image,,,,,,,,,,,
hurricane_maria__910655381247950848__910655381247950848_0,direct_text,,,,,,,,,,,
hurricane_maria__910655381247950848__910655381247950848_0,direct_joint,,,,,,,,,,,
hurricane_maria__910655381247950848__910655381247950848_0,misleading_image,,,,,,,,,,,
hurricane_maria__910655381247950848__910655381247950848_0,misleading_text,,,,,,,,,,,
hurricane_maria__910655381247950848__910655381247950848_0,misleading_joint,,,,,,,,,,,
hurricane_irma__909942148665040897__909942148665040897_0,clean,,,,,,,,,,,
hurricane_irma__909942148665040897__909942148665040897_0,benign_image,,,,,,,,,,,
hurricane_irma__909942148665040897__909942148665040897_0,benign_text,,,,,,,,,,,
hurricane_irma__909942148665040897__909942148665040897_0,benign_joint,,,,,,,,,,,
hurricane_irma__909942148665040897__909942148665040897_0,direct_image,,,,,,,,,,,
hurricane_irma__909942148665040897__909942148665040897_0,direct_text,,,,,,,,,,,
hurricane_irma__909942148665040897__909942148665040897_0,direct_joint,,,,,,,,,,,
hurricane_irma__909942148665040897__909942148665040897_0,misleading_image,,,,,,,,,,,
hurricane_irma__909942148665040897__909942148665040897_0,misleading_text,,,,,,,,,,,
hurricane_irma__909942148665040897__909942148665040897_0,misleading_joint,,,,,,,,,,,
mexico_earthquake__911623362388090880__911623362388090880_0,clean,,,,,,,,,,,
mexico_earthquake__911623362388090880__911623362388090880_0,benign_image,,,,,,,,,,,
mexico_earthquake__911623362388090880__911623362388090880_0,benign_text,,,,,,,,,,,
mexico_earthquake__911623362388090880__911623362388090880_0,benign_joint,,,,,,,,,,,
mexico_earthquake__911623362388090880__911623362388090880_0,direct_image,,,,,,,,,,,
mexico_earthquake__911623362388090880__911623362388090880_0,direct_text,,,,,,,,,,,
mexico_earthquake__911623362388090880__911623362388090880_0,direct_joint,,,,,,,,,,,
mexico_earthquake__911623362388090880__911623362388090880_0,misleading_image,,,,,,,,,,,
mexico_earthquake__911623362388090880__911623362388090880_0,misleading_text,,,,,,,,,,,
mexico_earthquake__911623362388090880__911623362388090880_0,misleading_joint,,,,,,,,,,,
mexico_earthquake__911974797113950208__911974797113950208_0,clean,,,,,,,,,,,
mexico_earthquake__911974797113950208__911974797113950208_0,benign_image,,,,,,,,,,,
mexico_earthquake__911974797113950208__911974797113950208_0,benign_text,,,,,,,,,,,
mexico_earthquake__911974797113950208__911974797113950208_0,benign_joint,,,,,,,,,,,
mexico_earthquake__911974797113950208__911974797113950208_0,direct_image,,,,,,,,,,,
mexico_earthquake__911974797113950208__911974797113950208_0,direct_text,,,,,,,,,,,
mexico_earthquake__911974797113950208__911974797113950208_0,direct_joint,,,,,,,,,,,
mexico_earthquake__911974797113950208__911974797113950208_0,misleading_image,,,,,,,,,,,
mexico_earthquake__911974797113950208__911974797113950208_0,misleading_text,,,,,,,,,,,
mexico_earthquake__911974797113950208__911974797113950208_0,misleading_joint,,,,,,,,,,,
hurricane_harvey__907340946542657536__907340946542657536_0,clean,,,,,,,,,,,
hurricane_harvey__907340946542657536__907340946542657536_0,benign_image,,,,,,,,,,,
hurricane_harvey__907340946542657536__907340946542657536_0,benign_text,,,,,,,,,,,
hurricane_harvey__907340946542657536__907340946542657536_0,benign_joint,,,,,,,,,,,
hurricane_harvey__907340946542657536__907340946542657536_0,direct_image,,,,,,,,,,,
hurricane_harvey__907340946542657536__907340946542657536_0,direct_text,,,,,,,,,,,
hurricane_harvey__907340946542657536__907340946542657536_0,direct_joint,,,,,,,,,,,
hurricane_harvey__907340946542657536__907340946542657536_0,misleading_image,,,,,,,,,,,
hurricane_harvey__907340946542657536__907340946542657536_0,misleading_text,,,,,,,,,,,
hurricane_harvey__907340946542657536__907340946542657536_0,misleading_joint,,,,,,,,,,,
hurricane_irma__909768110730809345__909768110730809345_2,clean,,,,,,,,,,,
hurricane_irma__909768110730809345__909768110730809345_2,benign_image,,,,,,,,,,,
hurricane_irma__909768110730809345__909768110730809345_2,benign_text,,,,,,,,,,,
hurricane_irma__909768110730809345__909768110730809345_2,benign_joint,,,,,,,,,,,
hurricane_irma__909768110730809345__909768110730809345_2,direct_image,,,,,,,,,,,
hurricane_irma__909768110730809345__909768110730809345_2,direct_text,,,,,,,,,,,
hurricane_irma__909768110730809345__909768110730809345_2,direct_joint,,,,,,,,,,,
hurricane_irma__909768110730809345__909768110730809345_2,misleading_image,,,,,,,,,,,
hurricane_irma__909768110730809345__909768110730809345_2,misleading_text,,,,,,,,,,,
hurricane_irma__909768110730809345__909768110730809345_2,misleading_joint,,,,,,,,,,,
hurricane_irma__909398796928303104__909398796928303104_2,clean,,,,,,,,,,,
hurricane_irma__909398796928303104__909398796928303104_2,benign_image,,,,,,,,,,,
hurricane_irma__909398796928303104__909398796928303104_2,benign_text,,,,,,,,,,,
hurricane_irma__909398796928303104__909398796928303104_2,benign_joint,,,,,,,,,,,
hurricane_irma__909398796928303104__909398796928303104_2,direct_image,,,,,,,,,,,
hurricane_irma__909398796928303104__909398796928303104_2,direct_text,,,,,,,,,,,
hurricane_irma__909398796928303104__909398796928303104_2,direct_joint,,,,,,,,,,,
hurricane_irma__909398796928303104__909398796928303104_2,misleading_image,,,,,,,,,,,
hurricane_irma__909398796928303104__909398796928303104_2,misleading_text,,,,,,,,,,,
hurricane_irma__909398796928303104__909398796928303104_2,misleading_joint,,,,,,,,,,,
hurricane_harvey__904705739733782530__904705739733782530_0,clean,,,,,,,,,,,
hurricane_harvey__904705739733782530__904705739733782530_0,benign_image,,,,,,,,,,,
hurricane_harvey__904705739733782530__904705739733782530_0,benign_text,,,,,,,,,,,
hurricane_harvey__904705739733782530__904705739733782530_0,benign_joint,,,,,,,,,,,
hurricane_harvey__904705739733782530__904705739733782530_0,direct_image,,,,,,,,,,,
hurricane_harvey__904705739733782530__904705739733782530_0,direct_text,,,,,,,,,,,
hurricane_harvey__904705739733782530__904705739733782530_0,direct_joint,,,,,,,,,,,
hurricane_harvey__904705739733782530__904705739733782530_0,misleading_image,,,,,,,,,,,
hurricane_harvey__904705739733782530__904705739733782530_0,misleading_text,,,,,,,,,,,
hurricane_harvey__904705739733782530__904705739733782530_0,misleading_joint,,,,,,,,,,,
hurricane_harvey__901692349289566210__901692349289566210_1,clean,,,,,,,,,,,
hurricane_harvey__901692349289566210__901692349289566210_1,benign_image,,,,,,,,,,,
hurricane_harvey__901692349289566210__901692349289566210_1,benign_text,,,,,,,,,,,
hurricane_harvey__901692349289566210__901692349289566210_1,benign_joint,,,,,,,,,,,
hurricane_harvey__901692349289566210__901692349289566210_1,direct_image,,,,,,,,,,,
hurricane_harvey__901692349289566210__901692349289566210_1,direct_text,,,,,,,,,,,
hurricane_harvey__901692349289566210__901692349289566210_1,direct_joint,,,,,,,,,,,
hurricane_harvey__901692349289566210__901692349289566210_1,misleading_image,,,,,,,,,,,
hurricane_harvey__901692349289566210__901692349289566210_1,misleading_text,,,,,,,,,,,
hurricane_harvey__901692349289566210__901692349289566210_1,misleading_joint,,,,,,,,,,,
hurricane_irma__910233327843643398__910233327843643398_0,clean,,,,,,,,,,,
hurricane_irma__910233327843643398__910233327843643398_0,benign_image,,,,,,,,,,,
hurricane_irma__910233327843643398__910233327843643398_0,benign_text,,,,,,,,,,,
hurricane_irma__910233327843643398__910233327843643398_0,benign_joint,,,,,,,,,,,
hurricane_irma__910233327843643398__910233327843643398_0,direct_image,,,,,,,,,,,
hurricane_irma__910233327843643398__910233327843643398_0,direct_text,,,,,,,,,,,
hurricane_irma__910233327843643398__910233327843643398_0,direct_joint,,,,,,,,,,,
hurricane_irma__910233327843643398__910233327843643398_0,misleading_image,,,,,,,,,,,
hurricane_irma__910233327843643398__910233327843643398_0,misleading_text,,,,,,,,,,,
hurricane_irma__910233327843643398__910233327843643398_0,misleading_joint,,,,,,,,,,,
hurricane_irma__909462646629523456__909462646629523456_0,clean,,,,,,,,,,,
hurricane_irma__909462646629523456__909462646629523456_0,benign_image,,,,,,,,,,,
hurricane_irma__909462646629523456__909462646629523456_0,benign_text,,,,,,,,,,,
hurricane_irma__909462646629523456__909462646629523456_0,benign_joint,,,,,,,,,,,
hurricane_irma__909462646629523456__909462646629523456_0,direct_image,,,,,,,,,,,
hurricane_irma__909462646629523456__909462646629523456_0,direct_text,,,,,,,,,,,
hurricane_irma__909462646629523456__909462646629523456_0,direct_joint,,,,,,,,,,,
hurricane_irma__909462646629523456__909462646629523456_0,misleading_image,,,,,,,,,,,
hurricane_irma__909462646629523456__909462646629523456_0,misleading_text,,,,,,,,,,,
hurricane_irma__909462646629523456__909462646629523456_0,misleading_joint,,,,,,,,,,,
iraq_iran_earthquake__930258540203266049__930258540203266049_0,clean,,,,,,,,,,,
iraq_iran_earthquake__930258540203266049__930258540203266049_0,benign_image,,,,,,,,,,,
iraq_iran_earthquake__930258540203266049__930258540203266049_0,benign_text,,,,,,,,,,,
iraq_iran_earthquake__930258540203266049__930258540203266049_0,benign_joint,,,,,,,,,,,
iraq_iran_earthquake__930258540203266049__930258540203266049_0,direct_image,,,,,,,,,,,
iraq_iran_earthquake__930258540203266049__930258540203266049_0,direct_text,,,,,,,,,,,
iraq_iran_earthquake__930258540203266049__930258540203266049_0,direct_joint,,,,,,,,,,,
iraq_iran_earthquake__930258540203266049__930258540203266049_0,misleading_image,,,,,,,,,,,
iraq_iran_earthquake__930258540203266049__930258540203266049_0,misleading_text,,,,,,,,,,,
iraq_iran_earthquake__930258540203266049__930258540203266049_0,misleading_joint,,,,,,,,,,,
mexico_earthquake__910536209180626946__910536209180626946_0,clean,,,,,,,,,,,
mexico_earthquake__910536209180626946__910536209180626946_0,benign_image,,,,,,,,,,,
mexico_earthquake__910536209180626946__910536209180626946_0,benign_text,,,,,,,,,,,
mexico_earthquake__910536209180626946__910536209180626946_0,benign_joint,,,,,,,,,,,
mexico_earthquake__910536209180626946__910536209180626946_0,direct_image,,,,,,,,,,,
mexico_earthquake__910536209180626946__910536209180626946_0,direct_text,,,,,,,,,,,
mexico_earthquake__910536209180626946__910536209180626946_0,direct_joint,,,,,,,,,,,
mexico_earthquake__910536209180626946__910536209180626946_0,misleading_image,,,,,,,,,,,
mexico_earthquake__910536209180626946__910536209180626946_0,misleading_text,,,,,,,,,,,
mexico_earthquake__910536209180626946__910536209180626946_0,misleading_joint,,,,,,,,,,,
hurricane_irma__909714323156733952__909714323156733952_0,clean,,,,,,,,,,,
hurricane_irma__909714323156733952__909714323156733952_0,benign_image,,,,,,,,,,,
hurricane_irma__909714323156733952__909714323156733952_0,benign_text,,,,,,,,,,,
hurricane_irma__909714323156733952__909714323156733952_0,benign_joint,,,,,,,,,,,
hurricane_irma__909714323156733952__909714323156733952_0,direct_image,,,,,,,,,,,
hurricane_irma__909714323156733952__909714323156733952_0,direct_text,,,,,,,,,,,
hurricane_irma__909714323156733952__909714323156733952_0,direct_joint,,,,,,,,,,,
hurricane_irma__909714323156733952__909714323156733952_0,misleading_image,,,,,,,,,,,
hurricane_irma__909714323156733952__909714323156733952_0,misleading_text,,,,,,,,,,,
hurricane_irma__909714323156733952__909714323156733952_0,misleading_joint,,,,,,,,,,,
hurricane_maria__911492890077122560__911492890077122560_0,clean,,,,,,,,,,,
hurricane_maria__911492890077122560__911492890077122560_0,benign_image,,,,,,,,,,,
hurricane_maria__911492890077122560__911492890077122560_0,benign_text,,,,,,,,,,,
hurricane_maria__911492890077122560__911492890077122560_0,benign_joint,,,,,,,,,,,
hurricane_maria__911492890077122560__911492890077122560_0,direct_image,,,,,,,,,,,
hurricane_maria__911492890077122560__911492890077122560_0,direct_text,,,,,,,,,,,
hurricane_maria__911492890077122560__911492890077122560_0,direct_joint,,,,,,,,,,,
hurricane_maria__911492890077122560__911492890077122560_0,misleading_image,,,,,,,,,,,
hurricane_maria__911492890077122560__911492890077122560_0,misleading_text,,,,,,,,,,,
hurricane_maria__911492890077122560__911492890077122560_0,misleading_joint,,,,,,,,,,,
hurricane_harvey__906468629419581440__906468629419581440_0,clean,,,,,,,,,,,
hurricane_harvey__906468629419581440__906468629419581440_0,benign_image,,,,,,,,,,,
hurricane_harvey__906468629419581440__906468629419581440_0,benign_text,,,,,,,,,,,
hurricane_harvey__906468629419581440__906468629419581440_0,benign_joint,,,,,,,,,,,
hurricane_harvey__906468629419581440__906468629419581440_0,direct_image,,,,,,,,,,,
hurricane_harvey__906468629419581440__906468629419581440_0,direct_text,,,,,,,,,,,
hurricane_harvey__906468629419581440__906468629419581440_0,direct_joint,,,,,,,,,,,
hurricane_harvey__906468629419581440__906468629419581440_0,misleading_image,,,,,,,,,,,
hurricane_harvey__906468629419581440__906468629419581440_0,misleading_text,,,,,,,,,,,
hurricane_harvey__906468629419581440__906468629419581440_0,misleading_joint,,,,,,,,,,,
srilanka_floods__870539388001722368__870539388001722368_0,clean,,,,,,,,,,,
srilanka_floods__870539388001722368__870539388001722368_0,benign_image,,,,,,,,,,,
srilanka_floods__870539388001722368__870539388001722368_0,benign_text,,,,,,,,,,,
srilanka_floods__870539388001722368__870539388001722368_0,benign_joint,,,,,,,,,,,
srilanka_floods__870539388001722368__870539388001722368_0,direct_image,,,,,,,,,,,
srilanka_floods__870539388001722368__870539388001722368_0,direct_text,,,,,,,,,,,
srilanka_floods__870539388001722368__870539388001722368_0,direct_joint,,,,,,,,,,,
srilanka_floods__870539388001722368__870539388001722368_0,misleading_image,,,,,,,,,,,
srilanka_floods__870539388001722368__870539388001722368_0,misleading_text,,,,,,,,,,,
srilanka_floods__870539388001722368__870539388001722368_0,misleading_joint,,,,,,,,,,,
hurricane_irma__909808319937859584__909808319937859584_0,clean,,,,,,,,,,,
hurricane_irma__909808319937859584__909808319937859584_0,benign_image,,,,,,,,,,,
hurricane_irma__909808319937859584__909808319937859584_0,benign_text,,,,,,,,,,,
hurricane_irma__909808319937859584__909808319937859584_0,benign_joint,,,,,,,,,,,
hurricane_irma__909808319937859584__909808319937859584_0,direct_image,,,,,,,,,,,
hurricane_irma__909808319937859584__909808319937859584_0,direct_text,,,,,,,,,,,
hurricane_irma__909808319937859584__909808319937859584_0,direct_joint,,,,,,,,,,,
hurricane_irma__909808319937859584__909808319937859584_0,misleading_image,,,,,,,,,,,
hurricane_irma__909808319937859584__909808319937859584_0,misleading_text,,,,,,,,,,,
hurricane_irma__909808319937859584__909808319937859584_0,misleading_joint,,,,,,,,,,,
hurricane_irma__909822619276296192__909822619276296192_0,clean,,,,,,,,,,,
hurricane_irma__909822619276296192__909822619276296192_0,benign_image,,,,,,,,,,,
hurricane_irma__909822619276296192__909822619276296192_0,benign_text,,,,,,,,,,,
hurricane_irma__909822619276296192__909822619276296192_0,benign_joint,,,,,,,,,,,
hurricane_irma__909822619276296192__909822619276296192_0,direct_image,,,,,,,,,,,
hurricane_irma__909822619276296192__909822619276296192_0,direct_text,,,,,,,,,,,
hurricane_irma__909822619276296192__909822619276296192_0,direct_joint,,,,,,,,,,,
hurricane_irma__909822619276296192__909822619276296192_0,misleading_image,,,,,,,,,,,
hurricane_irma__909822619276296192__909822619276296192_0,misleading_text,,,,,,,,,,,
hurricane_irma__909822619276296192__909822619276296192_0,misleading_joint,,,,,,,,,,,
hurricane_harvey__906242339861037056__906242339861037056_0,clean,,,,,,,,,,,
hurricane_harvey__906242339861037056__906242339861037056_0,benign_image,,,,,,,,,,,
hurricane_harvey__906242339861037056__906242339861037056_0,benign_text,,,,,,,,,,,
hurricane_harvey__906242339861037056__906242339861037056_0,benign_joint,,,,,,,,,,,
hurricane_harvey__906242339861037056__906242339861037056_0,direct_image,,,,,,,,,,,
hurricane_harvey__906242339861037056__906242339861037056_0,direct_text,,,,,,,,,,,
hurricane_harvey__906242339861037056__906242339861037056_0,direct_joint,,,,,,,,,,,
hurricane_harvey__906242339861037056__906242339861037056_0,misleading_image,,,,,,,,,,,
hurricane_harvey__906242339861037056__906242339861037056_0,misleading_text,,,,,,,,,,,
hurricane_harvey__906242339861037056__906242339861037056_0,misleading_joint,,,,,,,,,,,
hurricane_irma__910201716934574081__910201716934574081_2,clean,,,,,,,,,,,
hurricane_irma__910201716934574081__910201716934574081_2,benign_image,,,,,,,,,,,
hurricane_irma__910201716934574081__910201716934574081_2,benign_text,,,,,,,,,,,
hurricane_irma__910201716934574081__910201716934574081_2,benign_joint,,,,,,,,,,,
hurricane_irma__910201716934574081__910201716934574081_2,direct_image,,,,,,,,,,,
hurricane_irma__910201716934574081__910201716934574081_2,direct_text,,,,,,,,,,,
hurricane_irma__910201716934574081__910201716934574081_2,direct_joint,,,,,,,,,,,
hurricane_irma__910201716934574081__910201716934574081_2,misleading_image,,,,,,,,,,,
hurricane_irma__910201716934574081__910201716934574081_2,misleading_text,,,,,,,,,,,
hurricane_irma__910201716934574081__910201716934574081_2,misleading_joint,,,,,,,,,,,
hurricane_harvey__904240721917616128__904240721917616128_0,clean,,,,,,,,,,,
hurricane_harvey__904240721917616128__904240721917616128_0,benign_image,,,,,,,,,,,
hurricane_harvey__904240721917616128__904240721917616128_0,benign_text,,,,,,,,,,,
hurricane_harvey__904240721917616128__904240721917616128_0,benign_joint,,,,,,,,,,,
hurricane_harvey__904240721917616128__904240721917616128_0,direct_image,,,,,,,,,,,
hurricane_harvey__904240721917616128__904240721917616128_0,direct_text,,,,,,,,,,,
hurricane_harvey__904240721917616128__904240721917616128_0,direct_joint,,,,,,,,,,,
hurricane_harvey__904240721917616128__904240721917616128_0,misleading_image,,,,,,,,,,,
hurricane_harvey__904240721917616128__904240721917616128_0,misleading_text,,,,,,,,,,,
hurricane_harvey__904240721917616128__904240721917616128_0,misleading_joint,,,,,,,,,,,
hurricane_harvey__904410103050366976__904410103050366976_0,clean,,,,,,,,,,,
hurricane_harvey__904410103050366976__904410103050366976_0,benign_image,,,,,,,,,,,
hurricane_harvey__904410103050366976__904410103050366976_0,benign_text,,,,,,,,,,,
hurricane_harvey__904410103050366976__904410103050366976_0,benign_joint,,,,,,,,,,,
hurricane_harvey__904410103050366976__904410103050366976_0,direct_image,,,,,,,,,,,
hurricane_harvey__904410103050366976__904410103050366976_0,direct_text,,,,,,,,,,,
hurricane_harvey__904410103050366976__904410103050366976_0,direct_joint,,,,,,,,,,,
hurricane_harvey__904410103050366976__904410103050366976_0,misleading_image,,,,,,,,,,,
hurricane_harvey__904410103050366976__904410103050366976_0,misleading_text,,,,,,,,,,,
hurricane_harvey__904410103050366976__904410103050366976_0,misleading_joint,,,,,,,,,,,
hurricane_harvey__908566528898895872__908566528898895872_0,clean,,,,,,,,,,,
hurricane_harvey__908566528898895872__908566528898895872_0,benign_image,,,,,,,,,,,
hurricane_harvey__908566528898895872__908566528898895872_0,benign_text,,,,,,,,,,,
hurricane_harvey__908566528898895872__908566528898895872_0,benign_joint,,,,,,,,,,,
hurricane_harvey__908566528898895872__908566528898895872_0,direct_image,,,,,,,,,,,
hurricane_harvey__908566528898895872__908566528898895872_0,direct_text,,,,,,,,,,,
hurricane_harvey__908566528898895872__908566528898895872_0,direct_joint,,,,,,,,,,,
hurricane_harvey__908566528898895872__908566528898895872_0,misleading_image,,,,,,,,,,,
hurricane_harvey__908566528898895872__908566528898895872_0,misleading_text,,,,,,,,,,,
hurricane_harvey__908566528898895872__908566528898895872_0,misleading_joint,,,,,,,,,,,
hurricane_irma__910051877982756864__910051877982756864_0,clean,,,,,,,,,,,
hurricane_irma__910051877982756864__910051877982756864_0,benign_image,,,,,,,,,,,
hurricane_irma__910051877982756864__910051877982756864_0,benign_text,,,,,,,,,,,
hurricane_irma__910051877982756864__910051877982756864_0,benign_joint,,,,,,,,,,,
hurricane_irma__910051877982756864__910051877982756864_0,direct_image,,,,,,,,,,,
hurricane_irma__910051877982756864__910051877982756864_0,direct_text,,,,,,,,,,,
hurricane_irma__910051877982756864__910051877982756864_0,direct_joint,,,,,,,,,,,
hurricane_irma__910051877982756864__910051877982756864_0,misleading_image,,,,,,,,,,,
hurricane_irma__910051877982756864__910051877982756864_0,misleading_text,,,,,,,,,,,
hurricane_irma__910051877982756864__910051877982756864_0,misleading_joint,,,,,,,,,,,
srilanka_floods__872085722575929345__872085722575929345_0,clean,,,,,,,,,,,
srilanka_floods__872085722575929345__872085722575929345_0,benign_image,,,,,,,,,,,
srilanka_floods__872085722575929345__872085722575929345_0,benign_text,,,,,,,,,,,
srilanka_floods__872085722575929345__872085722575929345_0,benign_joint,,,,,,,,,,,
srilanka_floods__872085722575929345__872085722575929345_0,direct_image,,,,,,,,,,,
srilanka_floods__872085722575929345__872085722575929345_0,direct_text,,,,,,,,,,,
srilanka_floods__872085722575929345__872085722575929345_0,direct_joint,,,,,,,,,,,
srilanka_floods__872085722575929345__872085722575929345_0,misleading_image,,,,,,,,,,,
srilanka_floods__872085722575929345__872085722575929345_0,misleading_text,,,,,,,,,,,
srilanka_floods__872085722575929345__872085722575929345_0,misleading_joint,,,,,,,,,,,
iraq_iran_earthquake__930091312665243651__930091312665243651_0,clean,,,,,,,,,,,
iraq_iran_earthquake__930091312665243651__930091312665243651_0,benign_image,,,,,,,,,,,
iraq_iran_earthquake__930091312665243651__930091312665243651_0,benign_text,,,,,,,,,,,
iraq_iran_earthquake__930091312665243651__930091312665243651_0,benign_joint,,,,,,,,,,,
iraq_iran_earthquake__930091312665243651__930091312665243651_0,direct_image,,,,,,,,,,,
iraq_iran_earthquake__930091312665243651__930091312665243651_0,direct_text,,,,,,,,,,,
iraq_iran_earthquake__930091312665243651__930091312665243651_0,direct_joint,,,,,,,,,,,
iraq_iran_earthquake__930091312665243651__930091312665243651_0,misleading_image,,,,,,,,,,,
iraq_iran_earthquake__930091312665243651__930091312665243651_0,misleading_text,,,,,,,,,,,
iraq_iran_earthquake__930091312665243651__930091312665243651_0,misleading_joint,,,,,,,,,,,
hurricane_maria__911712278516551681__911712278516551681_1,clean,,,,,,,,,,,
hurricane_maria__911712278516551681__911712278516551681_1,benign_image,,,,,,,,,,,
hurricane_maria__911712278516551681__911712278516551681_1,benign_text,,,,,,,,,,,
hurricane_maria__911712278516551681__911712278516551681_1,benign_joint,,,,,,,,,,,
hurricane_maria__911712278516551681__911712278516551681_1,direct_image,,,,,,,,,,,
hurricane_maria__911712278516551681__911712278516551681_1,direct_text,,,,,,,,,,,
hurricane_maria__911712278516551681__911712278516551681_1,direct_joint,,,,,,,,,,,
hurricane_maria__911712278516551681__911712278516551681_1,misleading_image,,,,,,,,,,,
hurricane_maria__911712278516551681__911712278516551681_1,misleading_text,,,,,,,,,,,
hurricane_maria__911712278516551681__911712278516551681_1,misleading_joint,,,,,,,,,,,
hurricane_irma__909740728909205504__909740728909205504_0,clean,,,,,,,,,,,
hurricane_irma__909740728909205504__909740728909205504_0,benign_image,,,,,,,,,,,
hurricane_irma__909740728909205504__909740728909205504_0,benign_text,,,,,,,,,,,
hurricane_irma__909740728909205504__909740728909205504_0,benign_joint,,,,,,,,,,,
hurricane_irma__909740728909205504__909740728909205504_0,direct_image,,,,,,,,,,,
hurricane_irma__909740728909205504__909740728909205504_0,direct_text,,,,,,,,,,,
hurricane_irma__909740728909205504__909740728909205504_0,direct_joint,,,,,,,,,,,
hurricane_irma__909740728909205504__909740728909205504_0,misleading_image,,,,,,,,,,,
hurricane_irma__909740728909205504__909740728909205504_0,misleading_text,,,,,,,,,,,
hurricane_irma__909740728909205504__909740728909205504_0,misleading_joint,,,,,,,,,,,
iraq_iran_earthquake__930036642282397696__930036642282397696_0,clean,,,,,,,,,,,
iraq_iran_earthquake__930036642282397696__930036642282397696_0,benign_image,,,,,,,,,,,
iraq_iran_earthquake__930036642282397696__930036642282397696_0,benign_text,,,,,,,,,,,
iraq_iran_earthquake__930036642282397696__930036642282397696_0,benign_joint,,,,,,,,,,,
iraq_iran_earthquake__930036642282397696__930036642282397696_0,direct_image,,,,,,,,,,,
iraq_iran_earthquake__930036642282397696__930036642282397696_0,direct_text,,,,,,,,,,,
iraq_iran_earthquake__930036642282397696__930036642282397696_0,direct_joint,,,,,,,,,,,
iraq_iran_earthquake__930036642282397696__930036642282397696_0,misleading_image,,,,,,,,,,,
iraq_iran_earthquake__930036642282397696__930036642282397696_0,misleading_text,,,,,,,,,,,
iraq_iran_earthquake__930036642282397696__930036642282397696_0,misleading_joint,,,,,,,,,,,
hurricane_maria__914555402737668097__914555402737668097_1,clean,,,,,,,,,,,
hurricane_maria__914555402737668097__914555402737668097_1,benign_image,,,,,,,,,,,
hurricane_maria__914555402737668097__914555402737668097_1,benign_text,,,,,,,,,,,
hurricane_maria__914555402737668097__914555402737668097_1,benign_joint,,,,,,,,,,,
hurricane_maria__914555402737668097__914555402737668097_1,direct_image,,,,,,,,,,,
hurricane_maria__914555402737668097__914555402737668097_1,direct_text,,,,,,,,,,,
hurricane_maria__914555402737668097__914555402737668097_1,direct_joint,,,,,,,,,,,
hurricane_maria__914555402737668097__914555402737668097_1,misleading_image,,,,,,,,,,,
hurricane_maria__914555402737668097__914555402737668097_1,misleading_text,,,,,,,,,,,
hurricane_maria__914555402737668097__914555402737668097_1,misleading_joint,,,,,,,,,,,
hurricane_harvey__907260858606260224__907260858606260224_0,clean,,,,,,,,,,,
hurricane_harvey__907260858606260224__907260858606260224_0,benign_image,,,,,,,,,,,
hurricane_harvey__907260858606260224__907260858606260224_0,benign_text,,,,,,,,,,,
hurricane_harvey__907260858606260224__907260858606260224_0,benign_joint,,,,,,,,,,,
hurricane_harvey__907260858606260224__907260858606260224_0,direct_image,,,,,,,,,,,
hurricane_harvey__907260858606260224__907260858606260224_0,direct_text,,,,,,,,,,,
hurricane_harvey__907260858606260224__907260858606260224_0,direct_joint,,,,,,,,,,,
hurricane_harvey__907260858606260224__907260858606260224_0,misleading_image,,,,,,,,,,,
hurricane_harvey__907260858606260224__907260858606260224_0,misleading_text,,,,,,,,,,,
hurricane_harvey__907260858606260224__907260858606260224_0,misleading_joint,,,,,,,,,,,
hurricane_irma__909912459640700930__909912459640700930_2,clean,,,,,,,,,,,
hurricane_irma__909912459640700930__909912459640700930_2,benign_image,,,,,,,,,,,
hurricane_irma__909912459640700930__909912459640700930_2,benign_text,,,,,,,,,,,
hurricane_irma__909912459640700930__909912459640700930_2,benign_joint,,,,,,,,,,,
hurricane_irma__909912459640700930__909912459640700930_2,direct_image,,,,,,,,,,,
hurricane_irma__909912459640700930__909912459640700930_2,direct_text,,,,,,,,,,,
hurricane_irma__909912459640700930__909912459640700930_2,direct_joint,,,,,,,,,,,
hurricane_irma__909912459640700930__909912459640700930_2,misleading_image,,,,,,,,,,,
hurricane_irma__909912459640700930__909912459640700930_2,misleading_text,,,,,,,,,,,
hurricane_irma__909912459640700930__909912459640700930_2,misleading_joint,,,,,,,,,,,
hurricane_maria__922560865144012803__922560865144012803_1,clean,,,,,,,,,,,
hurricane_maria__922560865144012803__922560865144012803_1,benign_image,,,,,,,,,,,
hurricane_maria__922560865144012803__922560865144012803_1,benign_text,,,,,,,,,,,
hurricane_maria__922560865144012803__922560865144012803_1,benign_joint,,,,,,,,,,,
hurricane_maria__922560865144012803__922560865144012803_1,direct_image,,,,,,,,,,,
hurricane_maria__922560865144012803__922560865144012803_1,direct_text,,,,,,,,,,,
hurricane_maria__922560865144012803__922560865144012803_1,direct_joint,,,,,,,,,,,
hurricane_maria__922560865144012803__922560865144012803_1,misleading_image,,,,,,,,,,,
hurricane_maria__922560865144012803__922560865144012803_1,misleading_text,,,,,,,,,,,
hurricane_maria__922560865144012803__922560865144012803_1,misleading_joint,,,,,,,,,,,
mexico_earthquake__910524679777001472__910524679777001472_0,clean,,,,,,,,,,,
mexico_earthquake__910524679777001472__910524679777001472_0,benign_image,,,,,,,,,,,
mexico_earthquake__910524679777001472__910524679777001472_0,benign_text,,,,,,,,,,,
mexico_earthquake__910524679777001472__910524679777001472_0,benign_joint,,,,,,,,,,,
mexico_earthquake__910524679777001472__910524679777001472_0,direct_image,,,,,,,,,,,
mexico_earthquake__910524679777001472__910524679777001472_0,direct_text,,,,,,,,,,,
mexico_earthquake__910524679777001472__910524679777001472_0,direct_joint,,,,,,,,,,,
mexico_earthquake__910524679777001472__910524679777001472_0,misleading_image,,,,,,,,,,,
mexico_earthquake__910524679777001472__910524679777001472_0,misleading_text,,,,,,,,,,,
mexico_earthquake__910524679777001472__910524679777001472_0,misleading_joint,,,,,,,,,,,
california_wildfires__923223918479073280__923223918479073280_0,clean,,,,,,,,,,,
california_wildfires__923223918479073280__923223918479073280_0,benign_image,,,,,,,,,,,
california_wildfires__923223918479073280__923223918479073280_0,benign_text,,,,,,,,,,,
california_wildfires__923223918479073280__923223918479073280_0,benign_joint,,,,,,,,,,,
california_wildfires__923223918479073280__923223918479073280_0,direct_image,,,,,,,,,,,
california_wildfires__923223918479073280__923223918479073280_0,direct_text,,,,,,,,,,,
california_wildfires__923223918479073280__923223918479073280_0,direct_joint,,,,,,,,,,,
california_wildfires__923223918479073280__923223918479073280_0,misleading_image,,,,,,,,,,,
california_wildfires__923223918479073280__923223918479073280_0,misleading_text,,,,,,,,,,,
california_wildfires__923223918479073280__923223918479073280_0,misleading_joint,,,,,,,,,,,
hurricane_irma__909829094854062082__909829094854062082_0,clean,,,,,,,,,,,
hurricane_irma__909829094854062082__909829094854062082_0,benign_image,,,,,,,,,,,
hurricane_irma__909829094854062082__909829094854062082_0,benign_text,,,,,,,,,,,
hurricane_irma__909829094854062082__909829094854062082_0,benign_joint,,,,,,,,,,,
hurricane_irma__909829094854062082__909829094854062082_0,direct_image,,,,,,,,,,,
hurricane_irma__909829094854062082__909829094854062082_0,direct_text,,,,,,,,,,,
hurricane_irma__909829094854062082__909829094854062082_0,direct_joint,,,,,,,,,,,
hurricane_irma__909829094854062082__909829094854062082_0,misleading_image,,,,,,,,,,,
hurricane_irma__909829094854062082__909829094854062082_0,misleading_text,,,,,,,,,,,
hurricane_irma__909829094854062082__909829094854062082_0,misleading_joint,,,,,,,,,,,
hurricane_maria__913066714560126977__913066714560126977_0,clean,,,,,,,,,,,
hurricane_maria__913066714560126977__913066714560126977_0,benign_image,,,,,,,,,,,
hurricane_maria__913066714560126977__913066714560126977_0,benign_text,,,,,,,,,,,
hurricane_maria__913066714560126977__913066714560126977_0,benign_joint,,,,,,,,,,,
hurricane_maria__913066714560126977__913066714560126977_0,direct_image,,,,,,,,,,,
hurricane_maria__913066714560126977__913066714560126977_0,direct_text,,,,,,,,,,,
hurricane_maria__913066714560126977__913066714560126977_0,direct_joint,,,,,,,,,,,
hurricane_maria__913066714560126977__913066714560126977_0,misleading_image,,,,,,,,,,,
hurricane_maria__913066714560126977__913066714560126977_0,misleading_text,,,,,,,,,,,
hurricane_maria__913066714560126977__913066714560126977_0,misleading_joint,,,,,,,,,,,
california_wildfires__920016499473047552__920016499473047552_1,clean,,,,,,,,,,,
california_wildfires__920016499473047552__920016499473047552_1,benign_image,,,,,,,,,,,
california_wildfires__920016499473047552__920016499473047552_1,benign_text,,,,,,,,,,,
california_wildfires__920016499473047552__920016499473047552_1,benign_joint,,,,,,,,,,,
california_wildfires__920016499473047552__920016499473047552_1,direct_image,,,,,,,,,,,
california_wildfires__920016499473047552__920016499473047552_1,direct_text,,,,,,,,,,,
california_wildfires__920016499473047552__920016499473047552_1,direct_joint,,,,,,,,,,,
california_wildfires__920016499473047552__920016499473047552_1,misleading_image,,,,,,,,,,,
california_wildfires__920016499473047552__920016499473047552_1,misleading_text,,,,,,,,,,,
california_wildfires__920016499473047552__920016499473047552_1,misleading_joint,,,,,,,,,,,
hurricane_irma__909960364967776256__909960364967776256_0,clean,,,,,,,,,,,
hurricane_irma__909960364967776256__909960364967776256_0,benign_image,,,,,,,,,,,
hurricane_irma__909960364967776256__909960364967776256_0,benign_text,,,,,,,,,,,
hurricane_irma__909960364967776256__909960364967776256_0,benign_joint,,,,,,,,,,,
hurricane_irma__909960364967776256__909960364967776256_0,direct_image,,,,,,,,,,,
hurricane_irma__909960364967776256__909960364967776256_0,direct_text,,,,,,,,,,,
hurricane_irma__909960364967776256__909960364967776256_0,direct_joint,,,,,,,,,,,
hurricane_irma__909960364967776256__909960364967776256_0,misleading_image,,,,,,,,,,,
hurricane_irma__909960364967776256__909960364967776256_0,misleading_text,,,,,,,,,,,
hurricane_irma__909960364967776256__909960364967776256_0,misleading_joint,,,,,,,,,,,
iraq_iran_earthquake__930983296682594305__930983296682594305_0,clean,,,,,,,,,,,
iraq_iran_earthquake__930983296682594305__930983296682594305_0,benign_image,,,,,,,,,,,
iraq_iran_earthquake__930983296682594305__930983296682594305_0,benign_text,,,,,,,,,,,
iraq_iran_earthquake__930983296682594305__930983296682594305_0,benign_joint,,,,,,,,,,,
iraq_iran_earthquake__930983296682594305__930983296682594305_0,direct_image,,,,,,,,,,,
iraq_iran_earthquake__930983296682594305__930983296682594305_0,direct_text,,,,,,,,,,,
iraq_iran_earthquake__930983296682594305__930983296682594305_0,direct_joint,,,,,,,,,,,
iraq_iran_earthquake__930983296682594305__930983296682594305_0,misleading_image,,,,,,,,,,,
iraq_iran_earthquake__930983296682594305__930983296682594305_0,misleading_text,,,,,,,,,,,
iraq_iran_earthquake__930983296682594305__930983296682594305_0,misleading_joint,,,,,,,,,,,
hurricane_irma__909871727932473345__909871727932473345_0,clean,,,,,,,,,,,
hurricane_irma__909871727932473345__909871727932473345_0,benign_image,,,,,,,,,,,
hurricane_irma__909871727932473345__909871727932473345_0,benign_text,,,,,,,,,,,
hurricane_irma__909871727932473345__909871727932473345_0,benign_joint,,,,,,,,,,,
hurricane_irma__909871727932473345__909871727932473345_0,direct_image,,,,,,,,,,,
hurricane_irma__909871727932473345__909871727932473345_0,direct_text,,,,,,,,,,,
hurricane_irma__909871727932473345__909871727932473345_0,direct_joint,,,,,,,,,,,
hurricane_irma__909871727932473345__909871727932473345_0,misleading_image,,,,,,,,,,,
hurricane_irma__909871727932473345__909871727932473345_0,misleading_text,,,,,,,,,,,
hurricane_irma__909871727932473345__909871727932473345_0,misleading_joint,,,,,,,,,,,
hurricane_maria__913575477498884097__913575477498884097_2,clean,,,,,,,,,,,
hurricane_maria__913575477498884097__913575477498884097_2,benign_image,,,,,,,,,,,
hurricane_maria__913575477498884097__913575477498884097_2,benign_text,,,,,,,,,,,
hurricane_maria__913575477498884097__913575477498884097_2,benign_joint,,,,,,,,,,,
hurricane_maria__913575477498884097__913575477498884097_2,direct_image,,,,,,,,,,,
hurricane_maria__913575477498884097__913575477498884097_2,direct_text,,,,,,,,,,,
hurricane_maria__913575477498884097__913575477498884097_2,direct_joint,,,,,,,,,,,
hurricane_maria__913575477498884097__913575477498884097_2,misleading_image,,,,,,,,,,,
hurricane_maria__913575477498884097__913575477498884097_2,misleading_text,,,,,,,,,,,
hurricane_maria__913575477498884097__913575477498884097_2,misleading_joint,,,,,,,,,,,
hurricane_irma__910193063552745472__910193063552745472_0,clean,,,,,,,,,,,
hurricane_irma__910193063552745472__910193063552745472_0,benign_image,,,,,,,,,,,
hurricane_irma__910193063552745472__910193063552745472_0,benign_text,,,,,,,,,,,
hurricane_irma__910193063552745472__910193063552745472_0,benign_joint,,,,,,,,,,,
hurricane_irma__910193063552745472__910193063552745472_0,direct_image,,,,,,,,,,,
hurricane_irma__910193063552745472__910193063552745472_0,direct_text,,,,,,,,,,,
hurricane_irma__910193063552745472__910193063552745472_0,direct_joint,,,,,,,,,,,
hurricane_irma__910193063552745472__910193063552745472_0,misleading_image,,,,,,,,,,,
hurricane_irma__910193063552745472__910193063552745472_0,misleading_text,,,,,,,,,,,
hurricane_irma__910193063552745472__910193063552745472_0,misleading_joint,,,,,,,,,,,
hurricane_irma__910060789159137281__910060789159137281_1,clean,,,,,,,,,,,
hurricane_irma__910060789159137281__910060789159137281_1,benign_image,,,,,,,,,,,
hurricane_irma__910060789159137281__910060789159137281_1,benign_text,,,,,,,,,,,
hurricane_irma__910060789159137281__910060789159137281_1,benign_joint,,,,,,,,,,,
hurricane_irma__910060789159137281__910060789159137281_1,direct_image,,,,,,,,,,,
hurricane_irma__910060789159137281__910060789159137281_1,direct_text,,,,,,,,,,,
hurricane_irma__910060789159137281__910060789159137281_1,direct_joint,,,,,,,,,,,
hurricane_irma__910060789159137281__910060789159137281_1,misleading_image,,,,,,,,,,,
hurricane_irma__910060789159137281__910060789159137281_1,misleading_text,,,,,,,,,,,
hurricane_irma__910060789159137281__910060789159137281_1,misleading_joint,,,,,,,,,,,
hurricane_irma__909779022644727808__909779022644727808_0,clean,,,,,,,,,,,
hurricane_irma__909779022644727808__909779022644727808_0,benign_image,,,,,,,,,,,
hurricane_irma__909779022644727808__909779022644727808_0,benign_text,,,,,,,,,,,
hurricane_irma__909779022644727808__909779022644727808_0,benign_joint,,,,,,,,,,,
hurricane_irma__909779022644727808__909779022644727808_0,direct_image,,,,,,,,,,,
hurricane_irma__909779022644727808__909779022644727808_0,direct_text,,,,,,,,,,,
hurricane_irma__909779022644727808__909779022644727808_0,direct_joint,,,,,,,,,,,
hurricane_irma__909779022644727808__909779022644727808_0,misleading_image,,,,,,,,,,,
hurricane_irma__909779022644727808__909779022644727808_0,misleading_text,,,,,,,,,,,
hurricane_irma__909779022644727808__909779022644727808_0,misleading_joint,,,,,,,,,,,
hurricane_maria__913129126881570816__913129126881570816_0,clean,,,,,,,,,,,
hurricane_maria__913129126881570816__913129126881570816_0,benign_image,,,,,,,,,,,
hurricane_maria__913129126881570816__913129126881570816_0,benign_text,,,,,,,,,,,
hurricane_maria__913129126881570816__913129126881570816_0,benign_joint,,,,,,,,,,,
hurricane_maria__913129126881570816__913129126881570816_0,direct_image,,,,,,,,,,,
hurricane_maria__913129126881570816__913129126881570816_0,direct_text,,,,,,,,,,,
hurricane_maria__913129126881570816__913129126881570816_0,direct_joint,,,,,,,,,,,
hurricane_maria__913129126881570816__913129126881570816_0,misleading_image,,,,,,,,,,,
hurricane_maria__913129126881570816__913129126881570816_0,misleading_text,,,,,,,,,,,
hurricane_maria__913129126881570816__913129126881570816_0,misleading_joint,,,,,,,,,,,
hurricane_irma__910212147405217792__910212147405217792_1,clean,,,,,,,,,,,
hurricane_irma__910212147405217792__910212147405217792_1,benign_image,,,,,,,,,,,
hurricane_irma__910212147405217792__910212147405217792_1,benign_text,,,,,,,,,,,
hurricane_irma__910212147405217792__910212147405217792_1,benign_joint,,,,,,,,,,,
hurricane_irma__910212147405217792__910212147405217792_1,direct_image,,,,,,,,,,,
hurricane_irma__910212147405217792__910212147405217792_1,direct_text,,,,,,,,,,,
hurricane_irma__910212147405217792__910212147405217792_1,direct_joint,,,,,,,,,,,
hurricane_irma__910212147405217792__910212147405217792_1,misleading_image,,,,,,,,,,,
hurricane_irma__910212147405217792__910212147405217792_1,misleading_text,,,,,,,,,,,
hurricane_irma__910212147405217792__910212147405217792_1,misleading_joint,,,,,,,,,,,
mexico_earthquake__910655620566548480__910655620566548480_0,clean,,,,,,,,,,,
mexico_earthquake__910655620566548480__910655620566548480_0,benign_image,,,,,,,,,,,
mexico_earthquake__910655620566548480__910655620566548480_0,benign_text,,,,,,,,,,,
mexico_earthquake__910655620566548480__910655620566548480_0,benign_joint,,,,,,,,,,,
mexico_earthquake__910655620566548480__910655620566548480_0,direct_image,,,,,,,,,,,
mexico_earthquake__910655620566548480__910655620566548480_0,direct_text,,,,,,,,,,,
mexico_earthquake__910655620566548480__910655620566548480_0,direct_joint,,,,,,,,,,,
mexico_earthquake__910655620566548480__910655620566548480_0,misleading_image,,,,,,,,,,,
mexico_earthquake__910655620566548480__910655620566548480_0,misleading_text,,,,,,,,,,,
mexico_earthquake__910655620566548480__910655620566548480_0,misleading_joint,,,,,,,,,,,
hurricane_irma__909387516742131712__909387516742131712_0,clean,,,,,,,,,,,
hurricane_irma__909387516742131712__909387516742131712_0,benign_image,,,,,,,,,,,
hurricane_irma__909387516742131712__909387516742131712_0,benign_text,,,,,,,,,,,
hurricane_irma__909387516742131712__909387516742131712_0,benign_joint,,,,,,,,,,,
hurricane_irma__909387516742131712__909387516742131712_0,direct_image,,,,,,,,,,,
hurricane_irma__909387516742131712__909387516742131712_0,direct_text,,,,,,,,,,,
hurricane_irma__909387516742131712__909387516742131712_0,direct_joint,,,,,,,,,,,
hurricane_irma__909387516742131712__909387516742131712_0,misleading_image,,,,,,,,,,,
hurricane_irma__909387516742131712__909387516742131712_0,misleading_text,,,,,,,,,,,
hurricane_irma__909387516742131712__909387516742131712_0,misleading_joint,,,,,,,,,,,
mexico_earthquake__910586697754308609__910586697754308609_0,clean,,,,,,,,,,,
mexico_earthquake__910586697754308609__910586697754308609_0,benign_image,,,,,,,,,,,
mexico_earthquake__910586697754308609__910586697754308609_0,benign_text,,,,,,,,,,,
mexico_earthquake__910586697754308609__910586697754308609_0,benign_joint,,,,,,,,,,,
mexico_earthquake__910586697754308609__910586697754308609_0,direct_image,,,,,,,,,,,
mexico_earthquake__910586697754308609__910586697754308609_0,direct_text,,,,,,,,,,,
mexico_earthquake__910586697754308609__910586697754308609_0,direct_joint,,,,,,,,,,,
mexico_earthquake__910586697754308609__910586697754308609_0,misleading_image,,,,,,,,,,,
mexico_earthquake__910586697754308609__910586697754308609_0,misleading_text,,,,,,,,,,,
mexico_earthquake__910586697754308609__910586697754308609_0,misleading_joint,,,,,,,,,,,
hurricane_maria__911646715073171456__911646715073171456_0,clean,,,,,,,,,,,
hurricane_maria__911646715073171456__911646715073171456_0,benign_image,,,,,,,,,,,
hurricane_maria__911646715073171456__911646715073171456_0,benign_text,,,,,,,,,,,
hurricane_maria__911646715073171456__911646715073171456_0,benign_joint,,,,,,,,,,,
hurricane_maria__911646715073171456__911646715073171456_0,direct_image,,,,,,,,,,,
hurricane_maria__911646715073171456__911646715073171456_0,direct_text,,,,,,,,,,,
hurricane_maria__911646715073171456__911646715073171456_0,direct_joint,,,,,,,,,,,
hurricane_maria__911646715073171456__911646715073171456_0,misleading_image,,,,,,,,,,,
hurricane_maria__911646715073171456__911646715073171456_0,misleading_text,,,,,,,,,,,
hurricane_maria__911646715073171456__911646715073171456_0,misleading_joint,,,,,,,,,,,
hurricane_irma__905755713984765954__905755713984765954_0,clean,,,,,,,,,,,
hurricane_irma__905755713984765954__905755713984765954_0,benign_image,,,,,,,,,,,
hurricane_irma__905755713984765954__905755713984765954_0,benign_text,,,,,,,,,,,
hurricane_irma__905755713984765954__905755713984765954_0,benign_joint,,,,,,,,,,,
hurricane_irma__905755713984765954__905755713984765954_0,direct_image,,,,,,,,,,,
hurricane_irma__905755713984765954__905755713984765954_0,direct_text,,,,,,,,,,,
hurricane_irma__905755713984765954__905755713984765954_0,direct_joint,,,,,,,,,,,
hurricane_irma__905755713984765954__905755713984765954_0,misleading_image,,,,,,,,,,,
hurricane_irma__905755713984765954__905755713984765954_0,misleading_text,,,,,,,,,,,
hurricane_irma__905755713984765954__905755713984765954_0,misleading_joint,,,,,,,,,,,
hurricane_maria__923101448279175170__923101448279175170_0,clean,,,,,,,,,,,
hurricane_maria__923101448279175170__923101448279175170_0,benign_image,,,,,,,,,,,
hurricane_maria__923101448279175170__923101448279175170_0,benign_text,,,,,,,,,,,
hurricane_maria__923101448279175170__923101448279175170_0,benign_joint,,,,,,,,,,,
hurricane_maria__923101448279175170__923101448279175170_0,direct_image,,,,,,,,,,,
hurricane_maria__923101448279175170__923101448279175170_0,direct_text,,,,,,,,,,,
hurricane_maria__923101448279175170__923101448279175170_0,direct_joint,,,,,,,,,,,
hurricane_maria__923101448279175170__923101448279175170_0,misleading_image,,,,,,,,,,,
hurricane_maria__923101448279175170__923101448279175170_0,misleading_text,,,,,,,,,,,
hurricane_maria__923101448279175170__923101448279175170_0,misleading_joint,,,,,,,,,,,
california_wildfires__919618189952258049__919618189952258049_0,clean,,,,,,,,,,,
california_wildfires__919618189952258049__919618189952258049_0,benign_image,,,,,,,,,,,
california_wildfires__919618189952258049__919618189952258049_0,benign_text,,,,,,,,,,,
california_wildfires__919618189952258049__919618189952258049_0,benign_joint,,,,,,,,,,,
california_wildfires__919618189952258049__919618189952258049_0,direct_image,,,,,,,,,,,
california_wildfires__919618189952258049__919618189952258049_0,direct_text,,,,,,,,,,,
california_wildfires__919618189952258049__919618189952258049_0,direct_joint,,,,,,,,,,,
california_wildfires__919618189952258049__919618189952258049_0,misleading_image,,,,,,,,,,,
california_wildfires__919618189952258049__919618189952258049_0,misleading_text,,,,,,,,,,,
california_wildfires__919618189952258049__919618189952258049_0,misleading_joint,,,,,,,,,,,
california_wildfires__921089830074929153__921089830074929153_0,clean,,,,,,,,,,,
california_wildfires__921089830074929153__921089830074929153_0,benign_image,,,,,,,,,,,
california_wildfires__921089830074929153__921089830074929153_0,benign_text,,,,,,,,,,,
california_wildfires__921089830074929153__921089830074929153_0,benign_joint,,,,,,,,,,,
california_wildfires__921089830074929153__921089830074929153_0,direct_image,,,,,,,,,,,
california_wildfires__921089830074929153__921089830074929153_0,direct_text,,,,,,,,,,,
california_wildfires__921089830074929153__921089830074929153_0,direct_joint,,,,,,,,,,,
california_wildfires__921089830074929153__921089830074929153_0,misleading_image,,,,,,,,,,,
california_wildfires__921089830074929153__921089830074929153_0,misleading_text,,,,,,,,,,,
california_wildfires__921089830074929153__921089830074929153_0,misleading_joint,,,,,,,,,,,
hurricane_irma__910260755131285504__910260755131285504_0,clean,,,,,,,,,,,
hurricane_irma__910260755131285504__910260755131285504_0,benign_image,,,,,,,,,,,
hurricane_irma__910260755131285504__910260755131285504_0,benign_text,,,,,,,,,,,
hurricane_irma__910260755131285504__910260755131285504_0,benign_joint,,,,,,,,,,,
hurricane_irma__910260755131285504__910260755131285504_0,direct_image,,,,,,,,,,,
hurricane_irma__910260755131285504__910260755131285504_0,direct_text,,,,,,,,,,,
hurricane_irma__910260755131285504__910260755131285504_0,direct_joint,,,,,,,,,,,
hurricane_irma__910260755131285504__910260755131285504_0,misleading_image,,,,,,,,,,,
hurricane_irma__910260755131285504__910260755131285504_0,misleading_text,,,,,,,,,,,
hurricane_irma__910260755131285504__910260755131285504_0,misleading_joint,,,,,,,,,,,
mexico_earthquake__911655630460669953__911655630460669953_0,clean,,,,,,,,,,,
mexico_earthquake__911655630460669953__911655630460669953_0,benign_image,,,,,,,,,,,
mexico_earthquake__911655630460669953__911655630460669953_0,benign_text,,,,,,,,,,,
mexico_earthquake__911655630460669953__911655630460669953_0,benign_joint,,,,,,,,,,,
mexico_earthquake__911655630460669953__911655630460669953_0,direct_image,,,,,,,,,,,
mexico_earthquake__911655630460669953__911655630460669953_0,direct_text,,,,,,,,,,,
mexico_earthquake__911655630460669953__911655630460669953_0,direct_joint,,,,,,,,,,,
mexico_earthquake__911655630460669953__911655630460669953_0,misleading_image,,,,,,,,,,,
mexico_earthquake__911655630460669953__911655630460669953_0,misleading_text,,,,,,,,,,,
mexico_earthquake__911655630460669953__911655630460669953_0,misleading_joint,,,,,,,,,,,
hurricane_maria__922610290281402368__922610290281402368_1,clean,,,,,,,,,,,
hurricane_maria__922610290281402368__922610290281402368_1,benign_image,,,,,,,,,,,
hurricane_maria__922610290281402368__922610290281402368_1,benign_text,,,,,,,,,,,
hurricane_maria__922610290281402368__922610290281402368_1,benign_joint,,,,,,,,,,,
hurricane_maria__922610290281402368__922610290281402368_1,direct_image,,,,,,,,,,,
hurricane_maria__922610290281402368__922610290281402368_1,direct_text,,,,,,,,,,,
hurricane_maria__922610290281402368__922610290281402368_1,direct_joint,,,,,,,,,,,
hurricane_maria__922610290281402368__922610290281402368_1,misleading_image,,,,,,,,,,,
hurricane_maria__922610290281402368__922610290281402368_1,misleading_text,,,,,,,,,,,
hurricane_maria__922610290281402368__922610290281402368_1,misleading_joint,,,,,,,,,,,
srilanka_floods__871328241956597761__871328241956597761_0,clean,,,,,,,,,,,
srilanka_floods__871328241956597761__871328241956597761_0,benign_image,,,,,,,,,,,
srilanka_floods__871328241956597761__871328241956597761_0,benign_text,,,,,,,,,,,
srilanka_floods__871328241956597761__871328241956597761_0,benign_joint,,,,,,,,,,,
srilanka_floods__871328241956597761__871328241956597761_0,direct_image,,,,,,,,,,,
srilanka_floods__871328241956597761__871328241956597761_0,direct_text,,,,,,,,,,,
srilanka_floods__871328241956597761__871328241956597761_0,direct_joint,,,,,,,,,,,
srilanka_floods__871328241956597761__871328241956597761_0,misleading_image,,,,,,,,,,,
srilanka_floods__871328241956597761__871328241956597761_0,misleading_text,,,,,,,,,,,
srilanka_floods__871328241956597761__871328241956597761_0,misleading_joint,,,,,,,,,,,
hurricane_harvey__901650894151979008__901650894151979008_0,clean,,,,,,,,,,,
hurricane_harvey__901650894151979008__901650894151979008_0,benign_image,,,,,,,,,,,
hurricane_harvey__901650894151979008__901650894151979008_0,benign_text,,,,,,,,,,,
hurricane_harvey__901650894151979008__901650894151979008_0,benign_joint,,,,,,,,,,,
hurricane_harvey__901650894151979008__901650894151979008_0,direct_image,,,,,,,,,,,
hurricane_harvey__901650894151979008__901650894151979008_0,direct_text,,,,,,,,,,,
hurricane_harvey__901650894151979008__901650894151979008_0,direct_joint,,,,,,,,,,,
hurricane_harvey__901650894151979008__901650894151979008_0,misleading_image,,,,,,,,,,,
hurricane_harvey__901650894151979008__901650894151979008_0,misleading_text,,,,,,,,,,,
hurricane_harvey__901650894151979008__901650894151979008_0,misleading_joint,,,,,,,,,,,
hurricane_harvey__906058581048479744__906058581048479744_0,clean,,,,,,,,,,,
hurricane_harvey__906058581048479744__906058581048479744_0,benign_image,,,,,,,,,,,
hurricane_harvey__906058581048479744__906058581048479744_0,benign_text,,,,,,,,,,,
hurricane_harvey__906058581048479744__906058581048479744_0,benign_joint,,,,,,,,,,,
hurricane_harvey__906058581048479744__906058581048479744_0,direct_image,,,,,,,,,,,
hurricane_harvey__906058581048479744__906058581048479744_0,direct_text,,,,,,,,,,,
hurricane_harvey__906058581048479744__906058581048479744_0,direct_joint,,,,,,,,,,,
hurricane_harvey__906058581048479744__906058581048479744_0,misleading_image,,,,,,,,,,,
hurricane_harvey__906058581048479744__906058581048479744_0,misleading_text,,,,,,,,,,,
hurricane_harvey__906058581048479744__906058581048479744_0,misleading_joint,,,,,,,,,,,
california_wildfires__917993008456519681__917993008456519681_0,clean,,,,,,,,,,,
california_wildfires__917993008456519681__917993008456519681_0,benign_image,,,,,,,,,,,
california_wildfires__917993008456519681__917993008456519681_0,benign_text,,,,,,,,,,,
california_wildfires__917993008456519681__917993008456519681_0,benign_joint,,,,,,,,,,,
california_wildfires__917993008456519681__917993008456519681_0,direct_image,,,,,,,,,,,
california_wildfires__917993008456519681__917993008456519681_0,direct_text,,,,,,,,,,,
california_wildfires__917993008456519681__917993008456519681_0,direct_joint,,,,,,,,,,,
california_wildfires__917993008456519681__917993008456519681_0,misleading_image,,,,,,,,,,,
california_wildfires__917993008456519681__917993008456519681_0,misleading_text,,,,,,,,,,,
california_wildfires__917993008456519681__917993008456519681_0,misleading_joint,,,,,,,,,,,
hurricane_irma__910225493877813249__910225493877813249_0,clean,,,,,,,,,,,
hurricane_irma__910225493877813249__910225493877813249_0,benign_image,,,,,,,,,,,
hurricane_irma__910225493877813249__910225493877813249_0,benign_text,,,,,,,,,,,
hurricane_irma__910225493877813249__910225493877813249_0,benign_joint,,,,,,,,,,,
hurricane_irma__910225493877813249__910225493877813249_0,direct_image,,,,,,,,,,,
hurricane_irma__910225493877813249__910225493877813249_0,direct_text,,,,,,,,,,,
hurricane_irma__910225493877813249__910225493877813249_0,direct_joint,,,,,,,,,,,
hurricane_irma__910225493877813249__910225493877813249_0,misleading_image,,,,,,,,,,,
hurricane_irma__910225493877813249__910225493877813249_0,misleading_text,,,,,,,,,,,
hurricane_irma__910225493877813249__910225493877813249_0,misleading_joint,,,,,,,,,,,
california_wildfires__917921510731452416__917921510731452416_0,clean,,,,,,,,,,,
california_wildfires__917921510731452416__917921510731452416_0,benign_image,,,,,,,,,,,
california_wildfires__917921510731452416__917921510731452416_0,benign_text,,,,,,,,,,,
california_wildfires__917921510731452416__917921510731452416_0,benign_joint,,,,,,,,,,,
california_wildfires__917921510731452416__917921510731452416_0,direct_image,,,,,,,,,,,
california_wildfires__917921510731452416__917921510731452416_0,direct_text,,,,,,,,,,,
california_wildfires__917921510731452416__917921510731452416_0,direct_joint,,,,,,,,,,,
california_wildfires__917921510731452416__917921510731452416_0,misleading_image,,,,,,,,,,,
california_wildfires__917921510731452416__917921510731452416_0,misleading_text,,,,,,,,,,,
california_wildfires__917921510731452416__917921510731452416_0,misleading_joint,,,,,,,,,,,
hurricane_irma__909804050442485762__909804050442485762_0,clean,,,,,,,,,,,
hurricane_irma__909804050442485762__909804050442485762_0,benign_image,,,,,,,,,,,
hurricane_irma__909804050442485762__909804050442485762_0,benign_text,,,,,,,,,,,
hurricane_irma__909804050442485762__909804050442485762_0,benign_joint,,,,,,,,,,,
hurricane_irma__909804050442485762__909804050442485762_0,direct_image,,,,,,,,,,,
hurricane_irma__909804050442485762__909804050442485762_0,direct_text,,,,,,,,,,,
hurricane_irma__909804050442485762__909804050442485762_0,direct_joint,,,,,,,,,,,
hurricane_irma__909804050442485762__909804050442485762_0,misleading_image,,,,,,,,,,,
hurricane_irma__909804050442485762__909804050442485762_0,misleading_text,,,,,,,,,,,
hurricane_irma__909804050442485762__909804050442485762_0,misleading_joint,,,,,,,,,,,
hurricane_harvey__907648877460955137__907648877460955137_0,clean,,,,,,,,,,,
hurricane_harvey__907648877460955137__907648877460955137_0,benign_image,,,,,,,,,,,
hurricane_harvey__907648877460955137__907648877460955137_0,benign_text,,,,,,,,,,,
hurricane_harvey__907648877460955137__907648877460955137_0,benign_joint,,,,,,,,,,,
hurricane_harvey__907648877460955137__907648877460955137_0,direct_image,,,,,,,,,,,
hurricane_harvey__907648877460955137__907648877460955137_0,direct_text,,,,,,,,,,,
hurricane_harvey__907648877460955137__907648877460955137_0,direct_joint,,,,,,,,,,,
hurricane_harvey__907648877460955137__907648877460955137_0,misleading_image,,,,,,,,,,,
hurricane_harvey__907648877460955137__907648877460955137_0,misleading_text,,,,,,,,,,,
hurricane_harvey__907648877460955137__907648877460955137_0,misleading_joint,,,,,,,,,,,
hurricane_irma__909437299640778752__909437299640778752_0,clean,,,,,,,,,,,
hurricane_irma__909437299640778752__909437299640778752_0,benign_image,,,,,,,,,,,
hurricane_irma__909437299640778752__909437299640778752_0,benign_text,,,,,,,,,,,
hurricane_irma__909437299640778752__909437299640778752_0,benign_joint,,,,,,,,,,,
hurricane_irma__909437299640778752__909437299640778752_0,direct_image,,,,,,,,,,,
hurricane_irma__909437299640778752__909437299640778752_0,direct_text,,,,,,,,,,,
hurricane_irma__909437299640778752__909437299640778752_0,direct_joint,,,,,,,,,,,
hurricane_irma__909437299640778752__909437299640778752_0,misleading_image,,,,,,,,,,,
hurricane_irma__909437299640778752__909437299640778752_0,misleading_text,,,,,,,,,,,
hurricane_irma__909437299640778752__909437299640778752_0,misleading_joint,,,,,,,,,,,
hurricane_maria__923648872207081473__923648872207081473_0,clean,,,,,,,,,,,
hurricane_maria__923648872207081473__923648872207081473_0,benign_image,,,,,,,,,,,
hurricane_maria__923648872207081473__923648872207081473_0,benign_text,,,,,,,,,,,
hurricane_maria__923648872207081473__923648872207081473_0,benign_joint,,,,,,,,,,,
hurricane_maria__923648872207081473__923648872207081473_0,direct_image,,,,,,,,,,,
hurricane_maria__923648872207081473__923648872207081473_0,direct_text,,,,,,,,,,,
hurricane_maria__923648872207081473__923648872207081473_0,direct_joint,,,,,,,,,,,
hurricane_maria__923648872207081473__923648872207081473_0,misleading_image,,,,,,,,,,,
hurricane_maria__923648872207081473__923648872207081473_0,misleading_text,,,,,,,,,,,
hurricane_maria__923648872207081473__923648872207081473_0,misleading_joint,,,,,,,,,,,
hurricane_irma__910123451792289792__910123451792289792_0,clean,,,,,,,,,,,
hurricane_irma__910123451792289792__910123451792289792_0,benign_image,,,,,,,,,,,
hurricane_irma__910123451792289792__910123451792289792_0,benign_text,,,,,,,,,,,
hurricane_irma__910123451792289792__910123451792289792_0,benign_joint,,,,,,,,,,,
hurricane_irma__910123451792289792__910123451792289792_0,direct_image,,,,,,,,,,,
hurricane_irma__910123451792289792__910123451792289792_0,direct_text,,,,,,,,,,,
hurricane_irma__910123451792289792__910123451792289792_0,direct_joint,,,,,,,,,,,
hurricane_irma__910123451792289792__910123451792289792_0,misleading_image,,,,,,,,,,,
hurricane_irma__910123451792289792__910123451792289792_0,misleading_text,,,,,,,,,,,
hurricane_irma__910123451792289792__910123451792289792_0,misleading_joint,,,,,,,,,,,
hurricane_irma__909379695476588544__909379695476588544_0,clean,,,,,,,,,,,
hurricane_irma__909379695476588544__909379695476588544_0,benign_image,,,,,,,,,,,
hurricane_irma__909379695476588544__909379695476588544_0,benign_text,,,,,,,,,,,
hurricane_irma__909379695476588544__909379695476588544_0,benign_joint,,,,,,,,,,,
hurricane_irma__909379695476588544__909379695476588544_0,direct_image,,,,,,,,,,,
hurricane_irma__909379695476588544__909379695476588544_0,direct_text,,,,,,,,,,,
hurricane_irma__909379695476588544__909379695476588544_0,direct_joint,,,,,,,,,,,
hurricane_irma__909379695476588544__909379695476588544_0,misleading_image,,,,,,,,,,,
hurricane_irma__909379695476588544__909379695476588544_0,misleading_text,,,,,,,,,,,
hurricane_irma__909379695476588544__909379695476588544_0,misleading_joint,,,,,,,,,,,
hurricane_irma__909796226169819140__909796226169819140_1,clean,,,,,,,,,,,
hurricane_irma__909796226169819140__909796226169819140_1,benign_image,,,,,,,,,,,
hurricane_irma__909796226169819140__909796226169819140_1,benign_text,,,,,,,,,,,
hurricane_irma__909796226169819140__909796226169819140_1,benign_joint,,,,,,,,,,,
hurricane_irma__909796226169819140__909796226169819140_1,direct_image,,,,,,,,,,,
hurricane_irma__909796226169819140__909796226169819140_1,direct_text,,,,,,,,,,,
hurricane_irma__909796226169819140__909796226169819140_1,direct_joint,,,,,,,,,,,
hurricane_irma__909796226169819140__909796226169819140_1,misleading_image,,,,,,,,,,,
hurricane_irma__909796226169819140__909796226169819140_1,misleading_text,,,,,,,,,,,
hurricane_irma__909796226169819140__909796226169819140_1,misleading_joint,,,,,,,,,,,
iraq_iran_earthquake__930932169798713345__930932169798713345_0,clean,,,,,,,,,,,
iraq_iran_earthquake__930932169798713345__930932169798713345_0,benign_image,,,,,,,,,,,
iraq_iran_earthquake__930932169798713345__930932169798713345_0,benign_text,,,,,,,,,,,
iraq_iran_earthquake__930932169798713345__930932169798713345_0,benign_joint,,,,,,,,,,,
iraq_iran_earthquake__930932169798713345__930932169798713345_0,direct_image,,,,,,,,,,,
iraq_iran_earthquake__930932169798713345__930932169798713345_0,direct_text,,,,,,,,,,,
iraq_iran_earthquake__930932169798713345__930932169798713345_0,direct_joint,,,,,,,,,,,
iraq_iran_earthquake__930932169798713345__930932169798713345_0,misleading_image,,,,,,,,,,,
iraq_iran_earthquake__930932169798713345__930932169798713345_0,misleading_text,,,,,,,,,,,
iraq_iran_earthquake__930932169798713345__930932169798713345_0,misleading_joint,,,,,,,,,,,
hurricane_maria__916262585552556032__916262585552556032_0,clean,,,,,,,,,,,
hurricane_maria__916262585552556032__916262585552556032_0,benign_image,,,,,,,,,,,
hurricane_maria__916262585552556032__916262585552556032_0,benign_text,,,,,,,,,,,
hurricane_maria__916262585552556032__916262585552556032_0,benign_joint,,,,,,,,,,,
hurricane_maria__916262585552556032__916262585552556032_0,direct_image,,,,,,,,,,,
hurricane_maria__916262585552556032__916262585552556032_0,direct_text,,,,,,,,,,,
hurricane_maria__916262585552556032__916262585552556032_0,direct_joint,,,,,,,,,,,
hurricane_maria__916262585552556032__916262585552556032_0,misleading_image,,,,,,,,,,,
hurricane_maria__916262585552556032__916262585552556032_0,misleading_text,,,,,,,,,,,
hurricane_maria__916262585552556032__916262585552556032_0,misleading_joint,,,,,,,,,,,
hurricane_irma__910149200410791936__910149200410791936_1,clean,,,,,,,,,,,
hurricane_irma__910149200410791936__910149200410791936_1,benign_image,,,,,,,,,,,
hurricane_irma__910149200410791936__910149200410791936_1,benign_text,,,,,,,,,,,
hurricane_irma__910149200410791936__910149200410791936_1,benign_joint,,,,,,,,,,,
hurricane_irma__910149200410791936__910149200410791936_1,direct_image,,,,,,,,,,,
hurricane_irma__910149200410791936__910149200410791936_1,direct_text,,,,,,,,,,,
hurricane_irma__910149200410791936__910149200410791936_1,direct_joint,,,,,,,,,,,
hurricane_irma__910149200410791936__910149200410791936_1,misleading_image,,,,,,,,,,,
hurricane_irma__910149200410791936__910149200410791936_1,misleading_text,,,,,,,,,,,
hurricane_irma__910149200410791936__910149200410791936_1,misleading_joint,,,,,,,,,,,
hurricane_irma__910133417773293568__910133417773293568_0,clean,,,,,,,,,,,
hurricane_irma__910133417773293568__910133417773293568_0,benign_image,,,,,,,,,,,
hurricane_irma__910133417773293568__910133417773293568_0,benign_text,,,,,,,,,,,
hurricane_irma__910133417773293568__910133417773293568_0,benign_joint,,,,,,,,,,,
hurricane_irma__910133417773293568__910133417773293568_0,direct_image,,,,,,,,,,,
hurricane_irma__910133417773293568__910133417773293568_0,direct_text,,,,,,,,,,,
hurricane_irma__910133417773293568__910133417773293568_0,direct_joint,,,,,,,,,,,
hurricane_irma__910133417773293568__910133417773293568_0,misleading_image,,,,,,,,,,,
hurricane_irma__910133417773293568__910133417773293568_0,misleading_text,,,,,,,,,,,
hurricane_irma__910133417773293568__910133417773293568_0,misleading_joint,,,,,,,,,,,
mexico_earthquake__910624408435171328__910624408435171328_0,clean,,,,,,,,,,,
mexico_earthquake__910624408435171328__910624408435171328_0,benign_image,,,,,,,,,,,
mexico_earthquake__910624408435171328__910624408435171328_0,benign_text,,,,,,,,,,,
mexico_earthquake__910624408435171328__910624408435171328_0,benign_joint,,,,,,,,,,,
mexico_earthquake__910624408435171328__910624408435171328_0,direct_image,,,,,,,,,,,
mexico_earthquake__910624408435171328__910624408435171328_0,direct_text,,,,,,,,,,,
mexico_earthquake__910624408435171328__910624408435171328_0,direct_joint,,,,,,,,,,,
mexico_earthquake__910624408435171328__910624408435171328_0,misleading_image,,,,,,,,,,,
mexico_earthquake__910624408435171328__910624408435171328_0,misleading_text,,,,,,,,,,,
mexico_earthquake__910624408435171328__910624408435171328_0,misleading_joint,,,,,,,,,,,
hurricane_harvey__907984936598208512__907984936598208512_0,clean,,,,,,,,,,,
hurricane_harvey__907984936598208512__907984936598208512_0,benign_image,,,,,,,,,,,
hurricane_harvey__907984936598208512__907984936598208512_0,benign_text,,,,,,,,,,,
hurricane_harvey__907984936598208512__907984936598208512_0,benign_joint,,,,,,,,,,,
hurricane_harvey__907984936598208512__907984936598208512_0,direct_image,,,,,,,,,,,
hurricane_harvey__907984936598208512__907984936598208512_0,direct_text,,,,,,,,,,,
hurricane_harvey__907984936598208512__907984936598208512_0,direct_joint,,,,,,,,,,,
hurricane_harvey__907984936598208512__907984936598208512_0,misleading_image,,,,,,,,,,,
hurricane_harvey__907984936598208512__907984936598208512_0,misleading_text,,,,,,,,,,,
hurricane_harvey__907984936598208512__907984936598208512_0,misleading_joint,,,,,,,,,,,
hurricane_harvey__906090345137659905__906090345137659905_0,clean,,,,,,,,,,,
hurricane_harvey__906090345137659905__906090345137659905_0,benign_image,,,,,,,,,,,
hurricane_harvey__906090345137659905__906090345137659905_0,benign_text,,,,,,,,,,,
hurricane_harvey__906090345137659905__906090345137659905_0,benign_joint,,,,,,,,,,,
hurricane_harvey__906090345137659905__906090345137659905_0,direct_image,,,,,,,,,,,
hurricane_harvey__906090345137659905__906090345137659905_0,direct_text,,,,,,,,,,,
hurricane_harvey__906090345137659905__906090345137659905_0,direct_joint,,,,,,,,,,,
hurricane_harvey__906090345137659905__906090345137659905_0,misleading_image,,,,,,,,,,,
hurricane_harvey__906090345137659905__906090345137659905_0,misleading_text,,,,,,,,,,,
hurricane_harvey__906090345137659905__906090345137659905_0,misleading_joint,,,,,,,,,,,
hurricane_maria__928754744662913025__928754744662913025_0,clean,,,,,,,,,,,
hurricane_maria__928754744662913025__928754744662913025_0,benign_image,,,,,,,,,,,
hurricane_maria__928754744662913025__928754744662913025_0,benign_text,,,,,,,,,,,
hurricane_maria__928754744662913025__928754744662913025_0,benign_joint,,,,,,,,,,,
hurricane_maria__928754744662913025__928754744662913025_0,direct_image,,,,,,,,,,,
hurricane_maria__928754744662913025__928754744662913025_0,direct_text,,,,,,,,,,,
hurricane_maria__928754744662913025__928754744662913025_0,direct_joint,,,,,,,,,,,
hurricane_maria__928754744662913025__928754744662913025_0,misleading_image,,,,,,,,,,,
hurricane_maria__928754744662913025__928754744662913025_0,misleading_text,,,,,,,,,,,
hurricane_maria__928754744662913025__928754744662913025_0,misleading_joint,,,,,,,,,,,
hurricane_irma__910259646316900352__910259646316900352_0,clean,,,,,,,,,,,
hurricane_irma__910259646316900352__910259646316900352_0,benign_image,,,,,,,,,,,
hurricane_irma__910259646316900352__910259646316900352_0,benign_text,,,,,,,,,,,
hurricane_irma__910259646316900352__910259646316900352_0,benign_joint,,,,,,,,,,,
hurricane_irma__910259646316900352__910259646316900352_0,direct_image,,,,,,,,,,,
hurricane_irma__910259646316900352__910259646316900352_0,direct_text,,,,,,,,,,,
hurricane_irma__910259646316900352__910259646316900352_0,direct_joint,,,,,,,,,,,
hurricane_irma__910259646316900352__910259646316900352_0,misleading_image,,,,,,,,,,,
hurricane_irma__910259646316900352__910259646316900352_0,misleading_text,,,,,,,,,,,
hurricane_irma__910259646316900352__910259646316900352_0,misleading_joint,,,,,,,,,,,
hurricane_maria__914329492830789634__914329492830789634_1,clean,,,,,,,,,,,
hurricane_maria__914329492830789634__914329492830789634_1,benign_image,,,,,,,,,,,
hurricane_maria__914329492830789634__914329492830789634_1,benign_text,,,,,,,,,,,
hurricane_maria__914329492830789634__914329492830789634_1,benign_joint,,,,,,,,,,,
hurricane_maria__914329492830789634__914329492830789634_1,direct_image,,,,,,,,,,,
hurricane_maria__914329492830789634__914329492830789634_1,direct_text,,,,,,,,,,,
hurricane_maria__914329492830789634__914329492830789634_1,direct_joint,,,,,,,,,,,
hurricane_maria__914329492830789634__914329492830789634_1,misleading_image,,,,,,,,,,,
hurricane_maria__914329492830789634__914329492830789634_1,misleading_text,,,,,,,,,,,
hurricane_maria__914329492830789634__914329492830789634_1,misleading_joint,,,,,,,,,,,
hurricane_harvey__908424093099347968__908424093099347968_0,clean,,,,,,,,,,,
hurricane_harvey__908424093099347968__908424093099347968_0,benign_image,,,,,,,,,,,
hurricane_harvey__908424093099347968__908424093099347968_0,benign_text,,,,,,,,,,,
hurricane_harvey__908424093099347968__908424093099347968_0,benign_joint,,,,,,,,,,,
hurricane_harvey__908424093099347968__908424093099347968_0,direct_image,,,,,,,,,,,
hurricane_harvey__908424093099347968__908424093099347968_0,direct_text,,,,,,,,,,,
hurricane_harvey__908424093099347968__908424093099347968_0,direct_joint,,,,,,,,,,,
hurricane_harvey__908424093099347968__908424093099347968_0,misleading_image,,,,,,,,,,,
hurricane_harvey__908424093099347968__908424093099347968_0,misleading_text,,,,,,,,,,,
hurricane_harvey__908424093099347968__908424093099347968_0,misleading_joint,,,,,,,,,,,
hurricane_maria__910532852911153152__910532852911153152_0,clean,,,,,,,,,,,
hurricane_maria__910532852911153152__910532852911153152_0,benign_image,,,,,,,,,,,
hurricane_maria__910532852911153152__910532852911153152_0,benign_text,,,,,,,,,,,
hurricane_maria__910532852911153152__910532852911153152_0,benign_joint,,,,,,,,,,,
hurricane_maria__910532852911153152__910532852911153152_0,direct_image,,,,,,,,,,,
hurricane_maria__910532852911153152__910532852911153152_0,direct_text,,,,,,,,,,,
hurricane_maria__910532852911153152__910532852911153152_0,direct_joint,,,,,,,,,,,
hurricane_maria__910532852911153152__910532852911153152_0,misleading_image,,,,,,,,,,,
hurricane_maria__910532852911153152__910532852911153152_0,misleading_text,,,,,,,,,,,
hurricane_maria__910532852911153152__910532852911153152_0,misleading_joint,,,,,,,,,,,
iraq_iran_earthquake__930163638819786754__930163638819786754_0,clean,,,,,,,,,,,
iraq_iran_earthquake__930163638819786754__930163638819786754_0,benign_image,,,,,,,,,,,
iraq_iran_earthquake__930163638819786754__930163638819786754_0,benign_text,,,,,,,,,,,
iraq_iran_earthquake__930163638819786754__930163638819786754_0,benign_joint,,,,,,,,,,,
iraq_iran_earthquake__930163638819786754__930163638819786754_0,direct_image,,,,,,,,,,,
iraq_iran_earthquake__930163638819786754__930163638819786754_0,direct_text,,,,,,,,,,,
iraq_iran_earthquake__930163638819786754__930163638819786754_0,direct_joint,,,,,,,,,,,
iraq_iran_earthquake__930163638819786754__930163638819786754_0,misleading_image,,,,,,,,,,,
iraq_iran_earthquake__930163638819786754__930163638819786754_0,misleading_text,,,,,,,,,,,
iraq_iran_earthquake__930163638819786754__930163638819786754_0,misleading_joint,,,,,,,,,,,
srilanka_floods__871757822056202240__871757822056202240_0,clean,,,,,,,,,,,
srilanka_floods__871757822056202240__871757822056202240_0,benign_image,,,,,,,,,,,
srilanka_floods__871757822056202240__871757822056202240_0,benign_text,,,,,,,,,,,
srilanka_floods__871757822056202240__871757822056202240_0,benign_joint,,,,,,,,,,,
srilanka_floods__871757822056202240__871757822056202240_0,direct_image,,,,,,,,,,,
srilanka_floods__871757822056202240__871757822056202240_0,direct_text,,,,,,,,,,,
srilanka_floods__871757822056202240__871757822056202240_0,direct_joint,,,,,,,,,,,
srilanka_floods__871757822056202240__871757822056202240_0,misleading_image,,,,,,,,,,,
srilanka_floods__871757822056202240__871757822056202240_0,misleading_text,,,,,,,,,,,
srilanka_floods__871757822056202240__871757822056202240_0,misleading_joint,,,,,,,,,,,
mexico_earthquake__911808511948058629__911808511948058629_0,clean,,,,,,,,,,,
mexico_earthquake__911808511948058629__911808511948058629_0,benign_image,,,,,,,,,,,
mexico_earthquake__911808511948058629__911808511948058629_0,benign_text,,,,,,,,,,,
mexico_earthquake__911808511948058629__911808511948058629_0,benign_joint,,,,,,,,,,,
mexico_earthquake__911808511948058629__911808511948058629_0,direct_image,,,,,,,,,,,
mexico_earthquake__911808511948058629__911808511948058629_0,direct_text,,,,,,,,,,,
mexico_earthquake__911808511948058629__911808511948058629_0,direct_joint,,,,,,,,,,,
mexico_earthquake__911808511948058629__911808511948058629_0,misleading_image,,,,,,,,,,,
mexico_earthquake__911808511948058629__911808511948058629_0,misleading_text,,,,,,,,,,,
mexico_earthquake__911808511948058629__911808511948058629_0,misleading_joint,,,,,,,,,,,
hurricane_irma__909971209290440706__909971209290440706_1,clean,,,,,,,,,,,
hurricane_irma__909971209290440706__909971209290440706_1,benign_image,,,,,,,,,,,
hurricane_irma__909971209290440706__909971209290440706_1,benign_text,,,,,,,,,,,
hurricane_irma__909971209290440706__909971209290440706_1,benign_joint,,,,,,,,,,,
hurricane_irma__909971209290440706__909971209290440706_1,direct_image,,,,,,,,,,,
hurricane_irma__909971209290440706__909971209290440706_1,direct_text,,,,,,,,,,,
hurricane_irma__909971209290440706__909971209290440706_1,direct_joint,,,,,,,,,,,
hurricane_irma__909971209290440706__909971209290440706_1,misleading_image,,,,,,,,,,,
hurricane_irma__909971209290440706__909971209290440706_1,misleading_text,,,,,,,,,,,
hurricane_irma__909971209290440706__909971209290440706_1,misleading_joint,,,,,,,,,,,
srilanka_floods__870134495650906112__870134495650906112_0,clean,,,,,,,,,,,
srilanka_floods__870134495650906112__870134495650906112_0,benign_image,,,,,,,,,,,
srilanka_floods__870134495650906112__870134495650906112_0,benign_text,,,,,,,,,,,
srilanka_floods__870134495650906112__870134495650906112_0,benign_joint,,,,,,,,,,,
srilanka_floods__870134495650906112__870134495650906112_0,direct_image,,,,,,,,,,,
srilanka_floods__870134495650906112__870134495650906112_0,direct_text,,,,,,,,,,,
srilanka_floods__870134495650906112__870134495650906112_0,direct_joint,,,,,,,,,,,
srilanka_floods__870134495650906112__870134495650906112_0,misleading_image,,,,,,,,,,,
srilanka_floods__870134495650906112__870134495650906112_0,misleading_text,,,,,,,,,,,
srilanka_floods__870134495650906112__870134495650906112_0,misleading_joint,,,,,,,,,,,
srilanka_floods__870450100342063104__870450100342063104_0,clean,,,,,,,,,,,
srilanka_floods__870450100342063104__870450100342063104_0,benign_image,,,,,,,,,,,
srilanka_floods__870450100342063104__870450100342063104_0,benign_text,,,,,,,,,,,
srilanka_floods__870450100342063104__870450100342063104_0,benign_joint,,,,,,,,,,,
srilanka_floods__870450100342063104__870450100342063104_0,direct_image,,,,,,,,,,,
srilanka_floods__870450100342063104__870450100342063104_0,direct_text,,,,,,,,,,,
srilanka_floods__870450100342063104__870450100342063104_0,direct_joint,,,,,,,,,,,
srilanka_floods__870450100342063104__870450100342063104_0,misleading_image,,,,,,,,,,,
srilanka_floods__870450100342063104__870450100342063104_0,misleading_text,,,,,,,,,,,
srilanka_floods__870450100342063104__870450100342063104_0,misleading_joint,,,,,,,,,,,
hurricane_maria__923545034691145728__923545034691145728_0,clean,,,,,,,,,,,
hurricane_maria__923545034691145728__923545034691145728_0,benign_image,,,,,,,,,,,
hurricane_maria__923545034691145728__923545034691145728_0,benign_text,,,,,,,,,,,
hurricane_maria__923545034691145728__923545034691145728_0,benign_joint,,,,,,,,,,,
hurricane_maria__923545034691145728__923545034691145728_0,direct_image,,,,,,,,,,,
hurricane_maria__923545034691145728__923545034691145728_0,direct_text,,,,,,,,,,,
hurricane_maria__923545034691145728__923545034691145728_0,direct_joint,,,,,,,,,,,
hurricane_maria__923545034691145728__923545034691145728_0,misleading_image,,,,,,,,,,,
hurricane_maria__923545034691145728__923545034691145728_0,misleading_text,,,,,,,,,,,
hurricane_maria__923545034691145728__923545034691145728_0,misleading_joint,,,,,,,,,,,
hurricane_harvey__904602540041310209__904602540041310209_0,clean,,,,,,,,,,,
hurricane_harvey__904602540041310209__904602540041310209_0,benign_image,,,,,,,,,,,
hurricane_harvey__904602540041310209__904602540041310209_0,benign_text,,,,,,,,,,,
hurricane_harvey__904602540041310209__904602540041310209_0,benign_joint,,,,,,,,,,,
hurricane_harvey__904602540041310209__904602540041310209_0,direct_image,,,,,,,,,,,
hurricane_harvey__904602540041310209__904602540041310209_0,direct_text,,,,,,,,,,,
hurricane_harvey__904602540041310209__904602540041310209_0,direct_joint,,,,,,,,,,,
hurricane_harvey__904602540041310209__904602540041310209_0,misleading_image,,,,,,,,,,,
hurricane_harvey__904602540041310209__904602540041310209_0,misleading_text,,,,,,,,,,,
hurricane_harvey__904602540041310209__904602540041310209_0,misleading_joint,,,,,,,,,,,
california_wildfires__919731334368694274__919731334368694274_0,clean,,,,,,,,,,,
california_wildfires__919731334368694274__919731334368694274_0,benign_image,,,,,,,,,,,
california_wildfires__919731334368694274__919731334368694274_0,benign_text,,,,,,,,,,,
california_wildfires__919731334368694274__919731334368694274_0,benign_joint,,,,,,,,,,,
california_wildfires__919731334368694274__919731334368694274_0,direct_image,,,,,,,,,,,
california_wildfires__919731334368694274__919731334368694274_0,direct_text,,,,,,,,,,,
california_wildfires__919731334368694274__919731334368694274_0,direct_joint,,,,,,,,,,,
california_wildfires__919731334368694274__919731334368694274_0,misleading_image,,,,,,,,,,,
california_wildfires__919731334368694274__919731334368694274_0,misleading_text,,,,,,,,,,,
california_wildfires__919731334368694274__919731334368694274_0,misleading_joint,,,,,,,,,,,
hurricane_harvey__906372211216408576__906372211216408576_0,clean,,,,,,,,,,,
hurricane_harvey__906372211216408576__906372211216408576_0,benign_image,,,,,,,,,,,
hurricane_harvey__906372211216408576__906372211216408576_0,benign_text,,,,,,,,,,,
hurricane_harvey__906372211216408576__906372211216408576_0,benign_joint,,,,,,,,,,,
hurricane_harvey__906372211216408576__906372211216408576_0,direct_image,,,,,,,,,,,
hurricane_harvey__906372211216408576__906372211216408576_0,direct_text,,,,,,,,,,,
hurricane_harvey__906372211216408576__906372211216408576_0,direct_joint,,,,,,,,,,,
hurricane_harvey__906372211216408576__906372211216408576_0,misleading_image,,,,,,,,,,,
hurricane_harvey__906372211216408576__906372211216408576_0,misleading_text,,,,,,,,,,,
hurricane_harvey__906372211216408576__906372211216408576_0,misleading_joint,,,,,,,,,,,
hurricane_harvey__905427798466207746__905427798466207746_1,clean,,,,,,,,,,,
hurricane_harvey__905427798466207746__905427798466207746_1,benign_image,,,,,,,,,,,
hurricane_harvey__905427798466207746__905427798466207746_1,benign_text,,,,,,,,,,,
hurricane_harvey__905427798466207746__905427798466207746_1,benign_joint,,,,,,,,,,,
hurricane_harvey__905427798466207746__905427798466207746_1,direct_image,,,,,,,,,,,
hurricane_harvey__905427798466207746__905427798466207746_1,direct_text,,,,,,,,,,,
hurricane_harvey__905427798466207746__905427798466207746_1,direct_joint,,,,,,,,,,,
hurricane_harvey__905427798466207746__905427798466207746_1,misleading_image,,,,,,,,,,,
hurricane_harvey__905427798466207746__905427798466207746_1,misleading_text,,,,,,,,,,,
hurricane_harvey__905427798466207746__905427798466207746_1,misleading_joint,,,,,,,,,,,
hurricane_maria__927964108208705536__927964108208705536_0,clean,,,,,,,,,,,
hurricane_maria__927964108208705536__927964108208705536_0,benign_image,,,,,,,,,,,
hurricane_maria__927964108208705536__927964108208705536_0,benign_text,,,,,,,,,,,
hurricane_maria__927964108208705536__927964108208705536_0,benign_joint,,,,,,,,,,,
hurricane_maria__927964108208705536__927964108208705536_0,direct_image,,,,,,,,,,,
hurricane_maria__927964108208705536__927964108208705536_0,direct_text,,,,,,,,,,,
hurricane_maria__927964108208705536__927964108208705536_0,direct_joint,,,,,,,,,,,
hurricane_maria__927964108208705536__927964108208705536_0,misleading_image,,,,,,,,,,,
hurricane_maria__927964108208705536__927964108208705536_0,misleading_text,,,,,,,,,,,
hurricane_maria__927964108208705536__927964108208705536_0,misleading_joint,,,,,,,,,,,
mexico_earthquake__910807746236186624__910807746236186624_0,clean,,,,,,,,,,,
mexico_earthquake__910807746236186624__910807746236186624_0,benign_image,,,,,,,,,,,
mexico_earthquake__910807746236186624__910807746236186624_0,benign_text,,,,,,,,,,,
mexico_earthquake__910807746236186624__910807746236186624_0,benign_joint,,,,,,,,,,,
mexico_earthquake__910807746236186624__910807746236186624_0,direct_image,,,,,,,,,,,
mexico_earthquake__910807746236186624__910807746236186624_0,direct_text,,,,,,,,,,,
mexico_earthquake__910807746236186624__910807746236186624_0,direct_joint,,,,,,,,,,,
mexico_earthquake__910807746236186624__910807746236186624_0,misleading_image,,,,,,,,,,,
mexico_earthquake__910807746236186624__910807746236186624_0,misleading_text,,,,,,,,,,,
mexico_earthquake__910807746236186624__910807746236186624_0,misleading_joint,,,,,,,,,,,
hurricane_irma__909780895137193984__909780895137193984_0,clean,,,,,,,,,,,
hurricane_irma__909780895137193984__909780895137193984_0,benign_image,,,,,,,,,,,
hurricane_irma__909780895137193984__909780895137193984_0,benign_text,,,,,,,,,,,
hurricane_irma__909780895137193984__909780895137193984_0,benign_joint,,,,,,,,,,,
hurricane_irma__909780895137193984__909780895137193984_0,direct_image,,,,,,,,,,,
hurricane_irma__909780895137193984__909780895137193984_0,direct_text,,,,,,,,,,,
hurricane_irma__909780895137193984__909780895137193984_0,direct_joint,,,,,,,,,,,
hurricane_irma__909780895137193984__909780895137193984_0,misleading_image,,,,,,,,,,,
hurricane_irma__909780895137193984__909780895137193984_0,misleading_text,,,,,,,,,,,
hurricane_irma__909780895137193984__909780895137193984_0,misleading_joint,,,,,,,,,,,
california_wildfires__920110234433146880__920110234433146880_0,clean,,,,,,,,,,,
california_wildfires__920110234433146880__920110234433146880_0,benign_image,,,,,,,,,,,
california_wildfires__920110234433146880__920110234433146880_0,benign_text,,,,,,,,,,,
california_wildfires__920110234433146880__920110234433146880_0,benign_joint,,,,,,,,,,,
california_wildfires__920110234433146880__920110234433146880_0,direct_image,,,,,,,,,,,
california_wildfires__920110234433146880__920110234433146880_0,direct_text,,,,,,,,,,,
california_wildfires__920110234433146880__920110234433146880_0,direct_joint,,,,,,,,,,,
california_wildfires__920110234433146880__920110234433146880_0,misleading_image,,,,,,,,,,,
california_wildfires__920110234433146880__920110234433146880_0,misleading_text,,,,,,,,,,,
california_wildfires__920110234433146880__920110234433146880_0,misleading_joint,,,,,,,,,,,
mexico_earthquake__910690620389310465__910690620389310465_0,clean,,,,,,,,,,,
mexico_earthquake__910690620389310465__910690620389310465_0,benign_image,,,,,,,,,,,
mexico_earthquake__910690620389310465__910690620389310465_0,benign_text,,,,,,,,,,,
mexico_earthquake__910690620389310465__910690620389310465_0,benign_joint,,,,,,,,,,,
mexico_earthquake__910690620389310465__910690620389310465_0,direct_image,,,,,,,,,,,
mexico_earthquake__910690620389310465__910690620389310465_0,direct_text,,,,,,,,,,,
mexico_earthquake__910690620389310465__910690620389310465_0,direct_joint,,,,,,,,,,,
mexico_earthquake__910690620389310465__910690620389310465_0,misleading_image,,,,,,,,,,,
mexico_earthquake__910690620389310465__910690620389310465_0,misleading_text,,,,,,,,,,,
mexico_earthquake__910690620389310465__910690620389310465_0,misleading_joint,,,,,,,,,,,
