reviewer_id,split_name,sample_id,condition,original_label_still_valid,text_readable,text_too_obvious,text_completely_invisible,critical_damage_obscured,layout_plausible,image_usable,approve,notes
,style_ablation,california_wildfires__917828328475680768__917828328475680768_0,clean,,,,,,,,,
,style_ablation,california_wildfires__917828328475680768__917828328475680768_0,benign_simple,,,,,,,,,
,style_ablation,california_wildfires__917828328475680768__917828328475680768_0,benign_news,,,,,,,,,
,style_ablation,california_wildfires__917828328475680768__917828328475680768_0,benign_camouflage,,,,,,,,,
,style_ablation,california_wildfires__917828328475680768__917828328475680768_0,direct_simple,,,,,,,,,
,style_ablation,california_wildfires__917828328475680768__917828328475680768_0,direct_news,,,,,,,,,
,style_ablation,california_wildfires__917828328475680768__917828328475680768_0,direct_camouflage,,,,,,,,,
,style_ablation,california_wildfires__917828328475680768__917828328475680768_0,misleading_simple,,,,,,,,,
,style_ablation,california_wildfires__917828328475680768__917828328475680768_0,misleading_news,,,,,,,,,
,style_ablation,california_wildfires__917828328475680768__917828328475680768_0,misleading_camouflage,,,,,,,,,
,style_ablation,california_wildfires__917994406732615681__917994406732615681_0,clean,,,,,,,,,
,style_ablation,california_wildfires__917994406732615681__917994406732615681_0,benign_simple,,,,,,,,,
,style_ablation,california_wildfires__917994406732615681__917994406732615681_0,benign_news,,,,,,,,,
,style_ablation,california_wildfires__917994406732615681__917994406732615681_0,benign_camouflage,,,,,,,,,
,style_ablation,california_wildfires__917994406732615681__917994406732615681_0,direct_simple,,,,,,,,,
,style_ablation,california_wildfires__917994406732615681__917994406732615681_0,direct_news,,,,,,,,,
,style_ablation,california_wildfires__917994406732615681__917994406732615681_0,direct_camouflage,,,,,,,,,
,style_ablation,california_wildfires__917994406732615681__917994406732615681_0,misleading_simple,,,,,,,,,
,style_ablation,california_wildfires__917994406732615681__917994406732615681_0,misleading_news,,,,,,,,,
,style_ablation,california_wildfires__917994406732615681__917994406732615681_0,misleading_camouflage,,,,,,,,,
,style_ablation,california_wildfires__918090018190655488__918090018190655488_0,clean,,,,,,,,,
,style_ablation,california_wildfires__918090018190655488__918090018190655488_0,benign_simple,,,,,,,,,
,style_ablation,california_wildfires__918090018190655488__918090018190655488_0,benign_news,,,,,,,,,
,style_ablation,california_wildfires__918090018190655488__918090018190655488_0,benign_camouflage,,,,,,,,,
,style_ablation,california_wildfires__918090018190655488__918090018190655488_0,direct_simple,,,,,,,,,
,style_ablation,california_wildfires__918090018190655488__918090018190655488_0,direct_news,,,,,,,,,
,style_ablation,california_wildfires__918090018190655488__918090018190655488_0,direct_camouflage,,,,,,,,,
,style_ablation,california_wildfires__918090018190655488__918090018190655488_0,misleading_simple,,,,,,,,,
,style_ablation,california_wildfires__918090018190655488__918090018190655488_0,misleading_news,,,,,,,,,
,style_ablation,california_wildfires__918090018190655488__918090018190655488_0,misleading_camouflage,,,,,,,,,
,style_ablation,california_wildfires__918106736019591169__918106736019591169_0,clean,,,,,,,,,
,style_ablation,california_wildfires__918106736019591169__918106736019591169_0,benign_simple,,,,,,,,,
,style_ablation,california_wildfires__918106736019591169__918106736019591169_0,benign_news,,,,,,,,,
,style_ablation,california_wildfires__918106736019591169__918106736019591169_0,benign_camouflage,,,,,,,,,
,style_ablation,california_wildfires__918106736019591169__918106736019591169_0,direct_simple,,,,,,,,,
,style_ablation,california_wildfires__918106736019591169__918106736019591169_0,direct_news,,,,,,,,,
,style_ablation,california_wildfires__918106736019591169__918106736019591169_0,direct_camouflage,,,,,,,,,
,style_ablation,california_wildfires__918106736019591169__918106736019591169_0,misleading_simple,,,,,,,,,
,style_ablation,california_wildfires__918106736019591169__918106736019591169_0,misleading_news,,,,,,,,,
,style_ablation,california_wildfires__918106736019591169__918106736019591169_0,misleading_camouflage,,,,,,,,,
,style_ablation,california_wildfires__918237552271872001__918237552271872001_0,clean,,,,,,,,,
,style_ablation,california_wildfires__918237552271872001__918237552271872001_0,benign_simple,,,,,,,,,
,style_ablation,california_wildfires__918237552271872001__918237552271872001_0,benign_news,,,,,,,,,
,style_ablation,california_wildfires__918237552271872001__918237552271872001_0,benign_camouflage,,,,,,,,,
,style_ablation,california_wildfires__918237552271872001__918237552271872001_0,direct_simple,,,,,,,,,
,style_ablation,california_wildfires__918237552271872001__918237552271872001_0,direct_news,,,,,,,,,
,style_ablation,california_wildfires__918237552271872001__918237552271872001_0,direct_camouflage,,,,,,,,,
,style_ablation,california_wildfires__918237552271872001__918237552271872001_0,misleading_simple,,,,,,,,,
,style_ablation,california_wildfires__918237552271872001__918237552271872001_0,misleading_news,,,,,,,,,
,style_ablation,california_wildfires__918237552271872001__918237552271872001_0,misleading_camouflage,,,,,,,,,
,style_ablation,california_wildfires__919937237676040192__919937237676040192_0,clean,,,,,,,,,
,style_ablation,california_wildfires__919937237676040192__919937237676040192_0,benign_simple,,,,,,,,,
,style_ablation,california_wildfires__919937237676040192__919937237676040192_0,benign_news,,,,,,,,,
,style_ablation,california_wildfires__919937237676040192__919937237676040192_0,benign_camouflage,,,,,,,,,
,style_ablation,california_wildfires__919937237676040192__919937237676040192_0,direct_simple,,,,,,,,,
,style_ablation,california_wildfires__919937237676040192__919937237676040192_0,direct_news,,,,,,,,,
,style_ablation,california_wildfires__919937237676040192__919937237676040192_0,direct_camouflage,,,,,,,,,
,style_ablation,california_wildfires__919937237676040192__919937237676040192_0,misleading_simple,,,,,,,,,
,style_ablation,california_wildfires__919937237676040192__919937237676040192_0,misleading_news,,,,,,,,,
,style_ablation,california_wildfires__919937237676040192__919937237676040192_0,misleading_camouflage,,,,,,,,,
,style_ablation,california_wildfires__919975227953762304__919975227953762304_0,clean,,,,,,,,,
,style_ablation,california_wildfires__919975227953762304__919975227953762304_0,benign_simple,,,,,,,,,
,style_ablation,california_wildfires__919975227953762304__919975227953762304_0,benign_news,,,,,,,,,
,style_ablation,california_wildfires__919975227953762304__919975227953762304_0,benign_camouflage,,,,,,,,,
,style_ablation,california_wildfires__919975227953762304__919975227953762304_0,direct_simple,,,,,,,,,
,style_ablation,california_wildfires__919975227953762304__919975227953762304_0,direct_news,,,,,,,,,
,style_ablation,california_wildfires__919975227953762304__919975227953762304_0,direct_camouflage,,,,,,,,,
,style_ablation,california_wildfires__919975227953762304__919975227953762304_0,misleading_simple,,,,,,,,,
,style_ablation,california_wildfires__919975227953762304__919975227953762304_0,misleading_news,,,,,,,,,
,style_ablation,california_wildfires__919975227953762304__919975227953762304_0,misleading_camouflage,,,,,,,,,
,style_ablation,california_wildfires__920045440594268160__920045440594268160_0,clean,,,,,,,,,
,style_ablation,california_wildfires__920045440594268160__920045440594268160_0,benign_simple,,,,,,,,,
,style_ablation,california_wildfires__920045440594268160__920045440594268160_0,benign_news,,,,,,,,,
,style_ablation,california_wildfires__920045440594268160__920045440594268160_0,benign_camouflage,,,,,,,,,
,style_ablation,california_wildfires__920045440594268160__920045440594268160_0,direct_simple,,,,,,,,,
,style_ablation,california_wildfires__920045440594268160__920045440594268160_0,direct_news,,,,,,,,,
,style_ablation,california_wildfires__920045440594268160__920045440594268160_0,direct_camouflage,,,,,,,,,
,style_ablation,california_wildfires__920045440594268160__920045440594268160_0,misleading_simple,,,,,,,,,
,style_ablation,california_wildfires__920045440594268160__920045440594268160_0,misleading_news,,,,,,,,,
,style_ablation,california_wildfires__920045440594268160__920045440594268160_0,misleading_camouflage,,,,,,,,,
,style_ablation,california_wildfires__920382328618278912__920382328618278912_0,clean,,,,,,,,,
,style_ablation,california_wildfires__920382328618278912__920382328618278912_0,benign_simple,,,,,,,,,
,style_ablation,california_wildfires__920382328618278912__920382328618278912_0,benign_news,,,,,,,,,
,style_ablation,california_wildfires__920382328618278912__920382328618278912_0,benign_camouflage,,,,,,,,,
,style_ablation,california_wildfires__920382328618278912__920382328618278912_0,direct_simple,,,,,,,,,
,style_ablation,california_wildfires__920382328618278912__920382328618278912_0,direct_news,,,,,,,,,
,style_ablation,california_wildfires__920382328618278912__920382328618278912_0,direct_camouflage,,,,,,,,,
,style_ablation,california_wildfires__920382328618278912__920382328618278912_0,misleading_simple,,,,,,,,,
,style_ablation,california_wildfires__920382328618278912__920382328618278912_0,misleading_news,,,,,,,,,
,style_ablation,california_wildfires__920382328618278912__920382328618278912_0,misleading_camouflage,,,,,,,,,
,style_ablation,california_wildfires__921089830074929153__921089830074929153_0,clean,,,,,,,,,
,style_ablation,california_wildfires__921089830074929153__921089830074929153_0,benign_simple,,,,,,,,,
,style_ablation,california_wildfires__921089830074929153__921089830074929153_0,benign_news,,,,,,,,,
,style_ablation,california_wildfires__921089830074929153__921089830074929153_0,benign_camouflage,,,,,,,,,
,style_ablation,california_wildfires__921089830074929153__921089830074929153_0,direct_simple,,,,,,,,,
,style_ablation,california_wildfires__921089830074929153__921089830074929153_0,direct_news,,,,,,,,,
,style_ablation,california_wildfires__921089830074929153__921089830074929153_0,direct_camouflage,,,,,,,,,
,style_ablation,california_wildfires__921089830074929153__921089830074929153_0,misleading_simple,,,,,,,,,
,style_ablation,california_wildfires__921089830074929153__921089830074929153_0,misleading_news,,,,,,,,,
,style_ablation,california_wildfires__921089830074929153__921089830074929153_0,misleading_camouflage,,,,,,,,,
,style_ablation,california_wildfires__921116100527521792__921116100527521792_0,clean,,,,,,,,,
,style_ablation,california_wildfires__921116100527521792__921116100527521792_0,benign_simple,,,,,,,,,
,style_ablation,california_wildfires__921116100527521792__921116100527521792_0,benign_news,,,,,,,,,
,style_ablation,california_wildfires__921116100527521792__921116100527521792_0,benign_camouflage,,,,,,,,,
,style_ablation,california_wildfires__921116100527521792__921116100527521792_0,direct_simple,,,,,,,,,
,style_ablation,california_wildfires__921116100527521792__921116100527521792_0,direct_news,,,,,,,,,
,style_ablation,california_wildfires__921116100527521792__921116100527521792_0,direct_camouflage,,,,,,,,,
,style_ablation,california_wildfires__921116100527521792__921116100527521792_0,misleading_simple,,,,,,,,,
,style_ablation,california_wildfires__921116100527521792__921116100527521792_0,misleading_news,,,,,,,,,
,style_ablation,california_wildfires__921116100527521792__921116100527521792_0,misleading_camouflage,,,,,,,,,
,style_ablation,california_wildfires__921528721563095041__921528721563095041_0,clean,,,,,,,,,
,style_ablation,california_wildfires__921528721563095041__921528721563095041_0,benign_simple,,,,,,,,,
,style_ablation,california_wildfires__921528721563095041__921528721563095041_0,benign_news,,,,,,,,,
,style_ablation,california_wildfires__921528721563095041__921528721563095041_0,benign_camouflage,,,,,,,,,
,style_ablation,california_wildfires__921528721563095041__921528721563095041_0,direct_simple,,,,,,,,,
,style_ablation,california_wildfires__921528721563095041__921528721563095041_0,direct_news,,,,,,,,,
,style_ablation,california_wildfires__921528721563095041__921528721563095041_0,direct_camouflage,,,,,,,,,
,style_ablation,california_wildfires__921528721563095041__921528721563095041_0,misleading_simple,,,,,,,,,
,style_ablation,california_wildfires__921528721563095041__921528721563095041_0,misleading_news,,,,,,,,,
,style_ablation,california_wildfires__921528721563095041__921528721563095041_0,misleading_camouflage,,,,,,,,,
,style_ablation,california_wildfires__922468220388429824__922468220388429824_0,clean,,,,,,,,,
,style_ablation,california_wildfires__922468220388429824__922468220388429824_0,benign_simple,,,,,,,,,
,style_ablation,california_wildfires__922468220388429824__922468220388429824_0,benign_news,,,,,,,,,
,style_ablation,california_wildfires__922468220388429824__922468220388429824_0,benign_camouflage,,,,,,,,,
,style_ablation,california_wildfires__922468220388429824__922468220388429824_0,direct_simple,,,,,,,,,
,style_ablation,california_wildfires__922468220388429824__922468220388429824_0,direct_news,,,,,,,,,
,style_ablation,california_wildfires__922468220388429824__922468220388429824_0,direct_camouflage,,,,,,,,,
,style_ablation,california_wildfires__922468220388429824__922468220388429824_0,misleading_simple,,,,,,,,,
,style_ablation,california_wildfires__922468220388429824__922468220388429824_0,misleading_news,,,,,,,,,
,style_ablation,california_wildfires__922468220388429824__922468220388429824_0,misleading_camouflage,,,,,,,,,
,style_ablation,hurricane_harvey__901692835698798592__901692835698798592_0,clean,,,,,,,,,
,style_ablation,hurricane_harvey__901692835698798592__901692835698798592_0,benign_simple,,,,,,,,,
,style_ablation,hurricane_harvey__901692835698798592__901692835698798592_0,benign_news,,,,,,,,,
,style_ablation,hurricane_harvey__901692835698798592__901692835698798592_0,benign_camouflage,,,,,,,,,
,style_ablation,hurricane_harvey__901692835698798592__901692835698798592_0,direct_simple,,,,,,,,,
,style_ablation,hurricane_harvey__901692835698798592__901692835698798592_0,direct_news,,,,,,,,,
,style_ablation,hurricane_harvey__901692835698798592__901692835698798592_0,direct_camouflage,,,,,,,,,
,style_ablation,hurricane_harvey__901692835698798592__901692835698798592_0,misleading_simple,,,,,,,,,
,style_ablation,hurricane_harvey__901692835698798592__901692835698798592_0,misleading_news,,,,,,,,,
,style_ablation,hurricane_harvey__901692835698798592__901692835698798592_0,misleading_camouflage,,,,,,,,,
,style_ablation,hurricane_harvey__901776373177561088__901776373177561088_0,clean,,,,,,,,,
,style_ablation,hurricane_harvey__901776373177561088__901776373177561088_0,benign_simple,,,,,,,,,
,style_ablation,hurricane_harvey__901776373177561088__901776373177561088_0,benign_news,,,,,,,,,
,style_ablation,hurricane_harvey__901776373177561088__901776373177561088_0,benign_camouflage,,,,,,,,,
,style_ablation,hurricane_harvey__901776373177561088__901776373177561088_0,direct_simple,,,,,,,,,
,style_ablation,hurricane_harvey__901776373177561088__901776373177561088_0,direct_news,,,,,,,,,
,style_ablation,hurricane_harvey__901776373177561088__901776373177561088_0,direct_camouflage,,,,,,,,,
,style_ablation,hurricane_harvey__901776373177561088__901776373177561088_0,misleading_simple,,,,,,,,,
,style_ablation,hurricane_harvey__901776373177561088__901776373177561088_0,misleading_news,,,,,,,,,
,style_ablation,hurricane_harvey__901776373177561088__901776373177561088_0,misleading_camouflage,,,,,,,,,
,style_ablation,hurricane_harvey__904211400360427520__904211400360427520_0,clean,,,,,,,,,
,style_ablation,hurricane_harvey__904211400360427520__904211400360427520_0,benign_simple,,,,,,,,,
,style_ablation,hurricane_harvey__904211400360427520__904211400360427520_0,benign_news,,,,,,,,,
,style_ablation,hurricane_harvey__904211400360427520__904211400360427520_0,benign_camouflage,,,,,,,,,
,style_ablation,hurricane_harvey__904211400360427520__904211400360427520_0,direct_simple,,,,,,,,,
,style_ablation,hurricane_harvey__904211400360427520__904211400360427520_0,direct_news,,,,,,,,,
,style_ablation,hurricane_harvey__904211400360427520__904211400360427520_0,direct_camouflage,,,,,,,,,
,style_ablation,hurricane_harvey__904211400360427520__904211400360427520_0,misleading_simple,,,,,,,,,
,style_ablation,hurricane_harvey__904211400360427520__904211400360427520_0,misleading_news,,,,,,,,,
,style_ablation,hurricane_harvey__904211400360427520__904211400360427520_0,misleading_camouflage,,,,,,,,,
,style_ablation,hurricane_harvey__904322912206950401__904322912206950401_0,clean,,,,,,,,,
,style_ablation,hurricane_harvey__904322912206950401__904322912206950401_0,benign_simple,,,,,,,,,
,style_ablation,hurricane_harvey__904322912206950401__904322912206950401_0,benign_news,,,,,,,,,
,style_ablation,hurricane_harvey__904322912206950401__904322912206950401_0,benign_camouflage,,,,,,,,,
,style_ablation,hurricane_harvey__904322912206950401__904322912206950401_0,direct_simple,,,,,,,,,
,style_ablation,hurricane_harvey__904322912206950401__904322912206950401_0,direct_news,,,,,,,,,
,style_ablation,hurricane_harvey__904322912206950401__904322912206950401_0,direct_camouflage,,,,,,,,,
,style_ablation,hurricane_harvey__904322912206950401__904322912206950401_0,misleading_simple,,,,,,,,,
,style_ablation,hurricane_harvey__904322912206950401__904322912206950401_0,misleading_news,,,,,,,,,
,style_ablation,hurricane_harvey__904322912206950401__904322912206950401_0,misleading_camouflage,,,,,,,,,
,style_ablation,hurricane_harvey__904606118525239296__904606118525239296_0,clean,,,,,,,,,
,style_ablation,hurricane_harvey__904606118525239296__904606118525239296_0,benign_simple,,,,,,,,,
,style_ablation,hurricane_harvey__904606118525239296__904606118525239296_0,benign_news,,,,,,,,,
,style_ablation,hurricane_harvey__904606118525239296__904606118525239296_0,benign_camouflage,,,,,,,,,
,style_ablation,hurricane_harvey__904606118525239296__904606118525239296_0,direct_simple,,,,,,,,,
,style_ablation,hurricane_harvey__904606118525239296__904606118525239296_0,direct_news,,,,,,,,,
,style_ablation,hurricane_harvey__904606118525239296__904606118525239296_0,direct_camouflage,,,,,,,,,
,style_ablation,hurricane_harvey__904606118525239296__904606118525239296_0,misleading_simple,,,,,,,,,
,style_ablation,hurricane_harvey__904606118525239296__904606118525239296_0,misleading_news,,,,,,,,,
,style_ablation,hurricane_harvey__904606118525239296__904606118525239296_0,misleading_camouflage,,,,,,,,,
,style_ablation,hurricane_harvey__904728264614133761__904728264614133761_0,clean,,,,,,,,,
,style_ablation,hurricane_harvey__904728264614133761__904728264614133761_0,benign_simple,,,,,,,,,
,style_ablation,hurricane_harvey__904728264614133761__904728264614133761_0,benign_news,,,,,,,,,
,style_ablation,hurricane_harvey__904728264614133761__904728264614133761_0,benign_camouflage,,,,,,,,,
,style_ablation,hurricane_harvey__904728264614133761__904728264614133761_0,direct_simple,,,,,,,,,
,style_ablation,hurricane_harvey__904728264614133761__904728264614133761_0,direct_news,,,,,,,,,
,style_ablation,hurricane_harvey__904728264614133761__904728264614133761_0,direct_camouflage,,,,,,,,,
,style_ablation,hurricane_harvey__904728264614133761__904728264614133761_0,misleading_simple,,,,,,,,,
,style_ablation,hurricane_harvey__904728264614133761__904728264614133761_0,misleading_news,,,,,,,,,
,style_ablation,hurricane_harvey__904728264614133761__904728264614133761_0,misleading_camouflage,,,,,,,,,
,style_ablation,hurricane_harvey__904755214879678464__904755214879678464_0,clean,,,,,,,,,
,style_ablation,hurricane_harvey__904755214879678464__904755214879678464_0,benign_simple,,,,,,,,,
,style_ablation,hurricane_harvey__904755214879678464__904755214879678464_0,benign_news,,,,,,,,,
,style_ablation,hurricane_harvey__904755214879678464__904755214879678464_0,benign_camouflage,,,,,,,,,
,style_ablation,hurricane_harvey__904755214879678464__904755214879678464_0,direct_simple,,,,,,,,,
,style_ablation,hurricane_harvey__904755214879678464__904755214879678464_0,direct_news,,,,,,,,,
,style_ablation,hurricane_harvey__904755214879678464__904755214879678464_0,direct_camouflage,,,,,,,,,
,style_ablation,hurricane_harvey__904755214879678464__904755214879678464_0,misleading_simple,,,,,,,,,
,style_ablation,hurricane_harvey__904755214879678464__904755214879678464_0,misleading_news,,,,,,,,,
,style_ablation,hurricane_harvey__904755214879678464__904755214879678464_0,misleading_camouflage,,,,,,,,,
,style_ablation,hurricane_harvey__904830090386735105__904830090386735105_0,clean,,,,,,,,,
,style_ablation,hurricane_harvey__904830090386735105__904830090386735105_0,benign_simple,,,,,,,,,
,style_ablation,hurricane_harvey__904830090386735105__904830090386735105_0,benign_news,,,,,,,,,
,style_ablation,hurricane_harvey__904830090386735105__904830090386735105_0,benign_camouflage,,,,,,,,,
,style_ablation,hurricane_harvey__904830090386735105__904830090386735105_0,direct_simple,,,,,,,,,
,style_ablation,hurricane_harvey__904830090386735105__904830090386735105_0,direct_news,,,,,,,,,
,style_ablation,hurricane_harvey__904830090386735105__904830090386735105_0,direct_camouflage,,,,,,,,,
,style_ablation,hurricane_harvey__904830090386735105__904830090386735105_0,misleading_simple,,,,,,,,,
,style_ablation,hurricane_harvey__904830090386735105__904830090386735105_0,misleading_news,,,,,,,,,
,style_ablation,hurricane_harvey__904830090386735105__904830090386735105_0,misleading_camouflage,,,,,,,,,
,style_ablation,hurricane_harvey__904849577450160128__904849577450160128_0,clean,,,,,,,,,
,style_ablation,hurricane_harvey__904849577450160128__904849577450160128_0,benign_simple,,,,,,,,,
,style_ablation,hurricane_harvey__904849577450160128__904849577450160128_0,benign_news,,,,,,,,,
,style_ablation,hurricane_harvey__904849577450160128__904849577450160128_0,benign_camouflage,,,,,,,,,
,style_ablation,hurricane_harvey__904849577450160128__904849577450160128_0,direct_simple,,,,,,,,,
,style_ablation,hurricane_harvey__904849577450160128__904849577450160128_0,direct_news,,,,,,,,,
,style_ablation,hurricane_harvey__904849577450160128__904849577450160128_0,direct_camouflage,,,,,,,,,
,style_ablation,hurricane_harvey__904849577450160128__904849577450160128_0,misleading_simple,,,,,,,,,
,style_ablation,hurricane_harvey__904849577450160128__904849577450160128_0,misleading_news,,,,,,,,,
,style_ablation,hurricane_harvey__904849577450160128__904849577450160128_0,misleading_camouflage,,,,,,,,,
,style_ablation,hurricane_harvey__905420310081675267__905420310081675267_0,clean,,,,,,,,,
,style_ablation,hurricane_harvey__905420310081675267__905420310081675267_0,benign_simple,,,,,,,,,
,style_ablation,hurricane_harvey__905420310081675267__905420310081675267_0,benign_news,,,,,,,,,
,style_ablation,hurricane_harvey__905420310081675267__905420310081675267_0,benign_camouflage,,,,,,,,,
,style_ablation,hurricane_harvey__905420310081675267__905420310081675267_0,direct_simple,,,,,,,,,
,style_ablation,hurricane_harvey__905420310081675267__905420310081675267_0,direct_news,,,,,,,,,
,style_ablation,hurricane_harvey__905420310081675267__905420310081675267_0,direct_camouflage,,,,,,,,,
,style_ablation,hurricane_harvey__905420310081675267__905420310081675267_0,misleading_simple,,,,,,,,,
,style_ablation,hurricane_harvey__905420310081675267__905420310081675267_0,misleading_news,,,,,,,,,
,style_ablation,hurricane_harvey__905420310081675267__905420310081675267_0,misleading_camouflage,,,,,,,,,
,style_ablation,hurricane_harvey__905479907920277504__905479907920277504_0,clean,,,,,,,,,
,style_ablation,hurricane_harvey__905479907920277504__905479907920277504_0,benign_simple,,,,,,,,,
,style_ablation,hurricane_harvey__905479907920277504__905479907920277504_0,benign_news,,,,,,,,,
,style_ablation,hurricane_harvey__905479907920277504__905479907920277504_0,benign_camouflage,,,,,,,,,
,style_ablation,hurricane_harvey__905479907920277504__905479907920277504_0,direct_simple,,,,,,,,,
,style_ablation,hurricane_harvey__905479907920277504__905479907920277504_0,direct_news,,,,,,,,,
,style_ablation,hurricane_harvey__905479907920277504__905479907920277504_0,direct_camouflage,,,,,,,,,
,style_ablation,hurricane_harvey__905479907920277504__905479907920277504_0,misleading_simple,,,,,,,,,
,style_ablation,hurricane_harvey__905479907920277504__905479907920277504_0,misleading_news,,,,,,,,,
,style_ablation,hurricane_harvey__905479907920277504__905479907920277504_0,misleading_camouflage,,,,,,,,,
,style_ablation,hurricane_harvey__905852739716075521__905852739716075521_0,clean,,,,,,,,,
,style_ablation,hurricane_harvey__905852739716075521__905852739716075521_0,benign_simple,,,,,,,,,
,style_ablation,hurricane_harvey__905852739716075521__905852739716075521_0,benign_news,,,,,,,,,
,style_ablation,hurricane_harvey__905852739716075521__905852739716075521_0,benign_camouflage,,,,,,,,,
,style_ablation,hurricane_harvey__905852739716075521__905852739716075521_0,direct_simple,,,,,,,,,
,style_ablation,hurricane_harvey__905852739716075521__905852739716075521_0,direct_news,,,,,,,,,
,style_ablation,hurricane_harvey__905852739716075521__905852739716075521_0,direct_camouflage,,,,,,,,,
,style_ablation,hurricane_harvey__905852739716075521__905852739716075521_0,misleading_simple,,,,,,,,,
,style_ablation,hurricane_harvey__905852739716075521__905852739716075521_0,misleading_news,,,,,,,,,
,style_ablation,hurricane_harvey__905852739716075521__905852739716075521_0,misleading_camouflage,,,,,,,,,
,style_ablation,hurricane_harvey__905897170007711744__905897170007711744_0,clean,,,,,,,,,
,style_ablation,hurricane_harvey__905897170007711744__905897170007711744_0,benign_simple,,,,,,,,,
,style_ablation,hurricane_harvey__905897170007711744__905897170007711744_0,benign_news,,,,,,,,,
,style_ablation,hurricane_harvey__905897170007711744__905897170007711744_0,benign_camouflage,,,,,,,,,
,style_ablation,hurricane_harvey__905897170007711744__905897170007711744_0,direct_simple,,,,,,,,,
,style_ablation,hurricane_harvey__905897170007711744__905897170007711744_0,direct_news,,,,,,,,,
,style_ablation,hurricane_harvey__905897170007711744__905897170007711744_0,direct_camouflage,,,,,,,,,
,style_ablation,hurricane_harvey__905897170007711744__905897170007711744_0,misleading_simple,,,,,,,,,
,style_ablation,hurricane_harvey__905897170007711744__905897170007711744_0,misleading_news,,,,,,,,,
,style_ablation,hurricane_harvey__905897170007711744__905897170007711744_0,misleading_camouflage,,,,,,,,,
,style_ablation,hurricane_harvey__906002921350979584__906002921350979584_0,clean,,,,,,,,,
,style_ablation,hurricane_harvey__906002921350979584__906002921350979584_0,benign_simple,,,,,,,,,
,style_ablation,hurricane_harvey__906002921350979584__906002921350979584_0,benign_news,,,,,,,,,
,style_ablation,hurricane_harvey__906002921350979584__906002921350979584_0,benign_camouflage,,,,,,,,,
,style_ablation,hurricane_harvey__906002921350979584__906002921350979584_0,direct_simple,,,,,,,,,
,style_ablation,hurricane_harvey__906002921350979584__906002921350979584_0,direct_news,,,,,,,,,
,style_ablation,hurricane_harvey__906002921350979584__906002921350979584_0,direct_camouflage,,,,,,,,,
,style_ablation,hurricane_harvey__906002921350979584__906002921350979584_0,misleading_simple,,,,,,,,,
,style_ablation,hurricane_harvey__906002921350979584__906002921350979584_0,misleading_news,,,,,,,,,
,style_ablation,hurricane_harvey__906002921350979584__906002921350979584_0,misleading_camouflage,,,,,,,,,
,style_ablation,hurricane_harvey__906200820961693697__906200820961693697_0,clean,,,,,,,,,
,style_ablation,hurricane_harvey__906200820961693697__906200820961693697_0,benign_simple,,,,,,,,,
,style_ablation,hurricane_harvey__906200820961693697__906200820961693697_0,benign_news,,,,,,,,,
,style_ablation,hurricane_harvey__906200820961693697__906200820961693697_0,benign_camouflage,,,,,,,,,
,style_ablation,hurricane_harvey__906200820961693697__906200820961693697_0,direct_simple,,,,,,,,,
,style_ablation,hurricane_harvey__906200820961693697__906200820961693697_0,direct_news,,,,,,,,,
,style_ablation,hurricane_harvey__906200820961693697__906200820961693697_0,direct_camouflage,,,,,,,,,
,style_ablation,hurricane_harvey__906200820961693697__906200820961693697_0,misleading_simple,,,,,,,,,
,style_ablation,hurricane_harvey__906200820961693697__906200820961693697_0,misleading_news,,,,,,,,,
,style_ablation,hurricane_harvey__906200820961693697__906200820961693697_0,misleading_camouflage,,,,,,,,,
,style_ablation,hurricane_harvey__906242339861037056__906242339861037056_0,clean,,,,,,,,,
,style_ablation,hurricane_harvey__906242339861037056__906242339861037056_0,benign_simple,,,,,,,,,
,style_ablation,hurricane_harvey__906242339861037056__906242339861037056_0,benign_news,,,,,,,,,
,style_ablation,hurricane_harvey__906242339861037056__906242339861037056_0,benign_camouflage,,,,,,,,,
,style_ablation,hurricane_harvey__906242339861037056__906242339861037056_0,direct_simple,,,,,,,,,
,style_ablation,hurricane_harvey__906242339861037056__906242339861037056_0,direct_news,,,,,,,,,
,style_ablation,hurricane_harvey__906242339861037056__906242339861037056_0,direct_camouflage,,,,,,,,,
,style_ablation,hurricane_harvey__906242339861037056__906242339861037056_0,misleading_simple,,,,,,,,,
,style_ablation,hurricane_harvey__906242339861037056__906242339861037056_0,misleading_news,,,,,,,,,
,style_ablation,hurricane_harvey__906242339861037056__906242339861037056_0,misleading_camouflage,,,,,,,,,
,style_ablation,hurricane_harvey__906801256127254529__906801256127254529_0,clean,,,,,,,,,
,style_ablation,hurricane_harvey__906801256127254529__906801256127254529_0,benign_simple,,,,,,,,,
,style_ablation,hurricane_harvey__906801256127254529__906801256127254529_0,benign_news,,,,,,,,,
,style_ablation,hurricane_harvey__906801256127254529__906801256127254529_0,benign_camouflage,,,,,,,,,
,style_ablation,hurricane_harvey__906801256127254529__906801256127254529_0,direct_simple,,,,,,,,,
,style_ablation,hurricane_harvey__906801256127254529__906801256127254529_0,direct_news,,,,,,,,,
,style_ablation,hurricane_harvey__906801256127254529__906801256127254529_0,direct_camouflage,,,,,,,,,
,style_ablation,hurricane_harvey__906801256127254529__906801256127254529_0,misleading_simple,,,,,,,,,
,style_ablation,hurricane_harvey__906801256127254529__906801256127254529_0,misleading_news,,,,,,,,,
,style_ablation,hurricane_harvey__906801256127254529__906801256127254529_0,misleading_camouflage,,,,,,,,,
,style_ablation,hurricane_harvey__906918192550948865__906918192550948865_0,clean,,,,,,,,,
,style_ablation,hurricane_harvey__906918192550948865__906918192550948865_0,benign_simple,,,,,,,,,
,style_ablation,hurricane_harvey__906918192550948865__906918192550948865_0,benign_news,,,,,,,,,
,style_ablation,hurricane_harvey__906918192550948865__906918192550948865_0,benign_camouflage,,,,,,,,,
,style_ablation,hurricane_harvey__906918192550948865__906918192550948865_0,direct_simple,,,,,,,,,
,style_ablation,hurricane_harvey__906918192550948865__906918192550948865_0,direct_news,,,,,,,,,
,style_ablation,hurricane_harvey__906918192550948865__906918192550948865_0,direct_camouflage,,,,,,,,,
,style_ablation,hurricane_harvey__906918192550948865__906918192550948865_0,misleading_simple,,,,,,,,,
,style_ablation,hurricane_harvey__906918192550948865__906918192550948865_0,misleading_news,,,,,,,,,
,style_ablation,hurricane_harvey__906918192550948865__906918192550948865_0,misleading_camouflage,,,,,,,,,
,style_ablation,hurricane_harvey__907086785599213568__907086785599213568_0,clean,,,,,,,,,
,style_ablation,hurricane_harvey__907086785599213568__907086785599213568_0,benign_simple,,,,,,,,,
,style_ablation,hurricane_harvey__907086785599213568__907086785599213568_0,benign_news,,,,,,,,,
,style_ablation,hurricane_harvey__907086785599213568__907086785599213568_0,benign_camouflage,,,,,,,,,
,style_ablation,hurricane_harvey__907086785599213568__907086785599213568_0,direct_simple,,,,,,,,,
,style_ablation,hurricane_harvey__907086785599213568__907086785599213568_0,direct_news,,,,,,,,,
,style_ablation,hurricane_harvey__907086785599213568__907086785599213568_0,direct_camouflage,,,,,,,,,
,style_ablation,hurricane_harvey__907086785599213568__907086785599213568_0,misleading_simple,,,,,,,,,
,style_ablation,hurricane_harvey__907086785599213568__907086785599213568_0,misleading_news,,,,,,,,,
,style_ablation,hurricane_harvey__907086785599213568__907086785599213568_0,misleading_camouflage,,,,,,,,,
,style_ablation,hurricane_harvey__907153066864136193__907153066864136193_0,clean,,,,,,,,,
,style_ablation,hurricane_harvey__907153066864136193__907153066864136193_0,benign_simple,,,,,,,,,
,style_ablation,hurricane_harvey__907153066864136193__907153066864136193_0,benign_news,,,,,,,,,
,style_ablation,hurricane_harvey__907153066864136193__907153066864136193_0,benign_camouflage,,,,,,,,,
,style_ablation,hurricane_harvey__907153066864136193__907153066864136193_0,direct_simple,,,,,,,,,
,style_ablation,hurricane_harvey__907153066864136193__907153066864136193_0,direct_news,,,,,,,,,
,style_ablation,hurricane_harvey__907153066864136193__907153066864136193_0,direct_camouflage,,,,,,,,,
,style_ablation,hurricane_harvey__907153066864136193__907153066864136193_0,misleading_simple,,,,,,,,,
,style_ablation,hurricane_harvey__907153066864136193__907153066864136193_0,misleading_news,,,,,,,,,
,style_ablation,hurricane_harvey__907153066864136193__907153066864136193_0,misleading_camouflage,,,,,,,,,
,style_ablation,hurricane_harvey__907315724275695616__907315724275695616_0,clean,,,,,,,,,
,style_ablation,hurricane_harvey__907315724275695616__907315724275695616_0,benign_simple,,,,,,,,,
,style_ablation,hurricane_harvey__907315724275695616__907315724275695616_0,benign_news,,,,,,,,,
,style_ablation,hurricane_harvey__907315724275695616__907315724275695616_0,benign_camouflage,,,,,,,,,
,style_ablation,hurricane_harvey__907315724275695616__907315724275695616_0,direct_simple,,,,,,,,,
,style_ablation,hurricane_harvey__907315724275695616__907315724275695616_0,direct_news,,,,,,,,,
,style_ablation,hurricane_harvey__907315724275695616__907315724275695616_0,direct_camouflage,,,,,,,,,
,style_ablation,hurricane_harvey__907315724275695616__907315724275695616_0,misleading_simple,,,,,,,,,
,style_ablation,hurricane_harvey__907315724275695616__907315724275695616_0,misleading_news,,,,,,,,,
,style_ablation,hurricane_harvey__907315724275695616__907315724275695616_0,misleading_camouflage,,,,,,,,,
,style_ablation,hurricane_harvey__907398192567930882__907398192567930882_0,clean,,,,,,,,,
,style_ablation,hurricane_harvey__907398192567930882__907398192567930882_0,benign_simple,,,,,,,,,
,style_ablation,hurricane_harvey__907398192567930882__907398192567930882_0,benign_news,,,,,,,,,
,style_ablation,hurricane_harvey__907398192567930882__907398192567930882_0,benign_camouflage,,,,,,,,,
,style_ablation,hurricane_harvey__907398192567930882__907398192567930882_0,direct_simple,,,,,,,,,
,style_ablation,hurricane_harvey__907398192567930882__907398192567930882_0,direct_news,,,,,,,,,
,style_ablation,hurricane_harvey__907398192567930882__907398192567930882_0,direct_camouflage,,,,,,,,,
,style_ablation,hurricane_harvey__907398192567930882__907398192567930882_0,misleading_simple,,,,,,,,,
,style_ablation,hurricane_harvey__907398192567930882__907398192567930882_0,misleading_news,,,,,,,,,
,style_ablation,hurricane_harvey__907398192567930882__907398192567930882_0,misleading_camouflage,,,,,,,,,
,style_ablation,hurricane_harvey__908584190446264320__908584190446264320_0,clean,,,,,,,,,
,style_ablation,hurricane_harvey__908584190446264320__908584190446264320_0,benign_simple,,,,,,,,,
,style_ablation,hurricane_harvey__908584190446264320__908584190446264320_0,benign_news,,,,,,,,,
,style_ablation,hurricane_harvey__908584190446264320__908584190446264320_0,benign_camouflage,,,,,,,,,
,style_ablation,hurricane_harvey__908584190446264320__908584190446264320_0,direct_simple,,,,,,,,,
,style_ablation,hurricane_harvey__908584190446264320__908584190446264320_0,direct_news,,,,,,,,,
,style_ablation,hurricane_harvey__908584190446264320__908584190446264320_0,direct_camouflage,,,,,,,,,
,style_ablation,hurricane_harvey__908584190446264320__908584190446264320_0,misleading_simple,,,,,,,,,
,style_ablation,hurricane_harvey__908584190446264320__908584190446264320_0,misleading_news,,,,,,,,,
,style_ablation,hurricane_harvey__908584190446264320__908584190446264320_0,misleading_camouflage,,,,,,,,,
,style_ablation,hurricane_harvey__908912388002459648__908912388002459648_0,clean,,,,,,,,,
,style_ablation,hurricane_harvey__908912388002459648__908912388002459648_0,benign_simple,,,,,,,,,
,style_ablation,hurricane_harvey__908912388002459648__908912388002459648_0,benign_news,,,,,,,,,
,style_ablation,hurricane_harvey__908912388002459648__908912388002459648_0,benign_camouflage,,,,,,,,,
,style_ablation,hurricane_harvey__908912388002459648__908912388002459648_0,direct_simple,,,,,,,,,
,style_ablation,hurricane_harvey__908912388002459648__908912388002459648_0,direct_news,,,,,,,,,
,style_ablation,hurricane_harvey__908912388002459648__908912388002459648_0,direct_camouflage,,,,,,,,,
,style_ablation,hurricane_harvey__908912388002459648__908912388002459648_0,misleading_simple,,,,,,,,,
,style_ablation,hurricane_harvey__908912388002459648__908912388002459648_0,misleading_news,,,,,,,,,
,style_ablation,hurricane_harvey__908912388002459648__908912388002459648_0,misleading_camouflage,,,,,,,,,
,style_ablation,hurricane_harvey__909220520461180928__909220520461180928_0,clean,,,,,,,,,
,style_ablation,hurricane_harvey__909220520461180928__909220520461180928_0,benign_simple,,,,,,,,,
,style_ablation,hurricane_harvey__909220520461180928__909220520461180928_0,benign_news,,,,,,,,,
,style_ablation,hurricane_harvey__909220520461180928__909220520461180928_0,benign_camouflage,,,,,,,,,
,style_ablation,hurricane_harvey__909220520461180928__909220520461180928_0,direct_simple,,,,,,,,,
,style_ablation,hurricane_harvey__909220520461180928__909220520461180928_0,direct_news,,,,,,,,,
,style_ablation,hurricane_harvey__909220520461180928__909220520461180928_0,direct_camouflage,,,,,,,,,
,style_ablation,hurricane_harvey__909220520461180928__909220520461180928_0,misleading_simple,,,,,,,,,
,style_ablation,hurricane_harvey__909220520461180928__909220520461180928_0,misleading_news,,,,,,,,,
,style_ablation,hurricane_harvey__909220520461180928__909220520461180928_0,misleading_camouflage,,,,,,,,,
,style_ablation,hurricane_harvey__909819421606141953__909819421606141953_0,clean,,,,,,,,,
,style_ablation,hurricane_harvey__909819421606141953__909819421606141953_0,benign_simple,,,,,,,,,
,style_ablation,hurricane_harvey__909819421606141953__909819421606141953_0,benign_news,,,,,,,,,
,style_ablation,hurricane_harvey__909819421606141953__909819421606141953_0,benign_camouflage,,,,,,,,,
,style_ablation,hurricane_harvey__909819421606141953__909819421606141953_0,direct_simple,,,,,,,,,
,style_ablation,hurricane_harvey__909819421606141953__909819421606141953_0,direct_news,,,,,,,,,
,style_ablation,hurricane_harvey__909819421606141953__909819421606141953_0,direct_camouflage,,,,,,,,,
,style_ablation,hurricane_harvey__909819421606141953__909819421606141953_0,misleading_simple,,,,,,,,,
,style_ablation,hurricane_harvey__909819421606141953__909819421606141953_0,misleading_news,,,,,,,,,
,style_ablation,hurricane_harvey__909819421606141953__909819421606141953_0,misleading_camouflage,,,,,,,,,
,style_ablation,hurricane_irma__905701933339566080__905701933339566080_0,clean,,,,,,,,,
,style_ablation,hurricane_irma__905701933339566080__905701933339566080_0,benign_simple,,,,,,,,,
,style_ablation,hurricane_irma__905701933339566080__905701933339566080_0,benign_news,,,,,,,,,
,style_ablation,hurricane_irma__905701933339566080__905701933339566080_0,benign_camouflage,,,,,,,,,
,style_ablation,hurricane_irma__905701933339566080__905701933339566080_0,direct_simple,,,,,,,,,
,style_ablation,hurricane_irma__905701933339566080__905701933339566080_0,direct_news,,,,,,,,,
,style_ablation,hurricane_irma__905701933339566080__905701933339566080_0,direct_camouflage,,,,,,,,,
,style_ablation,hurricane_irma__905701933339566080__905701933339566080_0,misleading_simple,,,,,,,,,
,style_ablation,hurricane_irma__905701933339566080__905701933339566080_0,misleading_news,,,,,,,,,
,style_ablation,hurricane_irma__905701933339566080__905701933339566080_0,misleading_camouflage,,,,,,,,,
,style_ablation,hurricane_irma__909384142768492544__909384142768492544_0,clean,,,,,,,,,
,style_ablation,hurricane_irma__909384142768492544__909384142768492544_0,benign_simple,,,,,,,,,
,style_ablation,hurricane_irma__909384142768492544__909384142768492544_0,benign_news,,,,,,,,,
,style_ablation,hurricane_irma__909384142768492544__909384142768492544_0,benign_camouflage,,,,,,,,,
,style_ablation,hurricane_irma__909384142768492544__909384142768492544_0,direct_simple,,,,,,,,,
,style_ablation,hurricane_irma__909384142768492544__909384142768492544_0,direct_news,,,,,,,,,
,style_ablation,hurricane_irma__909384142768492544__909384142768492544_0,direct_camouflage,,,,,,,,,
,style_ablation,hurricane_irma__909384142768492544__909384142768492544_0,misleading_simple,,,,,,,,,
,style_ablation,hurricane_irma__909384142768492544__909384142768492544_0,misleading_news,,,,,,,,,
,style_ablation,hurricane_irma__909384142768492544__909384142768492544_0,misleading_camouflage,,,,,,,,,
,style_ablation,hurricane_irma__909385864500989952__909385864500989952_0,clean,,,,,,,,,
,style_ablation,hurricane_irma__909385864500989952__909385864500989952_0,benign_simple,,,,,,,,,
,style_ablation,hurricane_irma__909385864500989952__909385864500989952_0,benign_news,,,,,,,,,
,style_ablation,hurricane_irma__909385864500989952__909385864500989952_0,benign_camouflage,,,,,,,,,
,style_ablation,hurricane_irma__909385864500989952__909385864500989952_0,direct_simple,,,,,,,,,
,style_ablation,hurricane_irma__909385864500989952__909385864500989952_0,direct_news,,,,,,,,,
,style_ablation,hurricane_irma__909385864500989952__909385864500989952_0,direct_camouflage,,,,,,,,,
,style_ablation,hurricane_irma__909385864500989952__909385864500989952_0,misleading_simple,,,,,,,,,
,style_ablation,hurricane_irma__909385864500989952__909385864500989952_0,misleading_news,,,,,,,,,
,style_ablation,hurricane_irma__909385864500989952__909385864500989952_0,misleading_camouflage,,,,,,,,,
,style_ablation,hurricane_irma__909409487030771712__909409487030771712_0,clean,,,,,,,,,
,style_ablation,hurricane_irma__909409487030771712__909409487030771712_0,benign_simple,,,,,,,,,
,style_ablation,hurricane_irma__909409487030771712__909409487030771712_0,benign_news,,,,,,,,,
,style_ablation,hurricane_irma__909409487030771712__909409487030771712_0,benign_camouflage,,,,,,,,,
,style_ablation,hurricane_irma__909409487030771712__909409487030771712_0,direct_simple,,,,,,,,,
,style_ablation,hurricane_irma__909409487030771712__909409487030771712_0,direct_news,,,,,,,,,
,style_ablation,hurricane_irma__909409487030771712__909409487030771712_0,direct_camouflage,,,,,,,,,
,style_ablation,hurricane_irma__909409487030771712__909409487030771712_0,misleading_simple,,,,,,,,,
,style_ablation,hurricane_irma__909409487030771712__909409487030771712_0,misleading_news,,,,,,,,,
,style_ablation,hurricane_irma__909409487030771712__909409487030771712_0,misleading_camouflage,,,,,,,,,
,style_ablation,hurricane_irma__909418648996999168__909418648996999168_3,clean,,,,,,,,,
,style_ablation,hurricane_irma__909418648996999168__909418648996999168_3,benign_simple,,,,,,,,,
,style_ablation,hurricane_irma__909418648996999168__909418648996999168_3,benign_news,,,,,,,,,
,style_ablation,hurricane_irma__909418648996999168__909418648996999168_3,benign_camouflage,,,,,,,,,
,style_ablation,hurricane_irma__909418648996999168__909418648996999168_3,direct_simple,,,,,,,,,
,style_ablation,hurricane_irma__909418648996999168__909418648996999168_3,direct_news,,,,,,,,,
,style_ablation,hurricane_irma__909418648996999168__909418648996999168_3,direct_camouflage,,,,,,,,,
,style_ablation,hurricane_irma__909418648996999168__909418648996999168_3,misleading_simple,,,,,,,,,
,style_ablation,hurricane_irma__909418648996999168__909418648996999168_3,misleading_news,,,,,,,,,
,style_ablation,hurricane_irma__909418648996999168__909418648996999168_3,misleading_camouflage,,,,,,,,,
,style_ablation,hurricane_irma__909421586893070338__909421586893070338_0,clean,,,,,,,,,
,style_ablation,hurricane_irma__909421586893070338__909421586893070338_0,benign_simple,,,,,,,,,
,style_ablation,hurricane_irma__909421586893070338__909421586893070338_0,benign_news,,,,,,,,,
,style_ablation,hurricane_irma__909421586893070338__909421586893070338_0,benign_camouflage,,,,,,,,,
,style_ablation,hurricane_irma__909421586893070338__909421586893070338_0,direct_simple,,,,,,,,,
,style_ablation,hurricane_irma__909421586893070338__909421586893070338_0,direct_news,,,,,,,,,
,style_ablation,hurricane_irma__909421586893070338__909421586893070338_0,direct_camouflage,,,,,,,,,
,style_ablation,hurricane_irma__909421586893070338__909421586893070338_0,misleading_simple,,,,,,,,,
,style_ablation,hurricane_irma__909421586893070338__909421586893070338_0,misleading_news,,,,,,,,,
,style_ablation,hurricane_irma__909421586893070338__909421586893070338_0,misleading_camouflage,,,,,,,,,
,style_ablation,hurricane_irma__909451341067677696__909451341067677696_0,clean,,,,,,,,,
,style_ablation,hurricane_irma__909451341067677696__909451341067677696_0,benign_simple,,,,,,,,,
,style_ablation,hurricane_irma__909451341067677696__909451341067677696_0,benign_news,,,,,,,,,
,style_ablation,hurricane_irma__909451341067677696__909451341067677696_0,benign_camouflage,,,,,,,,,
,style_ablation,hurricane_irma__909451341067677696__909451341067677696_0,direct_simple,,,,,,,,,
,style_ablation,hurricane_irma__909451341067677696__909451341067677696_0,direct_news,,,,,,,,,
,style_ablation,hurricane_irma__909451341067677696__909451341067677696_0,direct_camouflage,,,,,,,,,
,style_ablation,hurricane_irma__909451341067677696__909451341067677696_0,misleading_simple,,,,,,,,,
,style_ablation,hurricane_irma__909451341067677696__909451341067677696_0,misleading_news,,,,,,,,,
,style_ablation,hurricane_irma__909451341067677696__909451341067677696_0,misleading_camouflage,,,,,,,,,
,style_ablation,hurricane_irma__909466733173465088__909466733173465088_0,clean,,,,,,,,,
,style_ablation,hurricane_irma__909466733173465088__909466733173465088_0,benign_simple,,,,,,,,,
,style_ablation,hurricane_irma__909466733173465088__909466733173465088_0,benign_news,,,,,,,,,
,style_ablation,hurricane_irma__909466733173465088__909466733173465088_0,benign_camouflage,,,,,,,,,
,style_ablation,hurricane_irma__909466733173465088__909466733173465088_0,direct_simple,,,,,,,,,
,style_ablation,hurricane_irma__909466733173465088__909466733173465088_0,direct_news,,,,,,,,,
,style_ablation,hurricane_irma__909466733173465088__909466733173465088_0,direct_camouflage,,,,,,,,,
,style_ablation,hurricane_irma__909466733173465088__909466733173465088_0,misleading_simple,,,,,,,,,
,style_ablation,hurricane_irma__909466733173465088__909466733173465088_0,misleading_news,,,,,,,,,
,style_ablation,hurricane_irma__909466733173465088__909466733173465088_0,misleading_camouflage,,,,,,,,,
,style_ablation,hurricane_irma__909481301274587136__909481301274587136_2,clean,,,,,,,,,
,style_ablation,hurricane_irma__909481301274587136__909481301274587136_2,benign_simple,,,,,,,,,
,style_ablation,hurricane_irma__909481301274587136__909481301274587136_2,benign_news,,,,,,,,,
,style_ablation,hurricane_irma__909481301274587136__909481301274587136_2,benign_camouflage,,,,,,,,,
,style_ablation,hurricane_irma__909481301274587136__909481301274587136_2,direct_simple,,,,,,,,,
,style_ablation,hurricane_irma__909481301274587136__909481301274587136_2,direct_news,,,,,,,,,
,style_ablation,hurricane_irma__909481301274587136__909481301274587136_2,direct_camouflage,,,,,,,,,
,style_ablation,hurricane_irma__909481301274587136__909481301274587136_2,misleading_simple,,,,,,,,,
,style_ablation,hurricane_irma__909481301274587136__909481301274587136_2,misleading_news,,,,,,,,,
,style_ablation,hurricane_irma__909481301274587136__909481301274587136_2,misleading_camouflage,,,,,,,,,
,style_ablation,hurricane_irma__909714323156733952__909714323156733952_0,clean,,,,,,,,,
,style_ablation,hurricane_irma__909714323156733952__909714323156733952_0,benign_simple,,,,,,,,,
,style_ablation,hurricane_irma__909714323156733952__909714323156733952_0,benign_news,,,,,,,,,
,style_ablation,hurricane_irma__909714323156733952__909714323156733952_0,benign_camouflage,,,,,,,,,
,style_ablation,hurricane_irma__909714323156733952__909714323156733952_0,direct_simple,,,,,,,,,
,style_ablation,hurricane_irma__909714323156733952__909714323156733952_0,direct_news,,,,,,,,,
,style_ablation,hurricane_irma__909714323156733952__909714323156733952_0,direct_camouflage,,,,,,,,,
,style_ablation,hurricane_irma__909714323156733952__909714323156733952_0,misleading_simple,,,,,,,,,
,style_ablation,hurricane_irma__909714323156733952__909714323156733952_0,misleading_news,,,,,,,,,
,style_ablation,hurricane_irma__909714323156733952__909714323156733952_0,misleading_camouflage,,,,,,,,,
,style_ablation,hurricane_irma__909742125662789632__909742125662789632_0,clean,,,,,,,,,
,style_ablation,hurricane_irma__909742125662789632__909742125662789632_0,benign_simple,,,,,,,,,
,style_ablation,hurricane_irma__909742125662789632__909742125662789632_0,benign_news,,,,,,,,,
,style_ablation,hurricane_irma__909742125662789632__909742125662789632_0,benign_camouflage,,,,,,,,,
,style_ablation,hurricane_irma__909742125662789632__909742125662789632_0,direct_simple,,,,,,,,,
,style_ablation,hurricane_irma__909742125662789632__909742125662789632_0,direct_news,,,,,,,,,
,style_ablation,hurricane_irma__909742125662789632__909742125662789632_0,direct_camouflage,,,,,,,,,
,style_ablation,hurricane_irma__909742125662789632__909742125662789632_0,misleading_simple,,,,,,,,,
,style_ablation,hurricane_irma__909742125662789632__909742125662789632_0,misleading_news,,,,,,,,,
,style_ablation,hurricane_irma__909742125662789632__909742125662789632_0,misleading_camouflage,,,,,,,,,
,style_ablation,hurricane_irma__909841216413429760__909841216413429760_0,clean,,,,,,,,,
,style_ablation,hurricane_irma__909841216413429760__909841216413429760_0,benign_simple,,,,,,,,,
,style_ablation,hurricane_irma__909841216413429760__909841216413429760_0,benign_news,,,,,,,,,
,style_ablation,hurricane_irma__909841216413429760__909841216413429760_0,benign_camouflage,,,,,,,,,
,style_ablation,hurricane_irma__909841216413429760__909841216413429760_0,direct_simple,,,,,,,,,
,style_ablation,hurricane_irma__909841216413429760__909841216413429760_0,direct_news,,,,,,,,,
,style_ablation,hurricane_irma__909841216413429760__909841216413429760_0,direct_camouflage,,,,,,,,,
,style_ablation,hurricane_irma__909841216413429760__909841216413429760_0,misleading_simple,,,,,,,,,
,style_ablation,hurricane_irma__909841216413429760__909841216413429760_0,misleading_news,,,,,,,,,
,style_ablation,hurricane_irma__909841216413429760__909841216413429760_0,misleading_camouflage,,,,,,,,,
,style_ablation,hurricane_irma__909874417425149952__909874417425149952_0,clean,,,,,,,,,
,style_ablation,hurricane_irma__909874417425149952__909874417425149952_0,benign_simple,,,,,,,,,
,style_ablation,hurricane_irma__909874417425149952__909874417425149952_0,benign_news,,,,,,,,,
,style_ablation,hurricane_irma__909874417425149952__909874417425149952_0,benign_camouflage,,,,,,,,,
,style_ablation,hurricane_irma__909874417425149952__909874417425149952_0,direct_simple,,,,,,,,,
,style_ablation,hurricane_irma__909874417425149952__909874417425149952_0,direct_news,,,,,,,,,
,style_ablation,hurricane_irma__909874417425149952__909874417425149952_0,direct_camouflage,,,,,,,,,
,style_ablation,hurricane_irma__909874417425149952__909874417425149952_0,misleading_simple,,,,,,,,,
,style_ablation,hurricane_irma__909874417425149952__909874417425149952_0,misleading_news,,,,,,,,,
,style_ablation,hurricane_irma__909874417425149952__909874417425149952_0,misleading_camouflage,,,,,,,,,
,style_ablation,hurricane_irma__909927931316703233__909927931316703233_0,clean,,,,,,,,,
,style_ablation,hurricane_irma__909927931316703233__909927931316703233_0,benign_simple,,,,,,,,,
,style_ablation,hurricane_irma__909927931316703233__909927931316703233_0,benign_news,,,,,,,,,
,style_ablation,hurricane_irma__909927931316703233__909927931316703233_0,benign_camouflage,,,,,,,,,
,style_ablation,hurricane_irma__909927931316703233__909927931316703233_0,direct_simple,,,,,,,,,
,style_ablation,hurricane_irma__909927931316703233__909927931316703233_0,direct_news,,,,,,,,,
,style_ablation,hurricane_irma__909927931316703233__909927931316703233_0,direct_camouflage,,,,,,,,,
,style_ablation,hurricane_irma__909927931316703233__909927931316703233_0,misleading_simple,,,,,,,,,
,style_ablation,hurricane_irma__909927931316703233__909927931316703233_0,misleading_news,,,,,,,,,
,style_ablation,hurricane_irma__909927931316703233__909927931316703233_0,misleading_camouflage,,,,,,,,,
,style_ablation,hurricane_irma__909974100419911680__909974100419911680_0,clean,,,,,,,,,
,style_ablation,hurricane_irma__909974100419911680__909974100419911680_0,benign_simple,,,,,,,,,
,style_ablation,hurricane_irma__909974100419911680__909974100419911680_0,benign_news,,,,,,,,,
,style_ablation,hurricane_irma__909974100419911680__909974100419911680_0,benign_camouflage,,,,,,,,,
,style_ablation,hurricane_irma__909974100419911680__909974100419911680_0,direct_simple,,,,,,,,,
,style_ablation,hurricane_irma__909974100419911680__909974100419911680_0,direct_news,,,,,,,,,
,style_ablation,hurricane_irma__909974100419911680__909974100419911680_0,direct_camouflage,,,,,,,,,
,style_ablation,hurricane_irma__909974100419911680__909974100419911680_0,misleading_simple,,,,,,,,,
,style_ablation,hurricane_irma__909974100419911680__909974100419911680_0,misleading_news,,,,,,,,,
,style_ablation,hurricane_irma__909974100419911680__909974100419911680_0,misleading_camouflage,,,,,,,,,
,style_ablation,hurricane_irma__910066988596305922__910066988596305922_0,clean,,,,,,,,,
,style_ablation,hurricane_irma__910066988596305922__910066988596305922_0,benign_simple,,,,,,,,,
,style_ablation,hurricane_irma__910066988596305922__910066988596305922_0,benign_news,,,,,,,,,
,style_ablation,hurricane_irma__910066988596305922__910066988596305922_0,benign_camouflage,,,,,,,,,
,style_ablation,hurricane_irma__910066988596305922__910066988596305922_0,direct_simple,,,,,,,,,
,style_ablation,hurricane_irma__910066988596305922__910066988596305922_0,direct_news,,,,,,,,,
,style_ablation,hurricane_irma__910066988596305922__910066988596305922_0,direct_camouflage,,,,,,,,,
,style_ablation,hurricane_irma__910066988596305922__910066988596305922_0,misleading_simple,,,,,,,,,
,style_ablation,hurricane_irma__910066988596305922__910066988596305922_0,misleading_news,,,,,,,,,
,style_ablation,hurricane_irma__910066988596305922__910066988596305922_0,misleading_camouflage,,,,,,,,,
,style_ablation,hurricane_irma__910140800658497537__910140800658497537_0,clean,,,,,,,,,
,style_ablation,hurricane_irma__910140800658497537__910140800658497537_0,benign_simple,,,,,,,,,
,style_ablation,hurricane_irma__910140800658497537__910140800658497537_0,benign_news,,,,,,,,,
,style_ablation,hurricane_irma__910140800658497537__910140800658497537_0,benign_camouflage,,,,,,,,,
,style_ablation,hurricane_irma__910140800658497537__910140800658497537_0,direct_simple,,,,,,,,,
,style_ablation,hurricane_irma__910140800658497537__910140800658497537_0,direct_news,,,,,,,,,
,style_ablation,hurricane_irma__910140800658497537__910140800658497537_0,direct_camouflage,,,,,,,,,
,style_ablation,hurricane_irma__910140800658497537__910140800658497537_0,misleading_simple,,,,,,,,,
,style_ablation,hurricane_irma__910140800658497537__910140800658497537_0,misleading_news,,,,,,,,,
,style_ablation,hurricane_irma__910140800658497537__910140800658497537_0,misleading_camouflage,,,,,,,,,
,style_ablation,hurricane_irma__910149254097850368__910149254097850368_0,clean,,,,,,,,,
,style_ablation,hurricane_irma__910149254097850368__910149254097850368_0,benign_simple,,,,,,,,,
,style_ablation,hurricane_irma__910149254097850368__910149254097850368_0,benign_news,,,,,,,,,
,style_ablation,hurricane_irma__910149254097850368__910149254097850368_0,benign_camouflage,,,,,,,,,
,style_ablation,hurricane_irma__910149254097850368__910149254097850368_0,direct_simple,,,,,,,,,
,style_ablation,hurricane_irma__910149254097850368__910149254097850368_0,direct_news,,,,,,,,,
,style_ablation,hurricane_irma__910149254097850368__910149254097850368_0,direct_camouflage,,,,,,,,,
,style_ablation,hurricane_irma__910149254097850368__910149254097850368_0,misleading_simple,,,,,,,,,
,style_ablation,hurricane_irma__910149254097850368__910149254097850368_0,misleading_news,,,,,,,,,
,style_ablation,hurricane_irma__910149254097850368__910149254097850368_0,misleading_camouflage,,,,,,,,,
,style_ablation,hurricane_irma__910170497689759744__910170497689759744_0,clean,,,,,,,,,
,style_ablation,hurricane_irma__910170497689759744__910170497689759744_0,benign_simple,,,,,,,,,
,style_ablation,hurricane_irma__910170497689759744__910170497689759744_0,benign_news,,,,,,,,,
,style_ablation,hurricane_irma__910170497689759744__910170497689759744_0,benign_camouflage,,,,,,,,,
,style_ablation,hurricane_irma__910170497689759744__910170497689759744_0,direct_simple,,,,,,,,,
,style_ablation,hurricane_irma__910170497689759744__910170497689759744_0,direct_news,,,,,,,,,
,style_ablation,hurricane_irma__910170497689759744__910170497689759744_0,direct_camouflage,,,,,,,,,
,style_ablation,hurricane_irma__910170497689759744__910170497689759744_0,misleading_simple,,,,,,,,,
,style_ablation,hurricane_irma__910170497689759744__910170497689759744_0,misleading_news,,,,,,,,,
,style_ablation,hurricane_irma__910170497689759744__910170497689759744_0,misleading_camouflage,,,,,,,,,
,style_ablation,hurricane_irma__910192887723413505__910192887723413505_0,clean,,,,,,,,,
,style_ablation,hurricane_irma__910192887723413505__910192887723413505_0,benign_simple,,,,,,,,,
,style_ablation,hurricane_irma__910192887723413505__910192887723413505_0,benign_news,,,,,,,,,
,style_ablation,hurricane_irma__910192887723413505__910192887723413505_0,benign_camouflage,,,,,,,,,
,style_ablation,hurricane_irma__910192887723413505__910192887723413505_0,direct_simple,,,,,,,,,
,style_ablation,hurricane_irma__910192887723413505__910192887723413505_0,direct_news,,,,,,,,,
,style_ablation,hurricane_irma__910192887723413505__910192887723413505_0,direct_camouflage,,,,,,,,,
,style_ablation,hurricane_irma__910192887723413505__910192887723413505_0,misleading_simple,,,,,,,,,
,style_ablation,hurricane_irma__910192887723413505__910192887723413505_0,misleading_news,,,,,,,,,
,style_ablation,hurricane_irma__910192887723413505__910192887723413505_0,misleading_camouflage,,,,,,,,,
,style_ablation,hurricane_irma__910194740905353216__910194740905353216_0,clean,,,,,,,,,
,style_ablation,hurricane_irma__910194740905353216__910194740905353216_0,benign_simple,,,,,,,,,
,style_ablation,hurricane_irma__910194740905353216__910194740905353216_0,benign_news,,,,,,,,,
,style_ablation,hurricane_irma__910194740905353216__910194740905353216_0,benign_camouflage,,,,,,,,,
,style_ablation,hurricane_irma__910194740905353216__910194740905353216_0,direct_simple,,,,,,,,,
,style_ablation,hurricane_irma__910194740905353216__910194740905353216_0,direct_news,,,,,,,,,
,style_ablation,hurricane_irma__910194740905353216__910194740905353216_0,direct_camouflage,,,,,,,,,
,style_ablation,hurricane_irma__910194740905353216__910194740905353216_0,misleading_simple,,,,,,,,,
,style_ablation,hurricane_irma__910194740905353216__910194740905353216_0,misleading_news,,,,,,,,,
,style_ablation,hurricane_irma__910194740905353216__910194740905353216_0,misleading_camouflage,,,,,,,,,
,style_ablation,hurricane_irma__910198685685944321__910198685685944321_0,clean,,,,,,,,,
,style_ablation,hurricane_irma__910198685685944321__910198685685944321_0,benign_simple,,,,,,,,,
,style_ablation,hurricane_irma__910198685685944321__910198685685944321_0,benign_news,,,,,,,,,
,style_ablation,hurricane_irma__910198685685944321__910198685685944321_0,benign_camouflage,,,,,,,,,
,style_ablation,hurricane_irma__910198685685944321__910198685685944321_0,direct_simple,,,,,,,,,
,style_ablation,hurricane_irma__910198685685944321__910198685685944321_0,direct_news,,,,,,,,,
,style_ablation,hurricane_irma__910198685685944321__910198685685944321_0,direct_camouflage,,,,,,,,,
,style_ablation,hurricane_irma__910198685685944321__910198685685944321_0,misleading_simple,,,,,,,,,
,style_ablation,hurricane_irma__910198685685944321__910198685685944321_0,misleading_news,,,,,,,,,
,style_ablation,hurricane_irma__910198685685944321__910198685685944321_0,misleading_camouflage,,,,,,,,,
,style_ablation,hurricane_irma__910199425972211713__910199425972211713_0,clean,,,,,,,,,
,style_ablation,hurricane_irma__910199425972211713__910199425972211713_0,benign_simple,,,,,,,,,
,style_ablation,hurricane_irma__910199425972211713__910199425972211713_0,benign_news,,,,,,,,,
,style_ablation,hurricane_irma__910199425972211713__910199425972211713_0,benign_camouflage,,,,,,,,,
,style_ablation,hurricane_irma__910199425972211713__910199425972211713_0,direct_simple,,,,,,,,,
,style_ablation,hurricane_irma__910199425972211713__910199425972211713_0,direct_news,,,,,,,,,
,style_ablation,hurricane_irma__910199425972211713__910199425972211713_0,direct_camouflage,,,,,,,,,
,style_ablation,hurricane_irma__910199425972211713__910199425972211713_0,misleading_simple,,,,,,,,,
,style_ablation,hurricane_irma__910199425972211713__910199425972211713_0,misleading_news,,,,,,,,,
,style_ablation,hurricane_irma__910199425972211713__910199425972211713_0,misleading_camouflage,,,,,,,,,
,style_ablation,hurricane_irma__910244526392008704__910244526392008704_0,clean,,,,,,,,,
,style_ablation,hurricane_irma__910244526392008704__910244526392008704_0,benign_simple,,,,,,,,,
,style_ablation,hurricane_irma__910244526392008704__910244526392008704_0,benign_news,,,,,,,,,
,style_ablation,hurricane_irma__910244526392008704__910244526392008704_0,benign_camouflage,,,,,,,,,
,style_ablation,hurricane_irma__910244526392008704__910244526392008704_0,direct_simple,,,,,,,,,
,style_ablation,hurricane_irma__910244526392008704__910244526392008704_0,direct_news,,,,,,,,,
,style_ablation,hurricane_irma__910244526392008704__910244526392008704_0,direct_camouflage,,,,,,,,,
,style_ablation,hurricane_irma__910244526392008704__910244526392008704_0,misleading_simple,,,,,,,,,
,style_ablation,hurricane_irma__910244526392008704__910244526392008704_0,misleading_news,,,,,,,,,
,style_ablation,hurricane_irma__910244526392008704__910244526392008704_0,misleading_camouflage,,,,,,,,,
,style_ablation,hurricane_irma__910247377105297413__910247377105297413_0,clean,,,,,,,,,
,style_ablation,hurricane_irma__910247377105297413__910247377105297413_0,benign_simple,,,,,,,,,
,style_ablation,hurricane_irma__910247377105297413__910247377105297413_0,benign_news,,,,,,,,,
,style_ablation,hurricane_irma__910247377105297413__910247377105297413_0,benign_camouflage,,,,,,,,,
,style_ablation,hurricane_irma__910247377105297413__910247377105297413_0,direct_simple,,,,,,,,,
,style_ablation,hurricane_irma__910247377105297413__910247377105297413_0,direct_news,,,,,,,,,
,style_ablation,hurricane_irma__910247377105297413__910247377105297413_0,direct_camouflage,,,,,,,,,
,style_ablation,hurricane_irma__910247377105297413__910247377105297413_0,misleading_simple,,,,,,,,,
,style_ablation,hurricane_irma__910247377105297413__910247377105297413_0,misleading_news,,,,,,,,,
,style_ablation,hurricane_irma__910247377105297413__910247377105297413_0,misleading_camouflage,,,,,,,,,
,style_ablation,hurricane_irma__910255847346987009__910255847346987009_0,clean,,,,,,,,,
,style_ablation,hurricane_irma__910255847346987009__910255847346987009_0,benign_simple,,,,,,,,,
,style_ablation,hurricane_irma__910255847346987009__910255847346987009_0,benign_news,,,,,,,,,
,style_ablation,hurricane_irma__910255847346987009__910255847346987009_0,benign_camouflage,,,,,,,,,
,style_ablation,hurricane_irma__910255847346987009__910255847346987009_0,direct_simple,,,,,,,,,
,style_ablation,hurricane_irma__910255847346987009__910255847346987009_0,direct_news,,,,,,,,,
,style_ablation,hurricane_irma__910255847346987009__910255847346987009_0,direct_camouflage,,,,,,,,,
,style_ablation,hurricane_irma__910255847346987009__910255847346987009_0,misleading_simple,,,,,,,,,
,style_ablation,hurricane_irma__910255847346987009__910255847346987009_0,misleading_news,,,,,,,,,
,style_ablation,hurricane_irma__910255847346987009__910255847346987009_0,misleading_camouflage,,,,,,,,,
,style_ablation,hurricane_irma__910260829324324864__910260829324324864_0,clean,,,,,,,,,
,style_ablation,hurricane_irma__910260829324324864__910260829324324864_0,benign_simple,,,,,,,,,
,style_ablation,hurricane_irma__910260829324324864__910260829324324864_0,benign_news,,,,,,,,,
,style_ablation,hurricane_irma__910260829324324864__910260829324324864_0,benign_camouflage,,,,,,,,,
,style_ablation,hurricane_irma__910260829324324864__910260829324324864_0,direct_simple,,,,,,,,,
,style_ablation,hurricane_irma__910260829324324864__910260829324324864_0,direct_news,,,,,,,,,
,style_ablation,hurricane_irma__910260829324324864__910260829324324864_0,direct_camouflage,,,,,,,,,
,style_ablation,hurricane_irma__910260829324324864__910260829324324864_0,misleading_simple,,,,,,,,,
,style_ablation,hurricane_irma__910260829324324864__910260829324324864_0,misleading_news,,,,,,,,,
,style_ablation,hurricane_irma__910260829324324864__910260829324324864_0,misleading_camouflage,,,,,,,,,
,style_ablation,hurricane_maria__910624383978192898__910624383978192898_0,clean,,,,,,,,,
,style_ablation,hurricane_maria__910624383978192898__910624383978192898_0,benign_simple,,,,,,,,,
,style_ablation,hurricane_maria__910624383978192898__910624383978192898_0,benign_news,,,,,,,,,
,style_ablation,hurricane_maria__910624383978192898__910624383978192898_0,benign_camouflage,,,,,,,,,
,style_ablation,hurricane_maria__910624383978192898__910624383978192898_0,direct_simple,,,,,,,,,
,style_ablation,hurricane_maria__910624383978192898__910624383978192898_0,direct_news,,,,,,,,,
,style_ablation,hurricane_maria__910624383978192898__910624383978192898_0,direct_camouflage,,,,,,,,,
,style_ablation,hurricane_maria__910624383978192898__910624383978192898_0,misleading_simple,,,,,,,,,
,style_ablation,hurricane_maria__910624383978192898__910624383978192898_0,misleading_news,,,,,,,,,
,style_ablation,hurricane_maria__910624383978192898__910624383978192898_0,misleading_camouflage,,,,,,,,,
,style_ablation,hurricane_maria__910782807324057600__910782807324057600_0,clean,,,,,,,,,
,style_ablation,hurricane_maria__910782807324057600__910782807324057600_0,benign_simple,,,,,,,,,
,style_ablation,hurricane_maria__910782807324057600__910782807324057600_0,benign_news,,,,,,,,,
,style_ablation,hurricane_maria__910782807324057600__910782807324057600_0,benign_camouflage,,,,,,,,,
,style_ablation,hurricane_maria__910782807324057600__910782807324057600_0,direct_simple,,,,,,,,,
,style_ablation,hurricane_maria__910782807324057600__910782807324057600_0,direct_news,,,,,,,,,
,style_ablation,hurricane_maria__910782807324057600__910782807324057600_0,direct_camouflage,,,,,,,,,
,style_ablation,hurricane_maria__910782807324057600__910782807324057600_0,misleading_simple,,,,,,,,,
,style_ablation,hurricane_maria__910782807324057600__910782807324057600_0,misleading_news,,,,,,,,,
,style_ablation,hurricane_maria__910782807324057600__910782807324057600_0,misleading_camouflage,,,,,,,,,
,style_ablation,hurricane_maria__911554774008500224__911554774008500224_0,clean,,,,,,,,,
,style_ablation,hurricane_maria__911554774008500224__911554774008500224_0,benign_simple,,,,,,,,,
,style_ablation,hurricane_maria__911554774008500224__911554774008500224_0,benign_news,,,,,,,,,
,style_ablation,hurricane_maria__911554774008500224__911554774008500224_0,benign_camouflage,,,,,,,,,
,style_ablation,hurricane_maria__911554774008500224__911554774008500224_0,direct_simple,,,,,,,,,
,style_ablation,hurricane_maria__911554774008500224__911554774008500224_0,direct_news,,,,,,,,,
,style_ablation,hurricane_maria__911554774008500224__911554774008500224_0,direct_camouflage,,,,,,,,,
,style_ablation,hurricane_maria__911554774008500224__911554774008500224_0,misleading_simple,,,,,,,,,
,style_ablation,hurricane_maria__911554774008500224__911554774008500224_0,misleading_news,,,,,,,,,
,style_ablation,hurricane_maria__911554774008500224__911554774008500224_0,misleading_camouflage,,,,,,,,,
,style_ablation,hurricane_maria__911634445035278337__911634445035278337_0,clean,,,,,,,,,
,style_ablation,hurricane_maria__911634445035278337__911634445035278337_0,benign_simple,,,,,,,,,
,style_ablation,hurricane_maria__911634445035278337__911634445035278337_0,benign_news,,,,,,,,,
,style_ablation,hurricane_maria__911634445035278337__911634445035278337_0,benign_camouflage,,,,,,,,,
,style_ablation,hurricane_maria__911634445035278337__911634445035278337_0,direct_simple,,,,,,,,,
,style_ablation,hurricane_maria__911634445035278337__911634445035278337_0,direct_news,,,,,,,,,
,style_ablation,hurricane_maria__911634445035278337__911634445035278337_0,direct_camouflage,,,,,,,,,
,style_ablation,hurricane_maria__911634445035278337__911634445035278337_0,misleading_simple,,,,,,,,,
,style_ablation,hurricane_maria__911634445035278337__911634445035278337_0,misleading_news,,,,,,,,,
,style_ablation,hurricane_maria__911634445035278337__911634445035278337_0,misleading_camouflage,,,,,,,,,
,style_ablation,hurricane_maria__911646715073171456__911646715073171456_0,clean,,,,,,,,,
,style_ablation,hurricane_maria__911646715073171456__911646715073171456_0,benign_simple,,,,,,,,,
,style_ablation,hurricane_maria__911646715073171456__911646715073171456_0,benign_news,,,,,,,,,
,style_ablation,hurricane_maria__911646715073171456__911646715073171456_0,benign_camouflage,,,,,,,,,
,style_ablation,hurricane_maria__911646715073171456__911646715073171456_0,direct_simple,,,,,,,,,
,style_ablation,hurricane_maria__911646715073171456__911646715073171456_0,direct_news,,,,,,,,,
,style_ablation,hurricane_maria__911646715073171456__911646715073171456_0,direct_camouflage,,,,,,,,,
,style_ablation,hurricane_maria__911646715073171456__911646715073171456_0,misleading_simple,,,,,,,,,
,style_ablation,hurricane_maria__911646715073171456__911646715073171456_0,misleading_news,,,,,,,,,
,style_ablation,hurricane_maria__911646715073171456__911646715073171456_0,misleading_camouflage,,,,,,,,,
,style_ablation,hurricane_maria__911753146757795842__911753146757795842_2,clean,,,,,,,,,
,style_ablation,hurricane_maria__911753146757795842__911753146757795842_2,benign_simple,,,,,,,,,
,style_ablation,hurricane_maria__911753146757795842__911753146757795842_2,benign_news,,,,,,,,,
,style_ablation,hurricane_maria__911753146757795842__911753146757795842_2,benign_camouflage,,,,,,,,,
,style_ablation,hurricane_maria__911753146757795842__911753146757795842_2,direct_simple,,,,,,,,,
,style_ablation,hurricane_maria__911753146757795842__911753146757795842_2,direct_news,,,,,,,,,
,style_ablation,hurricane_maria__911753146757795842__911753146757795842_2,direct_camouflage,,,,,,,,,
,style_ablation,hurricane_maria__911753146757795842__911753146757795842_2,misleading_simple,,,,,,,,,
,style_ablation,hurricane_maria__911753146757795842__911753146757795842_2,misleading_news,,,,,,,,,
,style_ablation,hurricane_maria__911753146757795842__911753146757795842_2,misleading_camouflage,,,,,,,,,
,style_ablation,hurricane_maria__911881820559544320__911881820559544320_3,clean,,,,,,,,,
,style_ablation,hurricane_maria__911881820559544320__911881820559544320_3,benign_simple,,,,,,,,,
,style_ablation,hurricane_maria__911881820559544320__911881820559544320_3,benign_news,,,,,,,,,
,style_ablation,hurricane_maria__911881820559544320__911881820559544320_3,benign_camouflage,,,,,,,,,
,style_ablation,hurricane_maria__911881820559544320__911881820559544320_3,direct_simple,,,,,,,,,
,style_ablation,hurricane_maria__911881820559544320__911881820559544320_3,direct_news,,,,,,,,,
,style_ablation,hurricane_maria__911881820559544320__911881820559544320_3,direct_camouflage,,,,,,,,,
,style_ablation,hurricane_maria__911881820559544320__911881820559544320_3,misleading_simple,,,,,,,,,
,style_ablation,hurricane_maria__911881820559544320__911881820559544320_3,misleading_news,,,,,,,,,
,style_ablation,hurricane_maria__911881820559544320__911881820559544320_3,misleading_camouflage,,,,,,,,,
,style_ablation,hurricane_maria__912424696163028999__912424696163028999_0,clean,,,,,,,,,
,style_ablation,hurricane_maria__912424696163028999__912424696163028999_0,benign_simple,,,,,,,,,
,style_ablation,hurricane_maria__912424696163028999__912424696163028999_0,benign_news,,,,,,,,,
,style_ablation,hurricane_maria__912424696163028999__912424696163028999_0,benign_camouflage,,,,,,,,,
,style_ablation,hurricane_maria__912424696163028999__912424696163028999_0,direct_simple,,,,,,,,,
,style_ablation,hurricane_maria__912424696163028999__912424696163028999_0,direct_news,,,,,,,,,
,style_ablation,hurricane_maria__912424696163028999__912424696163028999_0,direct_camouflage,,,,,,,,,
,style_ablation,hurricane_maria__912424696163028999__912424696163028999_0,misleading_simple,,,,,,,,,
,style_ablation,hurricane_maria__912424696163028999__912424696163028999_0,misleading_news,,,,,,,,,
,style_ablation,hurricane_maria__912424696163028999__912424696163028999_0,misleading_camouflage,,,,,,,,,
,style_ablation,hurricane_maria__912460997603999744__912460997603999744_0,clean,,,,,,,,,
,style_ablation,hurricane_maria__912460997603999744__912460997603999744_0,benign_simple,,,,,,,,,
,style_ablation,hurricane_maria__912460997603999744__912460997603999744_0,benign_news,,,,,,,,,
,style_ablation,hurricane_maria__912460997603999744__912460997603999744_0,benign_camouflage,,,,,,,,,
,style_ablation,hurricane_maria__912460997603999744__912460997603999744_0,direct_simple,,,,,,,,,
,style_ablation,hurricane_maria__912460997603999744__912460997603999744_0,direct_news,,,,,,,,,
,style_ablation,hurricane_maria__912460997603999744__912460997603999744_0,direct_camouflage,,,,,,,,,
,style_ablation,hurricane_maria__912460997603999744__912460997603999744_0,misleading_simple,,,,,,,,,
,style_ablation,hurricane_maria__912460997603999744__912460997603999744_0,misleading_news,,,,,,,,,
,style_ablation,hurricane_maria__912460997603999744__912460997603999744_0,misleading_camouflage,,,,,,,,,
,style_ablation,hurricane_maria__913101371246878726__913101371246878726_0,clean,,,,,,,,,
,style_ablation,hurricane_maria__913101371246878726__913101371246878726_0,benign_simple,,,,,,,,,
,style_ablation,hurricane_maria__913101371246878726__913101371246878726_0,benign_news,,,,,,,,,
,style_ablation,hurricane_maria__913101371246878726__913101371246878726_0,benign_camouflage,,,,,,,,,
,style_ablation,hurricane_maria__913101371246878726__913101371246878726_0,direct_simple,,,,,,,,,
,style_ablation,hurricane_maria__913101371246878726__913101371246878726_0,direct_news,,,,,,,,,
,style_ablation,hurricane_maria__913101371246878726__913101371246878726_0,direct_camouflage,,,,,,,,,
,style_ablation,hurricane_maria__913101371246878726__913101371246878726_0,misleading_simple,,,,,,,,,
,style_ablation,hurricane_maria__913101371246878726__913101371246878726_0,misleading_news,,,,,,,,,
,style_ablation,hurricane_maria__913101371246878726__913101371246878726_0,misleading_camouflage,,,,,,,,,
,style_ablation,hurricane_maria__913379706556338176__913379706556338176_0,clean,,,,,,,,,
,style_ablation,hurricane_maria__913379706556338176__913379706556338176_0,benign_simple,,,,,,,,,
,style_ablation,hurricane_maria__913379706556338176__913379706556338176_0,benign_news,,,,,,,,,
,style_ablation,hurricane_maria__913379706556338176__913379706556338176_0,benign_camouflage,,,,,,,,,
,style_ablation,hurricane_maria__913379706556338176__913379706556338176_0,direct_simple,,,,,,,,,
,style_ablation,hurricane_maria__913379706556338176__913379706556338176_0,direct_news,,,,,,,,,
,style_ablation,hurricane_maria__913379706556338176__913379706556338176_0,direct_camouflage,,,,,,,,,
,style_ablation,hurricane_maria__913379706556338176__913379706556338176_0,misleading_simple,,,,,,,,,
,style_ablation,hurricane_maria__913379706556338176__913379706556338176_0,misleading_news,,,,,,,,,
,style_ablation,hurricane_maria__913379706556338176__913379706556338176_0,misleading_camouflage,,,,,,,,,
,style_ablation,hurricane_maria__914372204787355648__914372204787355648_0,clean,,,,,,,,,
,style_ablation,hurricane_maria__914372204787355648__914372204787355648_0,benign_simple,,,,,,,,,
,style_ablation,hurricane_maria__914372204787355648__914372204787355648_0,benign_news,,,,,,,,,
,style_ablation,hurricane_maria__914372204787355648__914372204787355648_0,benign_camouflage,,,,,,,,,
,style_ablation,hurricane_maria__914372204787355648__914372204787355648_0,direct_simple,,,,,,,,,
,style_ablation,hurricane_maria__914372204787355648__914372204787355648_0,direct_news,,,,,,,,,
,style_ablation,hurricane_maria__914372204787355648__914372204787355648_0,direct_camouflage,,,,,,,,,
,style_ablation,hurricane_maria__914372204787355648__914372204787355648_0,misleading_simple,,,,,,,,,
,style_ablation,hurricane_maria__914372204787355648__914372204787355648_0,misleading_news,,,,,,,,,
,style_ablation,hurricane_maria__914372204787355648__914372204787355648_0,misleading_camouflage,,,,,,,,,
,style_ablation,hurricane_maria__921419527489032192__921419527489032192_0,clean,,,,,,,,,
,style_ablation,hurricane_maria__921419527489032192__921419527489032192_0,benign_simple,,,,,,,,,
,style_ablation,hurricane_maria__921419527489032192__921419527489032192_0,benign_news,,,,,,,,,
,style_ablation,hurricane_maria__921419527489032192__921419527489032192_0,benign_camouflage,,,,,,,,,
,style_ablation,hurricane_maria__921419527489032192__921419527489032192_0,direct_simple,,,,,,,,,
,style_ablation,hurricane_maria__921419527489032192__921419527489032192_0,direct_news,,,,,,,,,
,style_ablation,hurricane_maria__921419527489032192__921419527489032192_0,direct_camouflage,,,,,,,,,
,style_ablation,hurricane_maria__921419527489032192__921419527489032192_0,misleading_simple,,,,,,,,,
,style_ablation,hurricane_maria__921419527489032192__921419527489032192_0,misleading_news,,,,,,,,,
,style_ablation,hurricane_maria__921419527489032192__921419527489032192_0,misleading_camouflage,,,,,,,,,
,style_ablation,hurricane_maria__921723467631939585__921723467631939585_0,clean,,,,,,,,,
,style_ablation,hurricane_maria__921723467631939585__921723467631939585_0,benign_simple,,,,,,,,,
,style_ablation,hurricane_maria__921723467631939585__921723467631939585_0,benign_news,,,,,,,,,
,style_ablation,hurricane_maria__921723467631939585__921723467631939585_0,benign_camouflage,,,,,,,,,
,style_ablation,hurricane_maria__921723467631939585__921723467631939585_0,direct_simple,,,,,,,,,
,style_ablation,hurricane_maria__921723467631939585__921723467631939585_0,direct_news,,,,,,,,,
,style_ablation,hurricane_maria__921723467631939585__921723467631939585_0,direct_camouflage,,,,,,,,,
,style_ablation,hurricane_maria__921723467631939585__921723467631939585_0,misleading_simple,,,,,,,,,
,style_ablation,hurricane_maria__921723467631939585__921723467631939585_0,misleading_news,,,,,,,,,
,style_ablation,hurricane_maria__921723467631939585__921723467631939585_0,misleading_camouflage,,,,,,,,,
,style_ablation,hurricane_maria__921853322570731520__921853322570731520_1,clean,,,,,,,,,
,style_ablation,hurricane_maria__921853322570731520__921853322570731520_1,benign_simple,,,,,,,,,
,style_ablation,hurricane_maria__921853322570731520__921853322570731520_1,benign_news,,,,,,,,,
,style_ablation,hurricane_maria__921853322570731520__921853322570731520_1,benign_camouflage,,,,,,,,,
,style_ablation,hurricane_maria__921853322570731520__921853322570731520_1,direct_simple,,,,,,,,,
,style_ablation,hurricane_maria__921853322570731520__921853322570731520_1,direct_news,,,,,,,,,
,style_ablation,hurricane_maria__921853322570731520__921853322570731520_1,direct_camouflage,,,,,,,,,
,style_ablation,hurricane_maria__921853322570731520__921853322570731520_1,misleading_simple,,,,,,,,,
,style_ablation,hurricane_maria__921853322570731520__921853322570731520_1,misleading_news,,,,,,,,,
,style_ablation,hurricane_maria__921853322570731520__921853322570731520_1,misleading_camouflage,,,,,,,,,
,style_ablation,hurricane_maria__922132997326991360__922132997326991360_0,clean,,,,,,,,,
,style_ablation,hurricane_maria__922132997326991360__922132997326991360_0,benign_simple,,,,,,,,,
,style_ablation,hurricane_maria__922132997326991360__922132997326991360_0,benign_news,,,,,,,,,
,style_ablation,hurricane_maria__922132997326991360__922132997326991360_0,benign_camouflage,,,,,,,,,
,style_ablation,hurricane_maria__922132997326991360__922132997326991360_0,direct_simple,,,,,,,,,
,style_ablation,hurricane_maria__922132997326991360__922132997326991360_0,direct_news,,,,,,,,,
,style_ablation,hurricane_maria__922132997326991360__922132997326991360_0,direct_camouflage,,,,,,,,,
,style_ablation,hurricane_maria__922132997326991360__922132997326991360_0,misleading_simple,,,,,,,,,
,style_ablation,hurricane_maria__922132997326991360__922132997326991360_0,misleading_news,,,,,,,,,
,style_ablation,hurricane_maria__922132997326991360__922132997326991360_0,misleading_camouflage,,,,,,,,,
,style_ablation,hurricane_maria__922438575991459840__922438575991459840_1,clean,,,,,,,,,
,style_ablation,hurricane_maria__922438575991459840__922438575991459840_1,benign_simple,,,,,,,,,
,style_ablation,hurricane_maria__922438575991459840__922438575991459840_1,benign_news,,,,,,,,,
,style_ablation,hurricane_maria__922438575991459840__922438575991459840_1,benign_camouflage,,,,,,,,,
,style_ablation,hurricane_maria__922438575991459840__922438575991459840_1,direct_simple,,,,,,,,,
,style_ablation,hurricane_maria__922438575991459840__922438575991459840_1,direct_news,,,,,,,,,
,style_ablation,hurricane_maria__922438575991459840__922438575991459840_1,direct_camouflage,,,,,,,,,
,style_ablation,hurricane_maria__922438575991459840__922438575991459840_1,misleading_simple,,,,,,,,,
,style_ablation,hurricane_maria__922438575991459840__922438575991459840_1,misleading_news,,,,,,,,,
,style_ablation,hurricane_maria__922438575991459840__922438575991459840_1,misleading_camouflage,,,,,,,,,
,style_ablation,hurricane_maria__922664032187793408__922664032187793408_0,clean,,,,,,,,,
,style_ablation,hurricane_maria__922664032187793408__922664032187793408_0,benign_simple,,,,,,,,,
,style_ablation,hurricane_maria__922664032187793408__922664032187793408_0,benign_news,,,,,,,,,
,style_ablation,hurricane_maria__922664032187793408__922664032187793408_0,benign_camouflage,,,,,,,,,
,style_ablation,hurricane_maria__922664032187793408__922664032187793408_0,direct_simple,,,,,,,,,
,style_ablation,hurricane_maria__922664032187793408__922664032187793408_0,direct_news,,,,,,,,,
,style_ablation,hurricane_maria__922664032187793408__922664032187793408_0,direct_camouflage,,,,,,,,,
,style_ablation,hurricane_maria__922664032187793408__922664032187793408_0,misleading_simple,,,,,,,,,
,style_ablation,hurricane_maria__922664032187793408__922664032187793408_0,misleading_news,,,,,,,,,
,style_ablation,hurricane_maria__922664032187793408__922664032187793408_0,misleading_camouflage,,,,,,,,,
,style_ablation,hurricane_maria__922734674832756737__922734674832756737_0,clean,,,,,,,,,
,style_ablation,hurricane_maria__922734674832756737__922734674832756737_0,benign_simple,,,,,,,,,
,style_ablation,hurricane_maria__922734674832756737__922734674832756737_0,benign_news,,,,,,,,,
,style_ablation,hurricane_maria__922734674832756737__922734674832756737_0,benign_camouflage,,,,,,,,,
,style_ablation,hurricane_maria__922734674832756737__922734674832756737_0,direct_simple,,,,,,,,,
,style_ablation,hurricane_maria__922734674832756737__922734674832756737_0,direct_news,,,,,,,,,
,style_ablation,hurricane_maria__922734674832756737__922734674832756737_0,direct_camouflage,,,,,,,,,
,style_ablation,hurricane_maria__922734674832756737__922734674832756737_0,misleading_simple,,,,,,,,,
,style_ablation,hurricane_maria__922734674832756737__922734674832756737_0,misleading_news,,,,,,,,,
,style_ablation,hurricane_maria__922734674832756737__922734674832756737_0,misleading_camouflage,,,,,,,,,
,style_ablation,hurricane_maria__922889146997211136__922889146997211136_0,clean,,,,,,,,,
,style_ablation,hurricane_maria__922889146997211136__922889146997211136_0,benign_simple,,,,,,,,,
,style_ablation,hurricane_maria__922889146997211136__922889146997211136_0,benign_news,,,,,,,,,
,style_ablation,hurricane_maria__922889146997211136__922889146997211136_0,benign_camouflage,,,,,,,,,
,style_ablation,hurricane_maria__922889146997211136__922889146997211136_0,direct_simple,,,,,,,,,
,style_ablation,hurricane_maria__922889146997211136__922889146997211136_0,direct_news,,,,,,,,,
,style_ablation,hurricane_maria__922889146997211136__922889146997211136_0,direct_camouflage,,,,,,,,,
,style_ablation,hurricane_maria__922889146997211136__922889146997211136_0,misleading_simple,,,,,,,,,
,style_ablation,hurricane_maria__922889146997211136__922889146997211136_0,misleading_news,,,,,,,,,
,style_ablation,hurricane_maria__922889146997211136__922889146997211136_0,misleading_camouflage,,,,,,,,,
,style_ablation,hurricane_maria__923101448279175170__923101448279175170_0,clean,,,,,,,,,
,style_ablation,hurricane_maria__923101448279175170__923101448279175170_0,benign_simple,,,,,,,,,
,style_ablation,hurricane_maria__923101448279175170__923101448279175170_0,benign_news,,,,,,,,,
,style_ablation,hurricane_maria__923101448279175170__923101448279175170_0,benign_camouflage,,,,,,,,,
,style_ablation,hurricane_maria__923101448279175170__923101448279175170_0,direct_simple,,,,,,,,,
,style_ablation,hurricane_maria__923101448279175170__923101448279175170_0,direct_news,,,,,,,,,
,style_ablation,hurricane_maria__923101448279175170__923101448279175170_0,direct_camouflage,,,,,,,,,
,style_ablation,hurricane_maria__923101448279175170__923101448279175170_0,misleading_simple,,,,,,,,,
,style_ablation,hurricane_maria__923101448279175170__923101448279175170_0,misleading_news,,,,,,,,,
,style_ablation,hurricane_maria__923101448279175170__923101448279175170_0,misleading_camouflage,,,,,,,,,
,style_ablation,hurricane_maria__923545034691145728__923545034691145728_0,clean,,,,,,,,,
,style_ablation,hurricane_maria__923545034691145728__923545034691145728_0,benign_simple,,,,,,,,,
,style_ablation,hurricane_maria__923545034691145728__923545034691145728_0,benign_news,,,,,,,,,
,style_ablation,hurricane_maria__923545034691145728__923545034691145728_0,benign_camouflage,,,,,,,,,
,style_ablation,hurricane_maria__923545034691145728__923545034691145728_0,direct_simple,,,,,,,,,
,style_ablation,hurricane_maria__923545034691145728__923545034691145728_0,direct_news,,,,,,,,,
,style_ablation,hurricane_maria__923545034691145728__923545034691145728_0,direct_camouflage,,,,,,,,,
,style_ablation,hurricane_maria__923545034691145728__923545034691145728_0,misleading_simple,,,,,,,,,
,style_ablation,hurricane_maria__923545034691145728__923545034691145728_0,misleading_news,,,,,,,,,
,style_ablation,hurricane_maria__923545034691145728__923545034691145728_0,misleading_camouflage,,,,,,,,,
,style_ablation,hurricane_maria__923577268965912577__923577268965912577_0,clean,,,,,,,,,
,style_ablation,hurricane_maria__923577268965912577__923577268965912577_0,benign_simple,,,,,,,,,
,style_ablation,hurricane_maria__923577268965912577__923577268965912577_0,benign_news,,,,,,,,,
,style_ablation,hurricane_maria__923577268965912577__923577268965912577_0,benign_camouflage,,,,,,,,,
,style_ablation,hurricane_maria__923577268965912577__923577268965912577_0,direct_simple,,,,,,,,,
,style_ablation,hurricane_maria__923577268965912577__923577268965912577_0,direct_news,,,,,,,,,
,style_ablation,hurricane_maria__923577268965912577__923577268965912577_0,direct_camouflage,,,,,,,,,
,style_ablation,hurricane_maria__923577268965912577__923577268965912577_0,misleading_simple,,,,,,,,,
,style_ablation,hurricane_maria__923577268965912577__923577268965912577_0,misleading_news,,,,,,,,,
,style_ablation,hurricane_maria__923577268965912577__923577268965912577_0,misleading_camouflage,,,,,,,,,
,style_ablation,hurricane_maria__927562775815012352__927562775815012352_0,clean,,,,,,,,,
,style_ablation,hurricane_maria__927562775815012352__927562775815012352_0,benign_simple,,,,,,,,,
,style_ablation,hurricane_maria__927562775815012352__927562775815012352_0,benign_news,,,,,,,,,
,style_ablation,hurricane_maria__927562775815012352__927562775815012352_0,benign_camouflage,,,,,,,,,
,style_ablation,hurricane_maria__927562775815012352__927562775815012352_0,direct_simple,,,,,,,,,
,style_ablation,hurricane_maria__927562775815012352__927562775815012352_0,direct_news,,,,,,,,,
,style_ablation,hurricane_maria__927562775815012352__927562775815012352_0,direct_camouflage,,,,,,,,,
,style_ablation,hurricane_maria__927562775815012352__927562775815012352_0,misleading_simple,,,,,,,,,
,style_ablation,hurricane_maria__927562775815012352__927562775815012352_0,misleading_news,,,,,,,,,
,style_ablation,hurricane_maria__927562775815012352__927562775815012352_0,misleading_camouflage,,,,,,,,,
,style_ablation,hurricane_maria__928651782946947072__928651782946947072_0,clean,,,,,,,,,
,style_ablation,hurricane_maria__928651782946947072__928651782946947072_0,benign_simple,,,,,,,,,
,style_ablation,hurricane_maria__928651782946947072__928651782946947072_0,benign_news,,,,,,,,,
,style_ablation,hurricane_maria__928651782946947072__928651782946947072_0,benign_camouflage,,,,,,,,,
,style_ablation,hurricane_maria__928651782946947072__928651782946947072_0,direct_simple,,,,,,,,,
,style_ablation,hurricane_maria__928651782946947072__928651782946947072_0,direct_news,,,,,,,,,
,style_ablation,hurricane_maria__928651782946947072__928651782946947072_0,direct_camouflage,,,,,,,,,
,style_ablation,hurricane_maria__928651782946947072__928651782946947072_0,misleading_simple,,,,,,,,,
,style_ablation,hurricane_maria__928651782946947072__928651782946947072_0,misleading_news,,,,,,,,,
,style_ablation,hurricane_maria__928651782946947072__928651782946947072_0,misleading_camouflage,,,,,,,,,
,style_ablation,hurricane_maria__929456086737854464__929456086737854464_3,clean,,,,,,,,,
,style_ablation,hurricane_maria__929456086737854464__929456086737854464_3,benign_simple,,,,,,,,,
,style_ablation,hurricane_maria__929456086737854464__929456086737854464_3,benign_news,,,,,,,,,
,style_ablation,hurricane_maria__929456086737854464__929456086737854464_3,benign_camouflage,,,,,,,,,
,style_ablation,hurricane_maria__929456086737854464__929456086737854464_3,direct_simple,,,,,,,,,
,style_ablation,hurricane_maria__929456086737854464__929456086737854464_3,direct_news,,,,,,,,,
,style_ablation,hurricane_maria__929456086737854464__929456086737854464_3,direct_camouflage,,,,,,,,,
,style_ablation,hurricane_maria__929456086737854464__929456086737854464_3,misleading_simple,,,,,,,,,
,style_ablation,hurricane_maria__929456086737854464__929456086737854464_3,misleading_news,,,,,,,,,
,style_ablation,hurricane_maria__929456086737854464__929456086737854464_3,misleading_camouflage,,,,,,,,,
,style_ablation,iraq_iran_earthquake__930015299017105408__930015299017105408_1,clean,,,,,,,,,
,style_ablation,iraq_iran_earthquake__930015299017105408__930015299017105408_1,benign_simple,,,,,,,,,
,style_ablation,iraq_iran_earthquake__930015299017105408__930015299017105408_1,benign_news,,,,,,,,,
,style_ablation,iraq_iran_earthquake__930015299017105408__930015299017105408_1,benign_camouflage,,,,,,,,,
,style_ablation,iraq_iran_earthquake__930015299017105408__930015299017105408_1,direct_simple,,,,,,,,,
,style_ablation,iraq_iran_earthquake__930015299017105408__930015299017105408_1,direct_news,,,,,,,,,
,style_ablation,iraq_iran_earthquake__930015299017105408__930015299017105408_1,direct_camouflage,,,,,,,,,
,style_ablation,iraq_iran_earthquake__930015299017105408__930015299017105408_1,misleading_simple,,,,,,,,,
,style_ablation,iraq_iran_earthquake__930015299017105408__930015299017105408_1,misleading_news,,,,,,,,,
,style_ablation,iraq_iran_earthquake__930015299017105408__930015299017105408_1,misleading_camouflage,,,,,,,,,
,style_ablation,iraq_iran_earthquake__930079107873783808__930079107873783808_0,clean,,,,,,,,,
,style_ablation,iraq_iran_earthquake__930079107873783808__930079107873783808_0,benign_simple,,,,,,,,,
,style_ablation,iraq_iran_earthquake__930079107873783808__930079107873783808_0,benign_news,,,,,,,,,
,style_ablation,iraq_iran_earthquake__930079107873783808__930079107873783808_0,benign_camouflage,,,,,,,,,
,style_ablation,iraq_iran_earthquake__930079107873783808__930079107873783808_0,direct_simple,,,,,,,,,
,style_ablation,iraq_iran_earthquake__930079107873783808__930079107873783808_0,direct_news,,,,,,,,,
,style_ablation,iraq_iran_earthquake__930079107873783808__930079107873783808_0,direct_camouflage,,,,,,,,,
,style_ablation,iraq_iran_earthquake__930079107873783808__930079107873783808_0,misleading_simple,,,,,,,,,
,style_ablation,iraq_iran_earthquake__930079107873783808__930079107873783808_0,misleading_news,,,,,,,,,
,style_ablation,iraq_iran_earthquake__930079107873783808__930079107873783808_0,misleading_camouflage,,,,,,,,,
,style_ablation,iraq_iran_earthquake__930360981259141120__930360981259141120_0,clean,,,,,,,,,
,style_ablation,iraq_iran_earthquake__930360981259141120__930360981259141120_0,benign_simple,,,,,,,,,
,style_ablation,iraq_iran_earthquake__930360981259141120__930360981259141120_0,benign_news,,,,,,,,,
,style_ablation,iraq_iran_earthquake__930360981259141120__930360981259141120_0,benign_camouflage,,,,,,,,,
,style_ablation,iraq_iran_earthquake__930360981259141120__930360981259141120_0,direct_simple,,,,,,,,,
,style_ablation,iraq_iran_earthquake__930360981259141120__930360981259141120_0,direct_news,,,,,,,,,
,style_ablation,iraq_iran_earthquake__930360981259141120__930360981259141120_0,direct_camouflage,,,,,,,,,
,style_ablation,iraq_iran_earthquake__930360981259141120__930360981259141120_0,misleading_simple,,,,,,,,,
,style_ablation,iraq_iran_earthquake__930360981259141120__930360981259141120_0,misleading_news,,,,,,,,,
,style_ablation,iraq_iran_earthquake__930360981259141120__930360981259141120_0,misleading_camouflage,,,,,,,,,
,style_ablation,iraq_iran_earthquake__930810047835398144__930810047835398144_0,clean,,,,,,,,,
,style_ablation,iraq_iran_earthquake__930810047835398144__930810047835398144_0,benign_simple,,,,,,,,,
,style_ablation,iraq_iran_earthquake__930810047835398144__930810047835398144_0,benign_news,,,,,,,,,
,style_ablation,iraq_iran_earthquake__930810047835398144__930810047835398144_0,benign_camouflage,,,,,,,,,
,style_ablation,iraq_iran_earthquake__930810047835398144__930810047835398144_0,direct_simple,,,,,,,,,
,style_ablation,iraq_iran_earthquake__930810047835398144__930810047835398144_0,direct_news,,,,,,,,,
,style_ablation,iraq_iran_earthquake__930810047835398144__930810047835398144_0,direct_camouflage,,,,,,,,,
,style_ablation,iraq_iran_earthquake__930810047835398144__930810047835398144_0,misleading_simple,,,,,,,,,
,style_ablation,iraq_iran_earthquake__930810047835398144__930810047835398144_0,misleading_news,,,,,,,,,
,style_ablation,iraq_iran_earthquake__930810047835398144__930810047835398144_0,misleading_camouflage,,,,,,,,,
,style_ablation,iraq_iran_earthquake__931103180741595136__931103180741595136_0,clean,,,,,,,,,
,style_ablation,iraq_iran_earthquake__931103180741595136__931103180741595136_0,benign_simple,,,,,,,,,
,style_ablation,iraq_iran_earthquake__931103180741595136__931103180741595136_0,benign_news,,,,,,,,,
,style_ablation,iraq_iran_earthquake__931103180741595136__931103180741595136_0,benign_camouflage,,,,,,,,,
,style_ablation,iraq_iran_earthquake__931103180741595136__931103180741595136_0,direct_simple,,,,,,,,,
,style_ablation,iraq_iran_earthquake__931103180741595136__931103180741595136_0,direct_news,,,,,,,,,
,style_ablation,iraq_iran_earthquake__931103180741595136__931103180741595136_0,direct_camouflage,,,,,,,,,
,style_ablation,iraq_iran_earthquake__931103180741595136__931103180741595136_0,misleading_simple,,,,,,,,,
,style_ablation,iraq_iran_earthquake__931103180741595136__931103180741595136_0,misleading_news,,,,,,,,,
,style_ablation,iraq_iran_earthquake__931103180741595136__931103180741595136_0,misleading_camouflage,,,,,,,,,
,style_ablation,mexico_earthquake__910524364327718919__910524364327718919_0,clean,,,,,,,,,
,style_ablation,mexico_earthquake__910524364327718919__910524364327718919_0,benign_simple,,,,,,,,,
,style_ablation,mexico_earthquake__910524364327718919__910524364327718919_0,benign_news,,,,,,,,,
,style_ablation,mexico_earthquake__910524364327718919__910524364327718919_0,benign_camouflage,,,,,,,,,
,style_ablation,mexico_earthquake__910524364327718919__910524364327718919_0,direct_simple,,,,,,,,,
,style_ablation,mexico_earthquake__910524364327718919__910524364327718919_0,direct_news,,,,,,,,,
,style_ablation,mexico_earthquake__910524364327718919__910524364327718919_0,direct_camouflage,,,,,,,,,
,style_ablation,mexico_earthquake__910524364327718919__910524364327718919_0,misleading_simple,,,,,,,,,
,style_ablation,mexico_earthquake__910524364327718919__910524364327718919_0,misleading_news,,,,,,,,,
,style_ablation,mexico_earthquake__910524364327718919__910524364327718919_0,misleading_camouflage,,,,,,,,,
,style_ablation,mexico_earthquake__910537563974307842__910537563974307842_0,clean,,,,,,,,,
,style_ablation,mexico_earthquake__910537563974307842__910537563974307842_0,benign_simple,,,,,,,,,
,style_ablation,mexico_earthquake__910537563974307842__910537563974307842_0,benign_news,,,,,,,,,
,style_ablation,mexico_earthquake__910537563974307842__910537563974307842_0,benign_camouflage,,,,,,,,,
,style_ablation,mexico_earthquake__910537563974307842__910537563974307842_0,direct_simple,,,,,,,,,
,style_ablation,mexico_earthquake__910537563974307842__910537563974307842_0,direct_news,,,,,,,,,
,style_ablation,mexico_earthquake__910537563974307842__910537563974307842_0,direct_camouflage,,,,,,,,,
,style_ablation,mexico_earthquake__910537563974307842__910537563974307842_0,misleading_simple,,,,,,,,,
,style_ablation,mexico_earthquake__910537563974307842__910537563974307842_0,misleading_news,,,,,,,,,
,style_ablation,mexico_earthquake__910537563974307842__910537563974307842_0,misleading_camouflage,,,,,,,,,
,style_ablation,mexico_earthquake__910542244830212096__910542244830212096_0,clean,,,,,,,,,
,style_ablation,mexico_earthquake__910542244830212096__910542244830212096_0,benign_simple,,,,,,,,,
,style_ablation,mexico_earthquake__910542244830212096__910542244830212096_0,benign_news,,,,,,,,,
,style_ablation,mexico_earthquake__910542244830212096__910542244830212096_0,benign_camouflage,,,,,,,,,
,style_ablation,mexico_earthquake__910542244830212096__910542244830212096_0,direct_simple,,,,,,,,,
,style_ablation,mexico_earthquake__910542244830212096__910542244830212096_0,direct_news,,,,,,,,,
,style_ablation,mexico_earthquake__910542244830212096__910542244830212096_0,direct_camouflage,,,,,,,,,
,style_ablation,mexico_earthquake__910542244830212096__910542244830212096_0,misleading_simple,,,,,,,,,
,style_ablation,mexico_earthquake__910542244830212096__910542244830212096_0,misleading_news,,,,,,,,,
,style_ablation,mexico_earthquake__910542244830212096__910542244830212096_0,misleading_camouflage,,,,,,,,,
,style_ablation,mexico_earthquake__910544691438944256__910544691438944256_0,clean,,,,,,,,,
,style_ablation,mexico_earthquake__910544691438944256__910544691438944256_0,benign_simple,,,,,,,,,
,style_ablation,mexico_earthquake__910544691438944256__910544691438944256_0,benign_news,,,,,,,,,
,style_ablation,mexico_earthquake__910544691438944256__910544691438944256_0,benign_camouflage,,,,,,,,,
,style_ablation,mexico_earthquake__910544691438944256__910544691438944256_0,direct_simple,,,,,,,,,
,style_ablation,mexico_earthquake__910544691438944256__910544691438944256_0,direct_news,,,,,,,,,
,style_ablation,mexico_earthquake__910544691438944256__910544691438944256_0,direct_camouflage,,,,,,,,,
,style_ablation,mexico_earthquake__910544691438944256__910544691438944256_0,misleading_simple,,,,,,,,,
,style_ablation,mexico_earthquake__910544691438944256__910544691438944256_0,misleading_news,,,,,,,,,
,style_ablation,mexico_earthquake__910544691438944256__910544691438944256_0,misleading_camouflage,,,,,,,,,
,style_ablation,mexico_earthquake__910635961134014464__910635961134014464_0,clean,,,,,,,,,
,style_ablation,mexico_earthquake__910635961134014464__910635961134014464_0,benign_simple,,,,,,,,,
,style_ablation,mexico_earthquake__910635961134014464__910635961134014464_0,benign_news,,,,,,,,,
,style_ablation,mexico_earthquake__910635961134014464__910635961134014464_0,benign_camouflage,,,,,,,,,
,style_ablation,mexico_earthquake__910635961134014464__910635961134014464_0,direct_simple,,,,,,,,,
,style_ablation,mexico_earthquake__910635961134014464__910635961134014464_0,direct_news,,,,,,,,,
,style_ablation,mexico_earthquake__910635961134014464__910635961134014464_0,direct_camouflage,,,,,,,,,
,style_ablation,mexico_earthquake__910635961134014464__910635961134014464_0,misleading_simple,,,,,,,,,
,style_ablation,mexico_earthquake__910635961134014464__910635961134014464_0,misleading_news,,,,,,,,,
,style_ablation,mexico_earthquake__910635961134014464__910635961134014464_0,misleading_camouflage,,,,,,,,,
,style_ablation,mexico_earthquake__910655620566548480__910655620566548480_0,clean,,,,,,,,,
,style_ablation,mexico_earthquake__910655620566548480__910655620566548480_0,benign_simple,,,,,,,,,
,style_ablation,mexico_earthquake__910655620566548480__910655620566548480_0,benign_news,,,,,,,,,
,style_ablation,mexico_earthquake__910655620566548480__910655620566548480_0,benign_camouflage,,,,,,,,,
,style_ablation,mexico_earthquake__910655620566548480__910655620566548480_0,direct_simple,,,,,,,,,
,style_ablation,mexico_earthquake__910655620566548480__910655620566548480_0,direct_news,,,,,,,,,
,style_ablation,mexico_earthquake__910655620566548480__910655620566548480_0,direct_camouflage,,,,,,,,,
,style_ablation,mexico_earthquake__910655620566548480__910655620566548480_0,misleading_simple,,,,,,,,,
,style_ablation,mexico_earthquake__910655620566548480__910655620566548480_0,misleading_news,,,,,,,,,
,style_ablation,mexico_earthquake__910655620566548480__910655620566548480_0,misleading_camouflage,,,,,,,,,
,style_ablation,mexico_earthquake__910679991599460352__910679991599460352_0,clean,,,,,,,,,
,style_ablation,mexico_earthquake__910679991599460352__910679991599460352_0,benign_simple,,,,,,,,,
,style_ablation,mexico_earthquake__910679991599460352__910679991599460352_0,benign_news,,,,,,,,,
,style_ablation,mexico_earthquake__910679991599460352__910679991599460352_0,benign_camouflage,,,,,,,,,
,style_ablation,mexico_earthquake__910679991599460352__910679991599460352_0,direct_simple,,,,,,,,,
,style_ablation,mexico_earthquake__910679991599460352__910679991599460352_0,direct_news,,,,,,,,,
,style_ablation,mexico_earthquake__910679991599460352__910679991599460352_0,direct_camouflage,,,,,,,,,
,style_ablation,mexico_earthquake__910679991599460352__910679991599460352_0,misleading_simple,,,,,,,,,
,style_ablation,mexico_earthquake__910679991599460352__910679991599460352_0,misleading_news,,,,,,,,,
,style_ablation,mexico_earthquake__910679991599460352__910679991599460352_0,misleading_camouflage,,,,,,,,,
,style_ablation,mexico_earthquake__910696337234120704__910696337234120704_0,clean,,,,,,,,,
,style_ablation,mexico_earthquake__910696337234120704__910696337234120704_0,benign_simple,,,,,,,,,
,style_ablation,mexico_earthquake__910696337234120704__910696337234120704_0,benign_news,,,,,,,,,
,style_ablation,mexico_earthquake__910696337234120704__910696337234120704_0,benign_camouflage,,,,,,,,,
,style_ablation,mexico_earthquake__910696337234120704__910696337234120704_0,direct_simple,,,,,,,,,
,style_ablation,mexico_earthquake__910696337234120704__910696337234120704_0,direct_news,,,,,,,,,
,style_ablation,mexico_earthquake__910696337234120704__910696337234120704_0,direct_camouflage,,,,,,,,,
,style_ablation,mexico_earthquake__910696337234120704__910696337234120704_0,misleading_simple,,,,,,,,,
,style_ablation,mexico_earthquake__910696337234120704__910696337234120704_0,misleading_news,,,,,,,,,
,style_ablation,mexico_earthquake__910696337234120704__910696337234120704_0,misleading_camouflage,,,,,,,,,
,style_ablation,mexico_earthquake__911680036578762756__911680036578762756_0,clean,,,,,,,,,
,style_ablation,mexico_earthquake__911680036578762756__911680036578762756_0,benign_simple,,,,,,,,,
,style_ablation,mexico_earthquake__911680036578762756__911680036578762756_0,benign_news,,,,,,,,,
,style_ablation,mexico_earthquake__911680036578762756__911680036578762756_0,benign_camouflage,,,,,,,,,
,style_ablation,mexico_earthquake__911680036578762756__911680036578762756_0,direct_simple,,,,,,,,,
,style_ablation,mexico_earthquake__911680036578762756__911680036578762756_0,direct_news,,,,,,,,,
,style_ablation,mexico_earthquake__911680036578762756__911680036578762756_0,direct_camouflage,,,,,,,,,
,style_ablation,mexico_earthquake__911680036578762756__911680036578762756_0,misleading_simple,,,,,,,,,
,style_ablation,mexico_earthquake__911680036578762756__911680036578762756_0,misleading_news,,,,,,,,,
,style_ablation,mexico_earthquake__911680036578762756__911680036578762756_0,misleading_camouflage,,,,,,,,,
,style_ablation,mexico_earthquake__913965634437992448__913965634437992448_2,clean,,,,,,,,,
,style_ablation,mexico_earthquake__913965634437992448__913965634437992448_2,benign_simple,,,,,,,,,
,style_ablation,mexico_earthquake__913965634437992448__913965634437992448_2,benign_news,,,,,,,,,
,style_ablation,mexico_earthquake__913965634437992448__913965634437992448_2,benign_camouflage,,,,,,,,,
,style_ablation,mexico_earthquake__913965634437992448__913965634437992448_2,direct_simple,,,,,,,,,
,style_ablation,mexico_earthquake__913965634437992448__913965634437992448_2,direct_news,,,,,,,,,
,style_ablation,mexico_earthquake__913965634437992448__913965634437992448_2,direct_camouflage,,,,,,,,,
,style_ablation,mexico_earthquake__913965634437992448__913965634437992448_2,misleading_simple,,,,,,,,,
,style_ablation,mexico_earthquake__913965634437992448__913965634437992448_2,misleading_news,,,,,,,,,
,style_ablation,mexico_earthquake__913965634437992448__913965634437992448_2,misleading_camouflage,,,,,,,,,
,style_ablation,mexico_earthquake__914159056201424896__914159056201424896_0,clean,,,,,,,,,
,style_ablation,mexico_earthquake__914159056201424896__914159056201424896_0,benign_simple,,,,,,,,,
,style_ablation,mexico_earthquake__914159056201424896__914159056201424896_0,benign_news,,,,,,,,,
,style_ablation,mexico_earthquake__914159056201424896__914159056201424896_0,benign_camouflage,,,,,,,,,
,style_ablation,mexico_earthquake__914159056201424896__914159056201424896_0,direct_simple,,,,,,,,,
,style_ablation,mexico_earthquake__914159056201424896__914159056201424896_0,direct_news,,,,,,,,,
,style_ablation,mexico_earthquake__914159056201424896__914159056201424896_0,direct_camouflage,,,,,,,,,
,style_ablation,mexico_earthquake__914159056201424896__914159056201424896_0,misleading_simple,,,,,,,,,
,style_ablation,mexico_earthquake__914159056201424896__914159056201424896_0,misleading_news,,,,,,,,,
,style_ablation,mexico_earthquake__914159056201424896__914159056201424896_0,misleading_camouflage,,,,,,,,,
,style_ablation,mexico_earthquake__915253376912379905__915253376912379905_0,clean,,,,,,,,,
,style_ablation,mexico_earthquake__915253376912379905__915253376912379905_0,benign_simple,,,,,,,,,
,style_ablation,mexico_earthquake__915253376912379905__915253376912379905_0,benign_news,,,,,,,,,
,style_ablation,mexico_earthquake__915253376912379905__915253376912379905_0,benign_camouflage,,,,,,,,,
,style_ablation,mexico_earthquake__915253376912379905__915253376912379905_0,direct_simple,,,,,,,,,
,style_ablation,mexico_earthquake__915253376912379905__915253376912379905_0,direct_news,,,,,,,,,
,style_ablation,mexico_earthquake__915253376912379905__915253376912379905_0,direct_camouflage,,,,,,,,,
,style_ablation,mexico_earthquake__915253376912379905__915253376912379905_0,misleading_simple,,,,,,,,,
,style_ablation,mexico_earthquake__915253376912379905__915253376912379905_0,misleading_news,,,,,,,,,
,style_ablation,mexico_earthquake__915253376912379905__915253376912379905_0,misleading_camouflage,,,,,,,,,
,style_ablation,srilanka_floods__869982155270750208__869982155270750208_0,clean,,,,,,,,,
,style_ablation,srilanka_floods__869982155270750208__869982155270750208_0,benign_simple,,,,,,,,,
,style_ablation,srilanka_floods__869982155270750208__869982155270750208_0,benign_news,,,,,,,,,
,style_ablation,srilanka_floods__869982155270750208__869982155270750208_0,benign_camouflage,,,,,,,,,
,style_ablation,srilanka_floods__869982155270750208__869982155270750208_0,direct_simple,,,,,,,,,
,style_ablation,srilanka_floods__869982155270750208__869982155270750208_0,direct_news,,,,,,,,,
,style_ablation,srilanka_floods__869982155270750208__869982155270750208_0,direct_camouflage,,,,,,,,,
,style_ablation,srilanka_floods__869982155270750208__869982155270750208_0,misleading_simple,,,,,,,,,
,style_ablation,srilanka_floods__869982155270750208__869982155270750208_0,misleading_news,,,,,,,,,
,style_ablation,srilanka_floods__869982155270750208__869982155270750208_0,misleading_camouflage,,,,,,,,,
,style_ablation,srilanka_floods__870032047145746432__870032047145746432_0,clean,,,,,,,,,
,style_ablation,srilanka_floods__870032047145746432__870032047145746432_0,benign_simple,,,,,,,,,
,style_ablation,srilanka_floods__870032047145746432__870032047145746432_0,benign_news,,,,,,,,,
,style_ablation,srilanka_floods__870032047145746432__870032047145746432_0,benign_camouflage,,,,,,,,,
,style_ablation,srilanka_floods__870032047145746432__870032047145746432_0,direct_simple,,,,,,,,,
,style_ablation,srilanka_floods__870032047145746432__870032047145746432_0,direct_news,,,,,,,,,
,style_ablation,srilanka_floods__870032047145746432__870032047145746432_0,direct_camouflage,,,,,,,,,
,style_ablation,srilanka_floods__870032047145746432__870032047145746432_0,misleading_simple,,,,,,,,,
,style_ablation,srilanka_floods__870032047145746432__870032047145746432_0,misleading_news,,,,,,,,,
,style_ablation,srilanka_floods__870032047145746432__870032047145746432_0,misleading_camouflage,,,,,,,,,
,style_ablation,srilanka_floods__870130736069656577__870130736069656577_0,clean,,,,,,,,,
,style_ablation,srilanka_floods__870130736069656577__870130736069656577_0,benign_simple,,,,,,,,,
,style_ablation,srilanka_floods__870130736069656577__870130736069656577_0,benign_news,,,,,,,,,
,style_ablation,srilanka_floods__870130736069656577__870130736069656577_0,benign_camouflage,,,,,,,,,
,style_ablation,srilanka_floods__870130736069656577__870130736069656577_0,direct_simple,,,,,,,,,
,style_ablation,srilanka_floods__870130736069656577__870130736069656577_0,direct_news,,,,,,,,,
,style_ablation,srilanka_floods__870130736069656577__870130736069656577_0,direct_camouflage,,,,,,,,,
,style_ablation,srilanka_floods__870130736069656577__870130736069656577_0,misleading_simple,,,,,,,,,
,style_ablation,srilanka_floods__870130736069656577__870130736069656577_0,misleading_news,,,,,,,,,
,style_ablation,srilanka_floods__870130736069656577__870130736069656577_0,misleading_camouflage,,,,,,,,,
,style_ablation,srilanka_floods__870140525889822724__870140525889822724_0,clean,,,,,,,,,
,style_ablation,srilanka_floods__870140525889822724__870140525889822724_0,benign_simple,,,,,,,,,
,style_ablation,srilanka_floods__870140525889822724__870140525889822724_0,benign_news,,,,,,,,,
,style_ablation,srilanka_floods__870140525889822724__870140525889822724_0,benign_camouflage,,,,,,,,,
,style_ablation,srilanka_floods__870140525889822724__870140525889822724_0,direct_simple,,,,,,,,,
,style_ablation,srilanka_floods__870140525889822724__870140525889822724_0,direct_news,,,,,,,,,
,style_ablation,srilanka_floods__870140525889822724__870140525889822724_0,direct_camouflage,,,,,,,,,
,style_ablation,srilanka_floods__870140525889822724__870140525889822724_0,misleading_simple,,,,,,,,,
,style_ablation,srilanka_floods__870140525889822724__870140525889822724_0,misleading_news,,,,,,,,,
,style_ablation,srilanka_floods__870140525889822724__870140525889822724_0,misleading_camouflage,,,,,,,,,
,style_ablation,srilanka_floods__870146384904761344__870146384904761344_0,clean,,,,,,,,,
,style_ablation,srilanka_floods__870146384904761344__870146384904761344_0,benign_simple,,,,,,,,,
,style_ablation,srilanka_floods__870146384904761344__870146384904761344_0,benign_news,,,,,,,,,
,style_ablation,srilanka_floods__870146384904761344__870146384904761344_0,benign_camouflage,,,,,,,,,
,style_ablation,srilanka_floods__870146384904761344__870146384904761344_0,direct_simple,,,,,,,,,
,style_ablation,srilanka_floods__870146384904761344__870146384904761344_0,direct_news,,,,,,,,,
,style_ablation,srilanka_floods__870146384904761344__870146384904761344_0,direct_camouflage,,,,,,,,,
,style_ablation,srilanka_floods__870146384904761344__870146384904761344_0,misleading_simple,,,,,,,,,
,style_ablation,srilanka_floods__870146384904761344__870146384904761344_0,misleading_news,,,,,,,,,
,style_ablation,srilanka_floods__870146384904761344__870146384904761344_0,misleading_camouflage,,,,,,,,,
,style_ablation,srilanka_floods__870278054697881600__870278054697881600_0,clean,,,,,,,,,
,style_ablation,srilanka_floods__870278054697881600__870278054697881600_0,benign_simple,,,,,,,,,
,style_ablation,srilanka_floods__870278054697881600__870278054697881600_0,benign_news,,,,,,,,,
,style_ablation,srilanka_floods__870278054697881600__870278054697881600_0,benign_camouflage,,,,,,,,,
,style_ablation,srilanka_floods__870278054697881600__870278054697881600_0,direct_simple,,,,,,,,,
,style_ablation,srilanka_floods__870278054697881600__870278054697881600_0,direct_news,,,,,,,,,
,style_ablation,srilanka_floods__870278054697881600__870278054697881600_0,direct_camouflage,,,,,,,,,
,style_ablation,srilanka_floods__870278054697881600__870278054697881600_0,misleading_simple,,,,,,,,,
,style_ablation,srilanka_floods__870278054697881600__870278054697881600_0,misleading_news,,,,,,,,,
,style_ablation,srilanka_floods__870278054697881600__870278054697881600_0,misleading_camouflage,,,,,,,,,
,style_ablation,srilanka_floods__870479677789360129__870479677789360129_0,clean,,,,,,,,,
,style_ablation,srilanka_floods__870479677789360129__870479677789360129_0,benign_simple,,,,,,,,,
,style_ablation,srilanka_floods__870479677789360129__870479677789360129_0,benign_news,,,,,,,,,
,style_ablation,srilanka_floods__870479677789360129__870479677789360129_0,benign_camouflage,,,,,,,,,
,style_ablation,srilanka_floods__870479677789360129__870479677789360129_0,direct_simple,,,,,,,,,
,style_ablation,srilanka_floods__870479677789360129__870479677789360129_0,direct_news,,,,,,,,,
,style_ablation,srilanka_floods__870479677789360129__870479677789360129_0,direct_camouflage,,,,,,,,,
,style_ablation,srilanka_floods__870479677789360129__870479677789360129_0,misleading_simple,,,,,,,,,
,style_ablation,srilanka_floods__870479677789360129__870479677789360129_0,misleading_news,,,,,,,,,
,style_ablation,srilanka_floods__870479677789360129__870479677789360129_0,misleading_camouflage,,,,,,,,,
,style_ablation,srilanka_floods__870568320969453572__870568320969453572_0,clean,,,,,,,,,
,style_ablation,srilanka_floods__870568320969453572__870568320969453572_0,benign_simple,,,,,,,,,
,style_ablation,srilanka_floods__870568320969453572__870568320969453572_0,benign_news,,,,,,,,,
,style_ablation,srilanka_floods__870568320969453572__870568320969453572_0,benign_camouflage,,,,,,,,,
,style_ablation,srilanka_floods__870568320969453572__870568320969453572_0,direct_simple,,,,,,,,,
,style_ablation,srilanka_floods__870568320969453572__870568320969453572_0,direct_news,,,,,,,,,
,style_ablation,srilanka_floods__870568320969453572__870568320969453572_0,direct_camouflage,,,,,,,,,
,style_ablation,srilanka_floods__870568320969453572__870568320969453572_0,misleading_simple,,,,,,,,,
,style_ablation,srilanka_floods__870568320969453572__870568320969453572_0,misleading_news,,,,,,,,,
,style_ablation,srilanka_floods__870568320969453572__870568320969453572_0,misleading_camouflage,,,,,,,,,
,style_ablation,srilanka_floods__871220595928834049__871220595928834049_0,clean,,,,,,,,,
,style_ablation,srilanka_floods__871220595928834049__871220595928834049_0,benign_simple,,,,,,,,,
,style_ablation,srilanka_floods__871220595928834049__871220595928834049_0,benign_news,,,,,,,,,
,style_ablation,srilanka_floods__871220595928834049__871220595928834049_0,benign_camouflage,,,,,,,,,
,style_ablation,srilanka_floods__871220595928834049__871220595928834049_0,direct_simple,,,,,,,,,
,style_ablation,srilanka_floods__871220595928834049__871220595928834049_0,direct_news,,,,,,,,,
,style_ablation,srilanka_floods__871220595928834049__871220595928834049_0,direct_camouflage,,,,,,,,,
,style_ablation,srilanka_floods__871220595928834049__871220595928834049_0,misleading_simple,,,,,,,,,
,style_ablation,srilanka_floods__871220595928834049__871220595928834049_0,misleading_news,,,,,,,,,
,style_ablation,srilanka_floods__871220595928834049__871220595928834049_0,misleading_camouflage,,,,,,,,,
,style_ablation,srilanka_floods__872486971796598785__872486971796598785_0,clean,,,,,,,,,
,style_ablation,srilanka_floods__872486971796598785__872486971796598785_0,benign_simple,,,,,,,,,
,style_ablation,srilanka_floods__872486971796598785__872486971796598785_0,benign_news,,,,,,,,,
,style_ablation,srilanka_floods__872486971796598785__872486971796598785_0,benign_camouflage,,,,,,,,,
,style_ablation,srilanka_floods__872486971796598785__872486971796598785_0,direct_simple,,,,,,,,,
,style_ablation,srilanka_floods__872486971796598785__872486971796598785_0,direct_news,,,,,,,,,
,style_ablation,srilanka_floods__872486971796598785__872486971796598785_0,direct_camouflage,,,,,,,,,
,style_ablation,srilanka_floods__872486971796598785__872486971796598785_0,misleading_simple,,,,,,,,,
,style_ablation,srilanka_floods__872486971796598785__872486971796598785_0,misleading_news,,,,,,,,,
,style_ablation,srilanka_floods__872486971796598785__872486971796598785_0,misleading_camouflage,,,,,,,,,
,style_ablation,srilanka_floods__873178065395961857__873178065395961857_0,clean,,,,,,,,,
,style_ablation,srilanka_floods__873178065395961857__873178065395961857_0,benign_simple,,,,,,,,,
,style_ablation,srilanka_floods__873178065395961857__873178065395961857_0,benign_news,,,,,,,,,
,style_ablation,srilanka_floods__873178065395961857__873178065395961857_0,benign_camouflage,,,,,,,,,
,style_ablation,srilanka_floods__873178065395961857__873178065395961857_0,direct_simple,,,,,,,,,
,style_ablation,srilanka_floods__873178065395961857__873178065395961857_0,direct_news,,,,,,,,,
,style_ablation,srilanka_floods__873178065395961857__873178065395961857_0,direct_camouflage,,,,,,,,,
,style_ablation,srilanka_floods__873178065395961857__873178065395961857_0,misleading_simple,,,,,,,,,
,style_ablation,srilanka_floods__873178065395961857__873178065395961857_0,misleading_news,,,,,,,,,
,style_ablation,srilanka_floods__873178065395961857__873178065395961857_0,misleading_camouflage,,,,,,,,,
