reviewer_id,split_name,sample_id,condition,original_label_still_valid,text_readable,text_too_obvious,text_completely_invisible,critical_damage_obscured,layout_plausible,image_usable,approve,notes
,pilot,california_wildfires__917944458523566080__917944458523566080_0,clean,,,,,,,,,
,pilot,california_wildfires__917944458523566080__917944458523566080_0,benign_image,,,,,,,,,
,pilot,california_wildfires__917944458523566080__917944458523566080_0,benign_text,,,,,,,,,
,pilot,california_wildfires__917944458523566080__917944458523566080_0,benign_joint,,,,,,,,,
,pilot,california_wildfires__917944458523566080__917944458523566080_0,direct_image,,,,,,,,,
,pilot,california_wildfires__917944458523566080__917944458523566080_0,direct_text,,,,,,,,,
,pilot,california_wildfires__917944458523566080__917944458523566080_0,direct_joint,,,,,,,,,
,pilot,california_wildfires__917944458523566080__917944458523566080_0,misleading_image,,,,,,,,,
,pilot,california_wildfires__917944458523566080__917944458523566080_0,misleading_text,,,,,,,,,
,pilot,california_wildfires__917944458523566080__917944458523566080_0,misleading_joint,,,,,,,,,
,pilot,california_wildfires__918077527226118144__918077527226118144_0,clean,,,,,,,,,
,pilot,california_wildfires__918077527226118144__918077527226118144_0,benign_image,,,,,,,,,
,pilot,california_wildfires__918077527226118144__918077527226118144_0,benign_text,,,,,,,,,
,pilot,california_wildfires__918077527226118144__918077527226118144_0,benign_joint,,,,,,,,,
,pilot,california_wildfires__918077527226118144__918077527226118144_0,direct_image,,,,,,,,,
,pilot,california_wildfires__918077527226118144__918077527226118144_0,direct_text,,,,,,,,,
,pilot,california_wildfires__918077527226118144__918077527226118144_0,direct_joint,,,,,,,,,
,pilot,california_wildfires__918077527226118144__918077527226118144_0,misleading_image,,,,,,,,,
,pilot,california_wildfires__918077527226118144__918077527226118144_0,misleading_text,,,,,,,,,
,pilot,california_wildfires__918077527226118144__918077527226118144_0,misleading_joint,,,,,,,,,
,pilot,california_wildfires__918104972268535810__918104972268535810_0,clean,,,,,,,,,
,pilot,california_wildfires__918104972268535810__918104972268535810_0,benign_image,,,,,,,,,
,pilot,california_wildfires__918104972268535810__918104972268535810_0,benign_text,,,,,,,,,
,pilot,california_wildfires__918104972268535810__918104972268535810_0,benign_joint,,,,,,,,,
,pilot,california_wildfires__918104972268535810__918104972268535810_0,direct_image,,,,,,,,,
,pilot,california_wildfires__918104972268535810__918104972268535810_0,direct_text,,,,,,,,,
,pilot,california_wildfires__918104972268535810__918104972268535810_0,direct_joint,,,,,,,,,
,pilot,california_wildfires__918104972268535810__918104972268535810_0,misleading_image,,,,,,,,,
,pilot,california_wildfires__918104972268535810__918104972268535810_0,misleading_text,,,,,,,,,
,pilot,california_wildfires__918104972268535810__918104972268535810_0,misleading_joint,,,,,,,,,
,pilot,california_wildfires__919580937184260098__919580937184260098_0,clean,,,,,,,,,
,pilot,california_wildfires__919580937184260098__919580937184260098_0,benign_image,,,,,,,,,
,pilot,california_wildfires__919580937184260098__919580937184260098_0,benign_text,,,,,,,,,
,pilot,california_wildfires__919580937184260098__919580937184260098_0,benign_joint,,,,,,,,,
,pilot,california_wildfires__919580937184260098__919580937184260098_0,direct_image,,,,,,,,,
,pilot,california_wildfires__919580937184260098__919580937184260098_0,direct_text,,,,,,,,,
,pilot,california_wildfires__919580937184260098__919580937184260098_0,direct_joint,,,,,,,,,
,pilot,california_wildfires__919580937184260098__919580937184260098_0,misleading_image,,,,,,,,,
,pilot,california_wildfires__919580937184260098__919580937184260098_0,misleading_text,,,,,,,,,
,pilot,california_wildfires__919580937184260098__919580937184260098_0,misleading_joint,,,,,,,,,
,pilot,california_wildfires__919731334368694274__919731334368694274_0,clean,,,,,,,,,
,pilot,california_wildfires__919731334368694274__919731334368694274_0,benign_image,,,,,,,,,
,pilot,california_wildfires__919731334368694274__919731334368694274_0,benign_text,,,,,,,,,
,pilot,california_wildfires__919731334368694274__919731334368694274_0,benign_joint,,,,,,,,,
,pilot,california_wildfires__919731334368694274__919731334368694274_0,direct_image,,,,,,,,,
,pilot,california_wildfires__919731334368694274__919731334368694274_0,direct_text,,,,,,,,,
,pilot,california_wildfires__919731334368694274__919731334368694274_0,direct_joint,,,,,,,,,
,pilot,california_wildfires__919731334368694274__919731334368694274_0,misleading_image,,,,,,,,,
,pilot,california_wildfires__919731334368694274__919731334368694274_0,misleading_text,,,,,,,,,
,pilot,california_wildfires__919731334368694274__919731334368694274_0,misleading_joint,,,,,,,,,
,pilot,california_wildfires__920034434845360133__920034434845360133_0,clean,,,,,,,,,
,pilot,california_wildfires__920034434845360133__920034434845360133_0,benign_image,,,,,,,,,
,pilot,california_wildfires__920034434845360133__920034434845360133_0,benign_text,,,,,,,,,
,pilot,california_wildfires__920034434845360133__920034434845360133_0,benign_joint,,,,,,,,,
,pilot,california_wildfires__920034434845360133__920034434845360133_0,direct_image,,,,,,,,,
,pilot,california_wildfires__920034434845360133__920034434845360133_0,direct_text,,,,,,,,,
,pilot,california_wildfires__920034434845360133__920034434845360133_0,direct_joint,,,,,,,,,
,pilot,california_wildfires__920034434845360133__920034434845360133_0,misleading_image,,,,,,,,,
,pilot,california_wildfires__920034434845360133__920034434845360133_0,misleading_text,,,,,,,,,
,pilot,california_wildfires__920034434845360133__920034434845360133_0,misleading_joint,,,,,,,,,
,pilot,california_wildfires__920202485926637568__920202485926637568_0,clean,,,,,,,,,
,pilot,california_wildfires__920202485926637568__920202485926637568_0,benign_image,,,,,,,,,
,pilot,california_wildfires__920202485926637568__920202485926637568_0,benign_text,,,,,,,,,
,pilot,california_wildfires__920202485926637568__920202485926637568_0,benign_joint,,,,,,,,,
,pilot,california_wildfires__920202485926637568__920202485926637568_0,direct_image,,,,,,,,,
,pilot,california_wildfires__920202485926637568__920202485926637568_0,direct_text,,,,,,,,,
,pilot,california_wildfires__920202485926637568__920202485926637568_0,direct_joint,,,,,,,,,
,pilot,california_wildfires__920202485926637568__920202485926637568_0,misleading_image,,,,,,,,,
,pilot,california_wildfires__920202485926637568__920202485926637568_0,misleading_text,,,,,,,,,
,pilot,california_wildfires__920202485926637568__920202485926637568_0,misleading_joint,,,,,,,,,
,pilot,california_wildfires__920349606717792256__920349606717792256_0,clean,,,,,,,,,
,pilot,california_wildfires__920349606717792256__920349606717792256_0,benign_image,,,,,,,,,
,pilot,california_wildfires__920349606717792256__920349606717792256_0,benign_text,,,,,,,,,
,pilot,california_wildfires__920349606717792256__920349606717792256_0,benign_joint,,,,,,,,,
,pilot,california_wildfires__920349606717792256__920349606717792256_0,direct_image,,,,,,,,,
,pilot,california_wildfires__920349606717792256__920349606717792256_0,direct_text,,,,,,,,,
,pilot,california_wildfires__920349606717792256__920349606717792256_0,direct_joint,,,,,,,,,
,pilot,california_wildfires__920349606717792256__920349606717792256_0,misleading_image,,,,,,,,,
,pilot,california_wildfires__920349606717792256__920349606717792256_0,misleading_text,,,,,,,,,
,pilot,california_wildfires__920349606717792256__920349606717792256_0,misleading_joint,,,,,,,,,
,pilot,california_wildfires__920407758603735040__920407758603735040_0,clean,,,,,,,,,
,pilot,california_wildfires__920407758603735040__920407758603735040_0,benign_image,,,,,,,,,
,pilot,california_wildfires__920407758603735040__920407758603735040_0,benign_text,,,,,,,,,
,pilot,california_wildfires__920407758603735040__920407758603735040_0,benign_joint,,,,,,,,,
,pilot,california_wildfires__920407758603735040__920407758603735040_0,direct_image,,,,,,,,,
,pilot,california_wildfires__920407758603735040__920407758603735040_0,direct_text,,,,,,,,,
,pilot,california_wildfires__920407758603735040__920407758603735040_0,direct_joint,,,,,,,,,
,pilot,california_wildfires__920407758603735040__920407758603735040_0,misleading_image,,,,,,,,,
,pilot,california_wildfires__920407758603735040__920407758603735040_0,misleading_text,,,,,,,,,
,pilot,california_wildfires__920407758603735040__920407758603735040_0,misleading_joint,,,,,,,,,
,pilot,california_wildfires__920486171985166336__920486171985166336_0,clean,,,,,,,,,
,pilot,california_wildfires__920486171985166336__920486171985166336_0,benign_image,,,,,,,,,
,pilot,california_wildfires__920486171985166336__920486171985166336_0,benign_text,,,,,,,,,
,pilot,california_wildfires__920486171985166336__920486171985166336_0,benign_joint,,,,,,,,,
,pilot,california_wildfires__920486171985166336__920486171985166336_0,direct_image,,,,,,,,,
,pilot,california_wildfires__920486171985166336__920486171985166336_0,direct_text,,,,,,,,,
,pilot,california_wildfires__920486171985166336__920486171985166336_0,direct_joint,,,,,,,,,
,pilot,california_wildfires__920486171985166336__920486171985166336_0,misleading_image,,,,,,,,,
,pilot,california_wildfires__920486171985166336__920486171985166336_0,misleading_text,,,,,,,,,
,pilot,california_wildfires__920486171985166336__920486171985166336_0,misleading_joint,,,,,,,,,
,pilot,california_wildfires__920635671353667586__920635671353667586_0,clean,,,,,,,,,
,pilot,california_wildfires__920635671353667586__920635671353667586_0,benign_image,,,,,,,,,
,pilot,california_wildfires__920635671353667586__920635671353667586_0,benign_text,,,,,,,,,
,pilot,california_wildfires__920635671353667586__920635671353667586_0,benign_joint,,,,,,,,,
,pilot,california_wildfires__920635671353667586__920635671353667586_0,direct_image,,,,,,,,,
,pilot,california_wildfires__920635671353667586__920635671353667586_0,direct_text,,,,,,,,,
,pilot,california_wildfires__920635671353667586__920635671353667586_0,direct_joint,,,,,,,,,
,pilot,california_wildfires__920635671353667586__920635671353667586_0,misleading_image,,,,,,,,,
,pilot,california_wildfires__920635671353667586__920635671353667586_0,misleading_text,,,,,,,,,
,pilot,california_wildfires__920635671353667586__920635671353667586_0,misleading_joint,,,,,,,,,
,pilot,california_wildfires__920916661519007745__920916661519007745_0,clean,,,,,,,,,
,pilot,california_wildfires__920916661519007745__920916661519007745_0,benign_image,,,,,,,,,
,pilot,california_wildfires__920916661519007745__920916661519007745_0,benign_text,,,,,,,,,
,pilot,california_wildfires__920916661519007745__920916661519007745_0,benign_joint,,,,,,,,,
,pilot,california_wildfires__920916661519007745__920916661519007745_0,direct_image,,,,,,,,,
,pilot,california_wildfires__920916661519007745__920916661519007745_0,direct_text,,,,,,,,,
,pilot,california_wildfires__920916661519007745__920916661519007745_0,direct_joint,,,,,,,,,
,pilot,california_wildfires__920916661519007745__920916661519007745_0,misleading_image,,,,,,,,,
,pilot,california_wildfires__920916661519007745__920916661519007745_0,misleading_text,,,,,,,,,
,pilot,california_wildfires__920916661519007745__920916661519007745_0,misleading_joint,,,,,,,,,
,pilot,california_wildfires__921571773501640709__921571773501640709_0,clean,,,,,,,,,
,pilot,california_wildfires__921571773501640709__921571773501640709_0,benign_image,,,,,,,,,
,pilot,california_wildfires__921571773501640709__921571773501640709_0,benign_text,,,,,,,,,
,pilot,california_wildfires__921571773501640709__921571773501640709_0,benign_joint,,,,,,,,,
,pilot,california_wildfires__921571773501640709__921571773501640709_0,direct_image,,,,,,,,,
,pilot,california_wildfires__921571773501640709__921571773501640709_0,direct_text,,,,,,,,,
,pilot,california_wildfires__921571773501640709__921571773501640709_0,direct_joint,,,,,,,,,
,pilot,california_wildfires__921571773501640709__921571773501640709_0,misleading_image,,,,,,,,,
,pilot,california_wildfires__921571773501640709__921571773501640709_0,misleading_text,,,,,,,,,
,pilot,california_wildfires__921571773501640709__921571773501640709_0,misleading_joint,,,,,,,,,
,pilot,california_wildfires__923717489883693058__923717489883693058_0,clean,,,,,,,,,
,pilot,california_wildfires__923717489883693058__923717489883693058_0,benign_image,,,,,,,,,
,pilot,california_wildfires__923717489883693058__923717489883693058_0,benign_text,,,,,,,,,
,pilot,california_wildfires__923717489883693058__923717489883693058_0,benign_joint,,,,,,,,,
,pilot,california_wildfires__923717489883693058__923717489883693058_0,direct_image,,,,,,,,,
,pilot,california_wildfires__923717489883693058__923717489883693058_0,direct_text,,,,,,,,,
,pilot,california_wildfires__923717489883693058__923717489883693058_0,direct_joint,,,,,,,,,
,pilot,california_wildfires__923717489883693058__923717489883693058_0,misleading_image,,,,,,,,,
,pilot,california_wildfires__923717489883693058__923717489883693058_0,misleading_text,,,,,,,,,
,pilot,california_wildfires__923717489883693058__923717489883693058_0,misleading_joint,,,,,,,,,
,pilot,hurricane_harvey__901646496713584640__901646496713584640_0,clean,,,,,,,,,
,pilot,hurricane_harvey__901646496713584640__901646496713584640_0,benign_image,,,,,,,,,
,pilot,hurricane_harvey__901646496713584640__901646496713584640_0,benign_text,,,,,,,,,
,pilot,hurricane_harvey__901646496713584640__901646496713584640_0,benign_joint,,,,,,,,,
,pilot,hurricane_harvey__901646496713584640__901646496713584640_0,direct_image,,,,,,,,,
,pilot,hurricane_harvey__901646496713584640__901646496713584640_0,direct_text,,,,,,,,,
,pilot,hurricane_harvey__901646496713584640__901646496713584640_0,direct_joint,,,,,,,,,
,pilot,hurricane_harvey__901646496713584640__901646496713584640_0,misleading_image,,,,,,,,,
,pilot,hurricane_harvey__901646496713584640__901646496713584640_0,misleading_text,,,,,,,,,
,pilot,hurricane_harvey__901646496713584640__901646496713584640_0,misleading_joint,,,,,,,,,
,pilot,hurricane_harvey__901792272882294786__901792272882294786_0,clean,,,,,,,,,
,pilot,hurricane_harvey__901792272882294786__901792272882294786_0,benign_image,,,,,,,,,
,pilot,hurricane_harvey__901792272882294786__901792272882294786_0,benign_text,,,,,,,,,
,pilot,hurricane_harvey__901792272882294786__901792272882294786_0,benign_joint,,,,,,,,,
,pilot,hurricane_harvey__901792272882294786__901792272882294786_0,direct_image,,,,,,,,,
,pilot,hurricane_harvey__901792272882294786__901792272882294786_0,direct_text,,,,,,,,,
,pilot,hurricane_harvey__901792272882294786__901792272882294786_0,direct_joint,,,,,,,,,
,pilot,hurricane_harvey__901792272882294786__901792272882294786_0,misleading_image,,,,,,,,,
,pilot,hurricane_harvey__901792272882294786__901792272882294786_0,misleading_text,,,,,,,,,
,pilot,hurricane_harvey__901792272882294786__901792272882294786_0,misleading_joint,,,,,,,,,
,pilot,hurricane_harvey__901796238756114433__901796238756114433_0,clean,,,,,,,,,
,pilot,hurricane_harvey__901796238756114433__901796238756114433_0,benign_image,,,,,,,,,
,pilot,hurricane_harvey__901796238756114433__901796238756114433_0,benign_text,,,,,,,,,
,pilot,hurricane_harvey__901796238756114433__901796238756114433_0,benign_joint,,,,,,,,,
,pilot,hurricane_harvey__901796238756114433__901796238756114433_0,direct_image,,,,,,,,,
,pilot,hurricane_harvey__901796238756114433__901796238756114433_0,direct_text,,,,,,,,,
,pilot,hurricane_harvey__901796238756114433__901796238756114433_0,direct_joint,,,,,,,,,
,pilot,hurricane_harvey__901796238756114433__901796238756114433_0,misleading_image,,,,,,,,,
,pilot,hurricane_harvey__901796238756114433__901796238756114433_0,misleading_text,,,,,,,,,
,pilot,hurricane_harvey__901796238756114433__901796238756114433_0,misleading_joint,,,,,,,,,
,pilot,hurricane_harvey__901822598765522945__901822598765522945_0,clean,,,,,,,,,
,pilot,hurricane_harvey__901822598765522945__901822598765522945_0,benign_image,,,,,,,,,
,pilot,hurricane_harvey__901822598765522945__901822598765522945_0,benign_text,,,,,,,,,
,pilot,hurricane_harvey__901822598765522945__901822598765522945_0,benign_joint,,,,,,,,,
,pilot,hurricane_harvey__901822598765522945__901822598765522945_0,direct_image,,,,,,,,,
,pilot,hurricane_harvey__901822598765522945__901822598765522945_0,direct_text,,,,,,,,,
,pilot,hurricane_harvey__901822598765522945__901822598765522945_0,direct_joint,,,,,,,,,
,pilot,hurricane_harvey__901822598765522945__901822598765522945_0,misleading_image,,,,,,,,,
,pilot,hurricane_harvey__901822598765522945__901822598765522945_0,misleading_text,,,,,,,,,
,pilot,hurricane_harvey__901822598765522945__901822598765522945_0,misleading_joint,,,,,,,,,
,pilot,hurricane_harvey__904623462077140993__904623462077140993_0,clean,,,,,,,,,
,pilot,hurricane_harvey__904623462077140993__904623462077140993_0,benign_image,,,,,,,,,
,pilot,hurricane_harvey__904623462077140993__904623462077140993_0,benign_text,,,,,,,,,
,pilot,hurricane_harvey__904623462077140993__904623462077140993_0,benign_joint,,,,,,,,,
,pilot,hurricane_harvey__904623462077140993__904623462077140993_0,direct_image,,,,,,,,,
,pilot,hurricane_harvey__904623462077140993__904623462077140993_0,direct_text,,,,,,,,,
,pilot,hurricane_harvey__904623462077140993__904623462077140993_0,direct_joint,,,,,,,,,
,pilot,hurricane_harvey__904623462077140993__904623462077140993_0,misleading_image,,,,,,,,,
,pilot,hurricane_harvey__904623462077140993__904623462077140993_0,misleading_text,,,,,,,,,
,pilot,hurricane_harvey__904623462077140993__904623462077140993_0,misleading_joint,,,,,,,,,
,pilot,hurricane_harvey__904669405585457152__904669405585457152_0,clean,,,,,,,,,
,pilot,hurricane_harvey__904669405585457152__904669405585457152_0,benign_image,,,,,,,,,
,pilot,hurricane_harvey__904669405585457152__904669405585457152_0,benign_text,,,,,,,,,
,pilot,hurricane_harvey__904669405585457152__904669405585457152_0,benign_joint,,,,,,,,,
,pilot,hurricane_harvey__904669405585457152__904669405585457152_0,direct_image,,,,,,,,,
,pilot,hurricane_harvey__904669405585457152__904669405585457152_0,direct_text,,,,,,,,,
,pilot,hurricane_harvey__904669405585457152__904669405585457152_0,direct_joint,,,,,,,,,
,pilot,hurricane_harvey__904669405585457152__904669405585457152_0,misleading_image,,,,,,,,,
,pilot,hurricane_harvey__904669405585457152__904669405585457152_0,misleading_text,,,,,,,,,
,pilot,hurricane_harvey__904669405585457152__904669405585457152_0,misleading_joint,,,,,,,,,
,pilot,hurricane_harvey__904826427291271168__904826427291271168_0,clean,,,,,,,,,
,pilot,hurricane_harvey__904826427291271168__904826427291271168_0,benign_image,,,,,,,,,
,pilot,hurricane_harvey__904826427291271168__904826427291271168_0,benign_text,,,,,,,,,
,pilot,hurricane_harvey__904826427291271168__904826427291271168_0,benign_joint,,,,,,,,,
,pilot,hurricane_harvey__904826427291271168__904826427291271168_0,direct_image,,,,,,,,,
,pilot,hurricane_harvey__904826427291271168__904826427291271168_0,direct_text,,,,,,,,,
,pilot,hurricane_harvey__904826427291271168__904826427291271168_0,direct_joint,,,,,,,,,
,pilot,hurricane_harvey__904826427291271168__904826427291271168_0,misleading_image,,,,,,,,,
,pilot,hurricane_harvey__904826427291271168__904826427291271168_0,misleading_text,,,,,,,,,
,pilot,hurricane_harvey__904826427291271168__904826427291271168_0,misleading_joint,,,,,,,,,
,pilot,hurricane_harvey__904919183762219008__904919183762219008_0,clean,,,,,,,,,
,pilot,hurricane_harvey__904919183762219008__904919183762219008_0,benign_image,,,,,,,,,
,pilot,hurricane_harvey__904919183762219008__904919183762219008_0,benign_text,,,,,,,,,
,pilot,hurricane_harvey__904919183762219008__904919183762219008_0,benign_joint,,,,,,,,,
,pilot,hurricane_harvey__904919183762219008__904919183762219008_0,direct_image,,,,,,,,,
,pilot,hurricane_harvey__904919183762219008__904919183762219008_0,direct_text,,,,,,,,,
,pilot,hurricane_harvey__904919183762219008__904919183762219008_0,direct_joint,,,,,,,,,
,pilot,hurricane_harvey__904919183762219008__904919183762219008_0,misleading_image,,,,,,,,,
,pilot,hurricane_harvey__904919183762219008__904919183762219008_0,misleading_text,,,,,,,,,
,pilot,hurricane_harvey__904919183762219008__904919183762219008_0,misleading_joint,,,,,,,,,
,pilot,hurricane_harvey__905188876968501249__905188876968501249_0,clean,,,,,,,,,
,pilot,hurricane_harvey__905188876968501249__905188876968501249_0,benign_image,,,,,,,,,
,pilot,hurricane_harvey__905188876968501249__905188876968501249_0,benign_text,,,,,,,,,
,pilot,hurricane_harvey__905188876968501249__905188876968501249_0,benign_joint,,,,,,,,,
,pilot,hurricane_harvey__905188876968501249__905188876968501249_0,direct_image,,,,,,,,,
,pilot,hurricane_harvey__905188876968501249__905188876968501249_0,direct_text,,,,,,,,,
,pilot,hurricane_harvey__905188876968501249__905188876968501249_0,direct_joint,,,,,,,,,
,pilot,hurricane_harvey__905188876968501249__905188876968501249_0,misleading_image,,,,,,,,,
,pilot,hurricane_harvey__905188876968501249__905188876968501249_0,misleading_text,,,,,,,,,
,pilot,hurricane_harvey__905188876968501249__905188876968501249_0,misleading_joint,,,,,,,,,
,pilot,hurricane_harvey__906199066966667264__906199066966667264_0,clean,,,,,,,,,
,pilot,hurricane_harvey__906199066966667264__906199066966667264_0,benign_image,,,,,,,,,
,pilot,hurricane_harvey__906199066966667264__906199066966667264_0,benign_text,,,,,,,,,
,pilot,hurricane_harvey__906199066966667264__906199066966667264_0,benign_joint,,,,,,,,,
,pilot,hurricane_harvey__906199066966667264__906199066966667264_0,direct_image,,,,,,,,,
,pilot,hurricane_harvey__906199066966667264__906199066966667264_0,direct_text,,,,,,,,,
,pilot,hurricane_harvey__906199066966667264__906199066966667264_0,direct_joint,,,,,,,,,
,pilot,hurricane_harvey__906199066966667264__906199066966667264_0,misleading_image,,,,,,,,,
,pilot,hurricane_harvey__906199066966667264__906199066966667264_0,misleading_text,,,,,,,,,
,pilot,hurricane_harvey__906199066966667264__906199066966667264_0,misleading_joint,,,,,,,,,
,pilot,hurricane_harvey__906713368563556353__906713368563556353_0,clean,,,,,,,,,
,pilot,hurricane_harvey__906713368563556353__906713368563556353_0,benign_image,,,,,,,,,
,pilot,hurricane_harvey__906713368563556353__906713368563556353_0,benign_text,,,,,,,,,
,pilot,hurricane_harvey__906713368563556353__906713368563556353_0,benign_joint,,,,,,,,,
,pilot,hurricane_harvey__906713368563556353__906713368563556353_0,direct_image,,,,,,,,,
,pilot,hurricane_harvey__906713368563556353__906713368563556353_0,direct_text,,,,,,,,,
,pilot,hurricane_harvey__906713368563556353__906713368563556353_0,direct_joint,,,,,,,,,
,pilot,hurricane_harvey__906713368563556353__906713368563556353_0,misleading_image,,,,,,,,,
,pilot,hurricane_harvey__906713368563556353__906713368563556353_0,misleading_text,,,,,,,,,
,pilot,hurricane_harvey__906713368563556353__906713368563556353_0,misleading_joint,,,,,,,,,
,pilot,hurricane_harvey__906851261881962497__906851261881962497_0,clean,,,,,,,,,
,pilot,hurricane_harvey__906851261881962497__906851261881962497_0,benign_image,,,,,,,,,
,pilot,hurricane_harvey__906851261881962497__906851261881962497_0,benign_text,,,,,,,,,
,pilot,hurricane_harvey__906851261881962497__906851261881962497_0,benign_joint,,,,,,,,,
,pilot,hurricane_harvey__906851261881962497__906851261881962497_0,direct_image,,,,,,,,,
,pilot,hurricane_harvey__906851261881962497__906851261881962497_0,direct_text,,,,,,,,,
,pilot,hurricane_harvey__906851261881962497__906851261881962497_0,direct_joint,,,,,,,,,
,pilot,hurricane_harvey__906851261881962497__906851261881962497_0,misleading_image,,,,,,,,,
,pilot,hurricane_harvey__906851261881962497__906851261881962497_0,misleading_text,,,,,,,,,
,pilot,hurricane_harvey__906851261881962497__906851261881962497_0,misleading_joint,,,,,,,,,
,pilot,hurricane_harvey__907190244579188736__907190244579188736_0,clean,,,,,,,,,
,pilot,hurricane_harvey__907190244579188736__907190244579188736_0,benign_image,,,,,,,,,
,pilot,hurricane_harvey__907190244579188736__907190244579188736_0,benign_text,,,,,,,,,
,pilot,hurricane_harvey__907190244579188736__907190244579188736_0,benign_joint,,,,,,,,,
,pilot,hurricane_harvey__907190244579188736__907190244579188736_0,direct_image,,,,,,,,,
,pilot,hurricane_harvey__907190244579188736__907190244579188736_0,direct_text,,,,,,,,,
,pilot,hurricane_harvey__907190244579188736__907190244579188736_0,direct_joint,,,,,,,,,
,pilot,hurricane_harvey__907190244579188736__907190244579188736_0,misleading_image,,,,,,,,,
,pilot,hurricane_harvey__907190244579188736__907190244579188736_0,misleading_text,,,,,,,,,
,pilot,hurricane_harvey__907190244579188736__907190244579188736_0,misleading_joint,,,,,,,,,
,pilot,hurricane_harvey__908073044341673986__908073044341673986_0,clean,,,,,,,,,
,pilot,hurricane_harvey__908073044341673986__908073044341673986_0,benign_image,,,,,,,,,
,pilot,hurricane_harvey__908073044341673986__908073044341673986_0,benign_text,,,,,,,,,
,pilot,hurricane_harvey__908073044341673986__908073044341673986_0,benign_joint,,,,,,,,,
,pilot,hurricane_harvey__908073044341673986__908073044341673986_0,direct_image,,,,,,,,,
,pilot,hurricane_harvey__908073044341673986__908073044341673986_0,direct_text,,,,,,,,,
,pilot,hurricane_harvey__908073044341673986__908073044341673986_0,direct_joint,,,,,,,,,
,pilot,hurricane_harvey__908073044341673986__908073044341673986_0,misleading_image,,,,,,,,,
,pilot,hurricane_harvey__908073044341673986__908073044341673986_0,misleading_text,,,,,,,,,
,pilot,hurricane_harvey__908073044341673986__908073044341673986_0,misleading_joint,,,,,,,,,
,pilot,hurricane_harvey__908510389981368321__908510389981368321_0,clean,,,,,,,,,
,pilot,hurricane_harvey__908510389981368321__908510389981368321_0,benign_image,,,,,,,,,
,pilot,hurricane_harvey__908510389981368321__908510389981368321_0,benign_text,,,,,,,,,
,pilot,hurricane_harvey__908510389981368321__908510389981368321_0,benign_joint,,,,,,,,,
,pilot,hurricane_harvey__908510389981368321__908510389981368321_0,direct_image,,,,,,,,,
,pilot,hurricane_harvey__908510389981368321__908510389981368321_0,direct_text,,,,,,,,,
,pilot,hurricane_harvey__908510389981368321__908510389981368321_0,direct_joint,,,,,,,,,
,pilot,hurricane_harvey__908510389981368321__908510389981368321_0,misleading_image,,,,,,,,,
,pilot,hurricane_harvey__908510389981368321__908510389981368321_0,misleading_text,,,,,,,,,
,pilot,hurricane_harvey__908510389981368321__908510389981368321_0,misleading_joint,,,,,,,,,
,pilot,hurricane_harvey__908701985809068034__908701985809068034_0,clean,,,,,,,,,
,pilot,hurricane_harvey__908701985809068034__908701985809068034_0,benign_image,,,,,,,,,
,pilot,hurricane_harvey__908701985809068034__908701985809068034_0,benign_text,,,,,,,,,
,pilot,hurricane_harvey__908701985809068034__908701985809068034_0,benign_joint,,,,,,,,,
,pilot,hurricane_harvey__908701985809068034__908701985809068034_0,direct_image,,,,,,,,,
,pilot,hurricane_harvey__908701985809068034__908701985809068034_0,direct_text,,,,,,,,,
,pilot,hurricane_harvey__908701985809068034__908701985809068034_0,direct_joint,,,,,,,,,
,pilot,hurricane_harvey__908701985809068034__908701985809068034_0,misleading_image,,,,,,,,,
,pilot,hurricane_harvey__908701985809068034__908701985809068034_0,misleading_text,,,,,,,,,
,pilot,hurricane_harvey__908701985809068034__908701985809068034_0,misleading_joint,,,,,,,,,
,pilot,hurricane_harvey__908705573570478080__908705573570478080_0,clean,,,,,,,,,
,pilot,hurricane_harvey__908705573570478080__908705573570478080_0,benign_image,,,,,,,,,
,pilot,hurricane_harvey__908705573570478080__908705573570478080_0,benign_text,,,,,,,,,
,pilot,hurricane_harvey__908705573570478080__908705573570478080_0,benign_joint,,,,,,,,,
,pilot,hurricane_harvey__908705573570478080__908705573570478080_0,direct_image,,,,,,,,,
,pilot,hurricane_harvey__908705573570478080__908705573570478080_0,direct_text,,,,,,,,,
,pilot,hurricane_harvey__908705573570478080__908705573570478080_0,direct_joint,,,,,,,,,
,pilot,hurricane_harvey__908705573570478080__908705573570478080_0,misleading_image,,,,,,,,,
,pilot,hurricane_harvey__908705573570478080__908705573570478080_0,misleading_text,,,,,,,,,
,pilot,hurricane_harvey__908705573570478080__908705573570478080_0,misleading_joint,,,,,,,,,
,pilot,hurricane_irma__905658056465199105__905658056465199105_0,clean,,,,,,,,,
,pilot,hurricane_irma__905658056465199105__905658056465199105_0,benign_image,,,,,,,,,
,pilot,hurricane_irma__905658056465199105__905658056465199105_0,benign_text,,,,,,,,,
,pilot,hurricane_irma__905658056465199105__905658056465199105_0,benign_joint,,,,,,,,,
,pilot,hurricane_irma__905658056465199105__905658056465199105_0,direct_image,,,,,,,,,
,pilot,hurricane_irma__905658056465199105__905658056465199105_0,direct_text,,,,,,,,,
,pilot,hurricane_irma__905658056465199105__905658056465199105_0,direct_joint,,,,,,,,,
,pilot,hurricane_irma__905658056465199105__905658056465199105_0,misleading_image,,,,,,,,,
,pilot,hurricane_irma__905658056465199105__905658056465199105_0,misleading_text,,,,,,,,,
,pilot,hurricane_irma__905658056465199105__905658056465199105_0,misleading_joint,,,,,,,,,
,pilot,hurricane_irma__905670102833446912__905670102833446912_0,clean,,,,,,,,,
,pilot,hurricane_irma__905670102833446912__905670102833446912_0,benign_image,,,,,,,,,
,pilot,hurricane_irma__905670102833446912__905670102833446912_0,benign_text,,,,,,,,,
,pilot,hurricane_irma__905670102833446912__905670102833446912_0,benign_joint,,,,,,,,,
,pilot,hurricane_irma__905670102833446912__905670102833446912_0,direct_image,,,,,,,,,
,pilot,hurricane_irma__905670102833446912__905670102833446912_0,direct_text,,,,,,,,,
,pilot,hurricane_irma__905670102833446912__905670102833446912_0,direct_joint,,,,,,,,,
,pilot,hurricane_irma__905670102833446912__905670102833446912_0,misleading_image,,,,,,,,,
,pilot,hurricane_irma__905670102833446912__905670102833446912_0,misleading_text,,,,,,,,,
,pilot,hurricane_irma__905670102833446912__905670102833446912_0,misleading_joint,,,,,,,,,
,pilot,hurricane_irma__905715102258569216__905715102258569216_0,clean,,,,,,,,,
,pilot,hurricane_irma__905715102258569216__905715102258569216_0,benign_image,,,,,,,,,
,pilot,hurricane_irma__905715102258569216__905715102258569216_0,benign_text,,,,,,,,,
,pilot,hurricane_irma__905715102258569216__905715102258569216_0,benign_joint,,,,,,,,,
,pilot,hurricane_irma__905715102258569216__905715102258569216_0,direct_image,,,,,,,,,
,pilot,hurricane_irma__905715102258569216__905715102258569216_0,direct_text,,,,,,,,,
,pilot,hurricane_irma__905715102258569216__905715102258569216_0,direct_joint,,,,,,,,,
,pilot,hurricane_irma__905715102258569216__905715102258569216_0,misleading_image,,,,,,,,,
,pilot,hurricane_irma__905715102258569216__905715102258569216_0,misleading_text,,,,,,,,,
,pilot,hurricane_irma__905715102258569216__905715102258569216_0,misleading_joint,,,,,,,,,
,pilot,hurricane_irma__909381728061464577__909381728061464577_0,clean,,,,,,,,,
,pilot,hurricane_irma__909381728061464577__909381728061464577_0,benign_image,,,,,,,,,
,pilot,hurricane_irma__909381728061464577__909381728061464577_0,benign_text,,,,,,,,,
,pilot,hurricane_irma__909381728061464577__909381728061464577_0,benign_joint,,,,,,,,,
,pilot,hurricane_irma__909381728061464577__909381728061464577_0,direct_image,,,,,,,,,
,pilot,hurricane_irma__909381728061464577__909381728061464577_0,direct_text,,,,,,,,,
,pilot,hurricane_irma__909381728061464577__909381728061464577_0,direct_joint,,,,,,,,,
,pilot,hurricane_irma__909381728061464577__909381728061464577_0,misleading_image,,,,,,,,,
,pilot,hurricane_irma__909381728061464577__909381728061464577_0,misleading_text,,,,,,,,,
,pilot,hurricane_irma__909381728061464577__909381728061464577_0,misleading_joint,,,,,,,,,
,pilot,hurricane_irma__909412901626236929__909412901626236929_0,clean,,,,,,,,,
,pilot,hurricane_irma__909412901626236929__909412901626236929_0,benign_image,,,,,,,,,
,pilot,hurricane_irma__909412901626236929__909412901626236929_0,benign_text,,,,,,,,,
,pilot,hurricane_irma__909412901626236929__909412901626236929_0,benign_joint,,,,,,,,,
,pilot,hurricane_irma__909412901626236929__909412901626236929_0,direct_image,,,,,,,,,
,pilot,hurricane_irma__909412901626236929__909412901626236929_0,direct_text,,,,,,,,,
,pilot,hurricane_irma__909412901626236929__909412901626236929_0,direct_joint,,,,,,,,,
,pilot,hurricane_irma__909412901626236929__909412901626236929_0,misleading_image,,,,,,,,,
,pilot,hurricane_irma__909412901626236929__909412901626236929_0,misleading_text,,,,,,,,,
,pilot,hurricane_irma__909412901626236929__909412901626236929_0,misleading_joint,,,,,,,,,
,pilot,hurricane_irma__909415467655335936__909415467655335936_0,clean,,,,,,,,,
,pilot,hurricane_irma__909415467655335936__909415467655335936_0,benign_image,,,,,,,,,
,pilot,hurricane_irma__909415467655335936__909415467655335936_0,benign_text,,,,,,,,,
,pilot,hurricane_irma__909415467655335936__909415467655335936_0,benign_joint,,,,,,,,,
,pilot,hurricane_irma__909415467655335936__909415467655335936_0,direct_image,,,,,,,,,
,pilot,hurricane_irma__909415467655335936__909415467655335936_0,direct_text,,,,,,,,,
,pilot,hurricane_irma__909415467655335936__909415467655335936_0,direct_joint,,,,,,,,,
,pilot,hurricane_irma__909415467655335936__909415467655335936_0,misleading_image,,,,,,,,,
,pilot,hurricane_irma__909415467655335936__909415467655335936_0,misleading_text,,,,,,,,,
,pilot,hurricane_irma__909415467655335936__909415467655335936_0,misleading_joint,,,,,,,,,
,pilot,hurricane_irma__909431758822739969__909431758822739969_0,clean,,,,,,,,,
,pilot,hurricane_irma__909431758822739969__909431758822739969_0,benign_image,,,,,,,,,
,pilot,hurricane_irma__909431758822739969__909431758822739969_0,benign_text,,,,,,,,,
,pilot,hurricane_irma__909431758822739969__909431758822739969_0,benign_joint,,,,,,,,,
,pilot,hurricane_irma__909431758822739969__909431758822739969_0,direct_image,,,,,,,,,
,pilot,hurricane_irma__909431758822739969__909431758822739969_0,direct_text,,,,,,,,,
,pilot,hurricane_irma__909431758822739969__909431758822739969_0,direct_joint,,,,,,,,,
,pilot,hurricane_irma__909431758822739969__909431758822739969_0,misleading_image,,,,,,,,,
,pilot,hurricane_irma__909431758822739969__909431758822739969_0,misleading_text,,,,,,,,,
,pilot,hurricane_irma__909431758822739969__909431758822739969_0,misleading_joint,,,,,,,,,
,pilot,hurricane_irma__909484405214908419__909484405214908419_0,clean,,,,,,,,,
,pilot,hurricane_irma__909484405214908419__909484405214908419_0,benign_image,,,,,,,,,
,pilot,hurricane_irma__909484405214908419__909484405214908419_0,benign_text,,,,,,,,,
,pilot,hurricane_irma__909484405214908419__909484405214908419_0,benign_joint,,,,,,,,,
,pilot,hurricane_irma__909484405214908419__909484405214908419_0,direct_image,,,,,,,,,
,pilot,hurricane_irma__909484405214908419__909484405214908419_0,direct_text,,,,,,,,,
,pilot,hurricane_irma__909484405214908419__909484405214908419_0,direct_joint,,,,,,,,,
,pilot,hurricane_irma__909484405214908419__909484405214908419_0,misleading_image,,,,,,,,,
,pilot,hurricane_irma__909484405214908419__909484405214908419_0,misleading_text,,,,,,,,,
,pilot,hurricane_irma__909484405214908419__909484405214908419_0,misleading_joint,,,,,,,,,
,pilot,hurricane_irma__909492529854377984__909492529854377984_0,clean,,,,,,,,,
,pilot,hurricane_irma__909492529854377984__909492529854377984_0,benign_image,,,,,,,,,
,pilot,hurricane_irma__909492529854377984__909492529854377984_0,benign_text,,,,,,,,,
,pilot,hurricane_irma__909492529854377984__909492529854377984_0,benign_joint,,,,,,,,,
,pilot,hurricane_irma__909492529854377984__909492529854377984_0,direct_image,,,,,,,,,
,pilot,hurricane_irma__909492529854377984__909492529854377984_0,direct_text,,,,,,,,,
,pilot,hurricane_irma__909492529854377984__909492529854377984_0,direct_joint,,,,,,,,,
,pilot,hurricane_irma__909492529854377984__909492529854377984_0,misleading_image,,,,,,,,,
,pilot,hurricane_irma__909492529854377984__909492529854377984_0,misleading_text,,,,,,,,,
,pilot,hurricane_irma__909492529854377984__909492529854377984_0,misleading_joint,,,,,,,,,
,pilot,hurricane_irma__909717040205828097__909717040205828097_0,clean,,,,,,,,,
,pilot,hurricane_irma__909717040205828097__909717040205828097_0,benign_image,,,,,,,,,
,pilot,hurricane_irma__909717040205828097__909717040205828097_0,benign_text,,,,,,,,,
,pilot,hurricane_irma__909717040205828097__909717040205828097_0,benign_joint,,,,,,,,,
,pilot,hurricane_irma__909717040205828097__909717040205828097_0,direct_image,,,,,,,,,
,pilot,hurricane_irma__909717040205828097__909717040205828097_0,direct_text,,,,,,,,,
,pilot,hurricane_irma__909717040205828097__909717040205828097_0,direct_joint,,,,,,,,,
,pilot,hurricane_irma__909717040205828097__909717040205828097_0,misleading_image,,,,,,,,,
,pilot,hurricane_irma__909717040205828097__909717040205828097_0,misleading_text,,,,,,,,,
,pilot,hurricane_irma__909717040205828097__909717040205828097_0,misleading_joint,,,,,,,,,
,pilot,hurricane_irma__909739206293049344__909739206293049344_0,clean,,,,,,,,,
,pilot,hurricane_irma__909739206293049344__909739206293049344_0,benign_image,,,,,,,,,
,pilot,hurricane_irma__909739206293049344__909739206293049344_0,benign_text,,,,,,,,,
,pilot,hurricane_irma__909739206293049344__909739206293049344_0,benign_joint,,,,,,,,,
,pilot,hurricane_irma__909739206293049344__909739206293049344_0,direct_image,,,,,,,,,
,pilot,hurricane_irma__909739206293049344__909739206293049344_0,direct_text,,,,,,,,,
,pilot,hurricane_irma__909739206293049344__909739206293049344_0,direct_joint,,,,,,,,,
,pilot,hurricane_irma__909739206293049344__909739206293049344_0,misleading_image,,,,,,,,,
,pilot,hurricane_irma__909739206293049344__909739206293049344_0,misleading_text,,,,,,,,,
,pilot,hurricane_irma__909739206293049344__909739206293049344_0,misleading_joint,,,,,,,,,
,pilot,hurricane_irma__909796226169819140__909796226169819140_1,clean,,,,,,,,,
,pilot,hurricane_irma__909796226169819140__909796226169819140_1,benign_image,,,,,,,,,
,pilot,hurricane_irma__909796226169819140__909796226169819140_1,benign_text,,,,,,,,,
,pilot,hurricane_irma__909796226169819140__909796226169819140_1,benign_joint,,,,,,,,,
,pilot,hurricane_irma__909796226169819140__909796226169819140_1,direct_image,,,,,,,,,
,pilot,hurricane_irma__909796226169819140__909796226169819140_1,direct_text,,,,,,,,,
,pilot,hurricane_irma__909796226169819140__909796226169819140_1,direct_joint,,,,,,,,,
,pilot,hurricane_irma__909796226169819140__909796226169819140_1,misleading_image,,,,,,,,,
,pilot,hurricane_irma__909796226169819140__909796226169819140_1,misleading_text,,,,,,,,,
,pilot,hurricane_irma__909796226169819140__909796226169819140_1,misleading_joint,,,,,,,,,
,pilot,hurricane_irma__909839453010702338__909839453010702338_0,clean,,,,,,,,,
,pilot,hurricane_irma__909839453010702338__909839453010702338_0,benign_image,,,,,,,,,
,pilot,hurricane_irma__909839453010702338__909839453010702338_0,benign_text,,,,,,,,,
,pilot,hurricane_irma__909839453010702338__909839453010702338_0,benign_joint,,,,,,,,,
,pilot,hurricane_irma__909839453010702338__909839453010702338_0,direct_image,,,,,,,,,
,pilot,hurricane_irma__909839453010702338__909839453010702338_0,direct_text,,,,,,,,,
,pilot,hurricane_irma__909839453010702338__909839453010702338_0,direct_joint,,,,,,,,,
,pilot,hurricane_irma__909839453010702338__909839453010702338_0,misleading_image,,,,,,,,,
,pilot,hurricane_irma__909839453010702338__909839453010702338_0,misleading_text,,,,,,,,,
,pilot,hurricane_irma__909839453010702338__909839453010702338_0,misleading_joint,,,,,,,,,
,pilot,hurricane_irma__909843612309102592__909843612309102592_0,clean,,,,,,,,,
,pilot,hurricane_irma__909843612309102592__909843612309102592_0,benign_image,,,,,,,,,
,pilot,hurricane_irma__909843612309102592__909843612309102592_0,benign_text,,,,,,,,,
,pilot,hurricane_irma__909843612309102592__909843612309102592_0,benign_joint,,,,,,,,,
,pilot,hurricane_irma__909843612309102592__909843612309102592_0,direct_image,,,,,,,,,
,pilot,hurricane_irma__909843612309102592__909843612309102592_0,direct_text,,,,,,,,,
,pilot,hurricane_irma__909843612309102592__909843612309102592_0,direct_joint,,,,,,,,,
,pilot,hurricane_irma__909843612309102592__909843612309102592_0,misleading_image,,,,,,,,,
,pilot,hurricane_irma__909843612309102592__909843612309102592_0,misleading_text,,,,,,,,,
,pilot,hurricane_irma__909843612309102592__909843612309102592_0,misleading_joint,,,,,,,,,
,pilot,hurricane_irma__909900385581764608__909900385581764608_0,clean,,,,,,,,,
,pilot,hurricane_irma__909900385581764608__909900385581764608_0,benign_image,,,,,,,,,
,pilot,hurricane_irma__909900385581764608__909900385581764608_0,benign_text,,,,,,,,,
,pilot,hurricane_irma__909900385581764608__909900385581764608_0,benign_joint,,,,,,,,,
,pilot,hurricane_irma__909900385581764608__909900385581764608_0,direct_image,,,,,,,,,
,pilot,hurricane_irma__909900385581764608__909900385581764608_0,direct_text,,,,,,,,,
,pilot,hurricane_irma__909900385581764608__909900385581764608_0,direct_joint,,,,,,,,,
,pilot,hurricane_irma__909900385581764608__909900385581764608_0,misleading_image,,,,,,,,,
,pilot,hurricane_irma__909900385581764608__909900385581764608_0,misleading_text,,,,,,,,,
,pilot,hurricane_irma__909900385581764608__909900385581764608_0,misleading_joint,,,,,,,,,
,pilot,hurricane_irma__909902707028316161__909902707028316161_0,clean,,,,,,,,,
,pilot,hurricane_irma__909902707028316161__909902707028316161_0,benign_image,,,,,,,,,
,pilot,hurricane_irma__909902707028316161__909902707028316161_0,benign_text,,,,,,,,,
,pilot,hurricane_irma__909902707028316161__909902707028316161_0,benign_joint,,,,,,,,,
,pilot,hurricane_irma__909902707028316161__909902707028316161_0,direct_image,,,,,,,,,
,pilot,hurricane_irma__909902707028316161__909902707028316161_0,direct_text,,,,,,,,,
,pilot,hurricane_irma__909902707028316161__909902707028316161_0,direct_joint,,,,,,,,,
,pilot,hurricane_irma__909902707028316161__909902707028316161_0,misleading_image,,,,,,,,,
,pilot,hurricane_irma__909902707028316161__909902707028316161_0,misleading_text,,,,,,,,,
,pilot,hurricane_irma__909902707028316161__909902707028316161_0,misleading_joint,,,,,,,,,
,pilot,hurricane_irma__910177644444110848__910177644444110848_1,clean,,,,,,,,,
,pilot,hurricane_irma__910177644444110848__910177644444110848_1,benign_image,,,,,,,,,
,pilot,hurricane_irma__910177644444110848__910177644444110848_1,benign_text,,,,,,,,,
,pilot,hurricane_irma__910177644444110848__910177644444110848_1,benign_joint,,,,,,,,,
,pilot,hurricane_irma__910177644444110848__910177644444110848_1,direct_image,,,,,,,,,
,pilot,hurricane_irma__910177644444110848__910177644444110848_1,direct_text,,,,,,,,,
,pilot,hurricane_irma__910177644444110848__910177644444110848_1,direct_joint,,,,,,,,,
,pilot,hurricane_irma__910177644444110848__910177644444110848_1,misleading_image,,,,,,,,,
,pilot,hurricane_irma__910177644444110848__910177644444110848_1,misleading_text,,,,,,,,,
,pilot,hurricane_irma__910177644444110848__910177644444110848_1,misleading_joint,,,,,,,,,
,pilot,hurricane_irma__910222023263084544__910222023263084544_0,clean,,,,,,,,,
,pilot,hurricane_irma__910222023263084544__910222023263084544_0,benign_image,,,,,,,,,
,pilot,hurricane_irma__910222023263084544__910222023263084544_0,benign_text,,,,,,,,,
,pilot,hurricane_irma__910222023263084544__910222023263084544_0,benign_joint,,,,,,,,,
,pilot,hurricane_irma__910222023263084544__910222023263084544_0,direct_image,,,,,,,,,
,pilot,hurricane_irma__910222023263084544__910222023263084544_0,direct_text,,,,,,,,,
,pilot,hurricane_irma__910222023263084544__910222023263084544_0,direct_joint,,,,,,,,,
,pilot,hurricane_irma__910222023263084544__910222023263084544_0,misleading_image,,,,,,,,,
,pilot,hurricane_irma__910222023263084544__910222023263084544_0,misleading_text,,,,,,,,,
,pilot,hurricane_irma__910222023263084544__910222023263084544_0,misleading_joint,,,,,,,,,
,pilot,hurricane_maria__911546468791709697__911546468791709697_0,clean,,,,,,,,,
,pilot,hurricane_maria__911546468791709697__911546468791709697_0,benign_image,,,,,,,,,
,pilot,hurricane_maria__911546468791709697__911546468791709697_0,benign_text,,,,,,,,,
,pilot,hurricane_maria__911546468791709697__911546468791709697_0,benign_joint,,,,,,,,,
,pilot,hurricane_maria__911546468791709697__911546468791709697_0,direct_image,,,,,,,,,
,pilot,hurricane_maria__911546468791709697__911546468791709697_0,direct_text,,,,,,,,,
,pilot,hurricane_maria__911546468791709697__911546468791709697_0,direct_joint,,,,,,,,,
,pilot,hurricane_maria__911546468791709697__911546468791709697_0,misleading_image,,,,,,,,,
,pilot,hurricane_maria__911546468791709697__911546468791709697_0,misleading_text,,,,,,,,,
,pilot,hurricane_maria__911546468791709697__911546468791709697_0,misleading_joint,,,,,,,,,
,pilot,hurricane_maria__911786535321604096__911786535321604096_0,clean,,,,,,,,,
,pilot,hurricane_maria__911786535321604096__911786535321604096_0,benign_image,,,,,,,,,
,pilot,hurricane_maria__911786535321604096__911786535321604096_0,benign_text,,,,,,,,,
,pilot,hurricane_maria__911786535321604096__911786535321604096_0,benign_joint,,,,,,,,,
,pilot,hurricane_maria__911786535321604096__911786535321604096_0,direct_image,,,,,,,,,
,pilot,hurricane_maria__911786535321604096__911786535321604096_0,direct_text,,,,,,,,,
,pilot,hurricane_maria__911786535321604096__911786535321604096_0,direct_joint,,,,,,,,,
,pilot,hurricane_maria__911786535321604096__911786535321604096_0,misleading_image,,,,,,,,,
,pilot,hurricane_maria__911786535321604096__911786535321604096_0,misleading_text,,,,,,,,,
,pilot,hurricane_maria__911786535321604096__911786535321604096_0,misleading_joint,,,,,,,,,
,pilot,hurricane_maria__912021033984626688__912021033984626688_0,clean,,,,,,,,,
,pilot,hurricane_maria__912021033984626688__912021033984626688_0,benign_image,,,,,,,,,
,pilot,hurricane_maria__912021033984626688__912021033984626688_0,benign_text,,,,,,,,,
,pilot,hurricane_maria__912021033984626688__912021033984626688_0,benign_joint,,,,,,,,,
,pilot,hurricane_maria__912021033984626688__912021033984626688_0,direct_image,,,,,,,,,
,pilot,hurricane_maria__912021033984626688__912021033984626688_0,direct_text,,,,,,,,,
,pilot,hurricane_maria__912021033984626688__912021033984626688_0,direct_joint,,,,,,,,,
,pilot,hurricane_maria__912021033984626688__912021033984626688_0,misleading_image,,,,,,,,,
,pilot,hurricane_maria__912021033984626688__912021033984626688_0,misleading_text,,,,,,,,,
,pilot,hurricane_maria__912021033984626688__912021033984626688_0,misleading_joint,,,,,,,,,
,pilot,hurricane_maria__912949692413161472__912949692413161472_0,clean,,,,,,,,,
,pilot,hurricane_maria__912949692413161472__912949692413161472_0,benign_image,,,,,,,,,
,pilot,hurricane_maria__912949692413161472__912949692413161472_0,benign_text,,,,,,,,,
,pilot,hurricane_maria__912949692413161472__912949692413161472_0,benign_joint,,,,,,,,,
,pilot,hurricane_maria__912949692413161472__912949692413161472_0,direct_image,,,,,,,,,
,pilot,hurricane_maria__912949692413161472__912949692413161472_0,direct_text,,,,,,,,,
,pilot,hurricane_maria__912949692413161472__912949692413161472_0,direct_joint,,,,,,,,,
,pilot,hurricane_maria__912949692413161472__912949692413161472_0,misleading_image,,,,,,,,,
,pilot,hurricane_maria__912949692413161472__912949692413161472_0,misleading_text,,,,,,,,,
,pilot,hurricane_maria__912949692413161472__912949692413161472_0,misleading_joint,,,,,,,,,
,pilot,hurricane_maria__913062398004776960__913062398004776960_0,clean,,,,,,,,,
,pilot,hurricane_maria__913062398004776960__913062398004776960_0,benign_image,,,,,,,,,
,pilot,hurricane_maria__913062398004776960__913062398004776960_0,benign_text,,,,,,,,,
,pilot,hurricane_maria__913062398004776960__913062398004776960_0,benign_joint,,,,,,,,,
,pilot,hurricane_maria__913062398004776960__913062398004776960_0,direct_image,,,,,,,,,
,pilot,hurricane_maria__913062398004776960__913062398004776960_0,direct_text,,,,,,,,,
,pilot,hurricane_maria__913062398004776960__913062398004776960_0,direct_joint,,,,,,,,,
,pilot,hurricane_maria__913062398004776960__913062398004776960_0,misleading_image,,,,,,,,,
,pilot,hurricane_maria__913062398004776960__913062398004776960_0,misleading_text,,,,,,,,,
,pilot,hurricane_maria__913062398004776960__913062398004776960_0,misleading_joint,,,,,,,,,
,pilot,hurricane_maria__913795571193978880__913795571193978880_0,clean,,,,,,,,,
,pilot,hurricane_maria__913795571193978880__913795571193978880_0,benign_image,,,,,,,,,
,pilot,hurricane_maria__913795571193978880__913795571193978880_0,benign_text,,,,,,,,,
,pilot,hurricane_maria__913795571193978880__913795571193978880_0,benign_joint,,,,,,,,,
,pilot,hurricane_maria__913795571193978880__913795571193978880_0,direct_image,,,,,,,,,
,pilot,hurricane_maria__913795571193978880__913795571193978880_0,direct_text,,,,,,,,,
,pilot,hurricane_maria__913795571193978880__913795571193978880_0,direct_joint,,,,,,,,,
,pilot,hurricane_maria__913795571193978880__913795571193978880_0,misleading_image,,,,,,,,,
,pilot,hurricane_maria__913795571193978880__913795571193978880_0,misleading_text,,,,,,,,,
,pilot,hurricane_maria__913795571193978880__913795571193978880_0,misleading_joint,,,,,,,,,
,pilot,hurricane_maria__913983131262128129__913983131262128129_0,clean,,,,,,,,,
,pilot,hurricane_maria__913983131262128129__913983131262128129_0,benign_image,,,,,,,,,
,pilot,hurricane_maria__913983131262128129__913983131262128129_0,benign_text,,,,,,,,,
,pilot,hurricane_maria__913983131262128129__913983131262128129_0,benign_joint,,,,,,,,,
,pilot,hurricane_maria__913983131262128129__913983131262128129_0,direct_image,,,,,,,,,
,pilot,hurricane_maria__913983131262128129__913983131262128129_0,direct_text,,,,,,,,,
,pilot,hurricane_maria__913983131262128129__913983131262128129_0,direct_joint,,,,,,,,,
,pilot,hurricane_maria__913983131262128129__913983131262128129_0,misleading_image,,,,,,,,,
,pilot,hurricane_maria__913983131262128129__913983131262128129_0,misleading_text,,,,,,,,,
,pilot,hurricane_maria__913983131262128129__913983131262128129_0,misleading_joint,,,,,,,,,
,pilot,hurricane_maria__913992284986855424__913992284986855424_0,clean,,,,,,,,,
,pilot,hurricane_maria__913992284986855424__913992284986855424_0,benign_image,,,,,,,,,
,pilot,hurricane_maria__913992284986855424__913992284986855424_0,benign_text,,,,,,,,,
,pilot,hurricane_maria__913992284986855424__913992284986855424_0,benign_joint,,,,,,,,,
,pilot,hurricane_maria__913992284986855424__913992284986855424_0,direct_image,,,,,,,,,
,pilot,hurricane_maria__913992284986855424__913992284986855424_0,direct_text,,,,,,,,,
,pilot,hurricane_maria__913992284986855424__913992284986855424_0,direct_joint,,,,,,,,,
,pilot,hurricane_maria__913992284986855424__913992284986855424_0,misleading_image,,,,,,,,,
,pilot,hurricane_maria__913992284986855424__913992284986855424_0,misleading_text,,,,,,,,,
,pilot,hurricane_maria__913992284986855424__913992284986855424_0,misleading_joint,,,,,,,,,
,pilot,hurricane_maria__914329492830789634__914329492830789634_1,clean,,,,,,,,,
,pilot,hurricane_maria__914329492830789634__914329492830789634_1,benign_image,,,,,,,,,
,pilot,hurricane_maria__914329492830789634__914329492830789634_1,benign_text,,,,,,,,,
,pilot,hurricane_maria__914329492830789634__914329492830789634_1,benign_joint,,,,,,,,,
,pilot,hurricane_maria__914329492830789634__914329492830789634_1,direct_image,,,,,,,,,
,pilot,hurricane_maria__914329492830789634__914329492830789634_1,direct_text,,,,,,,,,
,pilot,hurricane_maria__914329492830789634__914329492830789634_1,direct_joint,,,,,,,,,
,pilot,hurricane_maria__914329492830789634__914329492830789634_1,misleading_image,,,,,,,,,
,pilot,hurricane_maria__914329492830789634__914329492830789634_1,misleading_text,,,,,,,,,
,pilot,hurricane_maria__914329492830789634__914329492830789634_1,misleading_joint,,,,,,,,,
,pilot,hurricane_maria__914555402737668097__914555402737668097_1,clean,,,,,,,,,
,pilot,hurricane_maria__914555402737668097__914555402737668097_1,benign_image,,,,,,,,,
,pilot,hurricane_maria__914555402737668097__914555402737668097_1,benign_text,,,,,,,,,
,pilot,hurricane_maria__914555402737668097__914555402737668097_1,benign_joint,,,,,,,,,
,pilot,hurricane_maria__914555402737668097__914555402737668097_1,direct_image,,,,,,,,,
,pilot,hurricane_maria__914555402737668097__914555402737668097_1,direct_text,,,,,,,,,
,pilot,hurricane_maria__914555402737668097__914555402737668097_1,direct_joint,,,,,,,,,
,pilot,hurricane_maria__914555402737668097__914555402737668097_1,misleading_image,,,,,,,,,
,pilot,hurricane_maria__914555402737668097__914555402737668097_1,misleading_text,,,,,,,,,
,pilot,hurricane_maria__914555402737668097__914555402737668097_1,misleading_joint,,,,,,,,,
,pilot,hurricane_maria__921427706880954369__921427706880954369_0,clean,,,,,,,,,
,pilot,hurricane_maria__921427706880954369__921427706880954369_0,benign_image,,,,,,,,,
,pilot,hurricane_maria__921427706880954369__921427706880954369_0,benign_text,,,,,,,,,
,pilot,hurricane_maria__921427706880954369__921427706880954369_0,benign_joint,,,,,,,,,
,pilot,hurricane_maria__921427706880954369__921427706880954369_0,direct_image,,,,,,,,,
,pilot,hurricane_maria__921427706880954369__921427706880954369_0,direct_text,,,,,,,,,
,pilot,hurricane_maria__921427706880954369__921427706880954369_0,direct_joint,,,,,,,,,
,pilot,hurricane_maria__921427706880954369__921427706880954369_0,misleading_image,,,,,,,,,
,pilot,hurricane_maria__921427706880954369__921427706880954369_0,misleading_text,,,,,,,,,
,pilot,hurricane_maria__921427706880954369__921427706880954369_0,misleading_joint,,,,,,,,,
,pilot,hurricane_maria__922464066622377986__922464066622377986_0,clean,,,,,,,,,
,pilot,hurricane_maria__922464066622377986__922464066622377986_0,benign_image,,,,,,,,,
,pilot,hurricane_maria__922464066622377986__922464066622377986_0,benign_text,,,,,,,,,
,pilot,hurricane_maria__922464066622377986__922464066622377986_0,benign_joint,,,,,,,,,
,pilot,hurricane_maria__922464066622377986__922464066622377986_0,direct_image,,,,,,,,,
,pilot,hurricane_maria__922464066622377986__922464066622377986_0,direct_text,,,,,,,,,
,pilot,hurricane_maria__922464066622377986__922464066622377986_0,direct_joint,,,,,,,,,
,pilot,hurricane_maria__922464066622377986__922464066622377986_0,misleading_image,,,,,,,,,
,pilot,hurricane_maria__922464066622377986__922464066622377986_0,misleading_text,,,,,,,,,
,pilot,hurricane_maria__922464066622377986__922464066622377986_0,misleading_joint,,,,,,,,,
,pilot,hurricane_maria__922601042533007362__922601042533007362_0,clean,,,,,,,,,
,pilot,hurricane_maria__922601042533007362__922601042533007362_0,benign_image,,,,,,,,,
,pilot,hurricane_maria__922601042533007362__922601042533007362_0,benign_text,,,,,,,,,
,pilot,hurricane_maria__922601042533007362__922601042533007362_0,benign_joint,,,,,,,,,
,pilot,hurricane_maria__922601042533007362__922601042533007362_0,direct_image,,,,,,,,,
,pilot,hurricane_maria__922601042533007362__922601042533007362_0,direct_text,,,,,,,,,
,pilot,hurricane_maria__922601042533007362__922601042533007362_0,direct_joint,,,,,,,,,
,pilot,hurricane_maria__922601042533007362__922601042533007362_0,misleading_image,,,,,,,,,
,pilot,hurricane_maria__922601042533007362__922601042533007362_0,misleading_text,,,,,,,,,
,pilot,hurricane_maria__922601042533007362__922601042533007362_0,misleading_joint,,,,,,,,,
,pilot,hurricane_maria__922969963035615233__922969963035615233_0,clean,,,,,,,,,
,pilot,hurricane_maria__922969963035615233__922969963035615233_0,benign_image,,,,,,,,,
,pilot,hurricane_maria__922969963035615233__922969963035615233_0,benign_text,,,,,,,,,
,pilot,hurricane_maria__922969963035615233__922969963035615233_0,benign_joint,,,,,,,,,
,pilot,hurricane_maria__922969963035615233__922969963035615233_0,direct_image,,,,,,,,,
,pilot,hurricane_maria__922969963035615233__922969963035615233_0,direct_text,,,,,,,,,
,pilot,hurricane_maria__922969963035615233__922969963035615233_0,direct_joint,,,,,,,,,
,pilot,hurricane_maria__922969963035615233__922969963035615233_0,misleading_image,,,,,,,,,
,pilot,hurricane_maria__922969963035615233__922969963035615233_0,misleading_text,,,,,,,,,
,pilot,hurricane_maria__922969963035615233__922969963035615233_0,misleading_joint,,,,,,,,,
,pilot,hurricane_maria__923670505391042561__923670505391042561_0,clean,,,,,,,,,
,pilot,hurricane_maria__923670505391042561__923670505391042561_0,benign_image,,,,,,,,,
,pilot,hurricane_maria__923670505391042561__923670505391042561_0,benign_text,,,,,,,,,
,pilot,hurricane_maria__923670505391042561__923670505391042561_0,benign_joint,,,,,,,,,
,pilot,hurricane_maria__923670505391042561__923670505391042561_0,direct_image,,,,,,,,,
,pilot,hurricane_maria__923670505391042561__923670505391042561_0,direct_text,,,,,,,,,
,pilot,hurricane_maria__923670505391042561__923670505391042561_0,direct_joint,,,,,,,,,
,pilot,hurricane_maria__923670505391042561__923670505391042561_0,misleading_image,,,,,,,,,
,pilot,hurricane_maria__923670505391042561__923670505391042561_0,misleading_text,,,,,,,,,
,pilot,hurricane_maria__923670505391042561__923670505391042561_0,misleading_joint,,,,,,,,,
,pilot,hurricane_maria__927192810146619393__927192810146619393_0,clean,,,,,,,,,
,pilot,hurricane_maria__927192810146619393__927192810146619393_0,benign_image,,,,,,,,,
,pilot,hurricane_maria__927192810146619393__927192810146619393_0,benign_text,,,,,,,,,
,pilot,hurricane_maria__927192810146619393__927192810146619393_0,benign_joint,,,,,,,,,
,pilot,hurricane_maria__927192810146619393__927192810146619393_0,direct_image,,,,,,,,,
,pilot,hurricane_maria__927192810146619393__927192810146619393_0,direct_text,,,,,,,,,
,pilot,hurricane_maria__927192810146619393__927192810146619393_0,direct_joint,,,,,,,,,
,pilot,hurricane_maria__927192810146619393__927192810146619393_0,misleading_image,,,,,,,,,
,pilot,hurricane_maria__927192810146619393__927192810146619393_0,misleading_text,,,,,,,,,
,pilot,hurricane_maria__927192810146619393__927192810146619393_0,misleading_joint,,,,,,,,,
,pilot,hurricane_maria__928447589287989250__928447589287989250_0,clean,,,,,,,,,
,pilot,hurricane_maria__928447589287989250__928447589287989250_0,benign_image,,,,,,,,,
,pilot,hurricane_maria__928447589287989250__928447589287989250_0,benign_text,,,,,,,,,
,pilot,hurricane_maria__928447589287989250__928447589287989250_0,benign_joint,,,,,,,,,
,pilot,hurricane_maria__928447589287989250__928447589287989250_0,direct_image,,,,,,,,,
,pilot,hurricane_maria__928447589287989250__928447589287989250_0,direct_text,,,,,,,,,
,pilot,hurricane_maria__928447589287989250__928447589287989250_0,direct_joint,,,,,,,,,
,pilot,hurricane_maria__928447589287989250__928447589287989250_0,misleading_image,,,,,,,,,
,pilot,hurricane_maria__928447589287989250__928447589287989250_0,misleading_text,,,,,,,,,
,pilot,hurricane_maria__928447589287989250__928447589287989250_0,misleading_joint,,,,,,,,,
,pilot,hurricane_maria__928587264518529024__928587264518529024_0,clean,,,,,,,,,
,pilot,hurricane_maria__928587264518529024__928587264518529024_0,benign_image,,,,,,,,,
,pilot,hurricane_maria__928587264518529024__928587264518529024_0,benign_text,,,,,,,,,
,pilot,hurricane_maria__928587264518529024__928587264518529024_0,benign_joint,,,,,,,,,
,pilot,hurricane_maria__928587264518529024__928587264518529024_0,direct_image,,,,,,,,,
,pilot,hurricane_maria__928587264518529024__928587264518529024_0,direct_text,,,,,,,,,
,pilot,hurricane_maria__928587264518529024__928587264518529024_0,direct_joint,,,,,,,,,
,pilot,hurricane_maria__928587264518529024__928587264518529024_0,misleading_image,,,,,,,,,
,pilot,hurricane_maria__928587264518529024__928587264518529024_0,misleading_text,,,,,,,,,
,pilot,hurricane_maria__928587264518529024__928587264518529024_0,misleading_joint,,,,,,,,,
,pilot,iraq_iran_earthquake__929989752882806785__929989752882806785_0,clean,,,,,,,,,
,pilot,iraq_iran_earthquake__929989752882806785__929989752882806785_0,benign_image,,,,,,,,,
,pilot,iraq_iran_earthquake__929989752882806785__929989752882806785_0,benign_text,,,,,,,,,
,pilot,iraq_iran_earthquake__929989752882806785__929989752882806785_0,benign_joint,,,,,,,,,
,pilot,iraq_iran_earthquake__929989752882806785__929989752882806785_0,direct_image,,,,,,,,,
,pilot,iraq_iran_earthquake__929989752882806785__929989752882806785_0,direct_text,,,,,,,,,
,pilot,iraq_iran_earthquake__929989752882806785__929989752882806785_0,direct_joint,,,,,,,,,
,pilot,iraq_iran_earthquake__929989752882806785__929989752882806785_0,misleading_image,,,,,,,,,
,pilot,iraq_iran_earthquake__929989752882806785__929989752882806785_0,misleading_text,,,,,,,,,
,pilot,iraq_iran_earthquake__929989752882806785__929989752882806785_0,misleading_joint,,,,,,,,,
,pilot,iraq_iran_earthquake__929989819211681793__929989819211681793_0,clean,,,,,,,,,
,pilot,iraq_iran_earthquake__929989819211681793__929989819211681793_0,benign_image,,,,,,,,,
,pilot,iraq_iran_earthquake__929989819211681793__929989819211681793_0,benign_text,,,,,,,,,
,pilot,iraq_iran_earthquake__929989819211681793__929989819211681793_0,benign_joint,,,,,,,,,
,pilot,iraq_iran_earthquake__929989819211681793__929989819211681793_0,direct_image,,,,,,,,,
,pilot,iraq_iran_earthquake__929989819211681793__929989819211681793_0,direct_text,,,,,,,,,
,pilot,iraq_iran_earthquake__929989819211681793__929989819211681793_0,direct_joint,,,,,,,,,
,pilot,iraq_iran_earthquake__929989819211681793__929989819211681793_0,misleading_image,,,,,,,,,
,pilot,iraq_iran_earthquake__929989819211681793__929989819211681793_0,misleading_text,,,,,,,,,
,pilot,iraq_iran_earthquake__929989819211681793__929989819211681793_0,misleading_joint,,,,,,,,,
,pilot,iraq_iran_earthquake__930001778115985408__930001778115985408_0,clean,,,,,,,,,
,pilot,iraq_iran_earthquake__930001778115985408__930001778115985408_0,benign_image,,,,,,,,,
,pilot,iraq_iran_earthquake__930001778115985408__930001778115985408_0,benign_text,,,,,,,,,
,pilot,iraq_iran_earthquake__930001778115985408__930001778115985408_0,benign_joint,,,,,,,,,
,pilot,iraq_iran_earthquake__930001778115985408__930001778115985408_0,direct_image,,,,,,,,,
,pilot,iraq_iran_earthquake__930001778115985408__930001778115985408_0,direct_text,,,,,,,,,
,pilot,iraq_iran_earthquake__930001778115985408__930001778115985408_0,direct_joint,,,,,,,,,
,pilot,iraq_iran_earthquake__930001778115985408__930001778115985408_0,misleading_image,,,,,,,,,
,pilot,iraq_iran_earthquake__930001778115985408__930001778115985408_0,misleading_text,,,,,,,,,
,pilot,iraq_iran_earthquake__930001778115985408__930001778115985408_0,misleading_joint,,,,,,,,,
,pilot,iraq_iran_earthquake__930003223800360960__930003223800360960_0,clean,,,,,,,,,
,pilot,iraq_iran_earthquake__930003223800360960__930003223800360960_0,benign_image,,,,,,,,,
,pilot,iraq_iran_earthquake__930003223800360960__930003223800360960_0,benign_text,,,,,,,,,
,pilot,iraq_iran_earthquake__930003223800360960__930003223800360960_0,benign_joint,,,,,,,,,
,pilot,iraq_iran_earthquake__930003223800360960__930003223800360960_0,direct_image,,,,,,,,,
,pilot,iraq_iran_earthquake__930003223800360960__930003223800360960_0,direct_text,,,,,,,,,
,pilot,iraq_iran_earthquake__930003223800360960__930003223800360960_0,direct_joint,,,,,,,,,
,pilot,iraq_iran_earthquake__930003223800360960__930003223800360960_0,misleading_image,,,,,,,,,
,pilot,iraq_iran_earthquake__930003223800360960__930003223800360960_0,misleading_text,,,,,,,,,
,pilot,iraq_iran_earthquake__930003223800360960__930003223800360960_0,misleading_joint,,,,,,,,,
,pilot,iraq_iran_earthquake__930028600992165888__930028600992165888_2,clean,,,,,,,,,
,pilot,iraq_iran_earthquake__930028600992165888__930028600992165888_2,benign_image,,,,,,,,,
,pilot,iraq_iran_earthquake__930028600992165888__930028600992165888_2,benign_text,,,,,,,,,
,pilot,iraq_iran_earthquake__930028600992165888__930028600992165888_2,benign_joint,,,,,,,,,
,pilot,iraq_iran_earthquake__930028600992165888__930028600992165888_2,direct_image,,,,,,,,,
,pilot,iraq_iran_earthquake__930028600992165888__930028600992165888_2,direct_text,,,,,,,,,
,pilot,iraq_iran_earthquake__930028600992165888__930028600992165888_2,direct_joint,,,,,,,,,
,pilot,iraq_iran_earthquake__930028600992165888__930028600992165888_2,misleading_image,,,,,,,,,
,pilot,iraq_iran_earthquake__930028600992165888__930028600992165888_2,misleading_text,,,,,,,,,
,pilot,iraq_iran_earthquake__930028600992165888__930028600992165888_2,misleading_joint,,,,,,,,,
,pilot,iraq_iran_earthquake__930170726715404295__930170726715404295_0,clean,,,,,,,,,
,pilot,iraq_iran_earthquake__930170726715404295__930170726715404295_0,benign_image,,,,,,,,,
,pilot,iraq_iran_earthquake__930170726715404295__930170726715404295_0,benign_text,,,,,,,,,
,pilot,iraq_iran_earthquake__930170726715404295__930170726715404295_0,benign_joint,,,,,,,,,
,pilot,iraq_iran_earthquake__930170726715404295__930170726715404295_0,direct_image,,,,,,,,,
,pilot,iraq_iran_earthquake__930170726715404295__930170726715404295_0,direct_text,,,,,,,,,
,pilot,iraq_iran_earthquake__930170726715404295__930170726715404295_0,direct_joint,,,,,,,,,
,pilot,iraq_iran_earthquake__930170726715404295__930170726715404295_0,misleading_image,,,,,,,,,
,pilot,iraq_iran_earthquake__930170726715404295__930170726715404295_0,misleading_text,,,,,,,,,
,pilot,iraq_iran_earthquake__930170726715404295__930170726715404295_0,misleading_joint,,,,,,,,,
,pilot,iraq_iran_earthquake__930389337895776256__930389337895776256_0,clean,,,,,,,,,
,pilot,iraq_iran_earthquake__930389337895776256__930389337895776256_0,benign_image,,,,,,,,,
,pilot,iraq_iran_earthquake__930389337895776256__930389337895776256_0,benign_text,,,,,,,,,
,pilot,iraq_iran_earthquake__930389337895776256__930389337895776256_0,benign_joint,,,,,,,,,
,pilot,iraq_iran_earthquake__930389337895776256__930389337895776256_0,direct_image,,,,,,,,,
,pilot,iraq_iran_earthquake__930389337895776256__930389337895776256_0,direct_text,,,,,,,,,
,pilot,iraq_iran_earthquake__930389337895776256__930389337895776256_0,direct_joint,,,,,,,,,
,pilot,iraq_iran_earthquake__930389337895776256__930389337895776256_0,misleading_image,,,,,,,,,
,pilot,iraq_iran_earthquake__930389337895776256__930389337895776256_0,misleading_text,,,,,,,,,
,pilot,iraq_iran_earthquake__930389337895776256__930389337895776256_0,misleading_joint,,,,,,,,,
,pilot,mexico_earthquake__910523983149252608__910523983149252608_0,clean,,,,,,,,,
,pilot,mexico_earthquake__910523983149252608__910523983149252608_0,benign_image,,,,,,,,,
,pilot,mexico_earthquake__910523983149252608__910523983149252608_0,benign_text,,,,,,,,,
,pilot,mexico_earthquake__910523983149252608__910523983149252608_0,benign_joint,,,,,,,,,
,pilot,mexico_earthquake__910523983149252608__910523983149252608_0,direct_image,,,,,,,,,
,pilot,mexico_earthquake__910523983149252608__910523983149252608_0,direct_text,,,,,,,,,
,pilot,mexico_earthquake__910523983149252608__910523983149252608_0,direct_joint,,,,,,,,,
,pilot,mexico_earthquake__910523983149252608__910523983149252608_0,misleading_image,,,,,,,,,
,pilot,mexico_earthquake__910523983149252608__910523983149252608_0,misleading_text,,,,,,,,,
,pilot,mexico_earthquake__910523983149252608__910523983149252608_0,misleading_joint,,,,,,,,,
,pilot,mexico_earthquake__910614931262681089__910614931262681089_0,clean,,,,,,,,,
,pilot,mexico_earthquake__910614931262681089__910614931262681089_0,benign_image,,,,,,,,,
,pilot,mexico_earthquake__910614931262681089__910614931262681089_0,benign_text,,,,,,,,,
,pilot,mexico_earthquake__910614931262681089__910614931262681089_0,benign_joint,,,,,,,,,
,pilot,mexico_earthquake__910614931262681089__910614931262681089_0,direct_image,,,,,,,,,
,pilot,mexico_earthquake__910614931262681089__910614931262681089_0,direct_text,,,,,,,,,
,pilot,mexico_earthquake__910614931262681089__910614931262681089_0,direct_joint,,,,,,,,,
,pilot,mexico_earthquake__910614931262681089__910614931262681089_0,misleading_image,,,,,,,,,
,pilot,mexico_earthquake__910614931262681089__910614931262681089_0,misleading_text,,,,,,,,,
,pilot,mexico_earthquake__910614931262681089__910614931262681089_0,misleading_joint,,,,,,,,,
,pilot,mexico_earthquake__910655089211142145__910655089211142145_0,clean,,,,,,,,,
,pilot,mexico_earthquake__910655089211142145__910655089211142145_0,benign_image,,,,,,,,,
,pilot,mexico_earthquake__910655089211142145__910655089211142145_0,benign_text,,,,,,,,,
,pilot,mexico_earthquake__910655089211142145__910655089211142145_0,benign_joint,,,,,,,,,
,pilot,mexico_earthquake__910655089211142145__910655089211142145_0,direct_image,,,,,,,,,
,pilot,mexico_earthquake__910655089211142145__910655089211142145_0,direct_text,,,,,,,,,
,pilot,mexico_earthquake__910655089211142145__910655089211142145_0,direct_joint,,,,,,,,,
,pilot,mexico_earthquake__910655089211142145__910655089211142145_0,misleading_image,,,,,,,,,
,pilot,mexico_earthquake__910655089211142145__910655089211142145_0,misleading_text,,,,,,,,,
,pilot,mexico_earthquake__910655089211142145__910655089211142145_0,misleading_joint,,,,,,,,,
,pilot,mexico_earthquake__910708399377080322__910708399377080322_0,clean,,,,,,,,,
,pilot,mexico_earthquake__910708399377080322__910708399377080322_0,benign_image,,,,,,,,,
,pilot,mexico_earthquake__910708399377080322__910708399377080322_0,benign_text,,,,,,,,,
,pilot,mexico_earthquake__910708399377080322__910708399377080322_0,benign_joint,,,,,,,,,
,pilot,mexico_earthquake__910708399377080322__910708399377080322_0,direct_image,,,,,,,,,
,pilot,mexico_earthquake__910708399377080322__910708399377080322_0,direct_text,,,,,,,,,
,pilot,mexico_earthquake__910708399377080322__910708399377080322_0,direct_joint,,,,,,,,,
,pilot,mexico_earthquake__910708399377080322__910708399377080322_0,misleading_image,,,,,,,,,
,pilot,mexico_earthquake__910708399377080322__910708399377080322_0,misleading_text,,,,,,,,,
,pilot,mexico_earthquake__910708399377080322__910708399377080322_0,misleading_joint,,,,,,,,,
,pilot,mexico_earthquake__911784599163895810__911784599163895810_0,clean,,,,,,,,,
,pilot,mexico_earthquake__911784599163895810__911784599163895810_0,benign_image,,,,,,,,,
,pilot,mexico_earthquake__911784599163895810__911784599163895810_0,benign_text,,,,,,,,,
,pilot,mexico_earthquake__911784599163895810__911784599163895810_0,benign_joint,,,,,,,,,
,pilot,mexico_earthquake__911784599163895810__911784599163895810_0,direct_image,,,,,,,,,
,pilot,mexico_earthquake__911784599163895810__911784599163895810_0,direct_text,,,,,,,,,
,pilot,mexico_earthquake__911784599163895810__911784599163895810_0,direct_joint,,,,,,,,,
,pilot,mexico_earthquake__911784599163895810__911784599163895810_0,misleading_image,,,,,,,,,
,pilot,mexico_earthquake__911784599163895810__911784599163895810_0,misleading_text,,,,,,,,,
,pilot,mexico_earthquake__911784599163895810__911784599163895810_0,misleading_joint,,,,,,,,,
,pilot,mexico_earthquake__911827596748447744__911827596748447744_0,clean,,,,,,,,,
,pilot,mexico_earthquake__911827596748447744__911827596748447744_0,benign_image,,,,,,,,,
,pilot,mexico_earthquake__911827596748447744__911827596748447744_0,benign_text,,,,,,,,,
,pilot,mexico_earthquake__911827596748447744__911827596748447744_0,benign_joint,,,,,,,,,
,pilot,mexico_earthquake__911827596748447744__911827596748447744_0,direct_image,,,,,,,,,
,pilot,mexico_earthquake__911827596748447744__911827596748447744_0,direct_text,,,,,,,,,
,pilot,mexico_earthquake__911827596748447744__911827596748447744_0,direct_joint,,,,,,,,,
,pilot,mexico_earthquake__911827596748447744__911827596748447744_0,misleading_image,,,,,,,,,
,pilot,mexico_earthquake__911827596748447744__911827596748447744_0,misleading_text,,,,,,,,,
,pilot,mexico_earthquake__911827596748447744__911827596748447744_0,misleading_joint,,,,,,,,,
,pilot,mexico_earthquake__911974797113950208__911974797113950208_0,clean,,,,,,,,,
,pilot,mexico_earthquake__911974797113950208__911974797113950208_0,benign_image,,,,,,,,,
,pilot,mexico_earthquake__911974797113950208__911974797113950208_0,benign_text,,,,,,,,,
,pilot,mexico_earthquake__911974797113950208__911974797113950208_0,benign_joint,,,,,,,,,
,pilot,mexico_earthquake__911974797113950208__911974797113950208_0,direct_image,,,,,,,,,
,pilot,mexico_earthquake__911974797113950208__911974797113950208_0,direct_text,,,,,,,,,
,pilot,mexico_earthquake__911974797113950208__911974797113950208_0,direct_joint,,,,,,,,,
,pilot,mexico_earthquake__911974797113950208__911974797113950208_0,misleading_image,,,,,,,,,
,pilot,mexico_earthquake__911974797113950208__911974797113950208_0,misleading_text,,,,,,,,,
,pilot,mexico_earthquake__911974797113950208__911974797113950208_0,misleading_joint,,,,,,,,,
,pilot,mexico_earthquake__914163198177300480__914163198177300480_0,clean,,,,,,,,,
,pilot,mexico_earthquake__914163198177300480__914163198177300480_0,benign_image,,,,,,,,,
,pilot,mexico_earthquake__914163198177300480__914163198177300480_0,benign_text,,,,,,,,,
,pilot,mexico_earthquake__914163198177300480__914163198177300480_0,benign_joint,,,,,,,,,
,pilot,mexico_earthquake__914163198177300480__914163198177300480_0,direct_image,,,,,,,,,
,pilot,mexico_earthquake__914163198177300480__914163198177300480_0,direct_text,,,,,,,,,
,pilot,mexico_earthquake__914163198177300480__914163198177300480_0,direct_joint,,,,,,,,,
,pilot,mexico_earthquake__914163198177300480__914163198177300480_0,misleading_image,,,,,,,,,
,pilot,mexico_earthquake__914163198177300480__914163198177300480_0,misleading_text,,,,,,,,,
,pilot,mexico_earthquake__914163198177300480__914163198177300480_0,misleading_joint,,,,,,,,,
,pilot,srilanka_floods__870052558928138240__870052558928138240_0,clean,,,,,,,,,
,pilot,srilanka_floods__870052558928138240__870052558928138240_0,benign_image,,,,,,,,,
,pilot,srilanka_floods__870052558928138240__870052558928138240_0,benign_text,,,,,,,,,
,pilot,srilanka_floods__870052558928138240__870052558928138240_0,benign_joint,,,,,,,,,
,pilot,srilanka_floods__870052558928138240__870052558928138240_0,direct_image,,,,,,,,,
,pilot,srilanka_floods__870052558928138240__870052558928138240_0,direct_text,,,,,,,,,
,pilot,srilanka_floods__870052558928138240__870052558928138240_0,direct_joint,,,,,,,,,
,pilot,srilanka_floods__870052558928138240__870052558928138240_0,misleading_image,,,,,,,,,
,pilot,srilanka_floods__870052558928138240__870052558928138240_0,misleading_text,,,,,,,,,
,pilot,srilanka_floods__870052558928138240__870052558928138240_0,misleading_joint,,,,,,,,,
,pilot,srilanka_floods__870209884452552705__870209884452552705_0,clean,,,,,,,,,
,pilot,srilanka_floods__870209884452552705__870209884452552705_0,benign_image,,,,,,,,,
,pilot,srilanka_floods__870209884452552705__870209884452552705_0,benign_text,,,,,,,,,
,pilot,srilanka_floods__870209884452552705__870209884452552705_0,benign_joint,,,,,,,,,
,pilot,srilanka_floods__870209884452552705__870209884452552705_0,direct_image,,,,,,,,,
,pilot,srilanka_floods__870209884452552705__870209884452552705_0,direct_text,,,,,,,,,
,pilot,srilanka_floods__870209884452552705__870209884452552705_0,direct_joint,,,,,,,,,
,pilot,srilanka_floods__870209884452552705__870209884452552705_0,misleading_image,,,,,,,,,
,pilot,srilanka_floods__870209884452552705__870209884452552705_0,misleading_text,,,,,,,,,
,pilot,srilanka_floods__870209884452552705__870209884452552705_0,misleading_joint,,,,,,,,,
,pilot,srilanka_floods__870347744912711680__870347744912711680_0,clean,,,,,,,,,
,pilot,srilanka_floods__870347744912711680__870347744912711680_0,benign_image,,,,,,,,,
,pilot,srilanka_floods__870347744912711680__870347744912711680_0,benign_text,,,,,,,,,
,pilot,srilanka_floods__870347744912711680__870347744912711680_0,benign_joint,,,,,,,,,
,pilot,srilanka_floods__870347744912711680__870347744912711680_0,direct_image,,,,,,,,,
,pilot,srilanka_floods__870347744912711680__870347744912711680_0,direct_text,,,,,,,,,
,pilot,srilanka_floods__870347744912711680__870347744912711680_0,direct_joint,,,,,,,,,
,pilot,srilanka_floods__870347744912711680__870347744912711680_0,misleading_image,,,,,,,,,
,pilot,srilanka_floods__870347744912711680__870347744912711680_0,misleading_text,,,,,,,,,
,pilot,srilanka_floods__870347744912711680__870347744912711680_0,misleading_joint,,,,,,,,,
,pilot,srilanka_floods__870349300185706496__870349300185706496_0,clean,,,,,,,,,
,pilot,srilanka_floods__870349300185706496__870349300185706496_0,benign_image,,,,,,,,,
,pilot,srilanka_floods__870349300185706496__870349300185706496_0,benign_text,,,,,,,,,
,pilot,srilanka_floods__870349300185706496__870349300185706496_0,benign_joint,,,,,,,,,
,pilot,srilanka_floods__870349300185706496__870349300185706496_0,direct_image,,,,,,,,,
,pilot,srilanka_floods__870349300185706496__870349300185706496_0,direct_text,,,,,,,,,
,pilot,srilanka_floods__870349300185706496__870349300185706496_0,direct_joint,,,,,,,,,
,pilot,srilanka_floods__870349300185706496__870349300185706496_0,misleading_image,,,,,,,,,
,pilot,srilanka_floods__870349300185706496__870349300185706496_0,misleading_text,,,,,,,,,
,pilot,srilanka_floods__870349300185706496__870349300185706496_0,misleading_joint,,,,,,,,,
,pilot,srilanka_floods__870917963821535233__870917963821535233_0,clean,,,,,,,,,
,pilot,srilanka_floods__870917963821535233__870917963821535233_0,benign_image,,,,,,,,,
,pilot,srilanka_floods__870917963821535233__870917963821535233_0,benign_text,,,,,,,,,
,pilot,srilanka_floods__870917963821535233__870917963821535233_0,benign_joint,,,,,,,,,
,pilot,srilanka_floods__870917963821535233__870917963821535233_0,direct_image,,,,,,,,,
,pilot,srilanka_floods__870917963821535233__870917963821535233_0,direct_text,,,,,,,,,
,pilot,srilanka_floods__870917963821535233__870917963821535233_0,direct_joint,,,,,,,,,
,pilot,srilanka_floods__870917963821535233__870917963821535233_0,misleading_image,,,,,,,,,
,pilot,srilanka_floods__870917963821535233__870917963821535233_0,misleading_text,,,,,,,,,
,pilot,srilanka_floods__870917963821535233__870917963821535233_0,misleading_joint,,,,,,,,,
,pilot,srilanka_floods__872085722575929345__872085722575929345_0,clean,,,,,,,,,
,pilot,srilanka_floods__872085722575929345__872085722575929345_0,benign_image,,,,,,,,,
,pilot,srilanka_floods__872085722575929345__872085722575929345_0,benign_text,,,,,,,,,
,pilot,srilanka_floods__872085722575929345__872085722575929345_0,benign_joint,,,,,,,,,
,pilot,srilanka_floods__872085722575929345__872085722575929345_0,direct_image,,,,,,,,,
,pilot,srilanka_floods__872085722575929345__872085722575929345_0,direct_text,,,,,,,,,
,pilot,srilanka_floods__872085722575929345__872085722575929345_0,direct_joint,,,,,,,,,
,pilot,srilanka_floods__872085722575929345__872085722575929345_0,misleading_image,,,,,,,,,
,pilot,srilanka_floods__872085722575929345__872085722575929345_0,misleading_text,,,,,,,,,
,pilot,srilanka_floods__872085722575929345__872085722575929345_0,misleading_joint,,,,,,,,,
,pilot,srilanka_floods__872502041255530496__872502041255530496_0,clean,,,,,,,,,
,pilot,srilanka_floods__872502041255530496__872502041255530496_0,benign_image,,,,,,,,,
,pilot,srilanka_floods__872502041255530496__872502041255530496_0,benign_text,,,,,,,,,
,pilot,srilanka_floods__872502041255530496__872502041255530496_0,benign_joint,,,,,,,,,
,pilot,srilanka_floods__872502041255530496__872502041255530496_0,direct_image,,,,,,,,,
,pilot,srilanka_floods__872502041255530496__872502041255530496_0,direct_text,,,,,,,,,
,pilot,srilanka_floods__872502041255530496__872502041255530496_0,direct_joint,,,,,,,,,
,pilot,srilanka_floods__872502041255530496__872502041255530496_0,misleading_image,,,,,,,,,
,pilot,srilanka_floods__872502041255530496__872502041255530496_0,misleading_text,,,,,,,,,
,pilot,srilanka_floods__872502041255530496__872502041255530496_0,misleading_joint,,,,,,,,,
,pilot,srilanka_floods__875116643453632512__875116643453632512_2,clean,,,,,,,,,
,pilot,srilanka_floods__875116643453632512__875116643453632512_2,benign_image,,,,,,,,,
,pilot,srilanka_floods__875116643453632512__875116643453632512_2,benign_text,,,,,,,,,
,pilot,srilanka_floods__875116643453632512__875116643453632512_2,benign_joint,,,,,,,,,
,pilot,srilanka_floods__875116643453632512__875116643453632512_2,direct_image,,,,,,,,,
,pilot,srilanka_floods__875116643453632512__875116643453632512_2,direct_text,,,,,,,,,
,pilot,srilanka_floods__875116643453632512__875116643453632512_2,direct_joint,,,,,,,,,
,pilot,srilanka_floods__875116643453632512__875116643453632512_2,misleading_image,,,,,,,,,
,pilot,srilanka_floods__875116643453632512__875116643453632512_2,misleading_text,,,,,,,,,
,pilot,srilanka_floods__875116643453632512__875116643453632512_2,misleading_joint,,,,,,,,,
,main,california_wildfires__917794360581869569__917794360581869569_0,clean,,,,,,,,,
,main,california_wildfires__917794360581869569__917794360581869569_0,benign_image,,,,,,,,,
,main,california_wildfires__917794360581869569__917794360581869569_0,benign_text,,,,,,,,,
,main,california_wildfires__917794360581869569__917794360581869569_0,benign_joint,,,,,,,,,
,main,california_wildfires__917794360581869569__917794360581869569_0,direct_image,,,,,,,,,
,main,california_wildfires__917794360581869569__917794360581869569_0,direct_text,,,,,,,,,
,main,california_wildfires__917794360581869569__917794360581869569_0,direct_joint,,,,,,,,,
,main,california_wildfires__917794360581869569__917794360581869569_0,misleading_image,,,,,,,,,
,main,california_wildfires__917794360581869569__917794360581869569_0,misleading_text,,,,,,,,,
,main,california_wildfires__917794360581869569__917794360581869569_0,misleading_joint,,,,,,,,,
,main,california_wildfires__917796883610820608__917796883610820608_0,clean,,,,,,,,,
,main,california_wildfires__917796883610820608__917796883610820608_0,benign_image,,,,,,,,,
,main,california_wildfires__917796883610820608__917796883610820608_0,benign_text,,,,,,,,,
,main,california_wildfires__917796883610820608__917796883610820608_0,benign_joint,,,,,,,,,
,main,california_wildfires__917796883610820608__917796883610820608_0,direct_image,,,,,,,,,
,main,california_wildfires__917796883610820608__917796883610820608_0,direct_text,,,,,,,,,
,main,california_wildfires__917796883610820608__917796883610820608_0,direct_joint,,,,,,,,,
,main,california_wildfires__917796883610820608__917796883610820608_0,misleading_image,,,,,,,,,
,main,california_wildfires__917796883610820608__917796883610820608_0,misleading_text,,,,,,,,,
,main,california_wildfires__917796883610820608__917796883610820608_0,misleading_joint,,,,,,,,,
,main,california_wildfires__917797763282214913__917797763282214913_0,clean,,,,,,,,,
,main,california_wildfires__917797763282214913__917797763282214913_0,benign_image,,,,,,,,,
,main,california_wildfires__917797763282214913__917797763282214913_0,benign_text,,,,,,,,,
,main,california_wildfires__917797763282214913__917797763282214913_0,benign_joint,,,,,,,,,
,main,california_wildfires__917797763282214913__917797763282214913_0,direct_image,,,,,,,,,
,main,california_wildfires__917797763282214913__917797763282214913_0,direct_text,,,,,,,,,
,main,california_wildfires__917797763282214913__917797763282214913_0,direct_joint,,,,,,,,,
,main,california_wildfires__917797763282214913__917797763282214913_0,misleading_image,,,,,,,,,
,main,california_wildfires__917797763282214913__917797763282214913_0,misleading_text,,,,,,,,,
,main,california_wildfires__917797763282214913__917797763282214913_0,misleading_joint,,,,,,,,,
,main,california_wildfires__917815040962695168__917815040962695168_2,clean,,,,,,,,,
,main,california_wildfires__917815040962695168__917815040962695168_2,benign_image,,,,,,,,,
,main,california_wildfires__917815040962695168__917815040962695168_2,benign_text,,,,,,,,,
,main,california_wildfires__917815040962695168__917815040962695168_2,benign_joint,,,,,,,,,
,main,california_wildfires__917815040962695168__917815040962695168_2,direct_image,,,,,,,,,
,main,california_wildfires__917815040962695168__917815040962695168_2,direct_text,,,,,,,,,
,main,california_wildfires__917815040962695168__917815040962695168_2,direct_joint,,,,,,,,,
,main,california_wildfires__917815040962695168__917815040962695168_2,misleading_image,,,,,,,,,
,main,california_wildfires__917815040962695168__917815040962695168_2,misleading_text,,,,,,,,,
,main,california_wildfires__917815040962695168__917815040962695168_2,misleading_joint,,,,,,,,,
,main,california_wildfires__917818995377569793__917818995377569793_0,clean,,,,,,,,,
,main,california_wildfires__917818995377569793__917818995377569793_0,benign_image,,,,,,,,,
,main,california_wildfires__917818995377569793__917818995377569793_0,benign_text,,,,,,,,,
,main,california_wildfires__917818995377569793__917818995377569793_0,benign_joint,,,,,,,,,
,main,california_wildfires__917818995377569793__917818995377569793_0,direct_image,,,,,,,,,
,main,california_wildfires__917818995377569793__917818995377569793_0,direct_text,,,,,,,,,
,main,california_wildfires__917818995377569793__917818995377569793_0,direct_joint,,,,,,,,,
,main,california_wildfires__917818995377569793__917818995377569793_0,misleading_image,,,,,,,,,
,main,california_wildfires__917818995377569793__917818995377569793_0,misleading_text,,,,,,,,,
,main,california_wildfires__917818995377569793__917818995377569793_0,misleading_joint,,,,,,,,,
,main,california_wildfires__917820061758263296__917820061758263296_0,clean,,,,,,,,,
,main,california_wildfires__917820061758263296__917820061758263296_0,benign_image,,,,,,,,,
,main,california_wildfires__917820061758263296__917820061758263296_0,benign_text,,,,,,,,,
,main,california_wildfires__917820061758263296__917820061758263296_0,benign_joint,,,,,,,,,
,main,california_wildfires__917820061758263296__917820061758263296_0,direct_image,,,,,,,,,
,main,california_wildfires__917820061758263296__917820061758263296_0,direct_text,,,,,,,,,
,main,california_wildfires__917820061758263296__917820061758263296_0,direct_joint,,,,,,,,,
,main,california_wildfires__917820061758263296__917820061758263296_0,misleading_image,,,,,,,,,
,main,california_wildfires__917820061758263296__917820061758263296_0,misleading_text,,,,,,,,,
,main,california_wildfires__917820061758263296__917820061758263296_0,misleading_joint,,,,,,,,,
,main,california_wildfires__917831909111222272__917831909111222272_0,clean,,,,,,,,,
,main,california_wildfires__917831909111222272__917831909111222272_0,benign_image,,,,,,,,,
,main,california_wildfires__917831909111222272__917831909111222272_0,benign_text,,,,,,,,,
,main,california_wildfires__917831909111222272__917831909111222272_0,benign_joint,,,,,,,,,
,main,california_wildfires__917831909111222272__917831909111222272_0,direct_image,,,,,,,,,
,main,california_wildfires__917831909111222272__917831909111222272_0,direct_text,,,,,,,,,
,main,california_wildfires__917831909111222272__917831909111222272_0,direct_joint,,,,,,,,,
,main,california_wildfires__917831909111222272__917831909111222272_0,misleading_image,,,,,,,,,
,main,california_wildfires__917831909111222272__917831909111222272_0,misleading_text,,,,,,,,,
,main,california_wildfires__917831909111222272__917831909111222272_0,misleading_joint,,,,,,,,,
,main,california_wildfires__917846485965959168__917846485965959168_0,clean,,,,,,,,,
,main,california_wildfires__917846485965959168__917846485965959168_0,benign_image,,,,,,,,,
,main,california_wildfires__917846485965959168__917846485965959168_0,benign_text,,,,,,,,,
,main,california_wildfires__917846485965959168__917846485965959168_0,benign_joint,,,,,,,,,
,main,california_wildfires__917846485965959168__917846485965959168_0,direct_image,,,,,,,,,
,main,california_wildfires__917846485965959168__917846485965959168_0,direct_text,,,,,,,,,
,main,california_wildfires__917846485965959168__917846485965959168_0,direct_joint,,,,,,,,,
,main,california_wildfires__917846485965959168__917846485965959168_0,misleading_image,,,,,,,,,
,main,california_wildfires__917846485965959168__917846485965959168_0,misleading_text,,,,,,,,,
,main,california_wildfires__917846485965959168__917846485965959168_0,misleading_joint,,,,,,,,,
,main,california_wildfires__917847652062162944__917847652062162944_0,clean,,,,,,,,,
,main,california_wildfires__917847652062162944__917847652062162944_0,benign_image,,,,,,,,,
,main,california_wildfires__917847652062162944__917847652062162944_0,benign_text,,,,,,,,,
,main,california_wildfires__917847652062162944__917847652062162944_0,benign_joint,,,,,,,,,
,main,california_wildfires__917847652062162944__917847652062162944_0,direct_image,,,,,,,,,
,main,california_wildfires__917847652062162944__917847652062162944_0,direct_text,,,,,,,,,
,main,california_wildfires__917847652062162944__917847652062162944_0,direct_joint,,,,,,,,,
,main,california_wildfires__917847652062162944__917847652062162944_0,misleading_image,,,,,,,,,
,main,california_wildfires__917847652062162944__917847652062162944_0,misleading_text,,,,,,,,,
,main,california_wildfires__917847652062162944__917847652062162944_0,misleading_joint,,,,,,,,,
,main,california_wildfires__917848209661112320__917848209661112320_0,clean,,,,,,,,,
,main,california_wildfires__917848209661112320__917848209661112320_0,benign_image,,,,,,,,,
,main,california_wildfires__917848209661112320__917848209661112320_0,benign_text,,,,,,,,,
,main,california_wildfires__917848209661112320__917848209661112320_0,benign_joint,,,,,,,,,
,main,california_wildfires__917848209661112320__917848209661112320_0,direct_image,,,,,,,,,
,main,california_wildfires__917848209661112320__917848209661112320_0,direct_text,,,,,,,,,
,main,california_wildfires__917848209661112320__917848209661112320_0,direct_joint,,,,,,,,,
,main,california_wildfires__917848209661112320__917848209661112320_0,misleading_image,,,,,,,,,
,main,california_wildfires__917848209661112320__917848209661112320_0,misleading_text,,,,,,,,,
,main,california_wildfires__917848209661112320__917848209661112320_0,misleading_joint,,,,,,,,,
,main,california_wildfires__917871832467955714__917871832467955714_0,clean,,,,,,,,,
,main,california_wildfires__917871832467955714__917871832467955714_0,benign_image,,,,,,,,,
,main,california_wildfires__917871832467955714__917871832467955714_0,benign_text,,,,,,,,,
,main,california_wildfires__917871832467955714__917871832467955714_0,benign_joint,,,,,,,,,
,main,california_wildfires__917871832467955714__917871832467955714_0,direct_image,,,,,,,,,
,main,california_wildfires__917871832467955714__917871832467955714_0,direct_text,,,,,,,,,
,main,california_wildfires__917871832467955714__917871832467955714_0,direct_joint,,,,,,,,,
,main,california_wildfires__917871832467955714__917871832467955714_0,misleading_image,,,,,,,,,
,main,california_wildfires__917871832467955714__917871832467955714_0,misleading_text,,,,,,,,,
,main,california_wildfires__917871832467955714__917871832467955714_0,misleading_joint,,,,,,,,,
,main,california_wildfires__917933070358941696__917933070358941696_0,clean,,,,,,,,,
,main,california_wildfires__917933070358941696__917933070358941696_0,benign_image,,,,,,,,,
,main,california_wildfires__917933070358941696__917933070358941696_0,benign_text,,,,,,,,,
,main,california_wildfires__917933070358941696__917933070358941696_0,benign_joint,,,,,,,,,
,main,california_wildfires__917933070358941696__917933070358941696_0,direct_image,,,,,,,,,
,main,california_wildfires__917933070358941696__917933070358941696_0,direct_text,,,,,,,,,
,main,california_wildfires__917933070358941696__917933070358941696_0,direct_joint,,,,,,,,,
,main,california_wildfires__917933070358941696__917933070358941696_0,misleading_image,,,,,,,,,
,main,california_wildfires__917933070358941696__917933070358941696_0,misleading_text,,,,,,,,,
,main,california_wildfires__917933070358941696__917933070358941696_0,misleading_joint,,,,,,,,,
,main,california_wildfires__917956700149227520__917956700149227520_0,clean,,,,,,,,,
,main,california_wildfires__917956700149227520__917956700149227520_0,benign_image,,,,,,,,,
,main,california_wildfires__917956700149227520__917956700149227520_0,benign_text,,,,,,,,,
,main,california_wildfires__917956700149227520__917956700149227520_0,benign_joint,,,,,,,,,
,main,california_wildfires__917956700149227520__917956700149227520_0,direct_image,,,,,,,,,
,main,california_wildfires__917956700149227520__917956700149227520_0,direct_text,,,,,,,,,
,main,california_wildfires__917956700149227520__917956700149227520_0,direct_joint,,,,,,,,,
,main,california_wildfires__917956700149227520__917956700149227520_0,misleading_image,,,,,,,,,
,main,california_wildfires__917956700149227520__917956700149227520_0,misleading_text,,,,,,,,,
,main,california_wildfires__917956700149227520__917956700149227520_0,misleading_joint,,,,,,,,,
,main,california_wildfires__917993008456519681__917993008456519681_0,clean,,,,,,,,,
,main,california_wildfires__917993008456519681__917993008456519681_0,benign_image,,,,,,,,,
,main,california_wildfires__917993008456519681__917993008456519681_0,benign_text,,,,,,,,,
,main,california_wildfires__917993008456519681__917993008456519681_0,benign_joint,,,,,,,,,
,main,california_wildfires__917993008456519681__917993008456519681_0,direct_image,,,,,,,,,
,main,california_wildfires__917993008456519681__917993008456519681_0,direct_text,,,,,,,,,
,main,california_wildfires__917993008456519681__917993008456519681_0,direct_joint,,,,,,,,,
,main,california_wildfires__917993008456519681__917993008456519681_0,misleading_image,,,,,,,,,
,main,california_wildfires__917993008456519681__917993008456519681_0,misleading_text,,,,,,,,,
,main,california_wildfires__917993008456519681__917993008456519681_0,misleading_joint,,,,,,,,,
,main,california_wildfires__918115021661421568__918115021661421568_0,clean,,,,,,,,,
,main,california_wildfires__918115021661421568__918115021661421568_0,benign_image,,,,,,,,,
,main,california_wildfires__918115021661421568__918115021661421568_0,benign_text,,,,,,,,,
,main,california_wildfires__918115021661421568__918115021661421568_0,benign_joint,,,,,,,,,
,main,california_wildfires__918115021661421568__918115021661421568_0,direct_image,,,,,,,,,
,main,california_wildfires__918115021661421568__918115021661421568_0,direct_text,,,,,,,,,
,main,california_wildfires__918115021661421568__918115021661421568_0,direct_joint,,,,,,,,,
,main,california_wildfires__918115021661421568__918115021661421568_0,misleading_image,,,,,,,,,
,main,california_wildfires__918115021661421568__918115021661421568_0,misleading_text,,,,,,,,,
,main,california_wildfires__918115021661421568__918115021661421568_0,misleading_joint,,,,,,,,,
,main,california_wildfires__918240774462074880__918240774462074880_0,clean,,,,,,,,,
,main,california_wildfires__918240774462074880__918240774462074880_0,benign_image,,,,,,,,,
,main,california_wildfires__918240774462074880__918240774462074880_0,benign_text,,,,,,,,,
,main,california_wildfires__918240774462074880__918240774462074880_0,benign_joint,,,,,,,,,
,main,california_wildfires__918240774462074880__918240774462074880_0,direct_image,,,,,,,,,
,main,california_wildfires__918240774462074880__918240774462074880_0,direct_text,,,,,,,,,
,main,california_wildfires__918240774462074880__918240774462074880_0,direct_joint,,,,,,,,,
,main,california_wildfires__918240774462074880__918240774462074880_0,misleading_image,,,,,,,,,
,main,california_wildfires__918240774462074880__918240774462074880_0,misleading_text,,,,,,,,,
,main,california_wildfires__918240774462074880__918240774462074880_0,misleading_joint,,,,,,,,,
,main,california_wildfires__919562679404003328__919562679404003328_2,clean,,,,,,,,,
,main,california_wildfires__919562679404003328__919562679404003328_2,benign_image,,,,,,,,,
,main,california_wildfires__919562679404003328__919562679404003328_2,benign_text,,,,,,,,,
,main,california_wildfires__919562679404003328__919562679404003328_2,benign_joint,,,,,,,,,
,main,california_wildfires__919562679404003328__919562679404003328_2,direct_image,,,,,,,,,
,main,california_wildfires__919562679404003328__919562679404003328_2,direct_text,,,,,,,,,
,main,california_wildfires__919562679404003328__919562679404003328_2,direct_joint,,,,,,,,,
,main,california_wildfires__919562679404003328__919562679404003328_2,misleading_image,,,,,,,,,
,main,california_wildfires__919562679404003328__919562679404003328_2,misleading_text,,,,,,,,,
,main,california_wildfires__919562679404003328__919562679404003328_2,misleading_joint,,,,,,,,,
,main,california_wildfires__919563091406286848__919563091406286848_0,clean,,,,,,,,,
,main,california_wildfires__919563091406286848__919563091406286848_0,benign_image,,,,,,,,,
,main,california_wildfires__919563091406286848__919563091406286848_0,benign_text,,,,,,,,,
,main,california_wildfires__919563091406286848__919563091406286848_0,benign_joint,,,,,,,,,
,main,california_wildfires__919563091406286848__919563091406286848_0,direct_image,,,,,,,,,
,main,california_wildfires__919563091406286848__919563091406286848_0,direct_text,,,,,,,,,
,main,california_wildfires__919563091406286848__919563091406286848_0,direct_joint,,,,,,,,,
,main,california_wildfires__919563091406286848__919563091406286848_0,misleading_image,,,,,,,,,
,main,california_wildfires__919563091406286848__919563091406286848_0,misleading_text,,,,,,,,,
,main,california_wildfires__919563091406286848__919563091406286848_0,misleading_joint,,,,,,,,,
,main,california_wildfires__919563224152006656__919563224152006656_0,clean,,,,,,,,,
,main,california_wildfires__919563224152006656__919563224152006656_0,benign_image,,,,,,,,,
,main,california_wildfires__919563224152006656__919563224152006656_0,benign_text,,,,,,,,,
,main,california_wildfires__919563224152006656__919563224152006656_0,benign_joint,,,,,,,,,
,main,california_wildfires__919563224152006656__919563224152006656_0,direct_image,,,,,,,,,
,main,california_wildfires__919563224152006656__919563224152006656_0,direct_text,,,,,,,,,
,main,california_wildfires__919563224152006656__919563224152006656_0,direct_joint,,,,,,,,,
,main,california_wildfires__919563224152006656__919563224152006656_0,misleading_image,,,,,,,,,
,main,california_wildfires__919563224152006656__919563224152006656_0,misleading_text,,,,,,,,,
,main,california_wildfires__919563224152006656__919563224152006656_0,misleading_joint,,,,,,,,,
,main,california_wildfires__919586694478925824__919586694478925824_0,clean,,,,,,,,,
,main,california_wildfires__919586694478925824__919586694478925824_0,benign_image,,,,,,,,,
,main,california_wildfires__919586694478925824__919586694478925824_0,benign_text,,,,,,,,,
,main,california_wildfires__919586694478925824__919586694478925824_0,benign_joint,,,,,,,,,
,main,california_wildfires__919586694478925824__919586694478925824_0,direct_image,,,,,,,,,
,main,california_wildfires__919586694478925824__919586694478925824_0,direct_text,,,,,,,,,
,main,california_wildfires__919586694478925824__919586694478925824_0,direct_joint,,,,,,,,,
,main,california_wildfires__919586694478925824__919586694478925824_0,misleading_image,,,,,,,,,
,main,california_wildfires__919586694478925824__919586694478925824_0,misleading_text,,,,,,,,,
,main,california_wildfires__919586694478925824__919586694478925824_0,misleading_joint,,,,,,,,,
,main,california_wildfires__919602818910179328__919602818910179328_0,clean,,,,,,,,,
,main,california_wildfires__919602818910179328__919602818910179328_0,benign_image,,,,,,,,,
,main,california_wildfires__919602818910179328__919602818910179328_0,benign_text,,,,,,,,,
,main,california_wildfires__919602818910179328__919602818910179328_0,benign_joint,,,,,,,,,
,main,california_wildfires__919602818910179328__919602818910179328_0,direct_image,,,,,,,,,
,main,california_wildfires__919602818910179328__919602818910179328_0,direct_text,,,,,,,,,
,main,california_wildfires__919602818910179328__919602818910179328_0,direct_joint,,,,,,,,,
,main,california_wildfires__919602818910179328__919602818910179328_0,misleading_image,,,,,,,,,
,main,california_wildfires__919602818910179328__919602818910179328_0,misleading_text,,,,,,,,,
,main,california_wildfires__919602818910179328__919602818910179328_0,misleading_joint,,,,,,,,,
,main,california_wildfires__919611976220737536__919611976220737536_0,clean,,,,,,,,,
,main,california_wildfires__919611976220737536__919611976220737536_0,benign_image,,,,,,,,,
,main,california_wildfires__919611976220737536__919611976220737536_0,benign_text,,,,,,,,,
,main,california_wildfires__919611976220737536__919611976220737536_0,benign_joint,,,,,,,,,
,main,california_wildfires__919611976220737536__919611976220737536_0,direct_image,,,,,,,,,
,main,california_wildfires__919611976220737536__919611976220737536_0,direct_text,,,,,,,,,
,main,california_wildfires__919611976220737536__919611976220737536_0,direct_joint,,,,,,,,,
,main,california_wildfires__919611976220737536__919611976220737536_0,misleading_image,,,,,,,,,
,main,california_wildfires__919611976220737536__919611976220737536_0,misleading_text,,,,,,,,,
,main,california_wildfires__919611976220737536__919611976220737536_0,misleading_joint,,,,,,,,,
,main,california_wildfires__919653166974750720__919653166974750720_0,clean,,,,,,,,,
,main,california_wildfires__919653166974750720__919653166974750720_0,benign_image,,,,,,,,,
,main,california_wildfires__919653166974750720__919653166974750720_0,benign_text,,,,,,,,,
,main,california_wildfires__919653166974750720__919653166974750720_0,benign_joint,,,,,,,,,
,main,california_wildfires__919653166974750720__919653166974750720_0,direct_image,,,,,,,,,
,main,california_wildfires__919653166974750720__919653166974750720_0,direct_text,,,,,,,,,
,main,california_wildfires__919653166974750720__919653166974750720_0,direct_joint,,,,,,,,,
,main,california_wildfires__919653166974750720__919653166974750720_0,misleading_image,,,,,,,,,
,main,california_wildfires__919653166974750720__919653166974750720_0,misleading_text,,,,,,,,,
,main,california_wildfires__919653166974750720__919653166974750720_0,misleading_joint,,,,,,,,,
,main,california_wildfires__919684475990130689__919684475990130689_0,clean,,,,,,,,,
,main,california_wildfires__919684475990130689__919684475990130689_0,benign_image,,,,,,,,,
,main,california_wildfires__919684475990130689__919684475990130689_0,benign_text,,,,,,,,,
,main,california_wildfires__919684475990130689__919684475990130689_0,benign_joint,,,,,,,,,
,main,california_wildfires__919684475990130689__919684475990130689_0,direct_image,,,,,,,,,
,main,california_wildfires__919684475990130689__919684475990130689_0,direct_text,,,,,,,,,
,main,california_wildfires__919684475990130689__919684475990130689_0,direct_joint,,,,,,,,,
,main,california_wildfires__919684475990130689__919684475990130689_0,misleading_image,,,,,,,,,
,main,california_wildfires__919684475990130689__919684475990130689_0,misleading_text,,,,,,,,,
,main,california_wildfires__919684475990130689__919684475990130689_0,misleading_joint,,,,,,,,,
,main,california_wildfires__919688548323864577__919688548323864577_0,clean,,,,,,,,,
,main,california_wildfires__919688548323864577__919688548323864577_0,benign_image,,,,,,,,,
,main,california_wildfires__919688548323864577__919688548323864577_0,benign_text,,,,,,,,,
,main,california_wildfires__919688548323864577__919688548323864577_0,benign_joint,,,,,,,,,
,main,california_wildfires__919688548323864577__919688548323864577_0,direct_image,,,,,,,,,
,main,california_wildfires__919688548323864577__919688548323864577_0,direct_text,,,,,,,,,
,main,california_wildfires__919688548323864577__919688548323864577_0,direct_joint,,,,,,,,,
,main,california_wildfires__919688548323864577__919688548323864577_0,misleading_image,,,,,,,,,
,main,california_wildfires__919688548323864577__919688548323864577_0,misleading_text,,,,,,,,,
,main,california_wildfires__919688548323864577__919688548323864577_0,misleading_joint,,,,,,,,,
,main,california_wildfires__919752558926802944__919752558926802944_0,clean,,,,,,,,,
,main,california_wildfires__919752558926802944__919752558926802944_0,benign_image,,,,,,,,,
,main,california_wildfires__919752558926802944__919752558926802944_0,benign_text,,,,,,,,,
,main,california_wildfires__919752558926802944__919752558926802944_0,benign_joint,,,,,,,,,
,main,california_wildfires__919752558926802944__919752558926802944_0,direct_image,,,,,,,,,
,main,california_wildfires__919752558926802944__919752558926802944_0,direct_text,,,,,,,,,
,main,california_wildfires__919752558926802944__919752558926802944_0,direct_joint,,,,,,,,,
,main,california_wildfires__919752558926802944__919752558926802944_0,misleading_image,,,,,,,,,
,main,california_wildfires__919752558926802944__919752558926802944_0,misleading_text,,,,,,,,,
,main,california_wildfires__919752558926802944__919752558926802944_0,misleading_joint,,,,,,,,,
,main,california_wildfires__919799276271800320__919799276271800320_0,clean,,,,,,,,,
,main,california_wildfires__919799276271800320__919799276271800320_0,benign_image,,,,,,,,,
,main,california_wildfires__919799276271800320__919799276271800320_0,benign_text,,,,,,,,,
,main,california_wildfires__919799276271800320__919799276271800320_0,benign_joint,,,,,,,,,
,main,california_wildfires__919799276271800320__919799276271800320_0,direct_image,,,,,,,,,
,main,california_wildfires__919799276271800320__919799276271800320_0,direct_text,,,,,,,,,
,main,california_wildfires__919799276271800320__919799276271800320_0,direct_joint,,,,,,,,,
,main,california_wildfires__919799276271800320__919799276271800320_0,misleading_image,,,,,,,,,
,main,california_wildfires__919799276271800320__919799276271800320_0,misleading_text,,,,,,,,,
,main,california_wildfires__919799276271800320__919799276271800320_0,misleading_joint,,,,,,,,,
,main,california_wildfires__919836010292416512__919836010292416512_0,clean,,,,,,,,,
,main,california_wildfires__919836010292416512__919836010292416512_0,benign_image,,,,,,,,,
,main,california_wildfires__919836010292416512__919836010292416512_0,benign_text,,,,,,,,,
,main,california_wildfires__919836010292416512__919836010292416512_0,benign_joint,,,,,,,,,
,main,california_wildfires__919836010292416512__919836010292416512_0,direct_image,,,,,,,,,
,main,california_wildfires__919836010292416512__919836010292416512_0,direct_text,,,,,,,,,
,main,california_wildfires__919836010292416512__919836010292416512_0,direct_joint,,,,,,,,,
,main,california_wildfires__919836010292416512__919836010292416512_0,misleading_image,,,,,,,,,
,main,california_wildfires__919836010292416512__919836010292416512_0,misleading_text,,,,,,,,,
,main,california_wildfires__919836010292416512__919836010292416512_0,misleading_joint,,,,,,,,,
,main,california_wildfires__919921994245709825__919921994245709825_0,clean,,,,,,,,,
,main,california_wildfires__919921994245709825__919921994245709825_0,benign_image,,,,,,,,,
,main,california_wildfires__919921994245709825__919921994245709825_0,benign_text,,,,,,,,,
,main,california_wildfires__919921994245709825__919921994245709825_0,benign_joint,,,,,,,,,
,main,california_wildfires__919921994245709825__919921994245709825_0,direct_image,,,,,,,,,
,main,california_wildfires__919921994245709825__919921994245709825_0,direct_text,,,,,,,,,
,main,california_wildfires__919921994245709825__919921994245709825_0,direct_joint,,,,,,,,,
,main,california_wildfires__919921994245709825__919921994245709825_0,misleading_image,,,,,,,,,
,main,california_wildfires__919921994245709825__919921994245709825_0,misleading_text,,,,,,,,,
,main,california_wildfires__919921994245709825__919921994245709825_0,misleading_joint,,,,,,,,,
,main,california_wildfires__919934490494910464__919934490494910464_0,clean,,,,,,,,,
,main,california_wildfires__919934490494910464__919934490494910464_0,benign_image,,,,,,,,,
,main,california_wildfires__919934490494910464__919934490494910464_0,benign_text,,,,,,,,,
,main,california_wildfires__919934490494910464__919934490494910464_0,benign_joint,,,,,,,,,
,main,california_wildfires__919934490494910464__919934490494910464_0,direct_image,,,,,,,,,
,main,california_wildfires__919934490494910464__919934490494910464_0,direct_text,,,,,,,,,
,main,california_wildfires__919934490494910464__919934490494910464_0,direct_joint,,,,,,,,,
,main,california_wildfires__919934490494910464__919934490494910464_0,misleading_image,,,,,,,,,
,main,california_wildfires__919934490494910464__919934490494910464_0,misleading_text,,,,,,,,,
,main,california_wildfires__919934490494910464__919934490494910464_0,misleading_joint,,,,,,,,,
,main,california_wildfires__919943278220341249__919943278220341249_0,clean,,,,,,,,,
,main,california_wildfires__919943278220341249__919943278220341249_0,benign_image,,,,,,,,,
,main,california_wildfires__919943278220341249__919943278220341249_0,benign_text,,,,,,,,,
,main,california_wildfires__919943278220341249__919943278220341249_0,benign_joint,,,,,,,,,
,main,california_wildfires__919943278220341249__919943278220341249_0,direct_image,,,,,,,,,
,main,california_wildfires__919943278220341249__919943278220341249_0,direct_text,,,,,,,,,
,main,california_wildfires__919943278220341249__919943278220341249_0,direct_joint,,,,,,,,,
,main,california_wildfires__919943278220341249__919943278220341249_0,misleading_image,,,,,,,,,
,main,california_wildfires__919943278220341249__919943278220341249_0,misleading_text,,,,,,,,,
,main,california_wildfires__919943278220341249__919943278220341249_0,misleading_joint,,,,,,,,,
,main,california_wildfires__919955764231278592__919955764231278592_0,clean,,,,,,,,,
,main,california_wildfires__919955764231278592__919955764231278592_0,benign_image,,,,,,,,,
,main,california_wildfires__919955764231278592__919955764231278592_0,benign_text,,,,,,,,,
,main,california_wildfires__919955764231278592__919955764231278592_0,benign_joint,,,,,,,,,
,main,california_wildfires__919955764231278592__919955764231278592_0,direct_image,,,,,,,,,
,main,california_wildfires__919955764231278592__919955764231278592_0,direct_text,,,,,,,,,
,main,california_wildfires__919955764231278592__919955764231278592_0,direct_joint,,,,,,,,,
,main,california_wildfires__919955764231278592__919955764231278592_0,misleading_image,,,,,,,,,
,main,california_wildfires__919955764231278592__919955764231278592_0,misleading_text,,,,,,,,,
,main,california_wildfires__919955764231278592__919955764231278592_0,misleading_joint,,,,,,,,,
,main,california_wildfires__919979544844439552__919979544844439552_0,clean,,,,,,,,,
,main,california_wildfires__919979544844439552__919979544844439552_0,benign_image,,,,,,,,,
,main,california_wildfires__919979544844439552__919979544844439552_0,benign_text,,,,,,,,,
,main,california_wildfires__919979544844439552__919979544844439552_0,benign_joint,,,,,,,,,
,main,california_wildfires__919979544844439552__919979544844439552_0,direct_image,,,,,,,,,
,main,california_wildfires__919979544844439552__919979544844439552_0,direct_text,,,,,,,,,
,main,california_wildfires__919979544844439552__919979544844439552_0,direct_joint,,,,,,,,,
,main,california_wildfires__919979544844439552__919979544844439552_0,misleading_image,,,,,,,,,
,main,california_wildfires__919979544844439552__919979544844439552_0,misleading_text,,,,,,,,,
,main,california_wildfires__919979544844439552__919979544844439552_0,misleading_joint,,,,,,,,,
,main,california_wildfires__920013231862833152__920013231862833152_0,clean,,,,,,,,,
,main,california_wildfires__920013231862833152__920013231862833152_0,benign_image,,,,,,,,,
,main,california_wildfires__920013231862833152__920013231862833152_0,benign_text,,,,,,,,,
,main,california_wildfires__920013231862833152__920013231862833152_0,benign_joint,,,,,,,,,
,main,california_wildfires__920013231862833152__920013231862833152_0,direct_image,,,,,,,,,
,main,california_wildfires__920013231862833152__920013231862833152_0,direct_text,,,,,,,,,
,main,california_wildfires__920013231862833152__920013231862833152_0,direct_joint,,,,,,,,,
,main,california_wildfires__920013231862833152__920013231862833152_0,misleading_image,,,,,,,,,
,main,california_wildfires__920013231862833152__920013231862833152_0,misleading_text,,,,,,,,,
,main,california_wildfires__920013231862833152__920013231862833152_0,misleading_joint,,,,,,,,,
,main,california_wildfires__920035964608581632__920035964608581632_0,clean,,,,,,,,,
,main,california_wildfires__920035964608581632__920035964608581632_0,benign_image,,,,,,,,,
,main,california_wildfires__920035964608581632__920035964608581632_0,benign_text,,,,,,,,,
,main,california_wildfires__920035964608581632__920035964608581632_0,benign_joint,,,,,,,,,
,main,california_wildfires__920035964608581632__920035964608581632_0,direct_image,,,,,,,,,
,main,california_wildfires__920035964608581632__920035964608581632_0,direct_text,,,,,,,,,
,main,california_wildfires__920035964608581632__920035964608581632_0,direct_joint,,,,,,,,,
,main,california_wildfires__920035964608581632__920035964608581632_0,misleading_image,,,,,,,,,
,main,california_wildfires__920035964608581632__920035964608581632_0,misleading_text,,,,,,,,,
,main,california_wildfires__920035964608581632__920035964608581632_0,misleading_joint,,,,,,,,,
,main,california_wildfires__920097325996847106__920097325996847106_0,clean,,,,,,,,,
,main,california_wildfires__920097325996847106__920097325996847106_0,benign_image,,,,,,,,,
,main,california_wildfires__920097325996847106__920097325996847106_0,benign_text,,,,,,,,,
,main,california_wildfires__920097325996847106__920097325996847106_0,benign_joint,,,,,,,,,
,main,california_wildfires__920097325996847106__920097325996847106_0,direct_image,,,,,,,,,
,main,california_wildfires__920097325996847106__920097325996847106_0,direct_text,,,,,,,,,
,main,california_wildfires__920097325996847106__920097325996847106_0,direct_joint,,,,,,,,,
,main,california_wildfires__920097325996847106__920097325996847106_0,misleading_image,,,,,,,,,
,main,california_wildfires__920097325996847106__920097325996847106_0,misleading_text,,,,,,,,,
,main,california_wildfires__920097325996847106__920097325996847106_0,misleading_joint,,,,,,,,,
,main,california_wildfires__920110234433146880__920110234433146880_0,clean,,,,,,,,,
,main,california_wildfires__920110234433146880__920110234433146880_0,benign_image,,,,,,,,,
,main,california_wildfires__920110234433146880__920110234433146880_0,benign_text,,,,,,,,,
,main,california_wildfires__920110234433146880__920110234433146880_0,benign_joint,,,,,,,,,
,main,california_wildfires__920110234433146880__920110234433146880_0,direct_image,,,,,,,,,
,main,california_wildfires__920110234433146880__920110234433146880_0,direct_text,,,,,,,,,
,main,california_wildfires__920110234433146880__920110234433146880_0,direct_joint,,,,,,,,,
,main,california_wildfires__920110234433146880__920110234433146880_0,misleading_image,,,,,,,,,
,main,california_wildfires__920110234433146880__920110234433146880_0,misleading_text,,,,,,,,,
,main,california_wildfires__920110234433146880__920110234433146880_0,misleading_joint,,,,,,,,,
,main,california_wildfires__920229166410108928__920229166410108928_0,clean,,,,,,,,,
,main,california_wildfires__920229166410108928__920229166410108928_0,benign_image,,,,,,,,,
,main,california_wildfires__920229166410108928__920229166410108928_0,benign_text,,,,,,,,,
,main,california_wildfires__920229166410108928__920229166410108928_0,benign_joint,,,,,,,,,
,main,california_wildfires__920229166410108928__920229166410108928_0,direct_image,,,,,,,,,
,main,california_wildfires__920229166410108928__920229166410108928_0,direct_text,,,,,,,,,
,main,california_wildfires__920229166410108928__920229166410108928_0,direct_joint,,,,,,,,,
,main,california_wildfires__920229166410108928__920229166410108928_0,misleading_image,,,,,,,,,
,main,california_wildfires__920229166410108928__920229166410108928_0,misleading_text,,,,,,,,,
,main,california_wildfires__920229166410108928__920229166410108928_0,misleading_joint,,,,,,,,,
,main,california_wildfires__920379194823053312__920379194823053312_0,clean,,,,,,,,,
,main,california_wildfires__920379194823053312__920379194823053312_0,benign_image,,,,,,,,,
,main,california_wildfires__920379194823053312__920379194823053312_0,benign_text,,,,,,,,,
,main,california_wildfires__920379194823053312__920379194823053312_0,benign_joint,,,,,,,,,
,main,california_wildfires__920379194823053312__920379194823053312_0,direct_image,,,,,,,,,
,main,california_wildfires__920379194823053312__920379194823053312_0,direct_text,,,,,,,,,
,main,california_wildfires__920379194823053312__920379194823053312_0,direct_joint,,,,,,,,,
,main,california_wildfires__920379194823053312__920379194823053312_0,misleading_image,,,,,,,,,
,main,california_wildfires__920379194823053312__920379194823053312_0,misleading_text,,,,,,,,,
,main,california_wildfires__920379194823053312__920379194823053312_0,misleading_joint,,,,,,,,,
,main,california_wildfires__920550861343948800__920550861343948800_0,clean,,,,,,,,,
,main,california_wildfires__920550861343948800__920550861343948800_0,benign_image,,,,,,,,,
,main,california_wildfires__920550861343948800__920550861343948800_0,benign_text,,,,,,,,,
,main,california_wildfires__920550861343948800__920550861343948800_0,benign_joint,,,,,,,,,
,main,california_wildfires__920550861343948800__920550861343948800_0,direct_image,,,,,,,,,
,main,california_wildfires__920550861343948800__920550861343948800_0,direct_text,,,,,,,,,
,main,california_wildfires__920550861343948800__920550861343948800_0,direct_joint,,,,,,,,,
,main,california_wildfires__920550861343948800__920550861343948800_0,misleading_image,,,,,,,,,
,main,california_wildfires__920550861343948800__920550861343948800_0,misleading_text,,,,,,,,,
,main,california_wildfires__920550861343948800__920550861343948800_0,misleading_joint,,,,,,,,,
,main,california_wildfires__920569455759056896__920569455759056896_0,clean,,,,,,,,,
,main,california_wildfires__920569455759056896__920569455759056896_0,benign_image,,,,,,,,,
,main,california_wildfires__920569455759056896__920569455759056896_0,benign_text,,,,,,,,,
,main,california_wildfires__920569455759056896__920569455759056896_0,benign_joint,,,,,,,,,
,main,california_wildfires__920569455759056896__920569455759056896_0,direct_image,,,,,,,,,
,main,california_wildfires__920569455759056896__920569455759056896_0,direct_text,,,,,,,,,
,main,california_wildfires__920569455759056896__920569455759056896_0,direct_joint,,,,,,,,,
,main,california_wildfires__920569455759056896__920569455759056896_0,misleading_image,,,,,,,,,
,main,california_wildfires__920569455759056896__920569455759056896_0,misleading_text,,,,,,,,,
,main,california_wildfires__920569455759056896__920569455759056896_0,misleading_joint,,,,,,,,,
,main,california_wildfires__920684183105794048__920684183105794048_0,clean,,,,,,,,,
,main,california_wildfires__920684183105794048__920684183105794048_0,benign_image,,,,,,,,,
,main,california_wildfires__920684183105794048__920684183105794048_0,benign_text,,,,,,,,,
,main,california_wildfires__920684183105794048__920684183105794048_0,benign_joint,,,,,,,,,
,main,california_wildfires__920684183105794048__920684183105794048_0,direct_image,,,,,,,,,
,main,california_wildfires__920684183105794048__920684183105794048_0,direct_text,,,,,,,,,
,main,california_wildfires__920684183105794048__920684183105794048_0,direct_joint,,,,,,,,,
,main,california_wildfires__920684183105794048__920684183105794048_0,misleading_image,,,,,,,,,
,main,california_wildfires__920684183105794048__920684183105794048_0,misleading_text,,,,,,,,,
,main,california_wildfires__920684183105794048__920684183105794048_0,misleading_joint,,,,,,,,,
,main,california_wildfires__920730999088017408__920730999088017408_0,clean,,,,,,,,,
,main,california_wildfires__920730999088017408__920730999088017408_0,benign_image,,,,,,,,,
,main,california_wildfires__920730999088017408__920730999088017408_0,benign_text,,,,,,,,,
,main,california_wildfires__920730999088017408__920730999088017408_0,benign_joint,,,,,,,,,
,main,california_wildfires__920730999088017408__920730999088017408_0,direct_image,,,,,,,,,
,main,california_wildfires__920730999088017408__920730999088017408_0,direct_text,,,,,,,,,
,main,california_wildfires__920730999088017408__920730999088017408_0,direct_joint,,,,,,,,,
,main,california_wildfires__920730999088017408__920730999088017408_0,misleading_image,,,,,,,,,
,main,california_wildfires__920730999088017408__920730999088017408_0,misleading_text,,,,,,,,,
,main,california_wildfires__920730999088017408__920730999088017408_0,misleading_joint,,,,,,,,,
,main,california_wildfires__920875681055113216__920875681055113216_0,clean,,,,,,,,,
,main,california_wildfires__920875681055113216__920875681055113216_0,benign_image,,,,,,,,,
,main,california_wildfires__920875681055113216__920875681055113216_0,benign_text,,,,,,,,,
,main,california_wildfires__920875681055113216__920875681055113216_0,benign_joint,,,,,,,,,
,main,california_wildfires__920875681055113216__920875681055113216_0,direct_image,,,,,,,,,
,main,california_wildfires__920875681055113216__920875681055113216_0,direct_text,,,,,,,,,
,main,california_wildfires__920875681055113216__920875681055113216_0,direct_joint,,,,,,,,,
,main,california_wildfires__920875681055113216__920875681055113216_0,misleading_image,,,,,,,,,
,main,california_wildfires__920875681055113216__920875681055113216_0,misleading_text,,,,,,,,,
,main,california_wildfires__920875681055113216__920875681055113216_0,misleading_joint,,,,,,,,,
,main,california_wildfires__920931333848883201__920931333848883201_0,clean,,,,,,,,,
,main,california_wildfires__920931333848883201__920931333848883201_0,benign_image,,,,,,,,,
,main,california_wildfires__920931333848883201__920931333848883201_0,benign_text,,,,,,,,,
,main,california_wildfires__920931333848883201__920931333848883201_0,benign_joint,,,,,,,,,
,main,california_wildfires__920931333848883201__920931333848883201_0,direct_image,,,,,,,,,
,main,california_wildfires__920931333848883201__920931333848883201_0,direct_text,,,,,,,,,
,main,california_wildfires__920931333848883201__920931333848883201_0,direct_joint,,,,,,,,,
,main,california_wildfires__920931333848883201__920931333848883201_0,misleading_image,,,,,,,,,
,main,california_wildfires__920931333848883201__920931333848883201_0,misleading_text,,,,,,,,,
,main,california_wildfires__920931333848883201__920931333848883201_0,misleading_joint,,,,,,,,,
,main,california_wildfires__921159449708060672__921159449708060672_0,clean,,,,,,,,,
,main,california_wildfires__921159449708060672__921159449708060672_0,benign_image,,,,,,,,,
,main,california_wildfires__921159449708060672__921159449708060672_0,benign_text,,,,,,,,,
,main,california_wildfires__921159449708060672__921159449708060672_0,benign_joint,,,,,,,,,
,main,california_wildfires__921159449708060672__921159449708060672_0,direct_image,,,,,,,,,
,main,california_wildfires__921159449708060672__921159449708060672_0,direct_text,,,,,,,,,
,main,california_wildfires__921159449708060672__921159449708060672_0,direct_joint,,,,,,,,,
,main,california_wildfires__921159449708060672__921159449708060672_0,misleading_image,,,,,,,,,
,main,california_wildfires__921159449708060672__921159449708060672_0,misleading_text,,,,,,,,,
,main,california_wildfires__921159449708060672__921159449708060672_0,misleading_joint,,,,,,,,,
,main,california_wildfires__921176414446960640__921176414446960640_0,clean,,,,,,,,,
,main,california_wildfires__921176414446960640__921176414446960640_0,benign_image,,,,,,,,,
,main,california_wildfires__921176414446960640__921176414446960640_0,benign_text,,,,,,,,,
,main,california_wildfires__921176414446960640__921176414446960640_0,benign_joint,,,,,,,,,
,main,california_wildfires__921176414446960640__921176414446960640_0,direct_image,,,,,,,,,
,main,california_wildfires__921176414446960640__921176414446960640_0,direct_text,,,,,,,,,
,main,california_wildfires__921176414446960640__921176414446960640_0,direct_joint,,,,,,,,,
,main,california_wildfires__921176414446960640__921176414446960640_0,misleading_image,,,,,,,,,
,main,california_wildfires__921176414446960640__921176414446960640_0,misleading_text,,,,,,,,,
,main,california_wildfires__921176414446960640__921176414446960640_0,misleading_joint,,,,,,,,,
,main,california_wildfires__921425360373329920__921425360373329920_0,clean,,,,,,,,,
,main,california_wildfires__921425360373329920__921425360373329920_0,benign_image,,,,,,,,,
,main,california_wildfires__921425360373329920__921425360373329920_0,benign_text,,,,,,,,,
,main,california_wildfires__921425360373329920__921425360373329920_0,benign_joint,,,,,,,,,
,main,california_wildfires__921425360373329920__921425360373329920_0,direct_image,,,,,,,,,
,main,california_wildfires__921425360373329920__921425360373329920_0,direct_text,,,,,,,,,
,main,california_wildfires__921425360373329920__921425360373329920_0,direct_joint,,,,,,,,,
,main,california_wildfires__921425360373329920__921425360373329920_0,misleading_image,,,,,,,,,
,main,california_wildfires__921425360373329920__921425360373329920_0,misleading_text,,,,,,,,,
,main,california_wildfires__921425360373329920__921425360373329920_0,misleading_joint,,,,,,,,,
,main,california_wildfires__921612777751539712__921612777751539712_0,clean,,,,,,,,,
,main,california_wildfires__921612777751539712__921612777751539712_0,benign_image,,,,,,,,,
,main,california_wildfires__921612777751539712__921612777751539712_0,benign_text,,,,,,,,,
,main,california_wildfires__921612777751539712__921612777751539712_0,benign_joint,,,,,,,,,
,main,california_wildfires__921612777751539712__921612777751539712_0,direct_image,,,,,,,,,
,main,california_wildfires__921612777751539712__921612777751539712_0,direct_text,,,,,,,,,
,main,california_wildfires__921612777751539712__921612777751539712_0,direct_joint,,,,,,,,,
,main,california_wildfires__921612777751539712__921612777751539712_0,misleading_image,,,,,,,,,
,main,california_wildfires__921612777751539712__921612777751539712_0,misleading_text,,,,,,,,,
,main,california_wildfires__921612777751539712__921612777751539712_0,misleading_joint,,,,,,,,,
,main,california_wildfires__921617294945525760__921617294945525760_0,clean,,,,,,,,,
,main,california_wildfires__921617294945525760__921617294945525760_0,benign_image,,,,,,,,,
,main,california_wildfires__921617294945525760__921617294945525760_0,benign_text,,,,,,,,,
,main,california_wildfires__921617294945525760__921617294945525760_0,benign_joint,,,,,,,,,
,main,california_wildfires__921617294945525760__921617294945525760_0,direct_image,,,,,,,,,
,main,california_wildfires__921617294945525760__921617294945525760_0,direct_text,,,,,,,,,
,main,california_wildfires__921617294945525760__921617294945525760_0,direct_joint,,,,,,,,,
,main,california_wildfires__921617294945525760__921617294945525760_0,misleading_image,,,,,,,,,
,main,california_wildfires__921617294945525760__921617294945525760_0,misleading_text,,,,,,,,,
,main,california_wildfires__921617294945525760__921617294945525760_0,misleading_joint,,,,,,,,,
,main,california_wildfires__921767804860235776__921767804860235776_0,clean,,,,,,,,,
,main,california_wildfires__921767804860235776__921767804860235776_0,benign_image,,,,,,,,,
,main,california_wildfires__921767804860235776__921767804860235776_0,benign_text,,,,,,,,,
,main,california_wildfires__921767804860235776__921767804860235776_0,benign_joint,,,,,,,,,
,main,california_wildfires__921767804860235776__921767804860235776_0,direct_image,,,,,,,,,
,main,california_wildfires__921767804860235776__921767804860235776_0,direct_text,,,,,,,,,
,main,california_wildfires__921767804860235776__921767804860235776_0,direct_joint,,,,,,,,,
,main,california_wildfires__921767804860235776__921767804860235776_0,misleading_image,,,,,,,,,
,main,california_wildfires__921767804860235776__921767804860235776_0,misleading_text,,,,,,,,,
,main,california_wildfires__921767804860235776__921767804860235776_0,misleading_joint,,,,,,,,,
,main,california_wildfires__921975972085280769__921975972085280769_0,clean,,,,,,,,,
,main,california_wildfires__921975972085280769__921975972085280769_0,benign_image,,,,,,,,,
,main,california_wildfires__921975972085280769__921975972085280769_0,benign_text,,,,,,,,,
,main,california_wildfires__921975972085280769__921975972085280769_0,benign_joint,,,,,,,,,
,main,california_wildfires__921975972085280769__921975972085280769_0,direct_image,,,,,,,,,
,main,california_wildfires__921975972085280769__921975972085280769_0,direct_text,,,,,,,,,
,main,california_wildfires__921975972085280769__921975972085280769_0,direct_joint,,,,,,,,,
,main,california_wildfires__921975972085280769__921975972085280769_0,misleading_image,,,,,,,,,
,main,california_wildfires__921975972085280769__921975972085280769_0,misleading_text,,,,,,,,,
,main,california_wildfires__921975972085280769__921975972085280769_0,misleading_joint,,,,,,,,,
,main,california_wildfires__922018534863011840__922018534863011840_0,clean,,,,,,,,,
,main,california_wildfires__922018534863011840__922018534863011840_0,benign_image,,,,,,,,,
,main,california_wildfires__922018534863011840__922018534863011840_0,benign_text,,,,,,,,,
,main,california_wildfires__922018534863011840__922018534863011840_0,benign_joint,,,,,,,,,
,main,california_wildfires__922018534863011840__922018534863011840_0,direct_image,,,,,,,,,
,main,california_wildfires__922018534863011840__922018534863011840_0,direct_text,,,,,,,,,
,main,california_wildfires__922018534863011840__922018534863011840_0,direct_joint,,,,,,,,,
,main,california_wildfires__922018534863011840__922018534863011840_0,misleading_image,,,,,,,,,
,main,california_wildfires__922018534863011840__922018534863011840_0,misleading_text,,,,,,,,,
,main,california_wildfires__922018534863011840__922018534863011840_0,misleading_joint,,,,,,,,,
,main,california_wildfires__922161026912669698__922161026912669698_0,clean,,,,,,,,,
,main,california_wildfires__922161026912669698__922161026912669698_0,benign_image,,,,,,,,,
,main,california_wildfires__922161026912669698__922161026912669698_0,benign_text,,,,,,,,,
,main,california_wildfires__922161026912669698__922161026912669698_0,benign_joint,,,,,,,,,
,main,california_wildfires__922161026912669698__922161026912669698_0,direct_image,,,,,,,,,
,main,california_wildfires__922161026912669698__922161026912669698_0,direct_text,,,,,,,,,
,main,california_wildfires__922161026912669698__922161026912669698_0,direct_joint,,,,,,,,,
,main,california_wildfires__922161026912669698__922161026912669698_0,misleading_image,,,,,,,,,
,main,california_wildfires__922161026912669698__922161026912669698_0,misleading_text,,,,,,,,,
,main,california_wildfires__922161026912669698__922161026912669698_0,misleading_joint,,,,,,,,,
,main,california_wildfires__922825575181496320__922825575181496320_0,clean,,,,,,,,,
,main,california_wildfires__922825575181496320__922825575181496320_0,benign_image,,,,,,,,,
,main,california_wildfires__922825575181496320__922825575181496320_0,benign_text,,,,,,,,,
,main,california_wildfires__922825575181496320__922825575181496320_0,benign_joint,,,,,,,,,
,main,california_wildfires__922825575181496320__922825575181496320_0,direct_image,,,,,,,,,
,main,california_wildfires__922825575181496320__922825575181496320_0,direct_text,,,,,,,,,
,main,california_wildfires__922825575181496320__922825575181496320_0,direct_joint,,,,,,,,,
,main,california_wildfires__922825575181496320__922825575181496320_0,misleading_image,,,,,,,,,
,main,california_wildfires__922825575181496320__922825575181496320_0,misleading_text,,,,,,,,,
,main,california_wildfires__922825575181496320__922825575181496320_0,misleading_joint,,,,,,,,,
,main,california_wildfires__923407022183321600__923407022183321600_0,clean,,,,,,,,,
,main,california_wildfires__923407022183321600__923407022183321600_0,benign_image,,,,,,,,,
,main,california_wildfires__923407022183321600__923407022183321600_0,benign_text,,,,,,,,,
,main,california_wildfires__923407022183321600__923407022183321600_0,benign_joint,,,,,,,,,
,main,california_wildfires__923407022183321600__923407022183321600_0,direct_image,,,,,,,,,
,main,california_wildfires__923407022183321600__923407022183321600_0,direct_text,,,,,,,,,
,main,california_wildfires__923407022183321600__923407022183321600_0,direct_joint,,,,,,,,,
,main,california_wildfires__923407022183321600__923407022183321600_0,misleading_image,,,,,,,,,
,main,california_wildfires__923407022183321600__923407022183321600_0,misleading_text,,,,,,,,,
,main,california_wildfires__923407022183321600__923407022183321600_0,misleading_joint,,,,,,,,,
,main,california_wildfires__923413762018824192__923413762018824192_0,clean,,,,,,,,,
,main,california_wildfires__923413762018824192__923413762018824192_0,benign_image,,,,,,,,,
,main,california_wildfires__923413762018824192__923413762018824192_0,benign_text,,,,,,,,,
,main,california_wildfires__923413762018824192__923413762018824192_0,benign_joint,,,,,,,,,
,main,california_wildfires__923413762018824192__923413762018824192_0,direct_image,,,,,,,,,
,main,california_wildfires__923413762018824192__923413762018824192_0,direct_text,,,,,,,,,
,main,california_wildfires__923413762018824192__923413762018824192_0,direct_joint,,,,,,,,,
,main,california_wildfires__923413762018824192__923413762018824192_0,misleading_image,,,,,,,,,
,main,california_wildfires__923413762018824192__923413762018824192_0,misleading_text,,,,,,,,,
,main,california_wildfires__923413762018824192__923413762018824192_0,misleading_joint,,,,,,,,,
,main,hurricane_harvey__901646234880024576__901646234880024576_0,clean,,,,,,,,,
,main,hurricane_harvey__901646234880024576__901646234880024576_0,benign_image,,,,,,,,,
,main,hurricane_harvey__901646234880024576__901646234880024576_0,benign_text,,,,,,,,,
,main,hurricane_harvey__901646234880024576__901646234880024576_0,benign_joint,,,,,,,,,
,main,hurricane_harvey__901646234880024576__901646234880024576_0,direct_image,,,,,,,,,
,main,hurricane_harvey__901646234880024576__901646234880024576_0,direct_text,,,,,,,,,
,main,hurricane_harvey__901646234880024576__901646234880024576_0,direct_joint,,,,,,,,,
,main,hurricane_harvey__901646234880024576__901646234880024576_0,misleading_image,,,,,,,,,
,main,hurricane_harvey__901646234880024576__901646234880024576_0,misleading_text,,,,,,,,,
,main,hurricane_harvey__901646234880024576__901646234880024576_0,misleading_joint,,,,,,,,,
,main,hurricane_harvey__901646559384829953__901646559384829953_0,clean,,,,,,,,,
,main,hurricane_harvey__901646559384829953__901646559384829953_0,benign_image,,,,,,,,,
,main,hurricane_harvey__901646559384829953__901646559384829953_0,benign_text,,,,,,,,,
,main,hurricane_harvey__901646559384829953__901646559384829953_0,benign_joint,,,,,,,,,
,main,hurricane_harvey__901646559384829953__901646559384829953_0,direct_image,,,,,,,,,
,main,hurricane_harvey__901646559384829953__901646559384829953_0,direct_text,,,,,,,,,
,main,hurricane_harvey__901646559384829953__901646559384829953_0,direct_joint,,,,,,,,,
,main,hurricane_harvey__901646559384829953__901646559384829953_0,misleading_image,,,,,,,,,
,main,hurricane_harvey__901646559384829953__901646559384829953_0,misleading_text,,,,,,,,,
,main,hurricane_harvey__901646559384829953__901646559384829953_0,misleading_joint,,,,,,,,,
,main,hurricane_harvey__901650362410688513__901650362410688513_0,clean,,,,,,,,,
,main,hurricane_harvey__901650362410688513__901650362410688513_0,benign_image,,,,,,,,,
,main,hurricane_harvey__901650362410688513__901650362410688513_0,benign_text,,,,,,,,,
,main,hurricane_harvey__901650362410688513__901650362410688513_0,benign_joint,,,,,,,,,
,main,hurricane_harvey__901650362410688513__901650362410688513_0,direct_image,,,,,,,,,
,main,hurricane_harvey__901650362410688513__901650362410688513_0,direct_text,,,,,,,,,
,main,hurricane_harvey__901650362410688513__901650362410688513_0,direct_joint,,,,,,,,,
,main,hurricane_harvey__901650362410688513__901650362410688513_0,misleading_image,,,,,,,,,
,main,hurricane_harvey__901650362410688513__901650362410688513_0,misleading_text,,,,,,,,,
,main,hurricane_harvey__901650362410688513__901650362410688513_0,misleading_joint,,,,,,,,,
,main,hurricane_harvey__901650454832185344__901650454832185344_0,clean,,,,,,,,,
,main,hurricane_harvey__901650454832185344__901650454832185344_0,benign_image,,,,,,,,,
,main,hurricane_harvey__901650454832185344__901650454832185344_0,benign_text,,,,,,,,,
,main,hurricane_harvey__901650454832185344__901650454832185344_0,benign_joint,,,,,,,,,
,main,hurricane_harvey__901650454832185344__901650454832185344_0,direct_image,,,,,,,,,
,main,hurricane_harvey__901650454832185344__901650454832185344_0,direct_text,,,,,,,,,
,main,hurricane_harvey__901650454832185344__901650454832185344_0,direct_joint,,,,,,,,,
,main,hurricane_harvey__901650454832185344__901650454832185344_0,misleading_image,,,,,,,,,
,main,hurricane_harvey__901650454832185344__901650454832185344_0,misleading_text,,,,,,,,,
,main,hurricane_harvey__901650454832185344__901650454832185344_0,misleading_joint,,,,,,,,,
,main,hurricane_harvey__901650574785093632__901650574785093632_0,clean,,,,,,,,,
,main,hurricane_harvey__901650574785093632__901650574785093632_0,benign_image,,,,,,,,,
,main,hurricane_harvey__901650574785093632__901650574785093632_0,benign_text,,,,,,,,,
,main,hurricane_harvey__901650574785093632__901650574785093632_0,benign_joint,,,,,,,,,
,main,hurricane_harvey__901650574785093632__901650574785093632_0,direct_image,,,,,,,,,
,main,hurricane_harvey__901650574785093632__901650574785093632_0,direct_text,,,,,,,,,
,main,hurricane_harvey__901650574785093632__901650574785093632_0,direct_joint,,,,,,,,,
,main,hurricane_harvey__901650574785093632__901650574785093632_0,misleading_image,,,,,,,,,
,main,hurricane_harvey__901650574785093632__901650574785093632_0,misleading_text,,,,,,,,,
,main,hurricane_harvey__901650574785093632__901650574785093632_0,misleading_joint,,,,,,,,,
,main,hurricane_harvey__901650824530669568__901650824530669568_1,clean,,,,,,,,,
,main,hurricane_harvey__901650824530669568__901650824530669568_1,benign_image,,,,,,,,,
,main,hurricane_harvey__901650824530669568__901650824530669568_1,benign_text,,,,,,,,,
,main,hurricane_harvey__901650824530669568__901650824530669568_1,benign_joint,,,,,,,,,
,main,hurricane_harvey__901650824530669568__901650824530669568_1,direct_image,,,,,,,,,
,main,hurricane_harvey__901650824530669568__901650824530669568_1,direct_text,,,,,,,,,
,main,hurricane_harvey__901650824530669568__901650824530669568_1,direct_joint,,,,,,,,,
,main,hurricane_harvey__901650824530669568__901650824530669568_1,misleading_image,,,,,,,,,
,main,hurricane_harvey__901650824530669568__901650824530669568_1,misleading_text,,,,,,,,,
,main,hurricane_harvey__901650824530669568__901650824530669568_1,misleading_joint,,,,,,,,,
,main,hurricane_harvey__901659390268329988__901659390268329988_0,clean,,,,,,,,,
,main,hurricane_harvey__901659390268329988__901659390268329988_0,benign_image,,,,,,,,,
,main,hurricane_harvey__901659390268329988__901659390268329988_0,benign_text,,,,,,,,,
,main,hurricane_harvey__901659390268329988__901659390268329988_0,benign_joint,,,,,,,,,
,main,hurricane_harvey__901659390268329988__901659390268329988_0,direct_image,,,,,,,,,
,main,hurricane_harvey__901659390268329988__901659390268329988_0,direct_text,,,,,,,,,
,main,hurricane_harvey__901659390268329988__901659390268329988_0,direct_joint,,,,,,,,,
,main,hurricane_harvey__901659390268329988__901659390268329988_0,misleading_image,,,,,,,,,
,main,hurricane_harvey__901659390268329988__901659390268329988_0,misleading_text,,,,,,,,,
,main,hurricane_harvey__901659390268329988__901659390268329988_0,misleading_joint,,,,,,,,,
,main,hurricane_harvey__901688029521334272__901688029521334272_3,clean,,,,,,,,,
,main,hurricane_harvey__901688029521334272__901688029521334272_3,benign_image,,,,,,,,,
,main,hurricane_harvey__901688029521334272__901688029521334272_3,benign_text,,,,,,,,,
,main,hurricane_harvey__901688029521334272__901688029521334272_3,benign_joint,,,,,,,,,
,main,hurricane_harvey__901688029521334272__901688029521334272_3,direct_image,,,,,,,,,
,main,hurricane_harvey__901688029521334272__901688029521334272_3,direct_text,,,,,,,,,
,main,hurricane_harvey__901688029521334272__901688029521334272_3,direct_joint,,,,,,,,,
,main,hurricane_harvey__901688029521334272__901688029521334272_3,misleading_image,,,,,,,,,
,main,hurricane_harvey__901688029521334272__901688029521334272_3,misleading_text,,,,,,,,,
,main,hurricane_harvey__901688029521334272__901688029521334272_3,misleading_joint,,,,,,,,,
,main,hurricane_harvey__901697659613966336__901697659613966336_0,clean,,,,,,,,,
,main,hurricane_harvey__901697659613966336__901697659613966336_0,benign_image,,,,,,,,,
,main,hurricane_harvey__901697659613966336__901697659613966336_0,benign_text,,,,,,,,,
,main,hurricane_harvey__901697659613966336__901697659613966336_0,benign_joint,,,,,,,,,
,main,hurricane_harvey__901697659613966336__901697659613966336_0,direct_image,,,,,,,,,
,main,hurricane_harvey__901697659613966336__901697659613966336_0,direct_text,,,,,,,,,
,main,hurricane_harvey__901697659613966336__901697659613966336_0,direct_joint,,,,,,,,,
,main,hurricane_harvey__901697659613966336__901697659613966336_0,misleading_image,,,,,,,,,
,main,hurricane_harvey__901697659613966336__901697659613966336_0,misleading_text,,,,,,,,,
,main,hurricane_harvey__901697659613966336__901697659613966336_0,misleading_joint,,,,,,,,,
,main,hurricane_harvey__901701789279547392__901701789279547392_1,clean,,,,,,,,,
,main,hurricane_harvey__901701789279547392__901701789279547392_1,benign_image,,,,,,,,,
,main,hurricane_harvey__901701789279547392__901701789279547392_1,benign_text,,,,,,,,,
,main,hurricane_harvey__901701789279547392__901701789279547392_1,benign_joint,,,,,,,,,
,main,hurricane_harvey__901701789279547392__901701789279547392_1,direct_image,,,,,,,,,
,main,hurricane_harvey__901701789279547392__901701789279547392_1,direct_text,,,,,,,,,
,main,hurricane_harvey__901701789279547392__901701789279547392_1,direct_joint,,,,,,,,,
,main,hurricane_harvey__901701789279547392__901701789279547392_1,misleading_image,,,,,,,,,
,main,hurricane_harvey__901701789279547392__901701789279547392_1,misleading_text,,,,,,,,,
,main,hurricane_harvey__901701789279547392__901701789279547392_1,misleading_joint,,,,,,,,,
,main,hurricane_harvey__901705136782716928__901705136782716928_1,clean,,,,,,,,,
,main,hurricane_harvey__901705136782716928__901705136782716928_1,benign_image,,,,,,,,,
,main,hurricane_harvey__901705136782716928__901705136782716928_1,benign_text,,,,,,,,,
,main,hurricane_harvey__901705136782716928__901705136782716928_1,benign_joint,,,,,,,,,
,main,hurricane_harvey__901705136782716928__901705136782716928_1,direct_image,,,,,,,,,
,main,hurricane_harvey__901705136782716928__901705136782716928_1,direct_text,,,,,,,,,
,main,hurricane_harvey__901705136782716928__901705136782716928_1,direct_joint,,,,,,,,,
,main,hurricane_harvey__901705136782716928__901705136782716928_1,misleading_image,,,,,,,,,
,main,hurricane_harvey__901705136782716928__901705136782716928_1,misleading_text,,,,,,,,,
,main,hurricane_harvey__901705136782716928__901705136782716928_1,misleading_joint,,,,,,,,,
,main,hurricane_harvey__901705240419938305__901705240419938305_0,clean,,,,,,,,,
,main,hurricane_harvey__901705240419938305__901705240419938305_0,benign_image,,,,,,,,,
,main,hurricane_harvey__901705240419938305__901705240419938305_0,benign_text,,,,,,,,,
,main,hurricane_harvey__901705240419938305__901705240419938305_0,benign_joint,,,,,,,,,
,main,hurricane_harvey__901705240419938305__901705240419938305_0,direct_image,,,,,,,,,
,main,hurricane_harvey__901705240419938305__901705240419938305_0,direct_text,,,,,,,,,
,main,hurricane_harvey__901705240419938305__901705240419938305_0,direct_joint,,,,,,,,,
,main,hurricane_harvey__901705240419938305__901705240419938305_0,misleading_image,,,,,,,,,
,main,hurricane_harvey__901705240419938305__901705240419938305_0,misleading_text,,,,,,,,,
,main,hurricane_harvey__901705240419938305__901705240419938305_0,misleading_joint,,,,,,,,,
,main,hurricane_harvey__901714497332809728__901714497332809728_0,clean,,,,,,,,,
,main,hurricane_harvey__901714497332809728__901714497332809728_0,benign_image,,,,,,,,,
,main,hurricane_harvey__901714497332809728__901714497332809728_0,benign_text,,,,,,,,,
,main,hurricane_harvey__901714497332809728__901714497332809728_0,benign_joint,,,,,,,,,
,main,hurricane_harvey__901714497332809728__901714497332809728_0,direct_image,,,,,,,,,
,main,hurricane_harvey__901714497332809728__901714497332809728_0,direct_text,,,,,,,,,
,main,hurricane_harvey__901714497332809728__901714497332809728_0,direct_joint,,,,,,,,,
,main,hurricane_harvey__901714497332809728__901714497332809728_0,misleading_image,,,,,,,,,
,main,hurricane_harvey__901714497332809728__901714497332809728_0,misleading_text,,,,,,,,,
,main,hurricane_harvey__901714497332809728__901714497332809728_0,misleading_joint,,,,,,,,,
,main,hurricane_harvey__901721172961890304__901721172961890304_0,clean,,,,,,,,,
,main,hurricane_harvey__901721172961890304__901721172961890304_0,benign_image,,,,,,,,,
,main,hurricane_harvey__901721172961890304__901721172961890304_0,benign_text,,,,,,,,,
,main,hurricane_harvey__901721172961890304__901721172961890304_0,benign_joint,,,,,,,,,
,main,hurricane_harvey__901721172961890304__901721172961890304_0,direct_image,,,,,,,,,
,main,hurricane_harvey__901721172961890304__901721172961890304_0,direct_text,,,,,,,,,
,main,hurricane_harvey__901721172961890304__901721172961890304_0,direct_joint,,,,,,,,,
,main,hurricane_harvey__901721172961890304__901721172961890304_0,misleading_image,,,,,,,,,
,main,hurricane_harvey__901721172961890304__901721172961890304_0,misleading_text,,,,,,,,,
,main,hurricane_harvey__901721172961890304__901721172961890304_0,misleading_joint,,,,,,,,,
,main,hurricane_harvey__901722704767627269__901722704767627269_0,clean,,,,,,,,,
,main,hurricane_harvey__901722704767627269__901722704767627269_0,benign_image,,,,,,,,,
,main,hurricane_harvey__901722704767627269__901722704767627269_0,benign_text,,,,,,,,,
,main,hurricane_harvey__901722704767627269__901722704767627269_0,benign_joint,,,,,,,,,
,main,hurricane_harvey__901722704767627269__901722704767627269_0,direct_image,,,,,,,,,
,main,hurricane_harvey__901722704767627269__901722704767627269_0,direct_text,,,,,,,,,
,main,hurricane_harvey__901722704767627269__901722704767627269_0,direct_joint,,,,,,,,,
,main,hurricane_harvey__901722704767627269__901722704767627269_0,misleading_image,,,,,,,,,
,main,hurricane_harvey__901722704767627269__901722704767627269_0,misleading_text,,,,,,,,,
,main,hurricane_harvey__901722704767627269__901722704767627269_0,misleading_joint,,,,,,,,,
,main,hurricane_harvey__901726788736471040__901726788736471040_0,clean,,,,,,,,,
,main,hurricane_harvey__901726788736471040__901726788736471040_0,benign_image,,,,,,,,,
,main,hurricane_harvey__901726788736471040__901726788736471040_0,benign_text,,,,,,,,,
,main,hurricane_harvey__901726788736471040__901726788736471040_0,benign_joint,,,,,,,,,
,main,hurricane_harvey__901726788736471040__901726788736471040_0,direct_image,,,,,,,,,
,main,hurricane_harvey__901726788736471040__901726788736471040_0,direct_text,,,,,,,,,
,main,hurricane_harvey__901726788736471040__901726788736471040_0,direct_joint,,,,,,,,,
,main,hurricane_harvey__901726788736471040__901726788736471040_0,misleading_image,,,,,,,,,
,main,hurricane_harvey__901726788736471040__901726788736471040_0,misleading_text,,,,,,,,,
,main,hurricane_harvey__901726788736471040__901726788736471040_0,misleading_joint,,,,,,,,,
,main,hurricane_harvey__901731017358139392__901731017358139392_0,clean,,,,,,,,,
,main,hurricane_harvey__901731017358139392__901731017358139392_0,benign_image,,,,,,,,,
,main,hurricane_harvey__901731017358139392__901731017358139392_0,benign_text,,,,,,,,,
,main,hurricane_harvey__901731017358139392__901731017358139392_0,benign_joint,,,,,,,,,
,main,hurricane_harvey__901731017358139392__901731017358139392_0,direct_image,,,,,,,,,
,main,hurricane_harvey__901731017358139392__901731017358139392_0,direct_text,,,,,,,,,
,main,hurricane_harvey__901731017358139392__901731017358139392_0,direct_joint,,,,,,,,,
,main,hurricane_harvey__901731017358139392__901731017358139392_0,misleading_image,,,,,,,,,
,main,hurricane_harvey__901731017358139392__901731017358139392_0,misleading_text,,,,,,,,,
,main,hurricane_harvey__901731017358139392__901731017358139392_0,misleading_joint,,,,,,,,,
,main,hurricane_harvey__901741728520130560__901741728520130560_0,clean,,,,,,,,,
,main,hurricane_harvey__901741728520130560__901741728520130560_0,benign_image,,,,,,,,,
,main,hurricane_harvey__901741728520130560__901741728520130560_0,benign_text,,,,,,,,,
,main,hurricane_harvey__901741728520130560__901741728520130560_0,benign_joint,,,,,,,,,
,main,hurricane_harvey__901741728520130560__901741728520130560_0,direct_image,,,,,,,,,
,main,hurricane_harvey__901741728520130560__901741728520130560_0,direct_text,,,,,,,,,
,main,hurricane_harvey__901741728520130560__901741728520130560_0,direct_joint,,,,,,,,,
,main,hurricane_harvey__901741728520130560__901741728520130560_0,misleading_image,,,,,,,,,
,main,hurricane_harvey__901741728520130560__901741728520130560_0,misleading_text,,,,,,,,,
,main,hurricane_harvey__901741728520130560__901741728520130560_0,misleading_joint,,,,,,,,,
,main,hurricane_harvey__901754891487600640__901754891487600640_0,clean,,,,,,,,,
,main,hurricane_harvey__901754891487600640__901754891487600640_0,benign_image,,,,,,,,,
,main,hurricane_harvey__901754891487600640__901754891487600640_0,benign_text,,,,,,,,,
,main,hurricane_harvey__901754891487600640__901754891487600640_0,benign_joint,,,,,,,,,
,main,hurricane_harvey__901754891487600640__901754891487600640_0,direct_image,,,,,,,,,
,main,hurricane_harvey__901754891487600640__901754891487600640_0,direct_text,,,,,,,,,
,main,hurricane_harvey__901754891487600640__901754891487600640_0,direct_joint,,,,,,,,,
,main,hurricane_harvey__901754891487600640__901754891487600640_0,misleading_image,,,,,,,,,
,main,hurricane_harvey__901754891487600640__901754891487600640_0,misleading_text,,,,,,,,,
,main,hurricane_harvey__901754891487600640__901754891487600640_0,misleading_joint,,,,,,,,,
,main,hurricane_harvey__901762681975304193__901762681975304193_0,clean,,,,,,,,,
,main,hurricane_harvey__901762681975304193__901762681975304193_0,benign_image,,,,,,,,,
,main,hurricane_harvey__901762681975304193__901762681975304193_0,benign_text,,,,,,,,,
,main,hurricane_harvey__901762681975304193__901762681975304193_0,benign_joint,,,,,,,,,
,main,hurricane_harvey__901762681975304193__901762681975304193_0,direct_image,,,,,,,,,
,main,hurricane_harvey__901762681975304193__901762681975304193_0,direct_text,,,,,,,,,
,main,hurricane_harvey__901762681975304193__901762681975304193_0,direct_joint,,,,,,,,,
,main,hurricane_harvey__901762681975304193__901762681975304193_0,misleading_image,,,,,,,,,
,main,hurricane_harvey__901762681975304193__901762681975304193_0,misleading_text,,,,,,,,,
,main,hurricane_harvey__901762681975304193__901762681975304193_0,misleading_joint,,,,,,,,,
,main,hurricane_harvey__901776320232701953__901776320232701953_0,clean,,,,,,,,,
,main,hurricane_harvey__901776320232701953__901776320232701953_0,benign_image,,,,,,,,,
,main,hurricane_harvey__901776320232701953__901776320232701953_0,benign_text,,,,,,,,,
,main,hurricane_harvey__901776320232701953__901776320232701953_0,benign_joint,,,,,,,,,
,main,hurricane_harvey__901776320232701953__901776320232701953_0,direct_image,,,,,,,,,
,main,hurricane_harvey__901776320232701953__901776320232701953_0,direct_text,,,,,,,,,
,main,hurricane_harvey__901776320232701953__901776320232701953_0,direct_joint,,,,,,,,,
,main,hurricane_harvey__901776320232701953__901776320232701953_0,misleading_image,,,,,,,,,
,main,hurricane_harvey__901776320232701953__901776320232701953_0,misleading_text,,,,,,,,,
,main,hurricane_harvey__901776320232701953__901776320232701953_0,misleading_joint,,,,,,,,,
,main,hurricane_harvey__901783778602962944__901783778602962944_0,clean,,,,,,,,,
,main,hurricane_harvey__901783778602962944__901783778602962944_0,benign_image,,,,,,,,,
,main,hurricane_harvey__901783778602962944__901783778602962944_0,benign_text,,,,,,,,,
,main,hurricane_harvey__901783778602962944__901783778602962944_0,benign_joint,,,,,,,,,
,main,hurricane_harvey__901783778602962944__901783778602962944_0,direct_image,,,,,,,,,
,main,hurricane_harvey__901783778602962944__901783778602962944_0,direct_text,,,,,,,,,
,main,hurricane_harvey__901783778602962944__901783778602962944_0,direct_joint,,,,,,,,,
,main,hurricane_harvey__901783778602962944__901783778602962944_0,misleading_image,,,,,,,,,
,main,hurricane_harvey__901783778602962944__901783778602962944_0,misleading_text,,,,,,,,,
,main,hurricane_harvey__901783778602962944__901783778602962944_0,misleading_joint,,,,,,,,,
,main,hurricane_harvey__901787699648004097__901787699648004097_1,clean,,,,,,,,,
,main,hurricane_harvey__901787699648004097__901787699648004097_1,benign_image,,,,,,,,,
,main,hurricane_harvey__901787699648004097__901787699648004097_1,benign_text,,,,,,,,,
,main,hurricane_harvey__901787699648004097__901787699648004097_1,benign_joint,,,,,,,,,
,main,hurricane_harvey__901787699648004097__901787699648004097_1,direct_image,,,,,,,,,
,main,hurricane_harvey__901787699648004097__901787699648004097_1,direct_text,,,,,,,,,
,main,hurricane_harvey__901787699648004097__901787699648004097_1,direct_joint,,,,,,,,,
,main,hurricane_harvey__901787699648004097__901787699648004097_1,misleading_image,,,,,,,,,
,main,hurricane_harvey__901787699648004097__901787699648004097_1,misleading_text,,,,,,,,,
,main,hurricane_harvey__901787699648004097__901787699648004097_1,misleading_joint,,,,,,,,,
,main,hurricane_harvey__901787869521555456__901787869521555456_1,clean,,,,,,,,,
,main,hurricane_harvey__901787869521555456__901787869521555456_1,benign_image,,,,,,,,,
,main,hurricane_harvey__901787869521555456__901787869521555456_1,benign_text,,,,,,,,,
,main,hurricane_harvey__901787869521555456__901787869521555456_1,benign_joint,,,,,,,,,
,main,hurricane_harvey__901787869521555456__901787869521555456_1,direct_image,,,,,,,,,
,main,hurricane_harvey__901787869521555456__901787869521555456_1,direct_text,,,,,,,,,
,main,hurricane_harvey__901787869521555456__901787869521555456_1,direct_joint,,,,,,,,,
,main,hurricane_harvey__901787869521555456__901787869521555456_1,misleading_image,,,,,,,,,
,main,hurricane_harvey__901787869521555456__901787869521555456_1,misleading_text,,,,,,,,,
,main,hurricane_harvey__901787869521555456__901787869521555456_1,misleading_joint,,,,,,,,,
,main,hurricane_harvey__901805448944390145__901805448944390145_0,clean,,,,,,,,,
,main,hurricane_harvey__901805448944390145__901805448944390145_0,benign_image,,,,,,,,,
,main,hurricane_harvey__901805448944390145__901805448944390145_0,benign_text,,,,,,,,,
,main,hurricane_harvey__901805448944390145__901805448944390145_0,benign_joint,,,,,,,,,
,main,hurricane_harvey__901805448944390145__901805448944390145_0,direct_image,,,,,,,,,
,main,hurricane_harvey__901805448944390145__901805448944390145_0,direct_text,,,,,,,,,
,main,hurricane_harvey__901805448944390145__901805448944390145_0,direct_joint,,,,,,,,,
,main,hurricane_harvey__901805448944390145__901805448944390145_0,misleading_image,,,,,,,,,
,main,hurricane_harvey__901805448944390145__901805448944390145_0,misleading_text,,,,,,,,,
,main,hurricane_harvey__901805448944390145__901805448944390145_0,misleading_joint,,,,,,,,,
,main,hurricane_harvey__901813742933073921__901813742933073921_0,clean,,,,,,,,,
,main,hurricane_harvey__901813742933073921__901813742933073921_0,benign_image,,,,,,,,,
,main,hurricane_harvey__901813742933073921__901813742933073921_0,benign_text,,,,,,,,,
,main,hurricane_harvey__901813742933073921__901813742933073921_0,benign_joint,,,,,,,,,
,main,hurricane_harvey__901813742933073921__901813742933073921_0,direct_image,,,,,,,,,
,main,hurricane_harvey__901813742933073921__901813742933073921_0,direct_text,,,,,,,,,
,main,hurricane_harvey__901813742933073921__901813742933073921_0,direct_joint,,,,,,,,,
,main,hurricane_harvey__901813742933073921__901813742933073921_0,misleading_image,,,,,,,,,
,main,hurricane_harvey__901813742933073921__901813742933073921_0,misleading_text,,,,,,,,,
,main,hurricane_harvey__901813742933073921__901813742933073921_0,misleading_joint,,,,,,,,,
,main,hurricane_harvey__901817961610174464__901817961610174464_2,clean,,,,,,,,,
,main,hurricane_harvey__901817961610174464__901817961610174464_2,benign_image,,,,,,,,,
,main,hurricane_harvey__901817961610174464__901817961610174464_2,benign_text,,,,,,,,,
,main,hurricane_harvey__901817961610174464__901817961610174464_2,benign_joint,,,,,,,,,
,main,hurricane_harvey__901817961610174464__901817961610174464_2,direct_image,,,,,,,,,
,main,hurricane_harvey__901817961610174464__901817961610174464_2,direct_text,,,,,,,,,
,main,hurricane_harvey__901817961610174464__901817961610174464_2,direct_joint,,,,,,,,,
,main,hurricane_harvey__901817961610174464__901817961610174464_2,misleading_image,,,,,,,,,
,main,hurricane_harvey__901817961610174464__901817961610174464_2,misleading_text,,,,,,,,,
,main,hurricane_harvey__901817961610174464__901817961610174464_2,misleading_joint,,,,,,,,,
,main,hurricane_harvey__901826639310540801__901826639310540801_0,clean,,,,,,,,,
,main,hurricane_harvey__901826639310540801__901826639310540801_0,benign_image,,,,,,,,,
,main,hurricane_harvey__901826639310540801__901826639310540801_0,benign_text,,,,,,,,,
,main,hurricane_harvey__901826639310540801__901826639310540801_0,benign_joint,,,,,,,,,
,main,hurricane_harvey__901826639310540801__901826639310540801_0,direct_image,,,,,,,,,
,main,hurricane_harvey__901826639310540801__901826639310540801_0,direct_text,,,,,,,,,
,main,hurricane_harvey__901826639310540801__901826639310540801_0,direct_joint,,,,,,,,,
,main,hurricane_harvey__901826639310540801__901826639310540801_0,misleading_image,,,,,,,,,
,main,hurricane_harvey__901826639310540801__901826639310540801_0,misleading_text,,,,,,,,,
,main,hurricane_harvey__901826639310540801__901826639310540801_0,misleading_joint,,,,,,,,,
,main,hurricane_harvey__901835409440768000__901835409440768000_0,clean,,,,,,,,,
,main,hurricane_harvey__901835409440768000__901835409440768000_0,benign_image,,,,,,,,,
,main,hurricane_harvey__901835409440768000__901835409440768000_0,benign_text,,,,,,,,,
,main,hurricane_harvey__901835409440768000__901835409440768000_0,benign_joint,,,,,,,,,
,main,hurricane_harvey__901835409440768000__901835409440768000_0,direct_image,,,,,,,,,
,main,hurricane_harvey__901835409440768000__901835409440768000_0,direct_text,,,,,,,,,
,main,hurricane_harvey__901835409440768000__901835409440768000_0,direct_joint,,,,,,,,,
,main,hurricane_harvey__901835409440768000__901835409440768000_0,misleading_image,,,,,,,,,
,main,hurricane_harvey__901835409440768000__901835409440768000_0,misleading_text,,,,,,,,,
,main,hurricane_harvey__901835409440768000__901835409440768000_0,misleading_joint,,,,,,,,,
,main,hurricane_harvey__904221258371407872__904221258371407872_0,clean,,,,,,,,,
,main,hurricane_harvey__904221258371407872__904221258371407872_0,benign_image,,,,,,,,,
,main,hurricane_harvey__904221258371407872__904221258371407872_0,benign_text,,,,,,,,,
,main,hurricane_harvey__904221258371407872__904221258371407872_0,benign_joint,,,,,,,,,
,main,hurricane_harvey__904221258371407872__904221258371407872_0,direct_image,,,,,,,,,
,main,hurricane_harvey__904221258371407872__904221258371407872_0,direct_text,,,,,,,,,
,main,hurricane_harvey__904221258371407872__904221258371407872_0,direct_joint,,,,,,,,,
,main,hurricane_harvey__904221258371407872__904221258371407872_0,misleading_image,,,,,,,,,
,main,hurricane_harvey__904221258371407872__904221258371407872_0,misleading_text,,,,,,,,,
,main,hurricane_harvey__904221258371407872__904221258371407872_0,misleading_joint,,,,,,,,,
,main,hurricane_harvey__904271772840841218__904271772840841218_0,clean,,,,,,,,,
,main,hurricane_harvey__904271772840841218__904271772840841218_0,benign_image,,,,,,,,,
,main,hurricane_harvey__904271772840841218__904271772840841218_0,benign_text,,,,,,,,,
,main,hurricane_harvey__904271772840841218__904271772840841218_0,benign_joint,,,,,,,,,
,main,hurricane_harvey__904271772840841218__904271772840841218_0,direct_image,,,,,,,,,
,main,hurricane_harvey__904271772840841218__904271772840841218_0,direct_text,,,,,,,,,
,main,hurricane_harvey__904271772840841218__904271772840841218_0,direct_joint,,,,,,,,,
,main,hurricane_harvey__904271772840841218__904271772840841218_0,misleading_image,,,,,,,,,
,main,hurricane_harvey__904271772840841218__904271772840841218_0,misleading_text,,,,,,,,,
,main,hurricane_harvey__904271772840841218__904271772840841218_0,misleading_joint,,,,,,,,,
,main,hurricane_harvey__904281502539628544__904281502539628544_0,clean,,,,,,,,,
,main,hurricane_harvey__904281502539628544__904281502539628544_0,benign_image,,,,,,,,,
,main,hurricane_harvey__904281502539628544__904281502539628544_0,benign_text,,,,,,,,,
,main,hurricane_harvey__904281502539628544__904281502539628544_0,benign_joint,,,,,,,,,
,main,hurricane_harvey__904281502539628544__904281502539628544_0,direct_image,,,,,,,,,
,main,hurricane_harvey__904281502539628544__904281502539628544_0,direct_text,,,,,,,,,
,main,hurricane_harvey__904281502539628544__904281502539628544_0,direct_joint,,,,,,,,,
,main,hurricane_harvey__904281502539628544__904281502539628544_0,misleading_image,,,,,,,,,
,main,hurricane_harvey__904281502539628544__904281502539628544_0,misleading_text,,,,,,,,,
,main,hurricane_harvey__904281502539628544__904281502539628544_0,misleading_joint,,,,,,,,,
,main,hurricane_harvey__904289771421237248__904289771421237248_0,clean,,,,,,,,,
,main,hurricane_harvey__904289771421237248__904289771421237248_0,benign_image,,,,,,,,,
,main,hurricane_harvey__904289771421237248__904289771421237248_0,benign_text,,,,,,,,,
,main,hurricane_harvey__904289771421237248__904289771421237248_0,benign_joint,,,,,,,,,
,main,hurricane_harvey__904289771421237248__904289771421237248_0,direct_image,,,,,,,,,
,main,hurricane_harvey__904289771421237248__904289771421237248_0,direct_text,,,,,,,,,
,main,hurricane_harvey__904289771421237248__904289771421237248_0,direct_joint,,,,,,,,,
,main,hurricane_harvey__904289771421237248__904289771421237248_0,misleading_image,,,,,,,,,
,main,hurricane_harvey__904289771421237248__904289771421237248_0,misleading_text,,,,,,,,,
,main,hurricane_harvey__904289771421237248__904289771421237248_0,misleading_joint,,,,,,,,,
,main,hurricane_harvey__904291469409878016__904291469409878016_0,clean,,,,,,,,,
,main,hurricane_harvey__904291469409878016__904291469409878016_0,benign_image,,,,,,,,,
,main,hurricane_harvey__904291469409878016__904291469409878016_0,benign_text,,,,,,,,,
,main,hurricane_harvey__904291469409878016__904291469409878016_0,benign_joint,,,,,,,,,
,main,hurricane_harvey__904291469409878016__904291469409878016_0,direct_image,,,,,,,,,
,main,hurricane_harvey__904291469409878016__904291469409878016_0,direct_text,,,,,,,,,
,main,hurricane_harvey__904291469409878016__904291469409878016_0,direct_joint,,,,,,,,,
,main,hurricane_harvey__904291469409878016__904291469409878016_0,misleading_image,,,,,,,,,
,main,hurricane_harvey__904291469409878016__904291469409878016_0,misleading_text,,,,,,,,,
,main,hurricane_harvey__904291469409878016__904291469409878016_0,misleading_joint,,,,,,,,,
,main,hurricane_harvey__904302986826014720__904302986826014720_0,clean,,,,,,,,,
,main,hurricane_harvey__904302986826014720__904302986826014720_0,benign_image,,,,,,,,,
,main,hurricane_harvey__904302986826014720__904302986826014720_0,benign_text,,,,,,,,,
,main,hurricane_harvey__904302986826014720__904302986826014720_0,benign_joint,,,,,,,,,
,main,hurricane_harvey__904302986826014720__904302986826014720_0,direct_image,,,,,,,,,
,main,hurricane_harvey__904302986826014720__904302986826014720_0,direct_text,,,,,,,,,
,main,hurricane_harvey__904302986826014720__904302986826014720_0,direct_joint,,,,,,,,,
,main,hurricane_harvey__904302986826014720__904302986826014720_0,misleading_image,,,,,,,,,
,main,hurricane_harvey__904302986826014720__904302986826014720_0,misleading_text,,,,,,,,,
,main,hurricane_harvey__904302986826014720__904302986826014720_0,misleading_joint,,,,,,,,,
,main,hurricane_harvey__904324002176532481__904324002176532481_3,clean,,,,,,,,,
,main,hurricane_harvey__904324002176532481__904324002176532481_3,benign_image,,,,,,,,,
,main,hurricane_harvey__904324002176532481__904324002176532481_3,benign_text,,,,,,,,,
,main,hurricane_harvey__904324002176532481__904324002176532481_3,benign_joint,,,,,,,,,
,main,hurricane_harvey__904324002176532481__904324002176532481_3,direct_image,,,,,,,,,
,main,hurricane_harvey__904324002176532481__904324002176532481_3,direct_text,,,,,,,,,
,main,hurricane_harvey__904324002176532481__904324002176532481_3,direct_joint,,,,,,,,,
,main,hurricane_harvey__904324002176532481__904324002176532481_3,misleading_image,,,,,,,,,
,main,hurricane_harvey__904324002176532481__904324002176532481_3,misleading_text,,,,,,,,,
,main,hurricane_harvey__904324002176532481__904324002176532481_3,misleading_joint,,,,,,,,,
,main,hurricane_harvey__904326884401360898__904326884401360898_0,clean,,,,,,,,,
,main,hurricane_harvey__904326884401360898__904326884401360898_0,benign_image,,,,,,,,,
,main,hurricane_harvey__904326884401360898__904326884401360898_0,benign_text,,,,,,,,,
,main,hurricane_harvey__904326884401360898__904326884401360898_0,benign_joint,,,,,,,,,
,main,hurricane_harvey__904326884401360898__904326884401360898_0,direct_image,,,,,,,,,
,main,hurricane_harvey__904326884401360898__904326884401360898_0,direct_text,,,,,,,,,
,main,hurricane_harvey__904326884401360898__904326884401360898_0,direct_joint,,,,,,,,,
,main,hurricane_harvey__904326884401360898__904326884401360898_0,misleading_image,,,,,,,,,
,main,hurricane_harvey__904326884401360898__904326884401360898_0,misleading_text,,,,,,,,,
,main,hurricane_harvey__904326884401360898__904326884401360898_0,misleading_joint,,,,,,,,,
,main,hurricane_harvey__904331124339609600__904331124339609600_0,clean,,,,,,,,,
,main,hurricane_harvey__904331124339609600__904331124339609600_0,benign_image,,,,,,,,,
,main,hurricane_harvey__904331124339609600__904331124339609600_0,benign_text,,,,,,,,,
,main,hurricane_harvey__904331124339609600__904331124339609600_0,benign_joint,,,,,,,,,
,main,hurricane_harvey__904331124339609600__904331124339609600_0,direct_image,,,,,,,,,
,main,hurricane_harvey__904331124339609600__904331124339609600_0,direct_text,,,,,,,,,
,main,hurricane_harvey__904331124339609600__904331124339609600_0,direct_joint,,,,,,,,,
,main,hurricane_harvey__904331124339609600__904331124339609600_0,misleading_image,,,,,,,,,
,main,hurricane_harvey__904331124339609600__904331124339609600_0,misleading_text,,,,,,,,,
,main,hurricane_harvey__904331124339609600__904331124339609600_0,misleading_joint,,,,,,,,,
,main,hurricane_harvey__904343630973992962__904343630973992962_0,clean,,,,,,,,,
,main,hurricane_harvey__904343630973992962__904343630973992962_0,benign_image,,,,,,,,,
,main,hurricane_harvey__904343630973992962__904343630973992962_0,benign_text,,,,,,,,,
,main,hurricane_harvey__904343630973992962__904343630973992962_0,benign_joint,,,,,,,,,
,main,hurricane_harvey__904343630973992962__904343630973992962_0,direct_image,,,,,,,,,
,main,hurricane_harvey__904343630973992962__904343630973992962_0,direct_text,,,,,,,,,
,main,hurricane_harvey__904343630973992962__904343630973992962_0,direct_joint,,,,,,,,,
,main,hurricane_harvey__904343630973992962__904343630973992962_0,misleading_image,,,,,,,,,
,main,hurricane_harvey__904343630973992962__904343630973992962_0,misleading_text,,,,,,,,,
,main,hurricane_harvey__904343630973992962__904343630973992962_0,misleading_joint,,,,,,,,,
,main,hurricane_harvey__904362108531466241__904362108531466241_0,clean,,,,,,,,,
,main,hurricane_harvey__904362108531466241__904362108531466241_0,benign_image,,,,,,,,,
,main,hurricane_harvey__904362108531466241__904362108531466241_0,benign_text,,,,,,,,,
,main,hurricane_harvey__904362108531466241__904362108531466241_0,benign_joint,,,,,,,,,
,main,hurricane_harvey__904362108531466241__904362108531466241_0,direct_image,,,,,,,,,
,main,hurricane_harvey__904362108531466241__904362108531466241_0,direct_text,,,,,,,,,
,main,hurricane_harvey__904362108531466241__904362108531466241_0,direct_joint,,,,,,,,,
,main,hurricane_harvey__904362108531466241__904362108531466241_0,misleading_image,,,,,,,,,
,main,hurricane_harvey__904362108531466241__904362108531466241_0,misleading_text,,,,,,,,,
,main,hurricane_harvey__904362108531466241__904362108531466241_0,misleading_joint,,,,,,,,,
,main,hurricane_harvey__904397952420118528__904397952420118528_0,clean,,,,,,,,,
,main,hurricane_harvey__904397952420118528__904397952420118528_0,benign_image,,,,,,,,,
,main,hurricane_harvey__904397952420118528__904397952420118528_0,benign_text,,,,,,,,,
,main,hurricane_harvey__904397952420118528__904397952420118528_0,benign_joint,,,,,,,,,
,main,hurricane_harvey__904397952420118528__904397952420118528_0,direct_image,,,,,,,,,
,main,hurricane_harvey__904397952420118528__904397952420118528_0,direct_text,,,,,,,,,
,main,hurricane_harvey__904397952420118528__904397952420118528_0,direct_joint,,,,,,,,,
,main,hurricane_harvey__904397952420118528__904397952420118528_0,misleading_image,,,,,,,,,
,main,hurricane_harvey__904397952420118528__904397952420118528_0,misleading_text,,,,,,,,,
,main,hurricane_harvey__904397952420118528__904397952420118528_0,misleading_joint,,,,,,,,,
,main,hurricane_harvey__904434023660888064__904434023660888064_0,clean,,,,,,,,,
,main,hurricane_harvey__904434023660888064__904434023660888064_0,benign_image,,,,,,,,,
,main,hurricane_harvey__904434023660888064__904434023660888064_0,benign_text,,,,,,,,,
,main,hurricane_harvey__904434023660888064__904434023660888064_0,benign_joint,,,,,,,,,
,main,hurricane_harvey__904434023660888064__904434023660888064_0,direct_image,,,,,,,,,
,main,hurricane_harvey__904434023660888064__904434023660888064_0,direct_text,,,,,,,,,
,main,hurricane_harvey__904434023660888064__904434023660888064_0,direct_joint,,,,,,,,,
,main,hurricane_harvey__904434023660888064__904434023660888064_0,misleading_image,,,,,,,,,
,main,hurricane_harvey__904434023660888064__904434023660888064_0,misleading_text,,,,,,,,,
,main,hurricane_harvey__904434023660888064__904434023660888064_0,misleading_joint,,,,,,,,,
,main,hurricane_harvey__904453241005641728__904453241005641728_0,clean,,,,,,,,,
,main,hurricane_harvey__904453241005641728__904453241005641728_0,benign_image,,,,,,,,,
,main,hurricane_harvey__904453241005641728__904453241005641728_0,benign_text,,,,,,,,,
,main,hurricane_harvey__904453241005641728__904453241005641728_0,benign_joint,,,,,,,,,
,main,hurricane_harvey__904453241005641728__904453241005641728_0,direct_image,,,,,,,,,
,main,hurricane_harvey__904453241005641728__904453241005641728_0,direct_text,,,,,,,,,
,main,hurricane_harvey__904453241005641728__904453241005641728_0,direct_joint,,,,,,,,,
,main,hurricane_harvey__904453241005641728__904453241005641728_0,misleading_image,,,,,,,,,
,main,hurricane_harvey__904453241005641728__904453241005641728_0,misleading_text,,,,,,,,,
,main,hurricane_harvey__904453241005641728__904453241005641728_0,misleading_joint,,,,,,,,,
,main,hurricane_harvey__904464789811863552__904464789811863552_0,clean,,,,,,,,,
,main,hurricane_harvey__904464789811863552__904464789811863552_0,benign_image,,,,,,,,,
,main,hurricane_harvey__904464789811863552__904464789811863552_0,benign_text,,,,,,,,,
,main,hurricane_harvey__904464789811863552__904464789811863552_0,benign_joint,,,,,,,,,
,main,hurricane_harvey__904464789811863552__904464789811863552_0,direct_image,,,,,,,,,
,main,hurricane_harvey__904464789811863552__904464789811863552_0,direct_text,,,,,,,,,
,main,hurricane_harvey__904464789811863552__904464789811863552_0,direct_joint,,,,,,,,,
,main,hurricane_harvey__904464789811863552__904464789811863552_0,misleading_image,,,,,,,,,
,main,hurricane_harvey__904464789811863552__904464789811863552_0,misleading_text,,,,,,,,,
,main,hurricane_harvey__904464789811863552__904464789811863552_0,misleading_joint,,,,,,,,,
,main,hurricane_harvey__904511606612037632__904511606612037632_0,clean,,,,,,,,,
,main,hurricane_harvey__904511606612037632__904511606612037632_0,benign_image,,,,,,,,,
,main,hurricane_harvey__904511606612037632__904511606612037632_0,benign_text,,,,,,,,,
,main,hurricane_harvey__904511606612037632__904511606612037632_0,benign_joint,,,,,,,,,
,main,hurricane_harvey__904511606612037632__904511606612037632_0,direct_image,,,,,,,,,
,main,hurricane_harvey__904511606612037632__904511606612037632_0,direct_text,,,,,,,,,
,main,hurricane_harvey__904511606612037632__904511606612037632_0,direct_joint,,,,,,,,,
,main,hurricane_harvey__904511606612037632__904511606612037632_0,misleading_image,,,,,,,,,
,main,hurricane_harvey__904511606612037632__904511606612037632_0,misleading_text,,,,,,,,,
,main,hurricane_harvey__904511606612037632__904511606612037632_0,misleading_joint,,,,,,,,,
,main,hurricane_harvey__904516911391805440__904516911391805440_0,clean,,,,,,,,,
,main,hurricane_harvey__904516911391805440__904516911391805440_0,benign_image,,,,,,,,,
,main,hurricane_harvey__904516911391805440__904516911391805440_0,benign_text,,,,,,,,,
,main,hurricane_harvey__904516911391805440__904516911391805440_0,benign_joint,,,,,,,,,
,main,hurricane_harvey__904516911391805440__904516911391805440_0,direct_image,,,,,,,,,
,main,hurricane_harvey__904516911391805440__904516911391805440_0,direct_text,,,,,,,,,
,main,hurricane_harvey__904516911391805440__904516911391805440_0,direct_joint,,,,,,,,,
,main,hurricane_harvey__904516911391805440__904516911391805440_0,misleading_image,,,,,,,,,
,main,hurricane_harvey__904516911391805440__904516911391805440_0,misleading_text,,,,,,,,,
,main,hurricane_harvey__904516911391805440__904516911391805440_0,misleading_joint,,,,,,,,,
,main,hurricane_harvey__904517353588744192__904517353588744192_0,clean,,,,,,,,,
,main,hurricane_harvey__904517353588744192__904517353588744192_0,benign_image,,,,,,,,,
,main,hurricane_harvey__904517353588744192__904517353588744192_0,benign_text,,,,,,,,,
,main,hurricane_harvey__904517353588744192__904517353588744192_0,benign_joint,,,,,,,,,
,main,hurricane_harvey__904517353588744192__904517353588744192_0,direct_image,,,,,,,,,
,main,hurricane_harvey__904517353588744192__904517353588744192_0,direct_text,,,,,,,,,
,main,hurricane_harvey__904517353588744192__904517353588744192_0,direct_joint,,,,,,,,,
,main,hurricane_harvey__904517353588744192__904517353588744192_0,misleading_image,,,,,,,,,
,main,hurricane_harvey__904517353588744192__904517353588744192_0,misleading_text,,,,,,,,,
,main,hurricane_harvey__904517353588744192__904517353588744192_0,misleading_joint,,,,,,,,,
,main,hurricane_harvey__904556347164950529__904556347164950529_0,clean,,,,,,,,,
,main,hurricane_harvey__904556347164950529__904556347164950529_0,benign_image,,,,,,,,,
,main,hurricane_harvey__904556347164950529__904556347164950529_0,benign_text,,,,,,,,,
,main,hurricane_harvey__904556347164950529__904556347164950529_0,benign_joint,,,,,,,,,
,main,hurricane_harvey__904556347164950529__904556347164950529_0,direct_image,,,,,,,,,
,main,hurricane_harvey__904556347164950529__904556347164950529_0,direct_text,,,,,,,,,
,main,hurricane_harvey__904556347164950529__904556347164950529_0,direct_joint,,,,,,,,,
,main,hurricane_harvey__904556347164950529__904556347164950529_0,misleading_image,,,,,,,,,
,main,hurricane_harvey__904556347164950529__904556347164950529_0,misleading_text,,,,,,,,,
,main,hurricane_harvey__904556347164950529__904556347164950529_0,misleading_joint,,,,,,,,,
,main,hurricane_harvey__904576825690554372__904576825690554372_0,clean,,,,,,,,,
,main,hurricane_harvey__904576825690554372__904576825690554372_0,benign_image,,,,,,,,,
,main,hurricane_harvey__904576825690554372__904576825690554372_0,benign_text,,,,,,,,,
,main,hurricane_harvey__904576825690554372__904576825690554372_0,benign_joint,,,,,,,,,
,main,hurricane_harvey__904576825690554372__904576825690554372_0,direct_image,,,,,,,,,
,main,hurricane_harvey__904576825690554372__904576825690554372_0,direct_text,,,,,,,,,
,main,hurricane_harvey__904576825690554372__904576825690554372_0,direct_joint,,,,,,,,,
,main,hurricane_harvey__904576825690554372__904576825690554372_0,misleading_image,,,,,,,,,
,main,hurricane_harvey__904576825690554372__904576825690554372_0,misleading_text,,,,,,,,,
,main,hurricane_harvey__904576825690554372__904576825690554372_0,misleading_joint,,,,,,,,,
,main,hurricane_harvey__904589549971570688__904589549971570688_0,clean,,,,,,,,,
,main,hurricane_harvey__904589549971570688__904589549971570688_0,benign_image,,,,,,,,,
,main,hurricane_harvey__904589549971570688__904589549971570688_0,benign_text,,,,,,,,,
,main,hurricane_harvey__904589549971570688__904589549971570688_0,benign_joint,,,,,,,,,
,main,hurricane_harvey__904589549971570688__904589549971570688_0,direct_image,,,,,,,,,
,main,hurricane_harvey__904589549971570688__904589549971570688_0,direct_text,,,,,,,,,
,main,hurricane_harvey__904589549971570688__904589549971570688_0,direct_joint,,,,,,,,,
,main,hurricane_harvey__904589549971570688__904589549971570688_0,misleading_image,,,,,,,,,
,main,hurricane_harvey__904589549971570688__904589549971570688_0,misleading_text,,,,,,,,,
,main,hurricane_harvey__904589549971570688__904589549971570688_0,misleading_joint,,,,,,,,,
,main,hurricane_harvey__904670957247373312__904670957247373312_0,clean,,,,,,,,,
,main,hurricane_harvey__904670957247373312__904670957247373312_0,benign_image,,,,,,,,,
,main,hurricane_harvey__904670957247373312__904670957247373312_0,benign_text,,,,,,,,,
,main,hurricane_harvey__904670957247373312__904670957247373312_0,benign_joint,,,,,,,,,
,main,hurricane_harvey__904670957247373312__904670957247373312_0,direct_image,,,,,,,,,
,main,hurricane_harvey__904670957247373312__904670957247373312_0,direct_text,,,,,,,,,
,main,hurricane_harvey__904670957247373312__904670957247373312_0,direct_joint,,,,,,,,,
,main,hurricane_harvey__904670957247373312__904670957247373312_0,misleading_image,,,,,,,,,
,main,hurricane_harvey__904670957247373312__904670957247373312_0,misleading_text,,,,,,,,,
,main,hurricane_harvey__904670957247373312__904670957247373312_0,misleading_joint,,,,,,,,,
,main,hurricane_harvey__904677953983967233__904677953983967233_0,clean,,,,,,,,,
,main,hurricane_harvey__904677953983967233__904677953983967233_0,benign_image,,,,,,,,,
,main,hurricane_harvey__904677953983967233__904677953983967233_0,benign_text,,,,,,,,,
,main,hurricane_harvey__904677953983967233__904677953983967233_0,benign_joint,,,,,,,,,
,main,hurricane_harvey__904677953983967233__904677953983967233_0,direct_image,,,,,,,,,
,main,hurricane_harvey__904677953983967233__904677953983967233_0,direct_text,,,,,,,,,
,main,hurricane_harvey__904677953983967233__904677953983967233_0,direct_joint,,,,,,,,,
,main,hurricane_harvey__904677953983967233__904677953983967233_0,misleading_image,,,,,,,,,
,main,hurricane_harvey__904677953983967233__904677953983967233_0,misleading_text,,,,,,,,,
,main,hurricane_harvey__904677953983967233__904677953983967233_0,misleading_joint,,,,,,,,,
,main,hurricane_harvey__904710459814690816__904710459814690816_0,clean,,,,,,,,,
,main,hurricane_harvey__904710459814690816__904710459814690816_0,benign_image,,,,,,,,,
,main,hurricane_harvey__904710459814690816__904710459814690816_0,benign_text,,,,,,,,,
,main,hurricane_harvey__904710459814690816__904710459814690816_0,benign_joint,,,,,,,,,
,main,hurricane_harvey__904710459814690816__904710459814690816_0,direct_image,,,,,,,,,
,main,hurricane_harvey__904710459814690816__904710459814690816_0,direct_text,,,,,,,,,
,main,hurricane_harvey__904710459814690816__904710459814690816_0,direct_joint,,,,,,,,,
,main,hurricane_harvey__904710459814690816__904710459814690816_0,misleading_image,,,,,,,,,
,main,hurricane_harvey__904710459814690816__904710459814690816_0,misleading_text,,,,,,,,,
,main,hurricane_harvey__904710459814690816__904710459814690816_0,misleading_joint,,,,,,,,,
,main,hurricane_harvey__904779114506326016__904779114506326016_0,clean,,,,,,,,,
,main,hurricane_harvey__904779114506326016__904779114506326016_0,benign_image,,,,,,,,,
,main,hurricane_harvey__904779114506326016__904779114506326016_0,benign_text,,,,,,,,,
,main,hurricane_harvey__904779114506326016__904779114506326016_0,benign_joint,,,,,,,,,
,main,hurricane_harvey__904779114506326016__904779114506326016_0,direct_image,,,,,,,,,
,main,hurricane_harvey__904779114506326016__904779114506326016_0,direct_text,,,,,,,,,
,main,hurricane_harvey__904779114506326016__904779114506326016_0,direct_joint,,,,,,,,,
,main,hurricane_harvey__904779114506326016__904779114506326016_0,misleading_image,,,,,,,,,
,main,hurricane_harvey__904779114506326016__904779114506326016_0,misleading_text,,,,,,,,,
,main,hurricane_harvey__904779114506326016__904779114506326016_0,misleading_joint,,,,,,,,,
,main,hurricane_harvey__904787823181520896__904787823181520896_0,clean,,,,,,,,,
,main,hurricane_harvey__904787823181520896__904787823181520896_0,benign_image,,,,,,,,,
,main,hurricane_harvey__904787823181520896__904787823181520896_0,benign_text,,,,,,,,,
,main,hurricane_harvey__904787823181520896__904787823181520896_0,benign_joint,,,,,,,,,
,main,hurricane_harvey__904787823181520896__904787823181520896_0,direct_image,,,,,,,,,
,main,hurricane_harvey__904787823181520896__904787823181520896_0,direct_text,,,,,,,,,
,main,hurricane_harvey__904787823181520896__904787823181520896_0,direct_joint,,,,,,,,,
,main,hurricane_harvey__904787823181520896__904787823181520896_0,misleading_image,,,,,,,,,
,main,hurricane_harvey__904787823181520896__904787823181520896_0,misleading_text,,,,,,,,,
,main,hurricane_harvey__904787823181520896__904787823181520896_0,misleading_joint,,,,,,,,,
,main,hurricane_harvey__904802599219625985__904802599219625985_0,clean,,,,,,,,,
,main,hurricane_harvey__904802599219625985__904802599219625985_0,benign_image,,,,,,,,,
,main,hurricane_harvey__904802599219625985__904802599219625985_0,benign_text,,,,,,,,,
,main,hurricane_harvey__904802599219625985__904802599219625985_0,benign_joint,,,,,,,,,
,main,hurricane_harvey__904802599219625985__904802599219625985_0,direct_image,,,,,,,,,
,main,hurricane_harvey__904802599219625985__904802599219625985_0,direct_text,,,,,,,,,
,main,hurricane_harvey__904802599219625985__904802599219625985_0,direct_joint,,,,,,,,,
,main,hurricane_harvey__904802599219625985__904802599219625985_0,misleading_image,,,,,,,,,
,main,hurricane_harvey__904802599219625985__904802599219625985_0,misleading_text,,,,,,,,,
,main,hurricane_harvey__904802599219625985__904802599219625985_0,misleading_joint,,,,,,,,,
,main,hurricane_harvey__904842215620583425__904842215620583425_0,clean,,,,,,,,,
,main,hurricane_harvey__904842215620583425__904842215620583425_0,benign_image,,,,,,,,,
,main,hurricane_harvey__904842215620583425__904842215620583425_0,benign_text,,,,,,,,,
,main,hurricane_harvey__904842215620583425__904842215620583425_0,benign_joint,,,,,,,,,
,main,hurricane_harvey__904842215620583425__904842215620583425_0,direct_image,,,,,,,,,
,main,hurricane_harvey__904842215620583425__904842215620583425_0,direct_text,,,,,,,,,
,main,hurricane_harvey__904842215620583425__904842215620583425_0,direct_joint,,,,,,,,,
,main,hurricane_harvey__904842215620583425__904842215620583425_0,misleading_image,,,,,,,,,
,main,hurricane_harvey__904842215620583425__904842215620583425_0,misleading_text,,,,,,,,,
,main,hurricane_harvey__904842215620583425__904842215620583425_0,misleading_joint,,,,,,,,,
,main,hurricane_harvey__904853248384913408__904853248384913408_0,clean,,,,,,,,,
,main,hurricane_harvey__904853248384913408__904853248384913408_0,benign_image,,,,,,,,,
,main,hurricane_harvey__904853248384913408__904853248384913408_0,benign_text,,,,,,,,,
,main,hurricane_harvey__904853248384913408__904853248384913408_0,benign_joint,,,,,,,,,
,main,hurricane_harvey__904853248384913408__904853248384913408_0,direct_image,,,,,,,,,
,main,hurricane_harvey__904853248384913408__904853248384913408_0,direct_text,,,,,,,,,
,main,hurricane_harvey__904853248384913408__904853248384913408_0,direct_joint,,,,,,,,,
,main,hurricane_harvey__904853248384913408__904853248384913408_0,misleading_image,,,,,,,,,
,main,hurricane_harvey__904853248384913408__904853248384913408_0,misleading_text,,,,,,,,,
,main,hurricane_harvey__904853248384913408__904853248384913408_0,misleading_joint,,,,,,,,,
,main,hurricane_harvey__904925838839169028__904925838839169028_0,clean,,,,,,,,,
,main,hurricane_harvey__904925838839169028__904925838839169028_0,benign_image,,,,,,,,,
,main,hurricane_harvey__904925838839169028__904925838839169028_0,benign_text,,,,,,,,,
,main,hurricane_harvey__904925838839169028__904925838839169028_0,benign_joint,,,,,,,,,
,main,hurricane_harvey__904925838839169028__904925838839169028_0,direct_image,,,,,,,,,
,main,hurricane_harvey__904925838839169028__904925838839169028_0,direct_text,,,,,,,,,
,main,hurricane_harvey__904925838839169028__904925838839169028_0,direct_joint,,,,,,,,,
,main,hurricane_harvey__904925838839169028__904925838839169028_0,misleading_image,,,,,,,,,
,main,hurricane_harvey__904925838839169028__904925838839169028_0,misleading_text,,,,,,,,,
,main,hurricane_harvey__904925838839169028__904925838839169028_0,misleading_joint,,,,,,,,,
,main,hurricane_harvey__904933387114340352__904933387114340352_0,clean,,,,,,,,,
,main,hurricane_harvey__904933387114340352__904933387114340352_0,benign_image,,,,,,,,,
,main,hurricane_harvey__904933387114340352__904933387114340352_0,benign_text,,,,,,,,,
,main,hurricane_harvey__904933387114340352__904933387114340352_0,benign_joint,,,,,,,,,
,main,hurricane_harvey__904933387114340352__904933387114340352_0,direct_image,,,,,,,,,
,main,hurricane_harvey__904933387114340352__904933387114340352_0,direct_text,,,,,,,,,
,main,hurricane_harvey__904933387114340352__904933387114340352_0,direct_joint,,,,,,,,,
,main,hurricane_harvey__904933387114340352__904933387114340352_0,misleading_image,,,,,,,,,
,main,hurricane_harvey__904933387114340352__904933387114340352_0,misleading_text,,,,,,,,,
,main,hurricane_harvey__904933387114340352__904933387114340352_0,misleading_joint,,,,,,,,,
,main,hurricane_harvey__904947206607818753__904947206607818753_0,clean,,,,,,,,,
,main,hurricane_harvey__904947206607818753__904947206607818753_0,benign_image,,,,,,,,,
,main,hurricane_harvey__904947206607818753__904947206607818753_0,benign_text,,,,,,,,,
,main,hurricane_harvey__904947206607818753__904947206607818753_0,benign_joint,,,,,,,,,
,main,hurricane_harvey__904947206607818753__904947206607818753_0,direct_image,,,,,,,,,
,main,hurricane_harvey__904947206607818753__904947206607818753_0,direct_text,,,,,,,,,
,main,hurricane_harvey__904947206607818753__904947206607818753_0,direct_joint,,,,,,,,,
,main,hurricane_harvey__904947206607818753__904947206607818753_0,misleading_image,,,,,,,,,
,main,hurricane_harvey__904947206607818753__904947206607818753_0,misleading_text,,,,,,,,,
,main,hurricane_harvey__904947206607818753__904947206607818753_0,misleading_joint,,,,,,,,,
,main,hurricane_harvey__904955849487126528__904955849487126528_0,clean,,,,,,,,,
,main,hurricane_harvey__904955849487126528__904955849487126528_0,benign_image,,,,,,,,,
,main,hurricane_harvey__904955849487126528__904955849487126528_0,benign_text,,,,,,,,,
,main,hurricane_harvey__904955849487126528__904955849487126528_0,benign_joint,,,,,,,,,
,main,hurricane_harvey__904955849487126528__904955849487126528_0,direct_image,,,,,,,,,
,main,hurricane_harvey__904955849487126528__904955849487126528_0,direct_text,,,,,,,,,
,main,hurricane_harvey__904955849487126528__904955849487126528_0,direct_joint,,,,,,,,,
,main,hurricane_harvey__904955849487126528__904955849487126528_0,misleading_image,,,,,,,,,
,main,hurricane_harvey__904955849487126528__904955849487126528_0,misleading_text,,,,,,,,,
,main,hurricane_harvey__904955849487126528__904955849487126528_0,misleading_joint,,,,,,,,,
,main,hurricane_harvey__904956036733423616__904956036733423616_0,clean,,,,,,,,,
,main,hurricane_harvey__904956036733423616__904956036733423616_0,benign_image,,,,,,,,,
,main,hurricane_harvey__904956036733423616__904956036733423616_0,benign_text,,,,,,,,,
,main,hurricane_harvey__904956036733423616__904956036733423616_0,benign_joint,,,,,,,,,
,main,hurricane_harvey__904956036733423616__904956036733423616_0,direct_image,,,,,,,,,
,main,hurricane_harvey__904956036733423616__904956036733423616_0,direct_text,,,,,,,,,
,main,hurricane_harvey__904956036733423616__904956036733423616_0,direct_joint,,,,,,,,,
,main,hurricane_harvey__904956036733423616__904956036733423616_0,misleading_image,,,,,,,,,
,main,hurricane_harvey__904956036733423616__904956036733423616_0,misleading_text,,,,,,,,,
,main,hurricane_harvey__904956036733423616__904956036733423616_0,misleading_joint,,,,,,,,,
,main,hurricane_harvey__904972350294171650__904972350294171650_0,clean,,,,,,,,,
,main,hurricane_harvey__904972350294171650__904972350294171650_0,benign_image,,,,,,,,,
,main,hurricane_harvey__904972350294171650__904972350294171650_0,benign_text,,,,,,,,,
,main,hurricane_harvey__904972350294171650__904972350294171650_0,benign_joint,,,,,,,,,
,main,hurricane_harvey__904972350294171650__904972350294171650_0,direct_image,,,,,,,,,
,main,hurricane_harvey__904972350294171650__904972350294171650_0,direct_text,,,,,,,,,
,main,hurricane_harvey__904972350294171650__904972350294171650_0,direct_joint,,,,,,,,,
,main,hurricane_harvey__904972350294171650__904972350294171650_0,misleading_image,,,,,,,,,
,main,hurricane_harvey__904972350294171650__904972350294171650_0,misleading_text,,,,,,,,,
,main,hurricane_harvey__904972350294171650__904972350294171650_0,misleading_joint,,,,,,,,,
,main,hurricane_harvey__904994908016058368__904994908016058368_0,clean,,,,,,,,,
,main,hurricane_harvey__904994908016058368__904994908016058368_0,benign_image,,,,,,,,,
,main,hurricane_harvey__904994908016058368__904994908016058368_0,benign_text,,,,,,,,,
,main,hurricane_harvey__904994908016058368__904994908016058368_0,benign_joint,,,,,,,,,
,main,hurricane_harvey__904994908016058368__904994908016058368_0,direct_image,,,,,,,,,
,main,hurricane_harvey__904994908016058368__904994908016058368_0,direct_text,,,,,,,,,
,main,hurricane_harvey__904994908016058368__904994908016058368_0,direct_joint,,,,,,,,,
,main,hurricane_harvey__904994908016058368__904994908016058368_0,misleading_image,,,,,,,,,
,main,hurricane_harvey__904994908016058368__904994908016058368_0,misleading_text,,,,,,,,,
,main,hurricane_harvey__904994908016058368__904994908016058368_0,misleading_joint,,,,,,,,,
,main,hurricane_harvey__905014427451244544__905014427451244544_0,clean,,,,,,,,,
,main,hurricane_harvey__905014427451244544__905014427451244544_0,benign_image,,,,,,,,,
,main,hurricane_harvey__905014427451244544__905014427451244544_0,benign_text,,,,,,,,,
,main,hurricane_harvey__905014427451244544__905014427451244544_0,benign_joint,,,,,,,,,
,main,hurricane_harvey__905014427451244544__905014427451244544_0,direct_image,,,,,,,,,
,main,hurricane_harvey__905014427451244544__905014427451244544_0,direct_text,,,,,,,,,
,main,hurricane_harvey__905014427451244544__905014427451244544_0,direct_joint,,,,,,,,,
,main,hurricane_harvey__905014427451244544__905014427451244544_0,misleading_image,,,,,,,,,
,main,hurricane_harvey__905014427451244544__905014427451244544_0,misleading_text,,,,,,,,,
,main,hurricane_harvey__905014427451244544__905014427451244544_0,misleading_joint,,,,,,,,,
,main,hurricane_harvey__905015318401216512__905015318401216512_2,clean,,,,,,,,,
,main,hurricane_harvey__905015318401216512__905015318401216512_2,benign_image,,,,,,,,,
,main,hurricane_harvey__905015318401216512__905015318401216512_2,benign_text,,,,,,,,,
,main,hurricane_harvey__905015318401216512__905015318401216512_2,benign_joint,,,,,,,,,
,main,hurricane_harvey__905015318401216512__905015318401216512_2,direct_image,,,,,,,,,
,main,hurricane_harvey__905015318401216512__905015318401216512_2,direct_text,,,,,,,,,
,main,hurricane_harvey__905015318401216512__905015318401216512_2,direct_joint,,,,,,,,,
,main,hurricane_harvey__905015318401216512__905015318401216512_2,misleading_image,,,,,,,,,
,main,hurricane_harvey__905015318401216512__905015318401216512_2,misleading_text,,,,,,,,,
,main,hurricane_harvey__905015318401216512__905015318401216512_2,misleading_joint,,,,,,,,,
,main,hurricane_harvey__905050833687064577__905050833687064577_0,clean,,,,,,,,,
,main,hurricane_harvey__905050833687064577__905050833687064577_0,benign_image,,,,,,,,,
,main,hurricane_harvey__905050833687064577__905050833687064577_0,benign_text,,,,,,,,,
,main,hurricane_harvey__905050833687064577__905050833687064577_0,benign_joint,,,,,,,,,
,main,hurricane_harvey__905050833687064577__905050833687064577_0,direct_image,,,,,,,,,
,main,hurricane_harvey__905050833687064577__905050833687064577_0,direct_text,,,,,,,,,
,main,hurricane_harvey__905050833687064577__905050833687064577_0,direct_joint,,,,,,,,,
,main,hurricane_harvey__905050833687064577__905050833687064577_0,misleading_image,,,,,,,,,
,main,hurricane_harvey__905050833687064577__905050833687064577_0,misleading_text,,,,,,,,,
,main,hurricane_harvey__905050833687064577__905050833687064577_0,misleading_joint,,,,,,,,,
,main,hurricane_harvey__905065364601667585__905065364601667585_0,clean,,,,,,,,,
,main,hurricane_harvey__905065364601667585__905065364601667585_0,benign_image,,,,,,,,,
,main,hurricane_harvey__905065364601667585__905065364601667585_0,benign_text,,,,,,,,,
,main,hurricane_harvey__905065364601667585__905065364601667585_0,benign_joint,,,,,,,,,
,main,hurricane_harvey__905065364601667585__905065364601667585_0,direct_image,,,,,,,,,
,main,hurricane_harvey__905065364601667585__905065364601667585_0,direct_text,,,,,,,,,
,main,hurricane_harvey__905065364601667585__905065364601667585_0,direct_joint,,,,,,,,,
,main,hurricane_harvey__905065364601667585__905065364601667585_0,misleading_image,,,,,,,,,
,main,hurricane_harvey__905065364601667585__905065364601667585_0,misleading_text,,,,,,,,,
,main,hurricane_harvey__905065364601667585__905065364601667585_0,misleading_joint,,,,,,,,,
,main,hurricane_harvey__905069428341174272__905069428341174272_0,clean,,,,,,,,,
,main,hurricane_harvey__905069428341174272__905069428341174272_0,benign_image,,,,,,,,,
,main,hurricane_harvey__905069428341174272__905069428341174272_0,benign_text,,,,,,,,,
,main,hurricane_harvey__905069428341174272__905069428341174272_0,benign_joint,,,,,,,,,
,main,hurricane_harvey__905069428341174272__905069428341174272_0,direct_image,,,,,,,,,
,main,hurricane_harvey__905069428341174272__905069428341174272_0,direct_text,,,,,,,,,
,main,hurricane_harvey__905069428341174272__905069428341174272_0,direct_joint,,,,,,,,,
,main,hurricane_harvey__905069428341174272__905069428341174272_0,misleading_image,,,,,,,,,
,main,hurricane_harvey__905069428341174272__905069428341174272_0,misleading_text,,,,,,,,,
,main,hurricane_harvey__905069428341174272__905069428341174272_0,misleading_joint,,,,,,,,,
,main,hurricane_harvey__905137064282378240__905137064282378240_0,clean,,,,,,,,,
,main,hurricane_harvey__905137064282378240__905137064282378240_0,benign_image,,,,,,,,,
,main,hurricane_harvey__905137064282378240__905137064282378240_0,benign_text,,,,,,,,,
,main,hurricane_harvey__905137064282378240__905137064282378240_0,benign_joint,,,,,,,,,
,main,hurricane_harvey__905137064282378240__905137064282378240_0,direct_image,,,,,,,,,
,main,hurricane_harvey__905137064282378240__905137064282378240_0,direct_text,,,,,,,,,
,main,hurricane_harvey__905137064282378240__905137064282378240_0,direct_joint,,,,,,,,,
,main,hurricane_harvey__905137064282378240__905137064282378240_0,misleading_image,,,,,,,,,
,main,hurricane_harvey__905137064282378240__905137064282378240_0,misleading_text,,,,,,,,,
,main,hurricane_harvey__905137064282378240__905137064282378240_0,misleading_joint,,,,,,,,,
,main,hurricane_harvey__905148792516866049__905148792516866049_2,clean,,,,,,,,,
,main,hurricane_harvey__905148792516866049__905148792516866049_2,benign_image,,,,,,,,,
,main,hurricane_harvey__905148792516866049__905148792516866049_2,benign_text,,,,,,,,,
,main,hurricane_harvey__905148792516866049__905148792516866049_2,benign_joint,,,,,,,,,
,main,hurricane_harvey__905148792516866049__905148792516866049_2,direct_image,,,,,,,,,
,main,hurricane_harvey__905148792516866049__905148792516866049_2,direct_text,,,,,,,,,
,main,hurricane_harvey__905148792516866049__905148792516866049_2,direct_joint,,,,,,,,,
,main,hurricane_harvey__905148792516866049__905148792516866049_2,misleading_image,,,,,,,,,
,main,hurricane_harvey__905148792516866049__905148792516866049_2,misleading_text,,,,,,,,,
,main,hurricane_harvey__905148792516866049__905148792516866049_2,misleading_joint,,,,,,,,,
,main,hurricane_harvey__905165483816648704__905165483816648704_0,clean,,,,,,,,,
,main,hurricane_harvey__905165483816648704__905165483816648704_0,benign_image,,,,,,,,,
,main,hurricane_harvey__905165483816648704__905165483816648704_0,benign_text,,,,,,,,,
,main,hurricane_harvey__905165483816648704__905165483816648704_0,benign_joint,,,,,,,,,
,main,hurricane_harvey__905165483816648704__905165483816648704_0,direct_image,,,,,,,,,
,main,hurricane_harvey__905165483816648704__905165483816648704_0,direct_text,,,,,,,,,
,main,hurricane_harvey__905165483816648704__905165483816648704_0,direct_joint,,,,,,,,,
,main,hurricane_harvey__905165483816648704__905165483816648704_0,misleading_image,,,,,,,,,
,main,hurricane_harvey__905165483816648704__905165483816648704_0,misleading_text,,,,,,,,,
,main,hurricane_harvey__905165483816648704__905165483816648704_0,misleading_joint,,,,,,,,,
,main,hurricane_harvey__905195533853216769__905195533853216769_0,clean,,,,,,,,,
,main,hurricane_harvey__905195533853216769__905195533853216769_0,benign_image,,,,,,,,,
,main,hurricane_harvey__905195533853216769__905195533853216769_0,benign_text,,,,,,,,,
,main,hurricane_harvey__905195533853216769__905195533853216769_0,benign_joint,,,,,,,,,
,main,hurricane_harvey__905195533853216769__905195533853216769_0,direct_image,,,,,,,,,
,main,hurricane_harvey__905195533853216769__905195533853216769_0,direct_text,,,,,,,,,
,main,hurricane_harvey__905195533853216769__905195533853216769_0,direct_joint,,,,,,,,,
,main,hurricane_harvey__905195533853216769__905195533853216769_0,misleading_image,,,,,,,,,
,main,hurricane_harvey__905195533853216769__905195533853216769_0,misleading_text,,,,,,,,,
,main,hurricane_harvey__905195533853216769__905195533853216769_0,misleading_joint,,,,,,,,,
,main,hurricane_harvey__905215758917144584__905215758917144584_0,clean,,,,,,,,,
,main,hurricane_harvey__905215758917144584__905215758917144584_0,benign_image,,,,,,,,,
,main,hurricane_harvey__905215758917144584__905215758917144584_0,benign_text,,,,,,,,,
,main,hurricane_harvey__905215758917144584__905215758917144584_0,benign_joint,,,,,,,,,
,main,hurricane_harvey__905215758917144584__905215758917144584_0,direct_image,,,,,,,,,
,main,hurricane_harvey__905215758917144584__905215758917144584_0,direct_text,,,,,,,,,
,main,hurricane_harvey__905215758917144584__905215758917144584_0,direct_joint,,,,,,,,,
,main,hurricane_harvey__905215758917144584__905215758917144584_0,misleading_image,,,,,,,,,
,main,hurricane_harvey__905215758917144584__905215758917144584_0,misleading_text,,,,,,,,,
,main,hurricane_harvey__905215758917144584__905215758917144584_0,misleading_joint,,,,,,,,,
,main,hurricane_harvey__905230326359891968__905230326359891968_0,clean,,,,,,,,,
,main,hurricane_harvey__905230326359891968__905230326359891968_0,benign_image,,,,,,,,,
,main,hurricane_harvey__905230326359891968__905230326359891968_0,benign_text,,,,,,,,,
,main,hurricane_harvey__905230326359891968__905230326359891968_0,benign_joint,,,,,,,,,
,main,hurricane_harvey__905230326359891968__905230326359891968_0,direct_image,,,,,,,,,
,main,hurricane_harvey__905230326359891968__905230326359891968_0,direct_text,,,,,,,,,
,main,hurricane_harvey__905230326359891968__905230326359891968_0,direct_joint,,,,,,,,,
,main,hurricane_harvey__905230326359891968__905230326359891968_0,misleading_image,,,,,,,,,
,main,hurricane_harvey__905230326359891968__905230326359891968_0,misleading_text,,,,,,,,,
,main,hurricane_harvey__905230326359891968__905230326359891968_0,misleading_joint,,,,,,,,,
,main,hurricane_harvey__905230715566006272__905230715566006272_0,clean,,,,,,,,,
,main,hurricane_harvey__905230715566006272__905230715566006272_0,benign_image,,,,,,,,,
,main,hurricane_harvey__905230715566006272__905230715566006272_0,benign_text,,,,,,,,,
,main,hurricane_harvey__905230715566006272__905230715566006272_0,benign_joint,,,,,,,,,
,main,hurricane_harvey__905230715566006272__905230715566006272_0,direct_image,,,,,,,,,
,main,hurricane_harvey__905230715566006272__905230715566006272_0,direct_text,,,,,,,,,
,main,hurricane_harvey__905230715566006272__905230715566006272_0,direct_joint,,,,,,,,,
,main,hurricane_harvey__905230715566006272__905230715566006272_0,misleading_image,,,,,,,,,
,main,hurricane_harvey__905230715566006272__905230715566006272_0,misleading_text,,,,,,,,,
,main,hurricane_harvey__905230715566006272__905230715566006272_0,misleading_joint,,,,,,,,,
,main,hurricane_harvey__905290227178229764__905290227178229764_0,clean,,,,,,,,,
,main,hurricane_harvey__905290227178229764__905290227178229764_0,benign_image,,,,,,,,,
,main,hurricane_harvey__905290227178229764__905290227178229764_0,benign_text,,,,,,,,,
,main,hurricane_harvey__905290227178229764__905290227178229764_0,benign_joint,,,,,,,,,
,main,hurricane_harvey__905290227178229764__905290227178229764_0,direct_image,,,,,,,,,
,main,hurricane_harvey__905290227178229764__905290227178229764_0,direct_text,,,,,,,,,
,main,hurricane_harvey__905290227178229764__905290227178229764_0,direct_joint,,,,,,,,,
,main,hurricane_harvey__905290227178229764__905290227178229764_0,misleading_image,,,,,,,,,
,main,hurricane_harvey__905290227178229764__905290227178229764_0,misleading_text,,,,,,,,,
,main,hurricane_harvey__905290227178229764__905290227178229764_0,misleading_joint,,,,,,,,,
,main,hurricane_harvey__905306602416332800__905306602416332800_0,clean,,,,,,,,,
,main,hurricane_harvey__905306602416332800__905306602416332800_0,benign_image,,,,,,,,,
,main,hurricane_harvey__905306602416332800__905306602416332800_0,benign_text,,,,,,,,,
,main,hurricane_harvey__905306602416332800__905306602416332800_0,benign_joint,,,,,,,,,
,main,hurricane_harvey__905306602416332800__905306602416332800_0,direct_image,,,,,,,,,
,main,hurricane_harvey__905306602416332800__905306602416332800_0,direct_text,,,,,,,,,
,main,hurricane_harvey__905306602416332800__905306602416332800_0,direct_joint,,,,,,,,,
,main,hurricane_harvey__905306602416332800__905306602416332800_0,misleading_image,,,,,,,,,
,main,hurricane_harvey__905306602416332800__905306602416332800_0,misleading_text,,,,,,,,,
,main,hurricane_harvey__905306602416332800__905306602416332800_0,misleading_joint,,,,,,,,,
,main,hurricane_harvey__905351240715866112__905351240715866112_0,clean,,,,,,,,,
,main,hurricane_harvey__905351240715866112__905351240715866112_0,benign_image,,,,,,,,,
,main,hurricane_harvey__905351240715866112__905351240715866112_0,benign_text,,,,,,,,,
,main,hurricane_harvey__905351240715866112__905351240715866112_0,benign_joint,,,,,,,,,
,main,hurricane_harvey__905351240715866112__905351240715866112_0,direct_image,,,,,,,,,
,main,hurricane_harvey__905351240715866112__905351240715866112_0,direct_text,,,,,,,,,
,main,hurricane_harvey__905351240715866112__905351240715866112_0,direct_joint,,,,,,,,,
,main,hurricane_harvey__905351240715866112__905351240715866112_0,misleading_image,,,,,,,,,
,main,hurricane_harvey__905351240715866112__905351240715866112_0,misleading_text,,,,,,,,,
,main,hurricane_harvey__905351240715866112__905351240715866112_0,misleading_joint,,,,,,,,,
,main,hurricane_harvey__905367007092105216__905367007092105216_0,clean,,,,,,,,,
,main,hurricane_harvey__905367007092105216__905367007092105216_0,benign_image,,,,,,,,,
,main,hurricane_harvey__905367007092105216__905367007092105216_0,benign_text,,,,,,,,,
,main,hurricane_harvey__905367007092105216__905367007092105216_0,benign_joint,,,,,,,,,
,main,hurricane_harvey__905367007092105216__905367007092105216_0,direct_image,,,,,,,,,
,main,hurricane_harvey__905367007092105216__905367007092105216_0,direct_text,,,,,,,,,
,main,hurricane_harvey__905367007092105216__905367007092105216_0,direct_joint,,,,,,,,,
,main,hurricane_harvey__905367007092105216__905367007092105216_0,misleading_image,,,,,,,,,
,main,hurricane_harvey__905367007092105216__905367007092105216_0,misleading_text,,,,,,,,,
,main,hurricane_harvey__905367007092105216__905367007092105216_0,misleading_joint,,,,,,,,,
,main,hurricane_harvey__905400128864968706__905400128864968706_0,clean,,,,,,,,,
,main,hurricane_harvey__905400128864968706__905400128864968706_0,benign_image,,,,,,,,,
,main,hurricane_harvey__905400128864968706__905400128864968706_0,benign_text,,,,,,,,,
,main,hurricane_harvey__905400128864968706__905400128864968706_0,benign_joint,,,,,,,,,
,main,hurricane_harvey__905400128864968706__905400128864968706_0,direct_image,,,,,,,,,
,main,hurricane_harvey__905400128864968706__905400128864968706_0,direct_text,,,,,,,,,
,main,hurricane_harvey__905400128864968706__905400128864968706_0,direct_joint,,,,,,,,,
,main,hurricane_harvey__905400128864968706__905400128864968706_0,misleading_image,,,,,,,,,
,main,hurricane_harvey__905400128864968706__905400128864968706_0,misleading_text,,,,,,,,,
,main,hurricane_harvey__905400128864968706__905400128864968706_0,misleading_joint,,,,,,,,,
,main,hurricane_harvey__905405070526873600__905405070526873600_0,clean,,,,,,,,,
,main,hurricane_harvey__905405070526873600__905405070526873600_0,benign_image,,,,,,,,,
,main,hurricane_harvey__905405070526873600__905405070526873600_0,benign_text,,,,,,,,,
,main,hurricane_harvey__905405070526873600__905405070526873600_0,benign_joint,,,,,,,,,
,main,hurricane_harvey__905405070526873600__905405070526873600_0,direct_image,,,,,,,,,
,main,hurricane_harvey__905405070526873600__905405070526873600_0,direct_text,,,,,,,,,
,main,hurricane_harvey__905405070526873600__905405070526873600_0,direct_joint,,,,,,,,,
,main,hurricane_harvey__905405070526873600__905405070526873600_0,misleading_image,,,,,,,,,
,main,hurricane_harvey__905405070526873600__905405070526873600_0,misleading_text,,,,,,,,,
,main,hurricane_harvey__905405070526873600__905405070526873600_0,misleading_joint,,,,,,,,,
,main,hurricane_harvey__905427798466207746__905427798466207746_1,clean,,,,,,,,,
,main,hurricane_harvey__905427798466207746__905427798466207746_1,benign_image,,,,,,,,,
,main,hurricane_harvey__905427798466207746__905427798466207746_1,benign_text,,,,,,,,,
,main,hurricane_harvey__905427798466207746__905427798466207746_1,benign_joint,,,,,,,,,
,main,hurricane_harvey__905427798466207746__905427798466207746_1,direct_image,,,,,,,,,
,main,hurricane_harvey__905427798466207746__905427798466207746_1,direct_text,,,,,,,,,
,main,hurricane_harvey__905427798466207746__905427798466207746_1,direct_joint,,,,,,,,,
,main,hurricane_harvey__905427798466207746__905427798466207746_1,misleading_image,,,,,,,,,
,main,hurricane_harvey__905427798466207746__905427798466207746_1,misleading_text,,,,,,,,,
,main,hurricane_harvey__905427798466207746__905427798466207746_1,misleading_joint,,,,,,,,,
,main,hurricane_harvey__905470345175556096__905470345175556096_0,clean,,,,,,,,,
,main,hurricane_harvey__905470345175556096__905470345175556096_0,benign_image,,,,,,,,,
,main,hurricane_harvey__905470345175556096__905470345175556096_0,benign_text,,,,,,,,,
,main,hurricane_harvey__905470345175556096__905470345175556096_0,benign_joint,,,,,,,,,
,main,hurricane_harvey__905470345175556096__905470345175556096_0,direct_image,,,,,,,,,
,main,hurricane_harvey__905470345175556096__905470345175556096_0,direct_text,,,,,,,,,
,main,hurricane_harvey__905470345175556096__905470345175556096_0,direct_joint,,,,,,,,,
,main,hurricane_harvey__905470345175556096__905470345175556096_0,misleading_image,,,,,,,,,
,main,hurricane_harvey__905470345175556096__905470345175556096_0,misleading_text,,,,,,,,,
,main,hurricane_harvey__905470345175556096__905470345175556096_0,misleading_joint,,,,,,,,,
,main,hurricane_harvey__905491119705702400__905491119705702400_1,clean,,,,,,,,,
,main,hurricane_harvey__905491119705702400__905491119705702400_1,benign_image,,,,,,,,,
,main,hurricane_harvey__905491119705702400__905491119705702400_1,benign_text,,,,,,,,,
,main,hurricane_harvey__905491119705702400__905491119705702400_1,benign_joint,,,,,,,,,
,main,hurricane_harvey__905491119705702400__905491119705702400_1,direct_image,,,,,,,,,
,main,hurricane_harvey__905491119705702400__905491119705702400_1,direct_text,,,,,,,,,
,main,hurricane_harvey__905491119705702400__905491119705702400_1,direct_joint,,,,,,,,,
,main,hurricane_harvey__905491119705702400__905491119705702400_1,misleading_image,,,,,,,,,
,main,hurricane_harvey__905491119705702400__905491119705702400_1,misleading_text,,,,,,,,,
,main,hurricane_harvey__905491119705702400__905491119705702400_1,misleading_joint,,,,,,,,,
,main,hurricane_harvey__905495596823330816__905495596823330816_0,clean,,,,,,,,,
,main,hurricane_harvey__905495596823330816__905495596823330816_0,benign_image,,,,,,,,,
,main,hurricane_harvey__905495596823330816__905495596823330816_0,benign_text,,,,,,,,,
,main,hurricane_harvey__905495596823330816__905495596823330816_0,benign_joint,,,,,,,,,
,main,hurricane_harvey__905495596823330816__905495596823330816_0,direct_image,,,,,,,,,
,main,hurricane_harvey__905495596823330816__905495596823330816_0,direct_text,,,,,,,,,
,main,hurricane_harvey__905495596823330816__905495596823330816_0,direct_joint,,,,,,,,,
,main,hurricane_harvey__905495596823330816__905495596823330816_0,misleading_image,,,,,,,,,
,main,hurricane_harvey__905495596823330816__905495596823330816_0,misleading_text,,,,,,,,,
,main,hurricane_harvey__905495596823330816__905495596823330816_0,misleading_joint,,,,,,,,,
,main,hurricane_harvey__905498554332000256__905498554332000256_3,clean,,,,,,,,,
,main,hurricane_harvey__905498554332000256__905498554332000256_3,benign_image,,,,,,,,,
,main,hurricane_harvey__905498554332000256__905498554332000256_3,benign_text,,,,,,,,,
,main,hurricane_harvey__905498554332000256__905498554332000256_3,benign_joint,,,,,,,,,
,main,hurricane_harvey__905498554332000256__905498554332000256_3,direct_image,,,,,,,,,
,main,hurricane_harvey__905498554332000256__905498554332000256_3,direct_text,,,,,,,,,
,main,hurricane_harvey__905498554332000256__905498554332000256_3,direct_joint,,,,,,,,,
,main,hurricane_harvey__905498554332000256__905498554332000256_3,misleading_image,,,,,,,,,
,main,hurricane_harvey__905498554332000256__905498554332000256_3,misleading_text,,,,,,,,,
,main,hurricane_harvey__905498554332000256__905498554332000256_3,misleading_joint,,,,,,,,,
,main,hurricane_harvey__905534245178880001__905534245178880001_0,clean,,,,,,,,,
,main,hurricane_harvey__905534245178880001__905534245178880001_0,benign_image,,,,,,,,,
,main,hurricane_harvey__905534245178880001__905534245178880001_0,benign_text,,,,,,,,,
,main,hurricane_harvey__905534245178880001__905534245178880001_0,benign_joint,,,,,,,,,
,main,hurricane_harvey__905534245178880001__905534245178880001_0,direct_image,,,,,,,,,
,main,hurricane_harvey__905534245178880001__905534245178880001_0,direct_text,,,,,,,,,
,main,hurricane_harvey__905534245178880001__905534245178880001_0,direct_joint,,,,,,,,,
,main,hurricane_harvey__905534245178880001__905534245178880001_0,misleading_image,,,,,,,,,
,main,hurricane_harvey__905534245178880001__905534245178880001_0,misleading_text,,,,,,,,,
,main,hurricane_harvey__905534245178880001__905534245178880001_0,misleading_joint,,,,,,,,,
,main,hurricane_harvey__905545403386527745__905545403386527745_0,clean,,,,,,,,,
,main,hurricane_harvey__905545403386527745__905545403386527745_0,benign_image,,,,,,,,,
,main,hurricane_harvey__905545403386527745__905545403386527745_0,benign_text,,,,,,,,,
,main,hurricane_harvey__905545403386527745__905545403386527745_0,benign_joint,,,,,,,,,
,main,hurricane_harvey__905545403386527745__905545403386527745_0,direct_image,,,,,,,,,
,main,hurricane_harvey__905545403386527745__905545403386527745_0,direct_text,,,,,,,,,
,main,hurricane_harvey__905545403386527745__905545403386527745_0,direct_joint,,,,,,,,,
,main,hurricane_harvey__905545403386527745__905545403386527745_0,misleading_image,,,,,,,,,
,main,hurricane_harvey__905545403386527745__905545403386527745_0,misleading_text,,,,,,,,,
,main,hurricane_harvey__905545403386527745__905545403386527745_0,misleading_joint,,,,,,,,,
,main,hurricane_harvey__905548507343454208__905548507343454208_0,clean,,,,,,,,,
,main,hurricane_harvey__905548507343454208__905548507343454208_0,benign_image,,,,,,,,,
,main,hurricane_harvey__905548507343454208__905548507343454208_0,benign_text,,,,,,,,,
,main,hurricane_harvey__905548507343454208__905548507343454208_0,benign_joint,,,,,,,,,
,main,hurricane_harvey__905548507343454208__905548507343454208_0,direct_image,,,,,,,,,
,main,hurricane_harvey__905548507343454208__905548507343454208_0,direct_text,,,,,,,,,
,main,hurricane_harvey__905548507343454208__905548507343454208_0,direct_joint,,,,,,,,,
,main,hurricane_harvey__905548507343454208__905548507343454208_0,misleading_image,,,,,,,,,
,main,hurricane_harvey__905548507343454208__905548507343454208_0,misleading_text,,,,,,,,,
,main,hurricane_harvey__905548507343454208__905548507343454208_0,misleading_joint,,,,,,,,,
,main,hurricane_harvey__905555871069073408__905555871069073408_2,clean,,,,,,,,,
,main,hurricane_harvey__905555871069073408__905555871069073408_2,benign_image,,,,,,,,,
,main,hurricane_harvey__905555871069073408__905555871069073408_2,benign_text,,,,,,,,,
,main,hurricane_harvey__905555871069073408__905555871069073408_2,benign_joint,,,,,,,,,
,main,hurricane_harvey__905555871069073408__905555871069073408_2,direct_image,,,,,,,,,
,main,hurricane_harvey__905555871069073408__905555871069073408_2,direct_text,,,,,,,,,
,main,hurricane_harvey__905555871069073408__905555871069073408_2,direct_joint,,,,,,,,,
,main,hurricane_harvey__905555871069073408__905555871069073408_2,misleading_image,,,,,,,,,
,main,hurricane_harvey__905555871069073408__905555871069073408_2,misleading_text,,,,,,,,,
,main,hurricane_harvey__905555871069073408__905555871069073408_2,misleading_joint,,,,,,,,,
,main,hurricane_harvey__905556047984824322__905556047984824322_1,clean,,,,,,,,,
,main,hurricane_harvey__905556047984824322__905556047984824322_1,benign_image,,,,,,,,,
,main,hurricane_harvey__905556047984824322__905556047984824322_1,benign_text,,,,,,,,,
,main,hurricane_harvey__905556047984824322__905556047984824322_1,benign_joint,,,,,,,,,
,main,hurricane_harvey__905556047984824322__905556047984824322_1,direct_image,,,,,,,,,
,main,hurricane_harvey__905556047984824322__905556047984824322_1,direct_text,,,,,,,,,
,main,hurricane_harvey__905556047984824322__905556047984824322_1,direct_joint,,,,,,,,,
,main,hurricane_harvey__905556047984824322__905556047984824322_1,misleading_image,,,,,,,,,
,main,hurricane_harvey__905556047984824322__905556047984824322_1,misleading_text,,,,,,,,,
,main,hurricane_harvey__905556047984824322__905556047984824322_1,misleading_joint,,,,,,,,,
,main,hurricane_harvey__905596298459574273__905596298459574273_0,clean,,,,,,,,,
,main,hurricane_harvey__905596298459574273__905596298459574273_0,benign_image,,,,,,,,,
,main,hurricane_harvey__905596298459574273__905596298459574273_0,benign_text,,,,,,,,,
,main,hurricane_harvey__905596298459574273__905596298459574273_0,benign_joint,,,,,,,,,
,main,hurricane_harvey__905596298459574273__905596298459574273_0,direct_image,,,,,,,,,
,main,hurricane_harvey__905596298459574273__905596298459574273_0,direct_text,,,,,,,,,
,main,hurricane_harvey__905596298459574273__905596298459574273_0,direct_joint,,,,,,,,,
,main,hurricane_harvey__905596298459574273__905596298459574273_0,misleading_image,,,,,,,,,
,main,hurricane_harvey__905596298459574273__905596298459574273_0,misleading_text,,,,,,,,,
,main,hurricane_harvey__905596298459574273__905596298459574273_0,misleading_joint,,,,,,,,,
,main,hurricane_harvey__905637549737213955__905637549737213955_0,clean,,,,,,,,,
,main,hurricane_harvey__905637549737213955__905637549737213955_0,benign_image,,,,,,,,,
,main,hurricane_harvey__905637549737213955__905637549737213955_0,benign_text,,,,,,,,,
,main,hurricane_harvey__905637549737213955__905637549737213955_0,benign_joint,,,,,,,,,
,main,hurricane_harvey__905637549737213955__905637549737213955_0,direct_image,,,,,,,,,
,main,hurricane_harvey__905637549737213955__905637549737213955_0,direct_text,,,,,,,,,
,main,hurricane_harvey__905637549737213955__905637549737213955_0,direct_joint,,,,,,,,,
,main,hurricane_harvey__905637549737213955__905637549737213955_0,misleading_image,,,,,,,,,
,main,hurricane_harvey__905637549737213955__905637549737213955_0,misleading_text,,,,,,,,,
,main,hurricane_harvey__905637549737213955__905637549737213955_0,misleading_joint,,,,,,,,,
,main,hurricane_harvey__905819071849140224__905819071849140224_0,clean,,,,,,,,,
,main,hurricane_harvey__905819071849140224__905819071849140224_0,benign_image,,,,,,,,,
,main,hurricane_harvey__905819071849140224__905819071849140224_0,benign_text,,,,,,,,,
,main,hurricane_harvey__905819071849140224__905819071849140224_0,benign_joint,,,,,,,,,
,main,hurricane_harvey__905819071849140224__905819071849140224_0,direct_image,,,,,,,,,
,main,hurricane_harvey__905819071849140224__905819071849140224_0,direct_text,,,,,,,,,
,main,hurricane_harvey__905819071849140224__905819071849140224_0,direct_joint,,,,,,,,,
,main,hurricane_harvey__905819071849140224__905819071849140224_0,misleading_image,,,,,,,,,
,main,hurricane_harvey__905819071849140224__905819071849140224_0,misleading_text,,,,,,,,,
,main,hurricane_harvey__905819071849140224__905819071849140224_0,misleading_joint,,,,,,,,,
,main,hurricane_harvey__905826747395870720__905826747395870720_0,clean,,,,,,,,,
,main,hurricane_harvey__905826747395870720__905826747395870720_0,benign_image,,,,,,,,,
,main,hurricane_harvey__905826747395870720__905826747395870720_0,benign_text,,,,,,,,,
,main,hurricane_harvey__905826747395870720__905826747395870720_0,benign_joint,,,,,,,,,
,main,hurricane_harvey__905826747395870720__905826747395870720_0,direct_image,,,,,,,,,
,main,hurricane_harvey__905826747395870720__905826747395870720_0,direct_text,,,,,,,,,
,main,hurricane_harvey__905826747395870720__905826747395870720_0,direct_joint,,,,,,,,,
,main,hurricane_harvey__905826747395870720__905826747395870720_0,misleading_image,,,,,,,,,
,main,hurricane_harvey__905826747395870720__905826747395870720_0,misleading_text,,,,,,,,,
,main,hurricane_harvey__905826747395870720__905826747395870720_0,misleading_joint,,,,,,,,,
,main,hurricane_harvey__905830340975058944__905830340975058944_0,clean,,,,,,,,,
,main,hurricane_harvey__905830340975058944__905830340975058944_0,benign_image,,,,,,,,,
,main,hurricane_harvey__905830340975058944__905830340975058944_0,benign_text,,,,,,,,,
,main,hurricane_harvey__905830340975058944__905830340975058944_0,benign_joint,,,,,,,,,
,main,hurricane_harvey__905830340975058944__905830340975058944_0,direct_image,,,,,,,,,
,main,hurricane_harvey__905830340975058944__905830340975058944_0,direct_text,,,,,,,,,
,main,hurricane_harvey__905830340975058944__905830340975058944_0,direct_joint,,,,,,,,,
,main,hurricane_harvey__905830340975058944__905830340975058944_0,misleading_image,,,,,,,,,
,main,hurricane_harvey__905830340975058944__905830340975058944_0,misleading_text,,,,,,,,,
,main,hurricane_harvey__905830340975058944__905830340975058944_0,misleading_joint,,,,,,,,,
,main,hurricane_harvey__905863374122209281__905863374122209281_0,clean,,,,,,,,,
,main,hurricane_harvey__905863374122209281__905863374122209281_0,benign_image,,,,,,,,,
,main,hurricane_harvey__905863374122209281__905863374122209281_0,benign_text,,,,,,,,,
,main,hurricane_harvey__905863374122209281__905863374122209281_0,benign_joint,,,,,,,,,
,main,hurricane_harvey__905863374122209281__905863374122209281_0,direct_image,,,,,,,,,
,main,hurricane_harvey__905863374122209281__905863374122209281_0,direct_text,,,,,,,,,
,main,hurricane_harvey__905863374122209281__905863374122209281_0,direct_joint,,,,,,,,,
,main,hurricane_harvey__905863374122209281__905863374122209281_0,misleading_image,,,,,,,,,
,main,hurricane_harvey__905863374122209281__905863374122209281_0,misleading_text,,,,,,,,,
,main,hurricane_harvey__905863374122209281__905863374122209281_0,misleading_joint,,,,,,,,,
,main,hurricane_harvey__905890938832257025__905890938832257025_0,clean,,,,,,,,,
,main,hurricane_harvey__905890938832257025__905890938832257025_0,benign_image,,,,,,,,,
,main,hurricane_harvey__905890938832257025__905890938832257025_0,benign_text,,,,,,,,,
,main,hurricane_harvey__905890938832257025__905890938832257025_0,benign_joint,,,,,,,,,
,main,hurricane_harvey__905890938832257025__905890938832257025_0,direct_image,,,,,,,,,
,main,hurricane_harvey__905890938832257025__905890938832257025_0,direct_text,,,,,,,,,
,main,hurricane_harvey__905890938832257025__905890938832257025_0,direct_joint,,,,,,,,,
,main,hurricane_harvey__905890938832257025__905890938832257025_0,misleading_image,,,,,,,,,
,main,hurricane_harvey__905890938832257025__905890938832257025_0,misleading_text,,,,,,,,,
,main,hurricane_harvey__905890938832257025__905890938832257025_0,misleading_joint,,,,,,,,,
,main,hurricane_harvey__905924160056168448__905924160056168448_0,clean,,,,,,,,,
,main,hurricane_harvey__905924160056168448__905924160056168448_0,benign_image,,,,,,,,,
,main,hurricane_harvey__905924160056168448__905924160056168448_0,benign_text,,,,,,,,,
,main,hurricane_harvey__905924160056168448__905924160056168448_0,benign_joint,,,,,,,,,
,main,hurricane_harvey__905924160056168448__905924160056168448_0,direct_image,,,,,,,,,
,main,hurricane_harvey__905924160056168448__905924160056168448_0,direct_text,,,,,,,,,
,main,hurricane_harvey__905924160056168448__905924160056168448_0,direct_joint,,,,,,,,,
,main,hurricane_harvey__905924160056168448__905924160056168448_0,misleading_image,,,,,,,,,
,main,hurricane_harvey__905924160056168448__905924160056168448_0,misleading_text,,,,,,,,,
,main,hurricane_harvey__905924160056168448__905924160056168448_0,misleading_joint,,,,,,,,,
,main,hurricane_harvey__905963555282984960__905963555282984960_0,clean,,,,,,,,,
,main,hurricane_harvey__905963555282984960__905963555282984960_0,benign_image,,,,,,,,,
,main,hurricane_harvey__905963555282984960__905963555282984960_0,benign_text,,,,,,,,,
,main,hurricane_harvey__905963555282984960__905963555282984960_0,benign_joint,,,,,,,,,
,main,hurricane_harvey__905963555282984960__905963555282984960_0,direct_image,,,,,,,,,
,main,hurricane_harvey__905963555282984960__905963555282984960_0,direct_text,,,,,,,,,
,main,hurricane_harvey__905963555282984960__905963555282984960_0,direct_joint,,,,,,,,,
,main,hurricane_harvey__905963555282984960__905963555282984960_0,misleading_image,,,,,,,,,
,main,hurricane_harvey__905963555282984960__905963555282984960_0,misleading_text,,,,,,,,,
,main,hurricane_harvey__905963555282984960__905963555282984960_0,misleading_joint,,,,,,,,,
,main,hurricane_harvey__906058581048479744__906058581048479744_0,clean,,,,,,,,,
,main,hurricane_harvey__906058581048479744__906058581048479744_0,benign_image,,,,,,,,,
,main,hurricane_harvey__906058581048479744__906058581048479744_0,benign_text,,,,,,,,,
,main,hurricane_harvey__906058581048479744__906058581048479744_0,benign_joint,,,,,,,,,
,main,hurricane_harvey__906058581048479744__906058581048479744_0,direct_image,,,,,,,,,
,main,hurricane_harvey__906058581048479744__906058581048479744_0,direct_text,,,,,,,,,
,main,hurricane_harvey__906058581048479744__906058581048479744_0,direct_joint,,,,,,,,,
,main,hurricane_harvey__906058581048479744__906058581048479744_0,misleading_image,,,,,,,,,
,main,hurricane_harvey__906058581048479744__906058581048479744_0,misleading_text,,,,,,,,,
,main,hurricane_harvey__906058581048479744__906058581048479744_0,misleading_joint,,,,,,,,,
,main,hurricane_harvey__906062230076219392__906062230076219392_0,clean,,,,,,,,,
,main,hurricane_harvey__906062230076219392__906062230076219392_0,benign_image,,,,,,,,,
,main,hurricane_harvey__906062230076219392__906062230076219392_0,benign_text,,,,,,,,,
,main,hurricane_harvey__906062230076219392__906062230076219392_0,benign_joint,,,,,,,,,
,main,hurricane_harvey__906062230076219392__906062230076219392_0,direct_image,,,,,,,,,
,main,hurricane_harvey__906062230076219392__906062230076219392_0,direct_text,,,,,,,,,
,main,hurricane_harvey__906062230076219392__906062230076219392_0,direct_joint,,,,,,,,,
,main,hurricane_harvey__906062230076219392__906062230076219392_0,misleading_image,,,,,,,,,
,main,hurricane_harvey__906062230076219392__906062230076219392_0,misleading_text,,,,,,,,,
,main,hurricane_harvey__906062230076219392__906062230076219392_0,misleading_joint,,,,,,,,,
,main,hurricane_harvey__906199050206068737__906199050206068737_0,clean,,,,,,,,,
,main,hurricane_harvey__906199050206068737__906199050206068737_0,benign_image,,,,,,,,,
,main,hurricane_harvey__906199050206068737__906199050206068737_0,benign_text,,,,,,,,,
,main,hurricane_harvey__906199050206068737__906199050206068737_0,benign_joint,,,,,,,,,
,main,hurricane_harvey__906199050206068737__906199050206068737_0,direct_image,,,,,,,,,
,main,hurricane_harvey__906199050206068737__906199050206068737_0,direct_text,,,,,,,,,
,main,hurricane_harvey__906199050206068737__906199050206068737_0,direct_joint,,,,,,,,,
,main,hurricane_harvey__906199050206068737__906199050206068737_0,misleading_image,,,,,,,,,
,main,hurricane_harvey__906199050206068737__906199050206068737_0,misleading_text,,,,,,,,,
,main,hurricane_harvey__906199050206068737__906199050206068737_0,misleading_joint,,,,,,,,,
,main,hurricane_harvey__906238289576960000__906238289576960000_0,clean,,,,,,,,,
,main,hurricane_harvey__906238289576960000__906238289576960000_0,benign_image,,,,,,,,,
,main,hurricane_harvey__906238289576960000__906238289576960000_0,benign_text,,,,,,,,,
,main,hurricane_harvey__906238289576960000__906238289576960000_0,benign_joint,,,,,,,,,
,main,hurricane_harvey__906238289576960000__906238289576960000_0,direct_image,,,,,,,,,
,main,hurricane_harvey__906238289576960000__906238289576960000_0,direct_text,,,,,,,,,
,main,hurricane_harvey__906238289576960000__906238289576960000_0,direct_joint,,,,,,,,,
,main,hurricane_harvey__906238289576960000__906238289576960000_0,misleading_image,,,,,,,,,
,main,hurricane_harvey__906238289576960000__906238289576960000_0,misleading_text,,,,,,,,,
,main,hurricane_harvey__906238289576960000__906238289576960000_0,misleading_joint,,,,,,,,,
,main,hurricane_harvey__906254607210475520__906254607210475520_0,clean,,,,,,,,,
,main,hurricane_harvey__906254607210475520__906254607210475520_0,benign_image,,,,,,,,,
,main,hurricane_harvey__906254607210475520__906254607210475520_0,benign_text,,,,,,,,,
,main,hurricane_harvey__906254607210475520__906254607210475520_0,benign_joint,,,,,,,,,
,main,hurricane_harvey__906254607210475520__906254607210475520_0,direct_image,,,,,,,,,
,main,hurricane_harvey__906254607210475520__906254607210475520_0,direct_text,,,,,,,,,
,main,hurricane_harvey__906254607210475520__906254607210475520_0,direct_joint,,,,,,,,,
,main,hurricane_harvey__906254607210475520__906254607210475520_0,misleading_image,,,,,,,,,
,main,hurricane_harvey__906254607210475520__906254607210475520_0,misleading_text,,,,,,,,,
,main,hurricane_harvey__906254607210475520__906254607210475520_0,misleading_joint,,,,,,,,,
,main,hurricane_harvey__906306158994100225__906306158994100225_0,clean,,,,,,,,,
,main,hurricane_harvey__906306158994100225__906306158994100225_0,benign_image,,,,,,,,,
,main,hurricane_harvey__906306158994100225__906306158994100225_0,benign_text,,,,,,,,,
,main,hurricane_harvey__906306158994100225__906306158994100225_0,benign_joint,,,,,,,,,
,main,hurricane_harvey__906306158994100225__906306158994100225_0,direct_image,,,,,,,,,
,main,hurricane_harvey__906306158994100225__906306158994100225_0,direct_text,,,,,,,,,
,main,hurricane_harvey__906306158994100225__906306158994100225_0,direct_joint,,,,,,,,,
,main,hurricane_harvey__906306158994100225__906306158994100225_0,misleading_image,,,,,,,,,
,main,hurricane_harvey__906306158994100225__906306158994100225_0,misleading_text,,,,,,,,,
,main,hurricane_harvey__906306158994100225__906306158994100225_0,misleading_joint,,,,,,,,,
,main,hurricane_harvey__906372211216408576__906372211216408576_0,clean,,,,,,,,,
,main,hurricane_harvey__906372211216408576__906372211216408576_0,benign_image,,,,,,,,,
,main,hurricane_harvey__906372211216408576__906372211216408576_0,benign_text,,,,,,,,,
,main,hurricane_harvey__906372211216408576__906372211216408576_0,benign_joint,,,,,,,,,
,main,hurricane_harvey__906372211216408576__906372211216408576_0,direct_image,,,,,,,,,
,main,hurricane_harvey__906372211216408576__906372211216408576_0,direct_text,,,,,,,,,
,main,hurricane_harvey__906372211216408576__906372211216408576_0,direct_joint,,,,,,,,,
,main,hurricane_harvey__906372211216408576__906372211216408576_0,misleading_image,,,,,,,,,
,main,hurricane_harvey__906372211216408576__906372211216408576_0,misleading_text,,,,,,,,,
,main,hurricane_harvey__906372211216408576__906372211216408576_0,misleading_joint,,,,,,,,,
,main,hurricane_harvey__906491271019036672__906491271019036672_0,clean,,,,,,,,,
,main,hurricane_harvey__906491271019036672__906491271019036672_0,benign_image,,,,,,,,,
,main,hurricane_harvey__906491271019036672__906491271019036672_0,benign_text,,,,,,,,,
,main,hurricane_harvey__906491271019036672__906491271019036672_0,benign_joint,,,,,,,,,
,main,hurricane_harvey__906491271019036672__906491271019036672_0,direct_image,,,,,,,,,
,main,hurricane_harvey__906491271019036672__906491271019036672_0,direct_text,,,,,,,,,
,main,hurricane_harvey__906491271019036672__906491271019036672_0,direct_joint,,,,,,,,,
,main,hurricane_harvey__906491271019036672__906491271019036672_0,misleading_image,,,,,,,,,
,main,hurricane_harvey__906491271019036672__906491271019036672_0,misleading_text,,,,,,,,,
,main,hurricane_harvey__906491271019036672__906491271019036672_0,misleading_joint,,,,,,,,,
,main,hurricane_harvey__906563342189375488__906563342189375488_0,clean,,,,,,,,,
,main,hurricane_harvey__906563342189375488__906563342189375488_0,benign_image,,,,,,,,,
,main,hurricane_harvey__906563342189375488__906563342189375488_0,benign_text,,,,,,,,,
,main,hurricane_harvey__906563342189375488__906563342189375488_0,benign_joint,,,,,,,,,
,main,hurricane_harvey__906563342189375488__906563342189375488_0,direct_image,,,,,,,,,
,main,hurricane_harvey__906563342189375488__906563342189375488_0,direct_text,,,,,,,,,
,main,hurricane_harvey__906563342189375488__906563342189375488_0,direct_joint,,,,,,,,,
,main,hurricane_harvey__906563342189375488__906563342189375488_0,misleading_image,,,,,,,,,
,main,hurricane_harvey__906563342189375488__906563342189375488_0,misleading_text,,,,,,,,,
,main,hurricane_harvey__906563342189375488__906563342189375488_0,misleading_joint,,,,,,,,,
,main,hurricane_harvey__906626877321818112__906626877321818112_0,clean,,,,,,,,,
,main,hurricane_harvey__906626877321818112__906626877321818112_0,benign_image,,,,,,,,,
,main,hurricane_harvey__906626877321818112__906626877321818112_0,benign_text,,,,,,,,,
,main,hurricane_harvey__906626877321818112__906626877321818112_0,benign_joint,,,,,,,,,
,main,hurricane_harvey__906626877321818112__906626877321818112_0,direct_image,,,,,,,,,
,main,hurricane_harvey__906626877321818112__906626877321818112_0,direct_text,,,,,,,,,
,main,hurricane_harvey__906626877321818112__906626877321818112_0,direct_joint,,,,,,,,,
,main,hurricane_harvey__906626877321818112__906626877321818112_0,misleading_image,,,,,,,,,
,main,hurricane_harvey__906626877321818112__906626877321818112_0,misleading_text,,,,,,,,,
,main,hurricane_harvey__906626877321818112__906626877321818112_0,misleading_joint,,,,,,,,,
,main,hurricane_harvey__906635791778160640__906635791778160640_2,clean,,,,,,,,,
,main,hurricane_harvey__906635791778160640__906635791778160640_2,benign_image,,,,,,,,,
,main,hurricane_harvey__906635791778160640__906635791778160640_2,benign_text,,,,,,,,,
,main,hurricane_harvey__906635791778160640__906635791778160640_2,benign_joint,,,,,,,,,
,main,hurricane_harvey__906635791778160640__906635791778160640_2,direct_image,,,,,,,,,
,main,hurricane_harvey__906635791778160640__906635791778160640_2,direct_text,,,,,,,,,
,main,hurricane_harvey__906635791778160640__906635791778160640_2,direct_joint,,,,,,,,,
,main,hurricane_harvey__906635791778160640__906635791778160640_2,misleading_image,,,,,,,,,
,main,hurricane_harvey__906635791778160640__906635791778160640_2,misleading_text,,,,,,,,,
,main,hurricane_harvey__906635791778160640__906635791778160640_2,misleading_joint,,,,,,,,,
,main,hurricane_harvey__906664753602457601__906664753602457601_0,clean,,,,,,,,,
,main,hurricane_harvey__906664753602457601__906664753602457601_0,benign_image,,,,,,,,,
,main,hurricane_harvey__906664753602457601__906664753602457601_0,benign_text,,,,,,,,,
,main,hurricane_harvey__906664753602457601__906664753602457601_0,benign_joint,,,,,,,,,
,main,hurricane_harvey__906664753602457601__906664753602457601_0,direct_image,,,,,,,,,
,main,hurricane_harvey__906664753602457601__906664753602457601_0,direct_text,,,,,,,,,
,main,hurricane_harvey__906664753602457601__906664753602457601_0,direct_joint,,,,,,,,,
,main,hurricane_harvey__906664753602457601__906664753602457601_0,misleading_image,,,,,,,,,
,main,hurricane_harvey__906664753602457601__906664753602457601_0,misleading_text,,,,,,,,,
,main,hurricane_harvey__906664753602457601__906664753602457601_0,misleading_joint,,,,,,,,,
,main,hurricane_harvey__906706479440384000__906706479440384000_0,clean,,,,,,,,,
,main,hurricane_harvey__906706479440384000__906706479440384000_0,benign_image,,,,,,,,,
,main,hurricane_harvey__906706479440384000__906706479440384000_0,benign_text,,,,,,,,,
,main,hurricane_harvey__906706479440384000__906706479440384000_0,benign_joint,,,,,,,,,
,main,hurricane_harvey__906706479440384000__906706479440384000_0,direct_image,,,,,,,,,
,main,hurricane_harvey__906706479440384000__906706479440384000_0,direct_text,,,,,,,,,
,main,hurricane_harvey__906706479440384000__906706479440384000_0,direct_joint,,,,,,,,,
,main,hurricane_harvey__906706479440384000__906706479440384000_0,misleading_image,,,,,,,,,
,main,hurricane_harvey__906706479440384000__906706479440384000_0,misleading_text,,,,,,,,,
,main,hurricane_harvey__906706479440384000__906706479440384000_0,misleading_joint,,,,,,,,,
,main,hurricane_harvey__906713843283451904__906713843283451904_0,clean,,,,,,,,,
,main,hurricane_harvey__906713843283451904__906713843283451904_0,benign_image,,,,,,,,,
,main,hurricane_harvey__906713843283451904__906713843283451904_0,benign_text,,,,,,,,,
,main,hurricane_harvey__906713843283451904__906713843283451904_0,benign_joint,,,,,,,,,
,main,hurricane_harvey__906713843283451904__906713843283451904_0,direct_image,,,,,,,,,
,main,hurricane_harvey__906713843283451904__906713843283451904_0,direct_text,,,,,,,,,
,main,hurricane_harvey__906713843283451904__906713843283451904_0,direct_joint,,,,,,,,,
,main,hurricane_harvey__906713843283451904__906713843283451904_0,misleading_image,,,,,,,,,
,main,hurricane_harvey__906713843283451904__906713843283451904_0,misleading_text,,,,,,,,,
,main,hurricane_harvey__906713843283451904__906713843283451904_0,misleading_joint,,,,,,,,,
,main,hurricane_harvey__906779124454354945__906779124454354945_0,clean,,,,,,,,,
,main,hurricane_harvey__906779124454354945__906779124454354945_0,benign_image,,,,,,,,,
,main,hurricane_harvey__906779124454354945__906779124454354945_0,benign_text,,,,,,,,,
,main,hurricane_harvey__906779124454354945__906779124454354945_0,benign_joint,,,,,,,,,
,main,hurricane_harvey__906779124454354945__906779124454354945_0,direct_image,,,,,,,,,
,main,hurricane_harvey__906779124454354945__906779124454354945_0,direct_text,,,,,,,,,
,main,hurricane_harvey__906779124454354945__906779124454354945_0,direct_joint,,,,,,,,,
,main,hurricane_harvey__906779124454354945__906779124454354945_0,misleading_image,,,,,,,,,
,main,hurricane_harvey__906779124454354945__906779124454354945_0,misleading_text,,,,,,,,,
,main,hurricane_harvey__906779124454354945__906779124454354945_0,misleading_joint,,,,,,,,,
,main,hurricane_harvey__906792024094986240__906792024094986240_0,clean,,,,,,,,,
,main,hurricane_harvey__906792024094986240__906792024094986240_0,benign_image,,,,,,,,,
,main,hurricane_harvey__906792024094986240__906792024094986240_0,benign_text,,,,,,,,,
,main,hurricane_harvey__906792024094986240__906792024094986240_0,benign_joint,,,,,,,,,
,main,hurricane_harvey__906792024094986240__906792024094986240_0,direct_image,,,,,,,,,
,main,hurricane_harvey__906792024094986240__906792024094986240_0,direct_text,,,,,,,,,
,main,hurricane_harvey__906792024094986240__906792024094986240_0,direct_joint,,,,,,,,,
,main,hurricane_harvey__906792024094986240__906792024094986240_0,misleading_image,,,,,,,,,
,main,hurricane_harvey__906792024094986240__906792024094986240_0,misleading_text,,,,,,,,,
,main,hurricane_harvey__906792024094986240__906792024094986240_0,misleading_joint,,,,,,,,,
,main,hurricane_harvey__906919855475097600__906919855475097600_2,clean,,,,,,,,,
,main,hurricane_harvey__906919855475097600__906919855475097600_2,benign_image,,,,,,,,,
,main,hurricane_harvey__906919855475097600__906919855475097600_2,benign_text,,,,,,,,,
,main,hurricane_harvey__906919855475097600__906919855475097600_2,benign_joint,,,,,,,,,
,main,hurricane_harvey__906919855475097600__906919855475097600_2,direct_image,,,,,,,,,
,main,hurricane_harvey__906919855475097600__906919855475097600_2,direct_text,,,,,,,,,
,main,hurricane_harvey__906919855475097600__906919855475097600_2,direct_joint,,,,,,,,,
,main,hurricane_harvey__906919855475097600__906919855475097600_2,misleading_image,,,,,,,,,
,main,hurricane_harvey__906919855475097600__906919855475097600_2,misleading_text,,,,,,,,,
,main,hurricane_harvey__906919855475097600__906919855475097600_2,misleading_joint,,,,,,,,,
,main,hurricane_harvey__906948548356341760__906948548356341760_0,clean,,,,,,,,,
,main,hurricane_harvey__906948548356341760__906948548356341760_0,benign_image,,,,,,,,,
,main,hurricane_harvey__906948548356341760__906948548356341760_0,benign_text,,,,,,,,,
,main,hurricane_harvey__906948548356341760__906948548356341760_0,benign_joint,,,,,,,,,
,main,hurricane_harvey__906948548356341760__906948548356341760_0,direct_image,,,,,,,,,
,main,hurricane_harvey__906948548356341760__906948548356341760_0,direct_text,,,,,,,,,
,main,hurricane_harvey__906948548356341760__906948548356341760_0,direct_joint,,,,,,,,,
,main,hurricane_harvey__906948548356341760__906948548356341760_0,misleading_image,,,,,,,,,
,main,hurricane_harvey__906948548356341760__906948548356341760_0,misleading_text,,,,,,,,,
,main,hurricane_harvey__906948548356341760__906948548356341760_0,misleading_joint,,,,,,,,,
,main,hurricane_harvey__906964197053014016__906964197053014016_0,clean,,,,,,,,,
,main,hurricane_harvey__906964197053014016__906964197053014016_0,benign_image,,,,,,,,,
,main,hurricane_harvey__906964197053014016__906964197053014016_0,benign_text,,,,,,,,,
,main,hurricane_harvey__906964197053014016__906964197053014016_0,benign_joint,,,,,,,,,
,main,hurricane_harvey__906964197053014016__906964197053014016_0,direct_image,,,,,,,,,
,main,hurricane_harvey__906964197053014016__906964197053014016_0,direct_text,,,,,,,,,
,main,hurricane_harvey__906964197053014016__906964197053014016_0,direct_joint,,,,,,,,,
,main,hurricane_harvey__906964197053014016__906964197053014016_0,misleading_image,,,,,,,,,
,main,hurricane_harvey__906964197053014016__906964197053014016_0,misleading_text,,,,,,,,,
,main,hurricane_harvey__906964197053014016__906964197053014016_0,misleading_joint,,,,,,,,,
,main,hurricane_harvey__906984251538776071__906984251538776071_0,clean,,,,,,,,,
,main,hurricane_harvey__906984251538776071__906984251538776071_0,benign_image,,,,,,,,,
,main,hurricane_harvey__906984251538776071__906984251538776071_0,benign_text,,,,,,,,,
,main,hurricane_harvey__906984251538776071__906984251538776071_0,benign_joint,,,,,,,,,
,main,hurricane_harvey__906984251538776071__906984251538776071_0,direct_image,,,,,,,,,
,main,hurricane_harvey__906984251538776071__906984251538776071_0,direct_text,,,,,,,,,
,main,hurricane_harvey__906984251538776071__906984251538776071_0,direct_joint,,,,,,,,,
,main,hurricane_harvey__906984251538776071__906984251538776071_0,misleading_image,,,,,,,,,
,main,hurricane_harvey__906984251538776071__906984251538776071_0,misleading_text,,,,,,,,,
,main,hurricane_harvey__906984251538776071__906984251538776071_0,misleading_joint,,,,,,,,,
,main,hurricane_harvey__907041310518935552__907041310518935552_0,clean,,,,,,,,,
,main,hurricane_harvey__907041310518935552__907041310518935552_0,benign_image,,,,,,,,,
,main,hurricane_harvey__907041310518935552__907041310518935552_0,benign_text,,,,,,,,,
,main,hurricane_harvey__907041310518935552__907041310518935552_0,benign_joint,,,,,,,,,
,main,hurricane_harvey__907041310518935552__907041310518935552_0,direct_image,,,,,,,,,
,main,hurricane_harvey__907041310518935552__907041310518935552_0,direct_text,,,,,,,,,
,main,hurricane_harvey__907041310518935552__907041310518935552_0,direct_joint,,,,,,,,,
,main,hurricane_harvey__907041310518935552__907041310518935552_0,misleading_image,,,,,,,,,
,main,hurricane_harvey__907041310518935552__907041310518935552_0,misleading_text,,,,,,,,,
,main,hurricane_harvey__907041310518935552__907041310518935552_0,misleading_joint,,,,,,,,,
,main,hurricane_harvey__907200075687964672__907200075687964672_1,clean,,,,,,,,,
,main,hurricane_harvey__907200075687964672__907200075687964672_1,benign_image,,,,,,,,,
,main,hurricane_harvey__907200075687964672__907200075687964672_1,benign_text,,,,,,,,,
,main,hurricane_harvey__907200075687964672__907200075687964672_1,benign_joint,,,,,,,,,
,main,hurricane_harvey__907200075687964672__907200075687964672_1,direct_image,,,,,,,,,
,main,hurricane_harvey__907200075687964672__907200075687964672_1,direct_text,,,,,,,,,
,main,hurricane_harvey__907200075687964672__907200075687964672_1,direct_joint,,,,,,,,,
,main,hurricane_harvey__907200075687964672__907200075687964672_1,misleading_image,,,,,,,,,
,main,hurricane_harvey__907200075687964672__907200075687964672_1,misleading_text,,,,,,,,,
,main,hurricane_harvey__907200075687964672__907200075687964672_1,misleading_joint,,,,,,,,,
,main,hurricane_harvey__907257101029974016__907257101029974016_3,clean,,,,,,,,,
,main,hurricane_harvey__907257101029974016__907257101029974016_3,benign_image,,,,,,,,,
,main,hurricane_harvey__907257101029974016__907257101029974016_3,benign_text,,,,,,,,,
,main,hurricane_harvey__907257101029974016__907257101029974016_3,benign_joint,,,,,,,,,
,main,hurricane_harvey__907257101029974016__907257101029974016_3,direct_image,,,,,,,,,
,main,hurricane_harvey__907257101029974016__907257101029974016_3,direct_text,,,,,,,,,
,main,hurricane_harvey__907257101029974016__907257101029974016_3,direct_joint,,,,,,,,,
,main,hurricane_harvey__907257101029974016__907257101029974016_3,misleading_image,,,,,,,,,
,main,hurricane_harvey__907257101029974016__907257101029974016_3,misleading_text,,,,,,,,,
,main,hurricane_harvey__907257101029974016__907257101029974016_3,misleading_joint,,,,,,,,,
,main,hurricane_harvey__907259489728024577__907259489728024577_0,clean,,,,,,,,,
,main,hurricane_harvey__907259489728024577__907259489728024577_0,benign_image,,,,,,,,,
,main,hurricane_harvey__907259489728024577__907259489728024577_0,benign_text,,,,,,,,,
,main,hurricane_harvey__907259489728024577__907259489728024577_0,benign_joint,,,,,,,,,
,main,hurricane_harvey__907259489728024577__907259489728024577_0,direct_image,,,,,,,,,
,main,hurricane_harvey__907259489728024577__907259489728024577_0,direct_text,,,,,,,,,
,main,hurricane_harvey__907259489728024577__907259489728024577_0,direct_joint,,,,,,,,,
,main,hurricane_harvey__907259489728024577__907259489728024577_0,misleading_image,,,,,,,,,
,main,hurricane_harvey__907259489728024577__907259489728024577_0,misleading_text,,,,,,,,,
,main,hurricane_harvey__907259489728024577__907259489728024577_0,misleading_joint,,,,,,,,,
,main,hurricane_harvey__907260858606260224__907260858606260224_0,clean,,,,,,,,,
,main,hurricane_harvey__907260858606260224__907260858606260224_0,benign_image,,,,,,,,,
,main,hurricane_harvey__907260858606260224__907260858606260224_0,benign_text,,,,,,,,,
,main,hurricane_harvey__907260858606260224__907260858606260224_0,benign_joint,,,,,,,,,
,main,hurricane_harvey__907260858606260224__907260858606260224_0,direct_image,,,,,,,,,
,main,hurricane_harvey__907260858606260224__907260858606260224_0,direct_text,,,,,,,,,
,main,hurricane_harvey__907260858606260224__907260858606260224_0,direct_joint,,,,,,,,,
,main,hurricane_harvey__907260858606260224__907260858606260224_0,misleading_image,,,,,,,,,
,main,hurricane_harvey__907260858606260224__907260858606260224_0,misleading_text,,,,,,,,,
,main,hurricane_harvey__907260858606260224__907260858606260224_0,misleading_joint,,,,,,,,,
,main,hurricane_harvey__907272819100327936__907272819100327936_0,clean,,,,,,,,,
,main,hurricane_harvey__907272819100327936__907272819100327936_0,benign_image,,,,,,,,,
,main,hurricane_harvey__907272819100327936__907272819100327936_0,benign_text,,,,,,,,,
,main,hurricane_harvey__907272819100327936__907272819100327936_0,benign_joint,,,,,,,,,
,main,hurricane_harvey__907272819100327936__907272819100327936_0,direct_image,,,,,,,,,
,main,hurricane_harvey__907272819100327936__907272819100327936_0,direct_text,,,,,,,,,
,main,hurricane_harvey__907272819100327936__907272819100327936_0,direct_joint,,,,,,,,,
,main,hurricane_harvey__907272819100327936__907272819100327936_0,misleading_image,,,,,,,,,
,main,hurricane_harvey__907272819100327936__907272819100327936_0,misleading_text,,,,,,,,,
,main,hurricane_harvey__907272819100327936__907272819100327936_0,misleading_joint,,,,,,,,,
,main,hurricane_harvey__907272871965188096__907272871965188096_0,clean,,,,,,,,,
,main,hurricane_harvey__907272871965188096__907272871965188096_0,benign_image,,,,,,,,,
,main,hurricane_harvey__907272871965188096__907272871965188096_0,benign_text,,,,,,,,,
,main,hurricane_harvey__907272871965188096__907272871965188096_0,benign_joint,,,,,,,,,
,main,hurricane_harvey__907272871965188096__907272871965188096_0,direct_image,,,,,,,,,
,main,hurricane_harvey__907272871965188096__907272871965188096_0,direct_text,,,,,,,,,
,main,hurricane_harvey__907272871965188096__907272871965188096_0,direct_joint,,,,,,,,,
,main,hurricane_harvey__907272871965188096__907272871965188096_0,misleading_image,,,,,,,,,
,main,hurricane_harvey__907272871965188096__907272871965188096_0,misleading_text,,,,,,,,,
,main,hurricane_harvey__907272871965188096__907272871965188096_0,misleading_joint,,,,,,,,,
,main,hurricane_harvey__907278081756299264__907278081756299264_0,clean,,,,,,,,,
,main,hurricane_harvey__907278081756299264__907278081756299264_0,benign_image,,,,,,,,,
,main,hurricane_harvey__907278081756299264__907278081756299264_0,benign_text,,,,,,,,,
,main,hurricane_harvey__907278081756299264__907278081756299264_0,benign_joint,,,,,,,,,
,main,hurricane_harvey__907278081756299264__907278081756299264_0,direct_image,,,,,,,,,
,main,hurricane_harvey__907278081756299264__907278081756299264_0,direct_text,,,,,,,,,
,main,hurricane_harvey__907278081756299264__907278081756299264_0,direct_joint,,,,,,,,,
,main,hurricane_harvey__907278081756299264__907278081756299264_0,misleading_image,,,,,,,,,
,main,hurricane_harvey__907278081756299264__907278081756299264_0,misleading_text,,,,,,,,,
,main,hurricane_harvey__907278081756299264__907278081756299264_0,misleading_joint,,,,,,,,,
,main,hurricane_harvey__907296821357289476__907296821357289476_0,clean,,,,,,,,,
,main,hurricane_harvey__907296821357289476__907296821357289476_0,benign_image,,,,,,,,,
,main,hurricane_harvey__907296821357289476__907296821357289476_0,benign_text,,,,,,,,,
,main,hurricane_harvey__907296821357289476__907296821357289476_0,benign_joint,,,,,,,,,
,main,hurricane_harvey__907296821357289476__907296821357289476_0,direct_image,,,,,,,,,
,main,hurricane_harvey__907296821357289476__907296821357289476_0,direct_text,,,,,,,,,
,main,hurricane_harvey__907296821357289476__907296821357289476_0,direct_joint,,,,,,,,,
,main,hurricane_harvey__907296821357289476__907296821357289476_0,misleading_image,,,,,,,,,
,main,hurricane_harvey__907296821357289476__907296821357289476_0,misleading_text,,,,,,,,,
,main,hurricane_harvey__907296821357289476__907296821357289476_0,misleading_joint,,,,,,,,,
,main,hurricane_harvey__907307110307962885__907307110307962885_0,clean,,,,,,,,,
,main,hurricane_harvey__907307110307962885__907307110307962885_0,benign_image,,,,,,,,,
,main,hurricane_harvey__907307110307962885__907307110307962885_0,benign_text,,,,,,,,,
,main,hurricane_harvey__907307110307962885__907307110307962885_0,benign_joint,,,,,,,,,
,main,hurricane_harvey__907307110307962885__907307110307962885_0,direct_image,,,,,,,,,
,main,hurricane_harvey__907307110307962885__907307110307962885_0,direct_text,,,,,,,,,
,main,hurricane_harvey__907307110307962885__907307110307962885_0,direct_joint,,,,,,,,,
,main,hurricane_harvey__907307110307962885__907307110307962885_0,misleading_image,,,,,,,,,
,main,hurricane_harvey__907307110307962885__907307110307962885_0,misleading_text,,,,,,,,,
,main,hurricane_harvey__907307110307962885__907307110307962885_0,misleading_joint,,,,,,,,,
,main,hurricane_harvey__907307308211982336__907307308211982336_0,clean,,,,,,,,,
,main,hurricane_harvey__907307308211982336__907307308211982336_0,benign_image,,,,,,,,,
,main,hurricane_harvey__907307308211982336__907307308211982336_0,benign_text,,,,,,,,,
,main,hurricane_harvey__907307308211982336__907307308211982336_0,benign_joint,,,,,,,,,
,main,hurricane_harvey__907307308211982336__907307308211982336_0,direct_image,,,,,,,,,
,main,hurricane_harvey__907307308211982336__907307308211982336_0,direct_text,,,,,,,,,
,main,hurricane_harvey__907307308211982336__907307308211982336_0,direct_joint,,,,,,,,,
,main,hurricane_harvey__907307308211982336__907307308211982336_0,misleading_image,,,,,,,,,
,main,hurricane_harvey__907307308211982336__907307308211982336_0,misleading_text,,,,,,,,,
,main,hurricane_harvey__907307308211982336__907307308211982336_0,misleading_joint,,,,,,,,,
,main,hurricane_harvey__907345772823408642__907345772823408642_0,clean,,,,,,,,,
,main,hurricane_harvey__907345772823408642__907345772823408642_0,benign_image,,,,,,,,,
,main,hurricane_harvey__907345772823408642__907345772823408642_0,benign_text,,,,,,,,,
,main,hurricane_harvey__907345772823408642__907345772823408642_0,benign_joint,,,,,,,,,
,main,hurricane_harvey__907345772823408642__907345772823408642_0,direct_image,,,,,,,,,
,main,hurricane_harvey__907345772823408642__907345772823408642_0,direct_text,,,,,,,,,
,main,hurricane_harvey__907345772823408642__907345772823408642_0,direct_joint,,,,,,,,,
,main,hurricane_harvey__907345772823408642__907345772823408642_0,misleading_image,,,,,,,,,
,main,hurricane_harvey__907345772823408642__907345772823408642_0,misleading_text,,,,,,,,,
,main,hurricane_harvey__907345772823408642__907345772823408642_0,misleading_joint,,,,,,,,,
,main,hurricane_harvey__907351036393914368__907351036393914368_0,clean,,,,,,,,,
,main,hurricane_harvey__907351036393914368__907351036393914368_0,benign_image,,,,,,,,,
,main,hurricane_harvey__907351036393914368__907351036393914368_0,benign_text,,,,,,,,,
,main,hurricane_harvey__907351036393914368__907351036393914368_0,benign_joint,,,,,,,,,
,main,hurricane_harvey__907351036393914368__907351036393914368_0,direct_image,,,,,,,,,
,main,hurricane_harvey__907351036393914368__907351036393914368_0,direct_text,,,,,,,,,
,main,hurricane_harvey__907351036393914368__907351036393914368_0,direct_joint,,,,,,,,,
,main,hurricane_harvey__907351036393914368__907351036393914368_0,misleading_image,,,,,,,,,
,main,hurricane_harvey__907351036393914368__907351036393914368_0,misleading_text,,,,,,,,,
,main,hurricane_harvey__907351036393914368__907351036393914368_0,misleading_joint,,,,,,,,,
,main,hurricane_harvey__907370190182199297__907370190182199297_0,clean,,,,,,,,,
,main,hurricane_harvey__907370190182199297__907370190182199297_0,benign_image,,,,,,,,,
,main,hurricane_harvey__907370190182199297__907370190182199297_0,benign_text,,,,,,,,,
,main,hurricane_harvey__907370190182199297__907370190182199297_0,benign_joint,,,,,,,,,
,main,hurricane_harvey__907370190182199297__907370190182199297_0,direct_image,,,,,,,,,
,main,hurricane_harvey__907370190182199297__907370190182199297_0,direct_text,,,,,,,,,
,main,hurricane_harvey__907370190182199297__907370190182199297_0,direct_joint,,,,,,,,,
,main,hurricane_harvey__907370190182199297__907370190182199297_0,misleading_image,,,,,,,,,
,main,hurricane_harvey__907370190182199297__907370190182199297_0,misleading_text,,,,,,,,,
,main,hurricane_harvey__907370190182199297__907370190182199297_0,misleading_joint,,,,,,,,,
,main,hurricane_harvey__907383711246770176__907383711246770176_0,clean,,,,,,,,,
,main,hurricane_harvey__907383711246770176__907383711246770176_0,benign_image,,,,,,,,,
,main,hurricane_harvey__907383711246770176__907383711246770176_0,benign_text,,,,,,,,,
,main,hurricane_harvey__907383711246770176__907383711246770176_0,benign_joint,,,,,,,,,
,main,hurricane_harvey__907383711246770176__907383711246770176_0,direct_image,,,,,,,,,
,main,hurricane_harvey__907383711246770176__907383711246770176_0,direct_text,,,,,,,,,
,main,hurricane_harvey__907383711246770176__907383711246770176_0,direct_joint,,,,,,,,,
,main,hurricane_harvey__907383711246770176__907383711246770176_0,misleading_image,,,,,,,,,
,main,hurricane_harvey__907383711246770176__907383711246770176_0,misleading_text,,,,,,,,,
,main,hurricane_harvey__907383711246770176__907383711246770176_0,misleading_joint,,,,,,,,,
,main,hurricane_harvey__907393512630611969__907393512630611969_0,clean,,,,,,,,,
,main,hurricane_harvey__907393512630611969__907393512630611969_0,benign_image,,,,,,,,,
,main,hurricane_harvey__907393512630611969__907393512630611969_0,benign_text,,,,,,,,,
,main,hurricane_harvey__907393512630611969__907393512630611969_0,benign_joint,,,,,,,,,
,main,hurricane_harvey__907393512630611969__907393512630611969_0,direct_image,,,,,,,,,
,main,hurricane_harvey__907393512630611969__907393512630611969_0,direct_text,,,,,,,,,
,main,hurricane_harvey__907393512630611969__907393512630611969_0,direct_joint,,,,,,,,,
,main,hurricane_harvey__907393512630611969__907393512630611969_0,misleading_image,,,,,,,,,
,main,hurricane_harvey__907393512630611969__907393512630611969_0,misleading_text,,,,,,,,,
,main,hurricane_harvey__907393512630611969__907393512630611969_0,misleading_joint,,,,,,,,,
,main,hurricane_harvey__907435657882226689__907435657882226689_0,clean,,,,,,,,,
,main,hurricane_harvey__907435657882226689__907435657882226689_0,benign_image,,,,,,,,,
,main,hurricane_harvey__907435657882226689__907435657882226689_0,benign_text,,,,,,,,,
,main,hurricane_harvey__907435657882226689__907435657882226689_0,benign_joint,,,,,,,,,
,main,hurricane_harvey__907435657882226689__907435657882226689_0,direct_image,,,,,,,,,
,main,hurricane_harvey__907435657882226689__907435657882226689_0,direct_text,,,,,,,,,
,main,hurricane_harvey__907435657882226689__907435657882226689_0,direct_joint,,,,,,,,,
,main,hurricane_harvey__907435657882226689__907435657882226689_0,misleading_image,,,,,,,,,
,main,hurricane_harvey__907435657882226689__907435657882226689_0,misleading_text,,,,,,,,,
,main,hurricane_harvey__907435657882226689__907435657882226689_0,misleading_joint,,,,,,,,,
,main,hurricane_harvey__907638987438874624__907638987438874624_0,clean,,,,,,,,,
,main,hurricane_harvey__907638987438874624__907638987438874624_0,benign_image,,,,,,,,,
,main,hurricane_harvey__907638987438874624__907638987438874624_0,benign_text,,,,,,,,,
,main,hurricane_harvey__907638987438874624__907638987438874624_0,benign_joint,,,,,,,,,
,main,hurricane_harvey__907638987438874624__907638987438874624_0,direct_image,,,,,,,,,
,main,hurricane_harvey__907638987438874624__907638987438874624_0,direct_text,,,,,,,,,
,main,hurricane_harvey__907638987438874624__907638987438874624_0,direct_joint,,,,,,,,,
,main,hurricane_harvey__907638987438874624__907638987438874624_0,misleading_image,,,,,,,,,
,main,hurricane_harvey__907638987438874624__907638987438874624_0,misleading_text,,,,,,,,,
,main,hurricane_harvey__907638987438874624__907638987438874624_0,misleading_joint,,,,,,,,,
,main,hurricane_harvey__907648877460955137__907648877460955137_0,clean,,,,,,,,,
,main,hurricane_harvey__907648877460955137__907648877460955137_0,benign_image,,,,,,,,,
,main,hurricane_harvey__907648877460955137__907648877460955137_0,benign_text,,,,,,,,,
,main,hurricane_harvey__907648877460955137__907648877460955137_0,benign_joint,,,,,,,,,
,main,hurricane_harvey__907648877460955137__907648877460955137_0,direct_image,,,,,,,,,
,main,hurricane_harvey__907648877460955137__907648877460955137_0,direct_text,,,,,,,,,
,main,hurricane_harvey__907648877460955137__907648877460955137_0,direct_joint,,,,,,,,,
,main,hurricane_harvey__907648877460955137__907648877460955137_0,misleading_image,,,,,,,,,
,main,hurricane_harvey__907648877460955137__907648877460955137_0,misleading_text,,,,,,,,,
,main,hurricane_harvey__907648877460955137__907648877460955137_0,misleading_joint,,,,,,,,,
,main,hurricane_harvey__907735778914058241__907735778914058241_0,clean,,,,,,,,,
,main,hurricane_harvey__907735778914058241__907735778914058241_0,benign_image,,,,,,,,,
,main,hurricane_harvey__907735778914058241__907735778914058241_0,benign_text,,,,,,,,,
,main,hurricane_harvey__907735778914058241__907735778914058241_0,benign_joint,,,,,,,,,
,main,hurricane_harvey__907735778914058241__907735778914058241_0,direct_image,,,,,,,,,
,main,hurricane_harvey__907735778914058241__907735778914058241_0,direct_text,,,,,,,,,
,main,hurricane_harvey__907735778914058241__907735778914058241_0,direct_joint,,,,,,,,,
,main,hurricane_harvey__907735778914058241__907735778914058241_0,misleading_image,,,,,,,,,
,main,hurricane_harvey__907735778914058241__907735778914058241_0,misleading_text,,,,,,,,,
,main,hurricane_harvey__907735778914058241__907735778914058241_0,misleading_joint,,,,,,,,,
,main,hurricane_harvey__907772978116653056__907772978116653056_0,clean,,,,,,,,,
,main,hurricane_harvey__907772978116653056__907772978116653056_0,benign_image,,,,,,,,,
,main,hurricane_harvey__907772978116653056__907772978116653056_0,benign_text,,,,,,,,,
,main,hurricane_harvey__907772978116653056__907772978116653056_0,benign_joint,,,,,,,,,
,main,hurricane_harvey__907772978116653056__907772978116653056_0,direct_image,,,,,,,,,
,main,hurricane_harvey__907772978116653056__907772978116653056_0,direct_text,,,,,,,,,
,main,hurricane_harvey__907772978116653056__907772978116653056_0,direct_joint,,,,,,,,,
,main,hurricane_harvey__907772978116653056__907772978116653056_0,misleading_image,,,,,,,,,
,main,hurricane_harvey__907772978116653056__907772978116653056_0,misleading_text,,,,,,,,,
,main,hurricane_harvey__907772978116653056__907772978116653056_0,misleading_joint,,,,,,,,,
,main,hurricane_harvey__907786118225121280__907786118225121280_0,clean,,,,,,,,,
,main,hurricane_harvey__907786118225121280__907786118225121280_0,benign_image,,,,,,,,,
,main,hurricane_harvey__907786118225121280__907786118225121280_0,benign_text,,,,,,,,,
,main,hurricane_harvey__907786118225121280__907786118225121280_0,benign_joint,,,,,,,,,
,main,hurricane_harvey__907786118225121280__907786118225121280_0,direct_image,,,,,,,,,
,main,hurricane_harvey__907786118225121280__907786118225121280_0,direct_text,,,,,,,,,
,main,hurricane_harvey__907786118225121280__907786118225121280_0,direct_joint,,,,,,,,,
,main,hurricane_harvey__907786118225121280__907786118225121280_0,misleading_image,,,,,,,,,
,main,hurricane_harvey__907786118225121280__907786118225121280_0,misleading_text,,,,,,,,,
,main,hurricane_harvey__907786118225121280__907786118225121280_0,misleading_joint,,,,,,,,,
,main,hurricane_harvey__907967554789847041__907967554789847041_0,clean,,,,,,,,,
,main,hurricane_harvey__907967554789847041__907967554789847041_0,benign_image,,,,,,,,,
,main,hurricane_harvey__907967554789847041__907967554789847041_0,benign_text,,,,,,,,,
,main,hurricane_harvey__907967554789847041__907967554789847041_0,benign_joint,,,,,,,,,
,main,hurricane_harvey__907967554789847041__907967554789847041_0,direct_image,,,,,,,,,
,main,hurricane_harvey__907967554789847041__907967554789847041_0,direct_text,,,,,,,,,
,main,hurricane_harvey__907967554789847041__907967554789847041_0,direct_joint,,,,,,,,,
,main,hurricane_harvey__907967554789847041__907967554789847041_0,misleading_image,,,,,,,,,
,main,hurricane_harvey__907967554789847041__907967554789847041_0,misleading_text,,,,,,,,,
,main,hurricane_harvey__907967554789847041__907967554789847041_0,misleading_joint,,,,,,,,,
,main,hurricane_harvey__907992015299690496__907992015299690496_0,clean,,,,,,,,,
,main,hurricane_harvey__907992015299690496__907992015299690496_0,benign_image,,,,,,,,,
,main,hurricane_harvey__907992015299690496__907992015299690496_0,benign_text,,,,,,,,,
,main,hurricane_harvey__907992015299690496__907992015299690496_0,benign_joint,,,,,,,,,
,main,hurricane_harvey__907992015299690496__907992015299690496_0,direct_image,,,,,,,,,
,main,hurricane_harvey__907992015299690496__907992015299690496_0,direct_text,,,,,,,,,
,main,hurricane_harvey__907992015299690496__907992015299690496_0,direct_joint,,,,,,,,,
,main,hurricane_harvey__907992015299690496__907992015299690496_0,misleading_image,,,,,,,,,
,main,hurricane_harvey__907992015299690496__907992015299690496_0,misleading_text,,,,,,,,,
,main,hurricane_harvey__907992015299690496__907992015299690496_0,misleading_joint,,,,,,,,,
,main,hurricane_harvey__908007709399756801__908007709399756801_0,clean,,,,,,,,,
,main,hurricane_harvey__908007709399756801__908007709399756801_0,benign_image,,,,,,,,,
,main,hurricane_harvey__908007709399756801__908007709399756801_0,benign_text,,,,,,,,,
,main,hurricane_harvey__908007709399756801__908007709399756801_0,benign_joint,,,,,,,,,
,main,hurricane_harvey__908007709399756801__908007709399756801_0,direct_image,,,,,,,,,
,main,hurricane_harvey__908007709399756801__908007709399756801_0,direct_text,,,,,,,,,
,main,hurricane_harvey__908007709399756801__908007709399756801_0,direct_joint,,,,,,,,,
,main,hurricane_harvey__908007709399756801__908007709399756801_0,misleading_image,,,,,,,,,
,main,hurricane_harvey__908007709399756801__908007709399756801_0,misleading_text,,,,,,,,,
,main,hurricane_harvey__908007709399756801__908007709399756801_0,misleading_joint,,,,,,,,,
,main,hurricane_harvey__908100423667548161__908100423667548161_0,clean,,,,,,,,,
,main,hurricane_harvey__908100423667548161__908100423667548161_0,benign_image,,,,,,,,,
,main,hurricane_harvey__908100423667548161__908100423667548161_0,benign_text,,,,,,,,,
,main,hurricane_harvey__908100423667548161__908100423667548161_0,benign_joint,,,,,,,,,
,main,hurricane_harvey__908100423667548161__908100423667548161_0,direct_image,,,,,,,,,
,main,hurricane_harvey__908100423667548161__908100423667548161_0,direct_text,,,,,,,,,
,main,hurricane_harvey__908100423667548161__908100423667548161_0,direct_joint,,,,,,,,,
,main,hurricane_harvey__908100423667548161__908100423667548161_0,misleading_image,,,,,,,,,
,main,hurricane_harvey__908100423667548161__908100423667548161_0,misleading_text,,,,,,,,,
,main,hurricane_harvey__908100423667548161__908100423667548161_0,misleading_joint,,,,,,,,,
,main,hurricane_harvey__908111834418466816__908111834418466816_0,clean,,,,,,,,,
,main,hurricane_harvey__908111834418466816__908111834418466816_0,benign_image,,,,,,,,,
,main,hurricane_harvey__908111834418466816__908111834418466816_0,benign_text,,,,,,,,,
,main,hurricane_harvey__908111834418466816__908111834418466816_0,benign_joint,,,,,,,,,
,main,hurricane_harvey__908111834418466816__908111834418466816_0,direct_image,,,,,,,,,
,main,hurricane_harvey__908111834418466816__908111834418466816_0,direct_text,,,,,,,,,
,main,hurricane_harvey__908111834418466816__908111834418466816_0,direct_joint,,,,,,,,,
,main,hurricane_harvey__908111834418466816__908111834418466816_0,misleading_image,,,,,,,,,
,main,hurricane_harvey__908111834418466816__908111834418466816_0,misleading_text,,,,,,,,,
,main,hurricane_harvey__908111834418466816__908111834418466816_0,misleading_joint,,,,,,,,,
,main,hurricane_harvey__908118102587539456__908118102587539456_0,clean,,,,,,,,,
,main,hurricane_harvey__908118102587539456__908118102587539456_0,benign_image,,,,,,,,,
,main,hurricane_harvey__908118102587539456__908118102587539456_0,benign_text,,,,,,,,,
,main,hurricane_harvey__908118102587539456__908118102587539456_0,benign_joint,,,,,,,,,
,main,hurricane_harvey__908118102587539456__908118102587539456_0,direct_image,,,,,,,,,
,main,hurricane_harvey__908118102587539456__908118102587539456_0,direct_text,,,,,,,,,
,main,hurricane_harvey__908118102587539456__908118102587539456_0,direct_joint,,,,,,,,,
,main,hurricane_harvey__908118102587539456__908118102587539456_0,misleading_image,,,,,,,,,
,main,hurricane_harvey__908118102587539456__908118102587539456_0,misleading_text,,,,,,,,,
,main,hurricane_harvey__908118102587539456__908118102587539456_0,misleading_joint,,,,,,,,,
,main,hurricane_harvey__908124692753506305__908124692753506305_0,clean,,,,,,,,,
,main,hurricane_harvey__908124692753506305__908124692753506305_0,benign_image,,,,,,,,,
,main,hurricane_harvey__908124692753506305__908124692753506305_0,benign_text,,,,,,,,,
,main,hurricane_harvey__908124692753506305__908124692753506305_0,benign_joint,,,,,,,,,
,main,hurricane_harvey__908124692753506305__908124692753506305_0,direct_image,,,,,,,,,
,main,hurricane_harvey__908124692753506305__908124692753506305_0,direct_text,,,,,,,,,
,main,hurricane_harvey__908124692753506305__908124692753506305_0,direct_joint,,,,,,,,,
,main,hurricane_harvey__908124692753506305__908124692753506305_0,misleading_image,,,,,,,,,
,main,hurricane_harvey__908124692753506305__908124692753506305_0,misleading_text,,,,,,,,,
,main,hurricane_harvey__908124692753506305__908124692753506305_0,misleading_joint,,,,,,,,,
,main,hurricane_harvey__908130612225167360__908130612225167360_0,clean,,,,,,,,,
,main,hurricane_harvey__908130612225167360__908130612225167360_0,benign_image,,,,,,,,,
,main,hurricane_harvey__908130612225167360__908130612225167360_0,benign_text,,,,,,,,,
,main,hurricane_harvey__908130612225167360__908130612225167360_0,benign_joint,,,,,,,,,
,main,hurricane_harvey__908130612225167360__908130612225167360_0,direct_image,,,,,,,,,
,main,hurricane_harvey__908130612225167360__908130612225167360_0,direct_text,,,,,,,,,
,main,hurricane_harvey__908130612225167360__908130612225167360_0,direct_joint,,,,,,,,,
,main,hurricane_harvey__908130612225167360__908130612225167360_0,misleading_image,,,,,,,,,
,main,hurricane_harvey__908130612225167360__908130612225167360_0,misleading_text,,,,,,,,,
,main,hurricane_harvey__908130612225167360__908130612225167360_0,misleading_joint,,,,,,,,,
,main,hurricane_harvey__908344663698001922__908344663698001922_3,clean,,,,,,,,,
,main,hurricane_harvey__908344663698001922__908344663698001922_3,benign_image,,,,,,,,,
,main,hurricane_harvey__908344663698001922__908344663698001922_3,benign_text,,,,,,,,,
,main,hurricane_harvey__908344663698001922__908344663698001922_3,benign_joint,,,,,,,,,
,main,hurricane_harvey__908344663698001922__908344663698001922_3,direct_image,,,,,,,,,
,main,hurricane_harvey__908344663698001922__908344663698001922_3,direct_text,,,,,,,,,
,main,hurricane_harvey__908344663698001922__908344663698001922_3,direct_joint,,,,,,,,,
,main,hurricane_harvey__908344663698001922__908344663698001922_3,misleading_image,,,,,,,,,
,main,hurricane_harvey__908344663698001922__908344663698001922_3,misleading_text,,,,,,,,,
,main,hurricane_harvey__908344663698001922__908344663698001922_3,misleading_joint,,,,,,,,,
,main,hurricane_harvey__908372808564056064__908372808564056064_0,clean,,,,,,,,,
,main,hurricane_harvey__908372808564056064__908372808564056064_0,benign_image,,,,,,,,,
,main,hurricane_harvey__908372808564056064__908372808564056064_0,benign_text,,,,,,,,,
,main,hurricane_harvey__908372808564056064__908372808564056064_0,benign_joint,,,,,,,,,
,main,hurricane_harvey__908372808564056064__908372808564056064_0,direct_image,,,,,,,,,
,main,hurricane_harvey__908372808564056064__908372808564056064_0,direct_text,,,,,,,,,
,main,hurricane_harvey__908372808564056064__908372808564056064_0,direct_joint,,,,,,,,,
,main,hurricane_harvey__908372808564056064__908372808564056064_0,misleading_image,,,,,,,,,
,main,hurricane_harvey__908372808564056064__908372808564056064_0,misleading_text,,,,,,,,,
,main,hurricane_harvey__908372808564056064__908372808564056064_0,misleading_joint,,,,,,,,,
,main,hurricane_harvey__908390896084897793__908390896084897793_0,clean,,,,,,,,,
,main,hurricane_harvey__908390896084897793__908390896084897793_0,benign_image,,,,,,,,,
,main,hurricane_harvey__908390896084897793__908390896084897793_0,benign_text,,,,,,,,,
,main,hurricane_harvey__908390896084897793__908390896084897793_0,benign_joint,,,,,,,,,
,main,hurricane_harvey__908390896084897793__908390896084897793_0,direct_image,,,,,,,,,
,main,hurricane_harvey__908390896084897793__908390896084897793_0,direct_text,,,,,,,,,
,main,hurricane_harvey__908390896084897793__908390896084897793_0,direct_joint,,,,,,,,,
,main,hurricane_harvey__908390896084897793__908390896084897793_0,misleading_image,,,,,,,,,
,main,hurricane_harvey__908390896084897793__908390896084897793_0,misleading_text,,,,,,,,,
,main,hurricane_harvey__908390896084897793__908390896084897793_0,misleading_joint,,,,,,,,,
,main,hurricane_harvey__908413488376238080__908413488376238080_0,clean,,,,,,,,,
,main,hurricane_harvey__908413488376238080__908413488376238080_0,benign_image,,,,,,,,,
,main,hurricane_harvey__908413488376238080__908413488376238080_0,benign_text,,,,,,,,,
,main,hurricane_harvey__908413488376238080__908413488376238080_0,benign_joint,,,,,,,,,
,main,hurricane_harvey__908413488376238080__908413488376238080_0,direct_image,,,,,,,,,
,main,hurricane_harvey__908413488376238080__908413488376238080_0,direct_text,,,,,,,,,
,main,hurricane_harvey__908413488376238080__908413488376238080_0,direct_joint,,,,,,,,,
,main,hurricane_harvey__908413488376238080__908413488376238080_0,misleading_image,,,,,,,,,
,main,hurricane_harvey__908413488376238080__908413488376238080_0,misleading_text,,,,,,,,,
,main,hurricane_harvey__908413488376238080__908413488376238080_0,misleading_joint,,,,,,,,,
,main,hurricane_harvey__908566528898895872__908566528898895872_2,clean,,,,,,,,,
,main,hurricane_harvey__908566528898895872__908566528898895872_2,benign_image,,,,,,,,,
,main,hurricane_harvey__908566528898895872__908566528898895872_2,benign_text,,,,,,,,,
,main,hurricane_harvey__908566528898895872__908566528898895872_2,benign_joint,,,,,,,,,
,main,hurricane_harvey__908566528898895872__908566528898895872_2,direct_image,,,,,,,,,
,main,hurricane_harvey__908566528898895872__908566528898895872_2,direct_text,,,,,,,,,
,main,hurricane_harvey__908566528898895872__908566528898895872_2,direct_joint,,,,,,,,,
,main,hurricane_harvey__908566528898895872__908566528898895872_2,misleading_image,,,,,,,,,
,main,hurricane_harvey__908566528898895872__908566528898895872_2,misleading_text,,,,,,,,,
,main,hurricane_harvey__908566528898895872__908566528898895872_2,misleading_joint,,,,,,,,,
,main,hurricane_harvey__908578895695368192__908578895695368192_0,clean,,,,,,,,,
,main,hurricane_harvey__908578895695368192__908578895695368192_0,benign_image,,,,,,,,,
,main,hurricane_harvey__908578895695368192__908578895695368192_0,benign_text,,,,,,,,,
,main,hurricane_harvey__908578895695368192__908578895695368192_0,benign_joint,,,,,,,,,
,main,hurricane_harvey__908578895695368192__908578895695368192_0,direct_image,,,,,,,,,
,main,hurricane_harvey__908578895695368192__908578895695368192_0,direct_text,,,,,,,,,
,main,hurricane_harvey__908578895695368192__908578895695368192_0,direct_joint,,,,,,,,,
,main,hurricane_harvey__908578895695368192__908578895695368192_0,misleading_image,,,,,,,,,
,main,hurricane_harvey__908578895695368192__908578895695368192_0,misleading_text,,,,,,,,,
,main,hurricane_harvey__908578895695368192__908578895695368192_0,misleading_joint,,,,,,,,,
,main,hurricane_harvey__908631770538610688__908631770538610688_0,clean,,,,,,,,,
,main,hurricane_harvey__908631770538610688__908631770538610688_0,benign_image,,,,,,,,,
,main,hurricane_harvey__908631770538610688__908631770538610688_0,benign_text,,,,,,,,,
,main,hurricane_harvey__908631770538610688__908631770538610688_0,benign_joint,,,,,,,,,
,main,hurricane_harvey__908631770538610688__908631770538610688_0,direct_image,,,,,,,,,
,main,hurricane_harvey__908631770538610688__908631770538610688_0,direct_text,,,,,,,,,
,main,hurricane_harvey__908631770538610688__908631770538610688_0,direct_joint,,,,,,,,,
,main,hurricane_harvey__908631770538610688__908631770538610688_0,misleading_image,,,,,,,,,
,main,hurricane_harvey__908631770538610688__908631770538610688_0,misleading_text,,,,,,,,,
,main,hurricane_harvey__908631770538610688__908631770538610688_0,misleading_joint,,,,,,,,,
,main,hurricane_harvey__908674197328670721__908674197328670721_0,clean,,,,,,,,,
,main,hurricane_harvey__908674197328670721__908674197328670721_0,benign_image,,,,,,,,,
,main,hurricane_harvey__908674197328670721__908674197328670721_0,benign_text,,,,,,,,,
,main,hurricane_harvey__908674197328670721__908674197328670721_0,benign_joint,,,,,,,,,
,main,hurricane_harvey__908674197328670721__908674197328670721_0,direct_image,,,,,,,,,
,main,hurricane_harvey__908674197328670721__908674197328670721_0,direct_text,,,,,,,,,
,main,hurricane_harvey__908674197328670721__908674197328670721_0,direct_joint,,,,,,,,,
,main,hurricane_harvey__908674197328670721__908674197328670721_0,misleading_image,,,,,,,,,
,main,hurricane_harvey__908674197328670721__908674197328670721_0,misleading_text,,,,,,,,,
,main,hurricane_harvey__908674197328670721__908674197328670721_0,misleading_joint,,,,,,,,,
,main,hurricane_harvey__908677187359850497__908677187359850497_0,clean,,,,,,,,,
,main,hurricane_harvey__908677187359850497__908677187359850497_0,benign_image,,,,,,,,,
,main,hurricane_harvey__908677187359850497__908677187359850497_0,benign_text,,,,,,,,,
,main,hurricane_harvey__908677187359850497__908677187359850497_0,benign_joint,,,,,,,,,
,main,hurricane_harvey__908677187359850497__908677187359850497_0,direct_image,,,,,,,,,
,main,hurricane_harvey__908677187359850497__908677187359850497_0,direct_text,,,,,,,,,
,main,hurricane_harvey__908677187359850497__908677187359850497_0,direct_joint,,,,,,,,,
,main,hurricane_harvey__908677187359850497__908677187359850497_0,misleading_image,,,,,,,,,
,main,hurricane_harvey__908677187359850497__908677187359850497_0,misleading_text,,,,,,,,,
,main,hurricane_harvey__908677187359850497__908677187359850497_0,misleading_joint,,,,,,,,,
,main,hurricane_harvey__908709128297644032__908709128297644032_0,clean,,,,,,,,,
,main,hurricane_harvey__908709128297644032__908709128297644032_0,benign_image,,,,,,,,,
,main,hurricane_harvey__908709128297644032__908709128297644032_0,benign_text,,,,,,,,,
,main,hurricane_harvey__908709128297644032__908709128297644032_0,benign_joint,,,,,,,,,
,main,hurricane_harvey__908709128297644032__908709128297644032_0,direct_image,,,,,,,,,
,main,hurricane_harvey__908709128297644032__908709128297644032_0,direct_text,,,,,,,,,
,main,hurricane_harvey__908709128297644032__908709128297644032_0,direct_joint,,,,,,,,,
,main,hurricane_harvey__908709128297644032__908709128297644032_0,misleading_image,,,,,,,,,
,main,hurricane_harvey__908709128297644032__908709128297644032_0,misleading_text,,,,,,,,,
,main,hurricane_harvey__908709128297644032__908709128297644032_0,misleading_joint,,,,,,,,,
,main,hurricane_harvey__908723853798641664__908723853798641664_0,clean,,,,,,,,,
,main,hurricane_harvey__908723853798641664__908723853798641664_0,benign_image,,,,,,,,,
,main,hurricane_harvey__908723853798641664__908723853798641664_0,benign_text,,,,,,,,,
,main,hurricane_harvey__908723853798641664__908723853798641664_0,benign_joint,,,,,,,,,
,main,hurricane_harvey__908723853798641664__908723853798641664_0,direct_image,,,,,,,,,
,main,hurricane_harvey__908723853798641664__908723853798641664_0,direct_text,,,,,,,,,
,main,hurricane_harvey__908723853798641664__908723853798641664_0,direct_joint,,,,,,,,,
,main,hurricane_harvey__908723853798641664__908723853798641664_0,misleading_image,,,,,,,,,
,main,hurricane_harvey__908723853798641664__908723853798641664_0,misleading_text,,,,,,,,,
,main,hurricane_harvey__908723853798641664__908723853798641664_0,misleading_joint,,,,,,,,,
,main,hurricane_harvey__908772392159387648__908772392159387648_2,clean,,,,,,,,,
,main,hurricane_harvey__908772392159387648__908772392159387648_2,benign_image,,,,,,,,,
,main,hurricane_harvey__908772392159387648__908772392159387648_2,benign_text,,,,,,,,,
,main,hurricane_harvey__908772392159387648__908772392159387648_2,benign_joint,,,,,,,,,
,main,hurricane_harvey__908772392159387648__908772392159387648_2,direct_image,,,,,,,,,
,main,hurricane_harvey__908772392159387648__908772392159387648_2,direct_text,,,,,,,,,
,main,hurricane_harvey__908772392159387648__908772392159387648_2,direct_joint,,,,,,,,,
,main,hurricane_harvey__908772392159387648__908772392159387648_2,misleading_image,,,,,,,,,
,main,hurricane_harvey__908772392159387648__908772392159387648_2,misleading_text,,,,,,,,,
,main,hurricane_harvey__908772392159387648__908772392159387648_2,misleading_joint,,,,,,,,,
,main,hurricane_harvey__908774437461229568__908774437461229568_0,clean,,,,,,,,,
,main,hurricane_harvey__908774437461229568__908774437461229568_0,benign_image,,,,,,,,,
,main,hurricane_harvey__908774437461229568__908774437461229568_0,benign_text,,,,,,,,,
,main,hurricane_harvey__908774437461229568__908774437461229568_0,benign_joint,,,,,,,,,
,main,hurricane_harvey__908774437461229568__908774437461229568_0,direct_image,,,,,,,,,
,main,hurricane_harvey__908774437461229568__908774437461229568_0,direct_text,,,,,,,,,
,main,hurricane_harvey__908774437461229568__908774437461229568_0,direct_joint,,,,,,,,,
,main,hurricane_harvey__908774437461229568__908774437461229568_0,misleading_image,,,,,,,,,
,main,hurricane_harvey__908774437461229568__908774437461229568_0,misleading_text,,,,,,,,,
,main,hurricane_harvey__908774437461229568__908774437461229568_0,misleading_joint,,,,,,,,,
,main,hurricane_harvey__908854000518234113__908854000518234113_0,clean,,,,,,,,,
,main,hurricane_harvey__908854000518234113__908854000518234113_0,benign_image,,,,,,,,,
,main,hurricane_harvey__908854000518234113__908854000518234113_0,benign_text,,,,,,,,,
,main,hurricane_harvey__908854000518234113__908854000518234113_0,benign_joint,,,,,,,,,
,main,hurricane_harvey__908854000518234113__908854000518234113_0,direct_image,,,,,,,,,
,main,hurricane_harvey__908854000518234113__908854000518234113_0,direct_text,,,,,,,,,
,main,hurricane_harvey__908854000518234113__908854000518234113_0,direct_joint,,,,,,,,,
,main,hurricane_harvey__908854000518234113__908854000518234113_0,misleading_image,,,,,,,,,
,main,hurricane_harvey__908854000518234113__908854000518234113_0,misleading_text,,,,,,,,,
,main,hurricane_harvey__908854000518234113__908854000518234113_0,misleading_joint,,,,,,,,,
,main,hurricane_harvey__908862255512657920__908862255512657920_0,clean,,,,,,,,,
,main,hurricane_harvey__908862255512657920__908862255512657920_0,benign_image,,,,,,,,,
,main,hurricane_harvey__908862255512657920__908862255512657920_0,benign_text,,,,,,,,,
,main,hurricane_harvey__908862255512657920__908862255512657920_0,benign_joint,,,,,,,,,
,main,hurricane_harvey__908862255512657920__908862255512657920_0,direct_image,,,,,,,,,
,main,hurricane_harvey__908862255512657920__908862255512657920_0,direct_text,,,,,,,,,
,main,hurricane_harvey__908862255512657920__908862255512657920_0,direct_joint,,,,,,,,,
,main,hurricane_harvey__908862255512657920__908862255512657920_0,misleading_image,,,,,,,,,
,main,hurricane_harvey__908862255512657920__908862255512657920_0,misleading_text,,,,,,,,,
,main,hurricane_harvey__908862255512657920__908862255512657920_0,misleading_joint,,,,,,,,,
,main,hurricane_harvey__908905314342367232__908905314342367232_0,clean,,,,,,,,,
,main,hurricane_harvey__908905314342367232__908905314342367232_0,benign_image,,,,,,,,,
,main,hurricane_harvey__908905314342367232__908905314342367232_0,benign_text,,,,,,,,,
,main,hurricane_harvey__908905314342367232__908905314342367232_0,benign_joint,,,,,,,,,
,main,hurricane_harvey__908905314342367232__908905314342367232_0,direct_image,,,,,,,,,
,main,hurricane_harvey__908905314342367232__908905314342367232_0,direct_text,,,,,,,,,
,main,hurricane_harvey__908905314342367232__908905314342367232_0,direct_joint,,,,,,,,,
,main,hurricane_harvey__908905314342367232__908905314342367232_0,misleading_image,,,,,,,,,
,main,hurricane_harvey__908905314342367232__908905314342367232_0,misleading_text,,,,,,,,,
,main,hurricane_harvey__908905314342367232__908905314342367232_0,misleading_joint,,,,,,,,,
,main,hurricane_harvey__909128086985338880__909128086985338880_0,clean,,,,,,,,,
,main,hurricane_harvey__909128086985338880__909128086985338880_0,benign_image,,,,,,,,,
,main,hurricane_harvey__909128086985338880__909128086985338880_0,benign_text,,,,,,,,,
,main,hurricane_harvey__909128086985338880__909128086985338880_0,benign_joint,,,,,,,,,
,main,hurricane_harvey__909128086985338880__909128086985338880_0,direct_image,,,,,,,,,
,main,hurricane_harvey__909128086985338880__909128086985338880_0,direct_text,,,,,,,,,
,main,hurricane_harvey__909128086985338880__909128086985338880_0,direct_joint,,,,,,,,,
,main,hurricane_harvey__909128086985338880__909128086985338880_0,misleading_image,,,,,,,,,
,main,hurricane_harvey__909128086985338880__909128086985338880_0,misleading_text,,,,,,,,,
,main,hurricane_harvey__909128086985338880__909128086985338880_0,misleading_joint,,,,,,,,,
,main,hurricane_harvey__909135905063026688__909135905063026688_0,clean,,,,,,,,,
,main,hurricane_harvey__909135905063026688__909135905063026688_0,benign_image,,,,,,,,,
,main,hurricane_harvey__909135905063026688__909135905063026688_0,benign_text,,,,,,,,,
,main,hurricane_harvey__909135905063026688__909135905063026688_0,benign_joint,,,,,,,,,
,main,hurricane_harvey__909135905063026688__909135905063026688_0,direct_image,,,,,,,,,
,main,hurricane_harvey__909135905063026688__909135905063026688_0,direct_text,,,,,,,,,
,main,hurricane_harvey__909135905063026688__909135905063026688_0,direct_joint,,,,,,,,,
,main,hurricane_harvey__909135905063026688__909135905063026688_0,misleading_image,,,,,,,,,
,main,hurricane_harvey__909135905063026688__909135905063026688_0,misleading_text,,,,,,,,,
,main,hurricane_harvey__909135905063026688__909135905063026688_0,misleading_joint,,,,,,,,,
,main,hurricane_harvey__909142245554532352__909142245554532352_0,clean,,,,,,,,,
,main,hurricane_harvey__909142245554532352__909142245554532352_0,benign_image,,,,,,,,,
,main,hurricane_harvey__909142245554532352__909142245554532352_0,benign_text,,,,,,,,,
,main,hurricane_harvey__909142245554532352__909142245554532352_0,benign_joint,,,,,,,,,
,main,hurricane_harvey__909142245554532352__909142245554532352_0,direct_image,,,,,,,,,
,main,hurricane_harvey__909142245554532352__909142245554532352_0,direct_text,,,,,,,,,
,main,hurricane_harvey__909142245554532352__909142245554532352_0,direct_joint,,,,,,,,,
,main,hurricane_harvey__909142245554532352__909142245554532352_0,misleading_image,,,,,,,,,
,main,hurricane_harvey__909142245554532352__909142245554532352_0,misleading_text,,,,,,,,,
,main,hurricane_harvey__909142245554532352__909142245554532352_0,misleading_joint,,,,,,,,,
,main,hurricane_harvey__909157252518563840__909157252518563840_0,clean,,,,,,,,,
,main,hurricane_harvey__909157252518563840__909157252518563840_0,benign_image,,,,,,,,,
,main,hurricane_harvey__909157252518563840__909157252518563840_0,benign_text,,,,,,,,,
,main,hurricane_harvey__909157252518563840__909157252518563840_0,benign_joint,,,,,,,,,
,main,hurricane_harvey__909157252518563840__909157252518563840_0,direct_image,,,,,,,,,
,main,hurricane_harvey__909157252518563840__909157252518563840_0,direct_text,,,,,,,,,
,main,hurricane_harvey__909157252518563840__909157252518563840_0,direct_joint,,,,,,,,,
,main,hurricane_harvey__909157252518563840__909157252518563840_0,misleading_image,,,,,,,,,
,main,hurricane_harvey__909157252518563840__909157252518563840_0,misleading_text,,,,,,,,,
,main,hurricane_harvey__909157252518563840__909157252518563840_0,misleading_joint,,,,,,,,,
,main,hurricane_harvey__909259117801410560__909259117801410560_0,clean,,,,,,,,,
,main,hurricane_harvey__909259117801410560__909259117801410560_0,benign_image,,,,,,,,,
,main,hurricane_harvey__909259117801410560__909259117801410560_0,benign_text,,,,,,,,,
,main,hurricane_harvey__909259117801410560__909259117801410560_0,benign_joint,,,,,,,,,
,main,hurricane_harvey__909259117801410560__909259117801410560_0,direct_image,,,,,,,,,
,main,hurricane_harvey__909259117801410560__909259117801410560_0,direct_text,,,,,,,,,
,main,hurricane_harvey__909259117801410560__909259117801410560_0,direct_joint,,,,,,,,,
,main,hurricane_harvey__909259117801410560__909259117801410560_0,misleading_image,,,,,,,,,
,main,hurricane_harvey__909259117801410560__909259117801410560_0,misleading_text,,,,,,,,,
,main,hurricane_harvey__909259117801410560__909259117801410560_0,misleading_joint,,,,,,,,,
,main,hurricane_harvey__909477113199316997__909477113199316997_0,clean,,,,,,,,,
,main,hurricane_harvey__909477113199316997__909477113199316997_0,benign_image,,,,,,,,,
,main,hurricane_harvey__909477113199316997__909477113199316997_0,benign_text,,,,,,,,,
,main,hurricane_harvey__909477113199316997__909477113199316997_0,benign_joint,,,,,,,,,
,main,hurricane_harvey__909477113199316997__909477113199316997_0,direct_image,,,,,,,,,
,main,hurricane_harvey__909477113199316997__909477113199316997_0,direct_text,,,,,,,,,
,main,hurricane_harvey__909477113199316997__909477113199316997_0,direct_joint,,,,,,,,,
,main,hurricane_harvey__909477113199316997__909477113199316997_0,misleading_image,,,,,,,,,
,main,hurricane_harvey__909477113199316997__909477113199316997_0,misleading_text,,,,,,,,,
,main,hurricane_harvey__909477113199316997__909477113199316997_0,misleading_joint,,,,,,,,,
,main,hurricane_harvey__909820533419671555__909820533419671555_0,clean,,,,,,,,,
,main,hurricane_harvey__909820533419671555__909820533419671555_0,benign_image,,,,,,,,,
,main,hurricane_harvey__909820533419671555__909820533419671555_0,benign_text,,,,,,,,,
,main,hurricane_harvey__909820533419671555__909820533419671555_0,benign_joint,,,,,,,,,
,main,hurricane_harvey__909820533419671555__909820533419671555_0,direct_image,,,,,,,,,
,main,hurricane_harvey__909820533419671555__909820533419671555_0,direct_text,,,,,,,,,
,main,hurricane_harvey__909820533419671555__909820533419671555_0,direct_joint,,,,,,,,,
,main,hurricane_harvey__909820533419671555__909820533419671555_0,misleading_image,,,,,,,,,
,main,hurricane_harvey__909820533419671555__909820533419671555_0,misleading_text,,,,,,,,,
,main,hurricane_harvey__909820533419671555__909820533419671555_0,misleading_joint,,,,,,,,,
,main,hurricane_harvey__909830129538490368__909830129538490368_0,clean,,,,,,,,,
,main,hurricane_harvey__909830129538490368__909830129538490368_0,benign_image,,,,,,,,,
,main,hurricane_harvey__909830129538490368__909830129538490368_0,benign_text,,,,,,,,,
,main,hurricane_harvey__909830129538490368__909830129538490368_0,benign_joint,,,,,,,,,
,main,hurricane_harvey__909830129538490368__909830129538490368_0,direct_image,,,,,,,,,
,main,hurricane_harvey__909830129538490368__909830129538490368_0,direct_text,,,,,,,,,
,main,hurricane_harvey__909830129538490368__909830129538490368_0,direct_joint,,,,,,,,,
,main,hurricane_harvey__909830129538490368__909830129538490368_0,misleading_image,,,,,,,,,
,main,hurricane_harvey__909830129538490368__909830129538490368_0,misleading_text,,,,,,,,,
,main,hurricane_harvey__909830129538490368__909830129538490368_0,misleading_joint,,,,,,,,,
,main,hurricane_harvey__909922362589454336__909922362589454336_0,clean,,,,,,,,,
,main,hurricane_harvey__909922362589454336__909922362589454336_0,benign_image,,,,,,,,,
,main,hurricane_harvey__909922362589454336__909922362589454336_0,benign_text,,,,,,,,,
,main,hurricane_harvey__909922362589454336__909922362589454336_0,benign_joint,,,,,,,,,
,main,hurricane_harvey__909922362589454336__909922362589454336_0,direct_image,,,,,,,,,
,main,hurricane_harvey__909922362589454336__909922362589454336_0,direct_text,,,,,,,,,
,main,hurricane_harvey__909922362589454336__909922362589454336_0,direct_joint,,,,,,,,,
,main,hurricane_harvey__909922362589454336__909922362589454336_0,misleading_image,,,,,,,,,
,main,hurricane_harvey__909922362589454336__909922362589454336_0,misleading_text,,,,,,,,,
,main,hurricane_harvey__909922362589454336__909922362589454336_0,misleading_joint,,,,,,,,,
,main,hurricane_harvey__909938076423675905__909938076423675905_0,clean,,,,,,,,,
,main,hurricane_harvey__909938076423675905__909938076423675905_0,benign_image,,,,,,,,,
,main,hurricane_harvey__909938076423675905__909938076423675905_0,benign_text,,,,,,,,,
,main,hurricane_harvey__909938076423675905__909938076423675905_0,benign_joint,,,,,,,,,
,main,hurricane_harvey__909938076423675905__909938076423675905_0,direct_image,,,,,,,,,
,main,hurricane_harvey__909938076423675905__909938076423675905_0,direct_text,,,,,,,,,
,main,hurricane_harvey__909938076423675905__909938076423675905_0,direct_joint,,,,,,,,,
,main,hurricane_harvey__909938076423675905__909938076423675905_0,misleading_image,,,,,,,,,
,main,hurricane_harvey__909938076423675905__909938076423675905_0,misleading_text,,,,,,,,,
,main,hurricane_harvey__909938076423675905__909938076423675905_0,misleading_joint,,,,,,,,,
,main,hurricane_harvey__909977356546318336__909977356546318336_3,clean,,,,,,,,,
,main,hurricane_harvey__909977356546318336__909977356546318336_3,benign_image,,,,,,,,,
,main,hurricane_harvey__909977356546318336__909977356546318336_3,benign_text,,,,,,,,,
,main,hurricane_harvey__909977356546318336__909977356546318336_3,benign_joint,,,,,,,,,
,main,hurricane_harvey__909977356546318336__909977356546318336_3,direct_image,,,,,,,,,
,main,hurricane_harvey__909977356546318336__909977356546318336_3,direct_text,,,,,,,,,
,main,hurricane_harvey__909977356546318336__909977356546318336_3,direct_joint,,,,,,,,,
,main,hurricane_harvey__909977356546318336__909977356546318336_3,misleading_image,,,,,,,,,
,main,hurricane_harvey__909977356546318336__909977356546318336_3,misleading_text,,,,,,,,,
,main,hurricane_harvey__909977356546318336__909977356546318336_3,misleading_joint,,,,,,,,,
,main,hurricane_harvey__910156535011135488__910156535011135488_0,clean,,,,,,,,,
,main,hurricane_harvey__910156535011135488__910156535011135488_0,benign_image,,,,,,,,,
,main,hurricane_harvey__910156535011135488__910156535011135488_0,benign_text,,,,,,,,,
,main,hurricane_harvey__910156535011135488__910156535011135488_0,benign_joint,,,,,,,,,
,main,hurricane_harvey__910156535011135488__910156535011135488_0,direct_image,,,,,,,,,
,main,hurricane_harvey__910156535011135488__910156535011135488_0,direct_text,,,,,,,,,
,main,hurricane_harvey__910156535011135488__910156535011135488_0,direct_joint,,,,,,,,,
,main,hurricane_harvey__910156535011135488__910156535011135488_0,misleading_image,,,,,,,,,
,main,hurricane_harvey__910156535011135488__910156535011135488_0,misleading_text,,,,,,,,,
,main,hurricane_harvey__910156535011135488__910156535011135488_0,misleading_joint,,,,,,,,,
,main,hurricane_harvey__910261798569472003__910261798569472003_0,clean,,,,,,,,,
,main,hurricane_harvey__910261798569472003__910261798569472003_0,benign_image,,,,,,,,,
,main,hurricane_harvey__910261798569472003__910261798569472003_0,benign_text,,,,,,,,,
,main,hurricane_harvey__910261798569472003__910261798569472003_0,benign_joint,,,,,,,,,
,main,hurricane_harvey__910261798569472003__910261798569472003_0,direct_image,,,,,,,,,
,main,hurricane_harvey__910261798569472003__910261798569472003_0,direct_text,,,,,,,,,
,main,hurricane_harvey__910261798569472003__910261798569472003_0,direct_joint,,,,,,,,,
,main,hurricane_harvey__910261798569472003__910261798569472003_0,misleading_image,,,,,,,,,
,main,hurricane_harvey__910261798569472003__910261798569472003_0,misleading_text,,,,,,,,,
,main,hurricane_harvey__910261798569472003__910261798569472003_0,misleading_joint,,,,,,,,,
,main,hurricane_irma__905631022540357632__905631022540357632_0,clean,,,,,,,,,
,main,hurricane_irma__905631022540357632__905631022540357632_0,benign_image,,,,,,,,,
,main,hurricane_irma__905631022540357632__905631022540357632_0,benign_text,,,,,,,,,
,main,hurricane_irma__905631022540357632__905631022540357632_0,benign_joint,,,,,,,,,
,main,hurricane_irma__905631022540357632__905631022540357632_0,direct_image,,,,,,,,,
,main,hurricane_irma__905631022540357632__905631022540357632_0,direct_text,,,,,,,,,
,main,hurricane_irma__905631022540357632__905631022540357632_0,direct_joint,,,,,,,,,
,main,hurricane_irma__905631022540357632__905631022540357632_0,misleading_image,,,,,,,,,
,main,hurricane_irma__905631022540357632__905631022540357632_0,misleading_text,,,,,,,,,
,main,hurricane_irma__905631022540357632__905631022540357632_0,misleading_joint,,,,,,,,,
,main,hurricane_irma__905636384576335872__905636384576335872_0,clean,,,,,,,,,
,main,hurricane_irma__905636384576335872__905636384576335872_0,benign_image,,,,,,,,,
,main,hurricane_irma__905636384576335872__905636384576335872_0,benign_text,,,,,,,,,
,main,hurricane_irma__905636384576335872__905636384576335872_0,benign_joint,,,,,,,,,
,main,hurricane_irma__905636384576335872__905636384576335872_0,direct_image,,,,,,,,,
,main,hurricane_irma__905636384576335872__905636384576335872_0,direct_text,,,,,,,,,
,main,hurricane_irma__905636384576335872__905636384576335872_0,direct_joint,,,,,,,,,
,main,hurricane_irma__905636384576335872__905636384576335872_0,misleading_image,,,,,,,,,
,main,hurricane_irma__905636384576335872__905636384576335872_0,misleading_text,,,,,,,,,
,main,hurricane_irma__905636384576335872__905636384576335872_0,misleading_joint,,,,,,,,,
,main,hurricane_irma__905636651447328768__905636651447328768_2,clean,,,,,,,,,
,main,hurricane_irma__905636651447328768__905636651447328768_2,benign_image,,,,,,,,,
,main,hurricane_irma__905636651447328768__905636651447328768_2,benign_text,,,,,,,,,
,main,hurricane_irma__905636651447328768__905636651447328768_2,benign_joint,,,,,,,,,
,main,hurricane_irma__905636651447328768__905636651447328768_2,direct_image,,,,,,,,,
,main,hurricane_irma__905636651447328768__905636651447328768_2,direct_text,,,,,,,,,
,main,hurricane_irma__905636651447328768__905636651447328768_2,direct_joint,,,,,,,,,
,main,hurricane_irma__905636651447328768__905636651447328768_2,misleading_image,,,,,,,,,
,main,hurricane_irma__905636651447328768__905636651447328768_2,misleading_text,,,,,,,,,
,main,hurricane_irma__905636651447328768__905636651447328768_2,misleading_joint,,,,,,,,,
,main,hurricane_irma__905636943630884865__905636943630884865_0,clean,,,,,,,,,
,main,hurricane_irma__905636943630884865__905636943630884865_0,benign_image,,,,,,,,,
,main,hurricane_irma__905636943630884865__905636943630884865_0,benign_text,,,,,,,,,
,main,hurricane_irma__905636943630884865__905636943630884865_0,benign_joint,,,,,,,,,
,main,hurricane_irma__905636943630884865__905636943630884865_0,direct_image,,,,,,,,,
,main,hurricane_irma__905636943630884865__905636943630884865_0,direct_text,,,,,,,,,
,main,hurricane_irma__905636943630884865__905636943630884865_0,direct_joint,,,,,,,,,
,main,hurricane_irma__905636943630884865__905636943630884865_0,misleading_image,,,,,,,,,
,main,hurricane_irma__905636943630884865__905636943630884865_0,misleading_text,,,,,,,,,
,main,hurricane_irma__905636943630884865__905636943630884865_0,misleading_joint,,,,,,,,,
,main,hurricane_irma__905647872175104001__905647872175104001_0,clean,,,,,,,,,
,main,hurricane_irma__905647872175104001__905647872175104001_0,benign_image,,,,,,,,,
,main,hurricane_irma__905647872175104001__905647872175104001_0,benign_text,,,,,,,,,
,main,hurricane_irma__905647872175104001__905647872175104001_0,benign_joint,,,,,,,,,
,main,hurricane_irma__905647872175104001__905647872175104001_0,direct_image,,,,,,,,,
,main,hurricane_irma__905647872175104001__905647872175104001_0,direct_text,,,,,,,,,
,main,hurricane_irma__905647872175104001__905647872175104001_0,direct_joint,,,,,,,,,
,main,hurricane_irma__905647872175104001__905647872175104001_0,misleading_image,,,,,,,,,
,main,hurricane_irma__905647872175104001__905647872175104001_0,misleading_text,,,,,,,,,
,main,hurricane_irma__905647872175104001__905647872175104001_0,misleading_joint,,,,,,,,,
,main,hurricane_irma__905658298082267140__905658298082267140_0,clean,,,,,,,,,
,main,hurricane_irma__905658298082267140__905658298082267140_0,benign_image,,,,,,,,,
,main,hurricane_irma__905658298082267140__905658298082267140_0,benign_text,,,,,,,,,
,main,hurricane_irma__905658298082267140__905658298082267140_0,benign_joint,,,,,,,,,
,main,hurricane_irma__905658298082267140__905658298082267140_0,direct_image,,,,,,,,,
,main,hurricane_irma__905658298082267140__905658298082267140_0,direct_text,,,,,,,,,
,main,hurricane_irma__905658298082267140__905658298082267140_0,direct_joint,,,,,,,,,
,main,hurricane_irma__905658298082267140__905658298082267140_0,misleading_image,,,,,,,,,
,main,hurricane_irma__905658298082267140__905658298082267140_0,misleading_text,,,,,,,,,
,main,hurricane_irma__905658298082267140__905658298082267140_0,misleading_joint,,,,,,,,,
,main,hurricane_irma__905658650877763584__905658650877763584_0,clean,,,,,,,,,
,main,hurricane_irma__905658650877763584__905658650877763584_0,benign_image,,,,,,,,,
,main,hurricane_irma__905658650877763584__905658650877763584_0,benign_text,,,,,,,,,
,main,hurricane_irma__905658650877763584__905658650877763584_0,benign_joint,,,,,,,,,
,main,hurricane_irma__905658650877763584__905658650877763584_0,direct_image,,,,,,,,,
,main,hurricane_irma__905658650877763584__905658650877763584_0,direct_text,,,,,,,,,
,main,hurricane_irma__905658650877763584__905658650877763584_0,direct_joint,,,,,,,,,
,main,hurricane_irma__905658650877763584__905658650877763584_0,misleading_image,,,,,,,,,
,main,hurricane_irma__905658650877763584__905658650877763584_0,misleading_text,,,,,,,,,
,main,hurricane_irma__905658650877763584__905658650877763584_0,misleading_joint,,,,,,,,,
,main,hurricane_irma__905669119231459330__905669119231459330_0,clean,,,,,,,,,
,main,hurricane_irma__905669119231459330__905669119231459330_0,benign_image,,,,,,,,,
,main,hurricane_irma__905669119231459330__905669119231459330_0,benign_text,,,,,,,,,
,main,hurricane_irma__905669119231459330__905669119231459330_0,benign_joint,,,,,,,,,
,main,hurricane_irma__905669119231459330__905669119231459330_0,direct_image,,,,,,,,,
,main,hurricane_irma__905669119231459330__905669119231459330_0,direct_text,,,,,,,,,
,main,hurricane_irma__905669119231459330__905669119231459330_0,direct_joint,,,,,,,,,
,main,hurricane_irma__905669119231459330__905669119231459330_0,misleading_image,,,,,,,,,
,main,hurricane_irma__905669119231459330__905669119231459330_0,misleading_text,,,,,,,,,
,main,hurricane_irma__905669119231459330__905669119231459330_0,misleading_joint,,,,,,,,,
,main,hurricane_irma__905675466492837888__905675466492837888_0,clean,,,,,,,,,
,main,hurricane_irma__905675466492837888__905675466492837888_0,benign_image,,,,,,,,,
,main,hurricane_irma__905675466492837888__905675466492837888_0,benign_text,,,,,,,,,
,main,hurricane_irma__905675466492837888__905675466492837888_0,benign_joint,,,,,,,,,
,main,hurricane_irma__905675466492837888__905675466492837888_0,direct_image,,,,,,,,,
,main,hurricane_irma__905675466492837888__905675466492837888_0,direct_text,,,,,,,,,
,main,hurricane_irma__905675466492837888__905675466492837888_0,direct_joint,,,,,,,,,
,main,hurricane_irma__905675466492837888__905675466492837888_0,misleading_image,,,,,,,,,
,main,hurricane_irma__905675466492837888__905675466492837888_0,misleading_text,,,,,,,,,
,main,hurricane_irma__905675466492837888__905675466492837888_0,misleading_joint,,,,,,,,,
,main,hurricane_irma__905702343735422976__905702343735422976_0,clean,,,,,,,,,
,main,hurricane_irma__905702343735422976__905702343735422976_0,benign_image,,,,,,,,,
,main,hurricane_irma__905702343735422976__905702343735422976_0,benign_text,,,,,,,,,
,main,hurricane_irma__905702343735422976__905702343735422976_0,benign_joint,,,,,,,,,
,main,hurricane_irma__905702343735422976__905702343735422976_0,direct_image,,,,,,,,,
,main,hurricane_irma__905702343735422976__905702343735422976_0,direct_text,,,,,,,,,
,main,hurricane_irma__905702343735422976__905702343735422976_0,direct_joint,,,,,,,,,
,main,hurricane_irma__905702343735422976__905702343735422976_0,misleading_image,,,,,,,,,
,main,hurricane_irma__905702343735422976__905702343735422976_0,misleading_text,,,,,,,,,
,main,hurricane_irma__905702343735422976__905702343735422976_0,misleading_joint,,,,,,,,,
,main,hurricane_irma__905711015572250632__905711015572250632_0,clean,,,,,,,,,
,main,hurricane_irma__905711015572250632__905711015572250632_0,benign_image,,,,,,,,,
,main,hurricane_irma__905711015572250632__905711015572250632_0,benign_text,,,,,,,,,
,main,hurricane_irma__905711015572250632__905711015572250632_0,benign_joint,,,,,,,,,
,main,hurricane_irma__905711015572250632__905711015572250632_0,direct_image,,,,,,,,,
,main,hurricane_irma__905711015572250632__905711015572250632_0,direct_text,,,,,,,,,
,main,hurricane_irma__905711015572250632__905711015572250632_0,direct_joint,,,,,,,,,
,main,hurricane_irma__905711015572250632__905711015572250632_0,misleading_image,,,,,,,,,
,main,hurricane_irma__905711015572250632__905711015572250632_0,misleading_text,,,,,,,,,
,main,hurricane_irma__905711015572250632__905711015572250632_0,misleading_joint,,,,,,,,,
,main,hurricane_irma__905712012965142529__905712012965142529_0,clean,,,,,,,,,
,main,hurricane_irma__905712012965142529__905712012965142529_0,benign_image,,,,,,,,,
,main,hurricane_irma__905712012965142529__905712012965142529_0,benign_text,,,,,,,,,
,main,hurricane_irma__905712012965142529__905712012965142529_0,benign_joint,,,,,,,,,
,main,hurricane_irma__905712012965142529__905712012965142529_0,direct_image,,,,,,,,,
,main,hurricane_irma__905712012965142529__905712012965142529_0,direct_text,,,,,,,,,
,main,hurricane_irma__905712012965142529__905712012965142529_0,direct_joint,,,,,,,,,
,main,hurricane_irma__905712012965142529__905712012965142529_0,misleading_image,,,,,,,,,
,main,hurricane_irma__905712012965142529__905712012965142529_0,misleading_text,,,,,,,,,
,main,hurricane_irma__905712012965142529__905712012965142529_0,misleading_joint,,,,,,,,,
,main,hurricane_irma__905720120642650112__905720120642650112_0,clean,,,,,,,,,
,main,hurricane_irma__905720120642650112__905720120642650112_0,benign_image,,,,,,,,,
,main,hurricane_irma__905720120642650112__905720120642650112_0,benign_text,,,,,,,,,
,main,hurricane_irma__905720120642650112__905720120642650112_0,benign_joint,,,,,,,,,
,main,hurricane_irma__905720120642650112__905720120642650112_0,direct_image,,,,,,,,,
,main,hurricane_irma__905720120642650112__905720120642650112_0,direct_text,,,,,,,,,
,main,hurricane_irma__905720120642650112__905720120642650112_0,direct_joint,,,,,,,,,
,main,hurricane_irma__905720120642650112__905720120642650112_0,misleading_image,,,,,,,,,
,main,hurricane_irma__905720120642650112__905720120642650112_0,misleading_text,,,,,,,,,
,main,hurricane_irma__905720120642650112__905720120642650112_0,misleading_joint,,,,,,,,,
,main,hurricane_irma__905723534730641408__905723534730641408_0,clean,,,,,,,,,
,main,hurricane_irma__905723534730641408__905723534730641408_0,benign_image,,,,,,,,,
,main,hurricane_irma__905723534730641408__905723534730641408_0,benign_text,,,,,,,,,
,main,hurricane_irma__905723534730641408__905723534730641408_0,benign_joint,,,,,,,,,
,main,hurricane_irma__905723534730641408__905723534730641408_0,direct_image,,,,,,,,,
,main,hurricane_irma__905723534730641408__905723534730641408_0,direct_text,,,,,,,,,
,main,hurricane_irma__905723534730641408__905723534730641408_0,direct_joint,,,,,,,,,
,main,hurricane_irma__905723534730641408__905723534730641408_0,misleading_image,,,,,,,,,
,main,hurricane_irma__905723534730641408__905723534730641408_0,misleading_text,,,,,,,,,
,main,hurricane_irma__905723534730641408__905723534730641408_0,misleading_joint,,,,,,,,,
,main,hurricane_irma__905740321966891008__905740321966891008_0,clean,,,,,,,,,
,main,hurricane_irma__905740321966891008__905740321966891008_0,benign_image,,,,,,,,,
,main,hurricane_irma__905740321966891008__905740321966891008_0,benign_text,,,,,,,,,
,main,hurricane_irma__905740321966891008__905740321966891008_0,benign_joint,,,,,,,,,
,main,hurricane_irma__905740321966891008__905740321966891008_0,direct_image,,,,,,,,,
,main,hurricane_irma__905740321966891008__905740321966891008_0,direct_text,,,,,,,,,
,main,hurricane_irma__905740321966891008__905740321966891008_0,direct_joint,,,,,,,,,
,main,hurricane_irma__905740321966891008__905740321966891008_0,misleading_image,,,,,,,,,
,main,hurricane_irma__905740321966891008__905740321966891008_0,misleading_text,,,,,,,,,
,main,hurricane_irma__905740321966891008__905740321966891008_0,misleading_joint,,,,,,,,,
,main,hurricane_irma__905745716575838208__905745716575838208_0,clean,,,,,,,,,
,main,hurricane_irma__905745716575838208__905745716575838208_0,benign_image,,,,,,,,,
,main,hurricane_irma__905745716575838208__905745716575838208_0,benign_text,,,,,,,,,
,main,hurricane_irma__905745716575838208__905745716575838208_0,benign_joint,,,,,,,,,
,main,hurricane_irma__905745716575838208__905745716575838208_0,direct_image,,,,,,,,,
,main,hurricane_irma__905745716575838208__905745716575838208_0,direct_text,,,,,,,,,
,main,hurricane_irma__905745716575838208__905745716575838208_0,direct_joint,,,,,,,,,
,main,hurricane_irma__905745716575838208__905745716575838208_0,misleading_image,,,,,,,,,
,main,hurricane_irma__905745716575838208__905745716575838208_0,misleading_text,,,,,,,,,
,main,hurricane_irma__905745716575838208__905745716575838208_0,misleading_joint,,,,,,,,,
,main,hurricane_irma__905755713984765954__905755713984765954_0,clean,,,,,,,,,
,main,hurricane_irma__905755713984765954__905755713984765954_0,benign_image,,,,,,,,,
,main,hurricane_irma__905755713984765954__905755713984765954_0,benign_text,,,,,,,,,
,main,hurricane_irma__905755713984765954__905755713984765954_0,benign_joint,,,,,,,,,
,main,hurricane_irma__905755713984765954__905755713984765954_0,direct_image,,,,,,,,,
,main,hurricane_irma__905755713984765954__905755713984765954_0,direct_text,,,,,,,,,
,main,hurricane_irma__905755713984765954__905755713984765954_0,direct_joint,,,,,,,,,
,main,hurricane_irma__905755713984765954__905755713984765954_0,misleading_image,,,,,,,,,
,main,hurricane_irma__905755713984765954__905755713984765954_0,misleading_text,,,,,,,,,
,main,hurricane_irma__905755713984765954__905755713984765954_0,misleading_joint,,,,,,,,,
,main,hurricane_irma__905756573280198656__905756573280198656_0,clean,,,,,,,,,
,main,hurricane_irma__905756573280198656__905756573280198656_0,benign_image,,,,,,,,,
,main,hurricane_irma__905756573280198656__905756573280198656_0,benign_text,,,,,,,,,
,main,hurricane_irma__905756573280198656__905756573280198656_0,benign_joint,,,,,,,,,
,main,hurricane_irma__905756573280198656__905756573280198656_0,direct_image,,,,,,,,,
,main,hurricane_irma__905756573280198656__905756573280198656_0,direct_text,,,,,,,,,
,main,hurricane_irma__905756573280198656__905756573280198656_0,direct_joint,,,,,,,,,
,main,hurricane_irma__905756573280198656__905756573280198656_0,misleading_image,,,,,,,,,
,main,hurricane_irma__905756573280198656__905756573280198656_0,misleading_text,,,,,,,,,
,main,hurricane_irma__905756573280198656__905756573280198656_0,misleading_joint,,,,,,,,,
,main,hurricane_irma__905761990823600129__905761990823600129_0,clean,,,,,,,,,
,main,hurricane_irma__905761990823600129__905761990823600129_0,benign_image,,,,,,,,,
,main,hurricane_irma__905761990823600129__905761990823600129_0,benign_text,,,,,,,,,
,main,hurricane_irma__905761990823600129__905761990823600129_0,benign_joint,,,,,,,,,
,main,hurricane_irma__905761990823600129__905761990823600129_0,direct_image,,,,,,,,,
,main,hurricane_irma__905761990823600129__905761990823600129_0,direct_text,,,,,,,,,
,main,hurricane_irma__905761990823600129__905761990823600129_0,direct_joint,,,,,,,,,
,main,hurricane_irma__905761990823600129__905761990823600129_0,misleading_image,,,,,,,,,
,main,hurricane_irma__905761990823600129__905761990823600129_0,misleading_text,,,,,,,,,
,main,hurricane_irma__905761990823600129__905761990823600129_0,misleading_joint,,,,,,,,,
,main,hurricane_irma__905762184105472000__905762184105472000_0,clean,,,,,,,,,
,main,hurricane_irma__905762184105472000__905762184105472000_0,benign_image,,,,,,,,,
,main,hurricane_irma__905762184105472000__905762184105472000_0,benign_text,,,,,,,,,
,main,hurricane_irma__905762184105472000__905762184105472000_0,benign_joint,,,,,,,,,
,main,hurricane_irma__905762184105472000__905762184105472000_0,direct_image,,,,,,,,,
,main,hurricane_irma__905762184105472000__905762184105472000_0,direct_text,,,,,,,,,
,main,hurricane_irma__905762184105472000__905762184105472000_0,direct_joint,,,,,,,,,
,main,hurricane_irma__905762184105472000__905762184105472000_0,misleading_image,,,,,,,,,
,main,hurricane_irma__905762184105472000__905762184105472000_0,misleading_text,,,,,,,,,
,main,hurricane_irma__905762184105472000__905762184105472000_0,misleading_joint,,,,,,,,,
,main,hurricane_irma__906927857393430533__906927857393430533_0,clean,,,,,,,,,
,main,hurricane_irma__906927857393430533__906927857393430533_0,benign_image,,,,,,,,,
,main,hurricane_irma__906927857393430533__906927857393430533_0,benign_text,,,,,,,,,
,main,hurricane_irma__906927857393430533__906927857393430533_0,benign_joint,,,,,,,,,
,main,hurricane_irma__906927857393430533__906927857393430533_0,direct_image,,,,,,,,,
,main,hurricane_irma__906927857393430533__906927857393430533_0,direct_text,,,,,,,,,
,main,hurricane_irma__906927857393430533__906927857393430533_0,direct_joint,,,,,,,,,
,main,hurricane_irma__906927857393430533__906927857393430533_0,misleading_image,,,,,,,,,
,main,hurricane_irma__906927857393430533__906927857393430533_0,misleading_text,,,,,,,,,
,main,hurricane_irma__906927857393430533__906927857393430533_0,misleading_joint,,,,,,,,,
,main,hurricane_irma__906927885226737671__906927885226737671_0,clean,,,,,,,,,
,main,hurricane_irma__906927885226737671__906927885226737671_0,benign_image,,,,,,,,,
,main,hurricane_irma__906927885226737671__906927885226737671_0,benign_text,,,,,,,,,
,main,hurricane_irma__906927885226737671__906927885226737671_0,benign_joint,,,,,,,,,
,main,hurricane_irma__906927885226737671__906927885226737671_0,direct_image,,,,,,,,,
,main,hurricane_irma__906927885226737671__906927885226737671_0,direct_text,,,,,,,,,
,main,hurricane_irma__906927885226737671__906927885226737671_0,direct_joint,,,,,,,,,
,main,hurricane_irma__906927885226737671__906927885226737671_0,misleading_image,,,,,,,,,
,main,hurricane_irma__906927885226737671__906927885226737671_0,misleading_text,,,,,,,,,
,main,hurricane_irma__906927885226737671__906927885226737671_0,misleading_joint,,,,,,,,,
,main,hurricane_irma__906927887454011394__906927887454011394_0,clean,,,,,,,,,
,main,hurricane_irma__906927887454011394__906927887454011394_0,benign_image,,,,,,,,,
,main,hurricane_irma__906927887454011394__906927887454011394_0,benign_text,,,,,,,,,
,main,hurricane_irma__906927887454011394__906927887454011394_0,benign_joint,,,,,,,,,
,main,hurricane_irma__906927887454011394__906927887454011394_0,direct_image,,,,,,,,,
,main,hurricane_irma__906927887454011394__906927887454011394_0,direct_text,,,,,,,,,
,main,hurricane_irma__906927887454011394__906927887454011394_0,direct_joint,,,,,,,,,
,main,hurricane_irma__906927887454011394__906927887454011394_0,misleading_image,,,,,,,,,
,main,hurricane_irma__906927887454011394__906927887454011394_0,misleading_text,,,,,,,,,
,main,hurricane_irma__906927887454011394__906927887454011394_0,misleading_joint,,,,,,,,,
,main,hurricane_irma__906927950938873856__906927950938873856_0,clean,,,,,,,,,
,main,hurricane_irma__906927950938873856__906927950938873856_0,benign_image,,,,,,,,,
,main,hurricane_irma__906927950938873856__906927950938873856_0,benign_text,,,,,,,,,
,main,hurricane_irma__906927950938873856__906927950938873856_0,benign_joint,,,,,,,,,
,main,hurricane_irma__906927950938873856__906927950938873856_0,direct_image,,,,,,,,,
,main,hurricane_irma__906927950938873856__906927950938873856_0,direct_text,,,,,,,,,
,main,hurricane_irma__906927950938873856__906927950938873856_0,direct_joint,,,,,,,,,
,main,hurricane_irma__906927950938873856__906927950938873856_0,misleading_image,,,,,,,,,
,main,hurricane_irma__906927950938873856__906927950938873856_0,misleading_text,,,,,,,,,
,main,hurricane_irma__906927950938873856__906927950938873856_0,misleading_joint,,,,,,,,,
,main,hurricane_irma__906927969171656705__906927969171656705_0,clean,,,,,,,,,
,main,hurricane_irma__906927969171656705__906927969171656705_0,benign_image,,,,,,,,,
,main,hurricane_irma__906927969171656705__906927969171656705_0,benign_text,,,,,,,,,
,main,hurricane_irma__906927969171656705__906927969171656705_0,benign_joint,,,,,,,,,
,main,hurricane_irma__906927969171656705__906927969171656705_0,direct_image,,,,,,,,,
,main,hurricane_irma__906927969171656705__906927969171656705_0,direct_text,,,,,,,,,
,main,hurricane_irma__906927969171656705__906927969171656705_0,direct_joint,,,,,,,,,
,main,hurricane_irma__906927969171656705__906927969171656705_0,misleading_image,,,,,,,,,
,main,hurricane_irma__906927969171656705__906927969171656705_0,misleading_text,,,,,,,,,
,main,hurricane_irma__906927969171656705__906927969171656705_0,misleading_joint,,,,,,,,,
,main,hurricane_irma__906928042865504261__906928042865504261_0,clean,,,,,,,,,
,main,hurricane_irma__906928042865504261__906928042865504261_0,benign_image,,,,,,,,,
,main,hurricane_irma__906928042865504261__906928042865504261_0,benign_text,,,,,,,,,
,main,hurricane_irma__906928042865504261__906928042865504261_0,benign_joint,,,,,,,,,
,main,hurricane_irma__906928042865504261__906928042865504261_0,direct_image,,,,,,,,,
,main,hurricane_irma__906928042865504261__906928042865504261_0,direct_text,,,,,,,,,
,main,hurricane_irma__906928042865504261__906928042865504261_0,direct_joint,,,,,,,,,
,main,hurricane_irma__906928042865504261__906928042865504261_0,misleading_image,,,,,,,,,
,main,hurricane_irma__906928042865504261__906928042865504261_0,misleading_text,,,,,,,,,
,main,hurricane_irma__906928042865504261__906928042865504261_0,misleading_joint,,,,,,,,,
,main,hurricane_irma__909377896996892672__909377896996892672_0,clean,,,,,,,,,
,main,hurricane_irma__909377896996892672__909377896996892672_0,benign_image,,,,,,,,,
,main,hurricane_irma__909377896996892672__909377896996892672_0,benign_text,,,,,,,,,
,main,hurricane_irma__909377896996892672__909377896996892672_0,benign_joint,,,,,,,,,
,main,hurricane_irma__909377896996892672__909377896996892672_0,direct_image,,,,,,,,,
,main,hurricane_irma__909377896996892672__909377896996892672_0,direct_text,,,,,,,,,
,main,hurricane_irma__909377896996892672__909377896996892672_0,direct_joint,,,,,,,,,
,main,hurricane_irma__909377896996892672__909377896996892672_0,misleading_image,,,,,,,,,
,main,hurricane_irma__909377896996892672__909377896996892672_0,misleading_text,,,,,,,,,
,main,hurricane_irma__909377896996892672__909377896996892672_0,misleading_joint,,,,,,,,,
,main,hurricane_irma__909378784519966721__909378784519966721_0,clean,,,,,,,,,
,main,hurricane_irma__909378784519966721__909378784519966721_0,benign_image,,,,,,,,,
,main,hurricane_irma__909378784519966721__909378784519966721_0,benign_text,,,,,,,,,
,main,hurricane_irma__909378784519966721__909378784519966721_0,benign_joint,,,,,,,,,
,main,hurricane_irma__909378784519966721__909378784519966721_0,direct_image,,,,,,,,,
,main,hurricane_irma__909378784519966721__909378784519966721_0,direct_text,,,,,,,,,
,main,hurricane_irma__909378784519966721__909378784519966721_0,direct_joint,,,,,,,,,
,main,hurricane_irma__909378784519966721__909378784519966721_0,misleading_image,,,,,,,,,
,main,hurricane_irma__909378784519966721__909378784519966721_0,misleading_text,,,,,,,,,
,main,hurricane_irma__909378784519966721__909378784519966721_0,misleading_joint,,,,,,,,,
,main,hurricane_irma__909382743141822466__909382743141822466_0,clean,,,,,,,,,
,main,hurricane_irma__909382743141822466__909382743141822466_0,benign_image,,,,,,,,,
,main,hurricane_irma__909382743141822466__909382743141822466_0,benign_text,,,,,,,,,
,main,hurricane_irma__909382743141822466__909382743141822466_0,benign_joint,,,,,,,,,
,main,hurricane_irma__909382743141822466__909382743141822466_0,direct_image,,,,,,,,,
,main,hurricane_irma__909382743141822466__909382743141822466_0,direct_text,,,,,,,,,
,main,hurricane_irma__909382743141822466__909382743141822466_0,direct_joint,,,,,,,,,
,main,hurricane_irma__909382743141822466__909382743141822466_0,misleading_image,,,,,,,,,
,main,hurricane_irma__909382743141822466__909382743141822466_0,misleading_text,,,,,,,,,
,main,hurricane_irma__909382743141822466__909382743141822466_0,misleading_joint,,,,,,,,,
,main,hurricane_irma__909393303052935168__909393303052935168_2,clean,,,,,,,,,
,main,hurricane_irma__909393303052935168__909393303052935168_2,benign_image,,,,,,,,,
,main,hurricane_irma__909393303052935168__909393303052935168_2,benign_text,,,,,,,,,
,main,hurricane_irma__909393303052935168__909393303052935168_2,benign_joint,,,,,,,,,
,main,hurricane_irma__909393303052935168__909393303052935168_2,direct_image,,,,,,,,,
,main,hurricane_irma__909393303052935168__909393303052935168_2,direct_text,,,,,,,,,
,main,hurricane_irma__909393303052935168__909393303052935168_2,direct_joint,,,,,,,,,
,main,hurricane_irma__909393303052935168__909393303052935168_2,misleading_image,,,,,,,,,
,main,hurricane_irma__909393303052935168__909393303052935168_2,misleading_text,,,,,,,,,
,main,hurricane_irma__909393303052935168__909393303052935168_2,misleading_joint,,,,,,,,,
,main,hurricane_irma__909394219235672064__909394219235672064_0,clean,,,,,,,,,
,main,hurricane_irma__909394219235672064__909394219235672064_0,benign_image,,,,,,,,,
,main,hurricane_irma__909394219235672064__909394219235672064_0,benign_text,,,,,,,,,
,main,hurricane_irma__909394219235672064__909394219235672064_0,benign_joint,,,,,,,,,
,main,hurricane_irma__909394219235672064__909394219235672064_0,direct_image,,,,,,,,,
,main,hurricane_irma__909394219235672064__909394219235672064_0,direct_text,,,,,,,,,
,main,hurricane_irma__909394219235672064__909394219235672064_0,direct_joint,,,,,,,,,
,main,hurricane_irma__909394219235672064__909394219235672064_0,misleading_image,,,,,,,,,
,main,hurricane_irma__909394219235672064__909394219235672064_0,misleading_text,,,,,,,,,
,main,hurricane_irma__909394219235672064__909394219235672064_0,misleading_joint,,,,,,,,,
,main,hurricane_irma__909396357718343680__909396357718343680_0,clean,,,,,,,,,
,main,hurricane_irma__909396357718343680__909396357718343680_0,benign_image,,,,,,,,,
,main,hurricane_irma__909396357718343680__909396357718343680_0,benign_text,,,,,,,,,
,main,hurricane_irma__909396357718343680__909396357718343680_0,benign_joint,,,,,,,,,
,main,hurricane_irma__909396357718343680__909396357718343680_0,direct_image,,,,,,,,,
,main,hurricane_irma__909396357718343680__909396357718343680_0,direct_text,,,,,,,,,
,main,hurricane_irma__909396357718343680__909396357718343680_0,direct_joint,,,,,,,,,
,main,hurricane_irma__909396357718343680__909396357718343680_0,misleading_image,,,,,,,,,
,main,hurricane_irma__909396357718343680__909396357718343680_0,misleading_text,,,,,,,,,
,main,hurricane_irma__909396357718343680__909396357718343680_0,misleading_joint,,,,,,,,,
,main,hurricane_irma__909397079138689024__909397079138689024_0,clean,,,,,,,,,
,main,hurricane_irma__909397079138689024__909397079138689024_0,benign_image,,,,,,,,,
,main,hurricane_irma__909397079138689024__909397079138689024_0,benign_text,,,,,,,,,
,main,hurricane_irma__909397079138689024__909397079138689024_0,benign_joint,,,,,,,,,
,main,hurricane_irma__909397079138689024__909397079138689024_0,direct_image,,,,,,,,,
,main,hurricane_irma__909397079138689024__909397079138689024_0,direct_text,,,,,,,,,
,main,hurricane_irma__909397079138689024__909397079138689024_0,direct_joint,,,,,,,,,
,main,hurricane_irma__909397079138689024__909397079138689024_0,misleading_image,,,,,,,,,
,main,hurricane_irma__909397079138689024__909397079138689024_0,misleading_text,,,,,,,,,
,main,hurricane_irma__909397079138689024__909397079138689024_0,misleading_joint,,,,,,,,,
,main,hurricane_irma__909397777792118784__909397777792118784_0,clean,,,,,,,,,
,main,hurricane_irma__909397777792118784__909397777792118784_0,benign_image,,,,,,,,,
,main,hurricane_irma__909397777792118784__909397777792118784_0,benign_text,,,,,,,,,
,main,hurricane_irma__909397777792118784__909397777792118784_0,benign_joint,,,,,,,,,
,main,hurricane_irma__909397777792118784__909397777792118784_0,direct_image,,,,,,,,,
,main,hurricane_irma__909397777792118784__909397777792118784_0,direct_text,,,,,,,,,
,main,hurricane_irma__909397777792118784__909397777792118784_0,direct_joint,,,,,,,,,
,main,hurricane_irma__909397777792118784__909397777792118784_0,misleading_image,,,,,,,,,
,main,hurricane_irma__909397777792118784__909397777792118784_0,misleading_text,,,,,,,,,
,main,hurricane_irma__909397777792118784__909397777792118784_0,misleading_joint,,,,,,,,,
,main,hurricane_irma__909398796928303104__909398796928303104_1,clean,,,,,,,,,
,main,hurricane_irma__909398796928303104__909398796928303104_1,benign_image,,,,,,,,,
,main,hurricane_irma__909398796928303104__909398796928303104_1,benign_text,,,,,,,,,
,main,hurricane_irma__909398796928303104__909398796928303104_1,benign_joint,,,,,,,,,
,main,hurricane_irma__909398796928303104__909398796928303104_1,direct_image,,,,,,,,,
,main,hurricane_irma__909398796928303104__909398796928303104_1,direct_text,,,,,,,,,
,main,hurricane_irma__909398796928303104__909398796928303104_1,direct_joint,,,,,,,,,
,main,hurricane_irma__909398796928303104__909398796928303104_1,misleading_image,,,,,,,,,
,main,hurricane_irma__909398796928303104__909398796928303104_1,misleading_text,,,,,,,,,
,main,hurricane_irma__909398796928303104__909398796928303104_1,misleading_joint,,,,,,,,,
,main,hurricane_irma__909403359123210240__909403359123210240_0,clean,,,,,,,,,
,main,hurricane_irma__909403359123210240__909403359123210240_0,benign_image,,,,,,,,,
,main,hurricane_irma__909403359123210240__909403359123210240_0,benign_text,,,,,,,,,
,main,hurricane_irma__909403359123210240__909403359123210240_0,benign_joint,,,,,,,,,
,main,hurricane_irma__909403359123210240__909403359123210240_0,direct_image,,,,,,,,,
,main,hurricane_irma__909403359123210240__909403359123210240_0,direct_text,,,,,,,,,
,main,hurricane_irma__909403359123210240__909403359123210240_0,direct_joint,,,,,,,,,
,main,hurricane_irma__909403359123210240__909403359123210240_0,misleading_image,,,,,,,,,
,main,hurricane_irma__909403359123210240__909403359123210240_0,misleading_text,,,,,,,,,
,main,hurricane_irma__909403359123210240__909403359123210240_0,misleading_joint,,,,,,,,,
,main,hurricane_irma__909410693102948352__909410693102948352_0,clean,,,,,,,,,
,main,hurricane_irma__909410693102948352__909410693102948352_0,benign_image,,,,,,,,,
,main,hurricane_irma__909410693102948352__909410693102948352_0,benign_text,,,,,,,,,
,main,hurricane_irma__909410693102948352__909410693102948352_0,benign_joint,,,,,,,,,
,main,hurricane_irma__909410693102948352__909410693102948352_0,direct_image,,,,,,,,,
,main,hurricane_irma__909410693102948352__909410693102948352_0,direct_text,,,,,,,,,
,main,hurricane_irma__909410693102948352__909410693102948352_0,direct_joint,,,,,,,,,
,main,hurricane_irma__909410693102948352__909410693102948352_0,misleading_image,,,,,,,,,
,main,hurricane_irma__909410693102948352__909410693102948352_0,misleading_text,,,,,,,,,
,main,hurricane_irma__909410693102948352__909410693102948352_0,misleading_joint,,,,,,,,,
,main,hurricane_irma__909411047039229953__909411047039229953_0,clean,,,,,,,,,
,main,hurricane_irma__909411047039229953__909411047039229953_0,benign_image,,,,,,,,,
,main,hurricane_irma__909411047039229953__909411047039229953_0,benign_text,,,,,,,,,
,main,hurricane_irma__909411047039229953__909411047039229953_0,benign_joint,,,,,,,,,
,main,hurricane_irma__909411047039229953__909411047039229953_0,direct_image,,,,,,,,,
,main,hurricane_irma__909411047039229953__909411047039229953_0,direct_text,,,,,,,,,
,main,hurricane_irma__909411047039229953__909411047039229953_0,direct_joint,,,,,,,,,
,main,hurricane_irma__909411047039229953__909411047039229953_0,misleading_image,,,,,,,,,
,main,hurricane_irma__909411047039229953__909411047039229953_0,misleading_text,,,,,,,,,
,main,hurricane_irma__909411047039229953__909411047039229953_0,misleading_joint,,,,,,,,,
,main,hurricane_irma__909412920160804864__909412920160804864_0,clean,,,,,,,,,
,main,hurricane_irma__909412920160804864__909412920160804864_0,benign_image,,,,,,,,,
,main,hurricane_irma__909412920160804864__909412920160804864_0,benign_text,,,,,,,,,
,main,hurricane_irma__909412920160804864__909412920160804864_0,benign_joint,,,,,,,,,
,main,hurricane_irma__909412920160804864__909412920160804864_0,direct_image,,,,,,,,,
,main,hurricane_irma__909412920160804864__909412920160804864_0,direct_text,,,,,,,,,
,main,hurricane_irma__909412920160804864__909412920160804864_0,direct_joint,,,,,,,,,
,main,hurricane_irma__909412920160804864__909412920160804864_0,misleading_image,,,,,,,,,
,main,hurricane_irma__909412920160804864__909412920160804864_0,misleading_text,,,,,,,,,
,main,hurricane_irma__909412920160804864__909412920160804864_0,misleading_joint,,,,,,,,,
,main,hurricane_irma__909418331618373632__909418331618373632_0,clean,,,,,,,,,
,main,hurricane_irma__909418331618373632__909418331618373632_0,benign_image,,,,,,,,,
,main,hurricane_irma__909418331618373632__909418331618373632_0,benign_text,,,,,,,,,
,main,hurricane_irma__909418331618373632__909418331618373632_0,benign_joint,,,,,,,,,
,main,hurricane_irma__909418331618373632__909418331618373632_0,direct_image,,,,,,,,,
,main,hurricane_irma__909418331618373632__909418331618373632_0,direct_text,,,,,,,,,
,main,hurricane_irma__909418331618373632__909418331618373632_0,direct_joint,,,,,,,,,
,main,hurricane_irma__909418331618373632__909418331618373632_0,misleading_image,,,,,,,,,
,main,hurricane_irma__909418331618373632__909418331618373632_0,misleading_text,,,,,,,,,
,main,hurricane_irma__909418331618373632__909418331618373632_0,misleading_joint,,,,,,,,,
,main,hurricane_irma__909418882213060608__909418882213060608_0,clean,,,,,,,,,
,main,hurricane_irma__909418882213060608__909418882213060608_0,benign_image,,,,,,,,,
,main,hurricane_irma__909418882213060608__909418882213060608_0,benign_text,,,,,,,,,
,main,hurricane_irma__909418882213060608__909418882213060608_0,benign_joint,,,,,,,,,
,main,hurricane_irma__909418882213060608__909418882213060608_0,direct_image,,,,,,,,,
,main,hurricane_irma__909418882213060608__909418882213060608_0,direct_text,,,,,,,,,
,main,hurricane_irma__909418882213060608__909418882213060608_0,direct_joint,,,,,,,,,
,main,hurricane_irma__909418882213060608__909418882213060608_0,misleading_image,,,,,,,,,
,main,hurricane_irma__909418882213060608__909418882213060608_0,misleading_text,,,,,,,,,
,main,hurricane_irma__909418882213060608__909418882213060608_0,misleading_joint,,,,,,,,,
,main,hurricane_irma__909419255229304833__909419255229304833_0,clean,,,,,,,,,
,main,hurricane_irma__909419255229304833__909419255229304833_0,benign_image,,,,,,,,,
,main,hurricane_irma__909419255229304833__909419255229304833_0,benign_text,,,,,,,,,
,main,hurricane_irma__909419255229304833__909419255229304833_0,benign_joint,,,,,,,,,
,main,hurricane_irma__909419255229304833__909419255229304833_0,direct_image,,,,,,,,,
,main,hurricane_irma__909419255229304833__909419255229304833_0,direct_text,,,,,,,,,
,main,hurricane_irma__909419255229304833__909419255229304833_0,direct_joint,,,,,,,,,
,main,hurricane_irma__909419255229304833__909419255229304833_0,misleading_image,,,,,,,,,
,main,hurricane_irma__909419255229304833__909419255229304833_0,misleading_text,,,,,,,,,
,main,hurricane_irma__909419255229304833__909419255229304833_0,misleading_joint,,,,,,,,,
,main,hurricane_irma__909420245881782272__909420245881782272_0,clean,,,,,,,,,
,main,hurricane_irma__909420245881782272__909420245881782272_0,benign_image,,,,,,,,,
,main,hurricane_irma__909420245881782272__909420245881782272_0,benign_text,,,,,,,,,
,main,hurricane_irma__909420245881782272__909420245881782272_0,benign_joint,,,,,,,,,
,main,hurricane_irma__909420245881782272__909420245881782272_0,direct_image,,,,,,,,,
,main,hurricane_irma__909420245881782272__909420245881782272_0,direct_text,,,,,,,,,
,main,hurricane_irma__909420245881782272__909420245881782272_0,direct_joint,,,,,,,,,
,main,hurricane_irma__909420245881782272__909420245881782272_0,misleading_image,,,,,,,,,
,main,hurricane_irma__909420245881782272__909420245881782272_0,misleading_text,,,,,,,,,
,main,hurricane_irma__909420245881782272__909420245881782272_0,misleading_joint,,,,,,,,,
,main,hurricane_irma__909421107396186112__909421107396186112_0,clean,,,,,,,,,
,main,hurricane_irma__909421107396186112__909421107396186112_0,benign_image,,,,,,,,,
,main,hurricane_irma__909421107396186112__909421107396186112_0,benign_text,,,,,,,,,
,main,hurricane_irma__909421107396186112__909421107396186112_0,benign_joint,,,,,,,,,
,main,hurricane_irma__909421107396186112__909421107396186112_0,direct_image,,,,,,,,,
,main,hurricane_irma__909421107396186112__909421107396186112_0,direct_text,,,,,,,,,
,main,hurricane_irma__909421107396186112__909421107396186112_0,direct_joint,,,,,,,,,
,main,hurricane_irma__909421107396186112__909421107396186112_0,misleading_image,,,,,,,,,
,main,hurricane_irma__909421107396186112__909421107396186112_0,misleading_text,,,,,,,,,
,main,hurricane_irma__909421107396186112__909421107396186112_0,misleading_joint,,,,,,,,,
,main,hurricane_irma__909421699778715648__909421699778715648_0,clean,,,,,,,,,
,main,hurricane_irma__909421699778715648__909421699778715648_0,benign_image,,,,,,,,,
,main,hurricane_irma__909421699778715648__909421699778715648_0,benign_text,,,,,,,,,
,main,hurricane_irma__909421699778715648__909421699778715648_0,benign_joint,,,,,,,,,
,main,hurricane_irma__909421699778715648__909421699778715648_0,direct_image,,,,,,,,,
,main,hurricane_irma__909421699778715648__909421699778715648_0,direct_text,,,,,,,,,
,main,hurricane_irma__909421699778715648__909421699778715648_0,direct_joint,,,,,,,,,
,main,hurricane_irma__909421699778715648__909421699778715648_0,misleading_image,,,,,,,,,
,main,hurricane_irma__909421699778715648__909421699778715648_0,misleading_text,,,,,,,,,
,main,hurricane_irma__909421699778715648__909421699778715648_0,misleading_joint,,,,,,,,,
,main,hurricane_irma__909423458810871809__909423458810871809_0,clean,,,,,,,,,
,main,hurricane_irma__909423458810871809__909423458810871809_0,benign_image,,,,,,,,,
,main,hurricane_irma__909423458810871809__909423458810871809_0,benign_text,,,,,,,,,
,main,hurricane_irma__909423458810871809__909423458810871809_0,benign_joint,,,,,,,,,
,main,hurricane_irma__909423458810871809__909423458810871809_0,direct_image,,,,,,,,,
,main,hurricane_irma__909423458810871809__909423458810871809_0,direct_text,,,,,,,,,
,main,hurricane_irma__909423458810871809__909423458810871809_0,direct_joint,,,,,,,,,
,main,hurricane_irma__909423458810871809__909423458810871809_0,misleading_image,,,,,,,,,
,main,hurricane_irma__909423458810871809__909423458810871809_0,misleading_text,,,,,,,,,
,main,hurricane_irma__909423458810871809__909423458810871809_0,misleading_joint,,,,,,,,,
,main,hurricane_irma__909424536705265664__909424536705265664_0,clean,,,,,,,,,
,main,hurricane_irma__909424536705265664__909424536705265664_0,benign_image,,,,,,,,,
,main,hurricane_irma__909424536705265664__909424536705265664_0,benign_text,,,,,,,,,
,main,hurricane_irma__909424536705265664__909424536705265664_0,benign_joint,,,,,,,,,
,main,hurricane_irma__909424536705265664__909424536705265664_0,direct_image,,,,,,,,,
,main,hurricane_irma__909424536705265664__909424536705265664_0,direct_text,,,,,,,,,
,main,hurricane_irma__909424536705265664__909424536705265664_0,direct_joint,,,,,,,,,
,main,hurricane_irma__909424536705265664__909424536705265664_0,misleading_image,,,,,,,,,
,main,hurricane_irma__909424536705265664__909424536705265664_0,misleading_text,,,,,,,,,
,main,hurricane_irma__909424536705265664__909424536705265664_0,misleading_joint,,,,,,,,,
,main,hurricane_irma__909432584333078528__909432584333078528_0,clean,,,,,,,,,
,main,hurricane_irma__909432584333078528__909432584333078528_0,benign_image,,,,,,,,,
,main,hurricane_irma__909432584333078528__909432584333078528_0,benign_text,,,,,,,,,
,main,hurricane_irma__909432584333078528__909432584333078528_0,benign_joint,,,,,,,,,
,main,hurricane_irma__909432584333078528__909432584333078528_0,direct_image,,,,,,,,,
,main,hurricane_irma__909432584333078528__909432584333078528_0,direct_text,,,,,,,,,
,main,hurricane_irma__909432584333078528__909432584333078528_0,direct_joint,,,,,,,,,
,main,hurricane_irma__909432584333078528__909432584333078528_0,misleading_image,,,,,,,,,
,main,hurricane_irma__909432584333078528__909432584333078528_0,misleading_text,,,,,,,,,
,main,hurricane_irma__909432584333078528__909432584333078528_0,misleading_joint,,,,,,,,,
,main,hurricane_irma__909436630267760641__909436630267760641_2,clean,,,,,,,,,
,main,hurricane_irma__909436630267760641__909436630267760641_2,benign_image,,,,,,,,,
,main,hurricane_irma__909436630267760641__909436630267760641_2,benign_text,,,,,,,,,
,main,hurricane_irma__909436630267760641__909436630267760641_2,benign_joint,,,,,,,,,
,main,hurricane_irma__909436630267760641__909436630267760641_2,direct_image,,,,,,,,,
,main,hurricane_irma__909436630267760641__909436630267760641_2,direct_text,,,,,,,,,
,main,hurricane_irma__909436630267760641__909436630267760641_2,direct_joint,,,,,,,,,
,main,hurricane_irma__909436630267760641__909436630267760641_2,misleading_image,,,,,,,,,
,main,hurricane_irma__909436630267760641__909436630267760641_2,misleading_text,,,,,,,,,
,main,hurricane_irma__909436630267760641__909436630267760641_2,misleading_joint,,,,,,,,,
,main,hurricane_irma__909438308253601795__909438308253601795_0,clean,,,,,,,,,
,main,hurricane_irma__909438308253601795__909438308253601795_0,benign_image,,,,,,,,,
,main,hurricane_irma__909438308253601795__909438308253601795_0,benign_text,,,,,,,,,
,main,hurricane_irma__909438308253601795__909438308253601795_0,benign_joint,,,,,,,,,
,main,hurricane_irma__909438308253601795__909438308253601795_0,direct_image,,,,,,,,,
,main,hurricane_irma__909438308253601795__909438308253601795_0,direct_text,,,,,,,,,
,main,hurricane_irma__909438308253601795__909438308253601795_0,direct_joint,,,,,,,,,
,main,hurricane_irma__909438308253601795__909438308253601795_0,misleading_image,,,,,,,,,
,main,hurricane_irma__909438308253601795__909438308253601795_0,misleading_text,,,,,,,,,
,main,hurricane_irma__909438308253601795__909438308253601795_0,misleading_joint,,,,,,,,,
,main,hurricane_irma__909439327779852288__909439327779852288_0,clean,,,,,,,,,
,main,hurricane_irma__909439327779852288__909439327779852288_0,benign_image,,,,,,,,,
,main,hurricane_irma__909439327779852288__909439327779852288_0,benign_text,,,,,,,,,
,main,hurricane_irma__909439327779852288__909439327779852288_0,benign_joint,,,,,,,,,
,main,hurricane_irma__909439327779852288__909439327779852288_0,direct_image,,,,,,,,,
,main,hurricane_irma__909439327779852288__909439327779852288_0,direct_text,,,,,,,,,
,main,hurricane_irma__909439327779852288__909439327779852288_0,direct_joint,,,,,,,,,
,main,hurricane_irma__909439327779852288__909439327779852288_0,misleading_image,,,,,,,,,
,main,hurricane_irma__909439327779852288__909439327779852288_0,misleading_text,,,,,,,,,
,main,hurricane_irma__909439327779852288__909439327779852288_0,misleading_joint,,,,,,,,,
,main,hurricane_irma__909441515839266816__909441515839266816_1,clean,,,,,,,,,
,main,hurricane_irma__909441515839266816__909441515839266816_1,benign_image,,,,,,,,,
,main,hurricane_irma__909441515839266816__909441515839266816_1,benign_text,,,,,,,,,
,main,hurricane_irma__909441515839266816__909441515839266816_1,benign_joint,,,,,,,,,
,main,hurricane_irma__909441515839266816__909441515839266816_1,direct_image,,,,,,,,,
,main,hurricane_irma__909441515839266816__909441515839266816_1,direct_text,,,,,,,,,
,main,hurricane_irma__909441515839266816__909441515839266816_1,direct_joint,,,,,,,,,
,main,hurricane_irma__909441515839266816__909441515839266816_1,misleading_image,,,,,,,,,
,main,hurricane_irma__909441515839266816__909441515839266816_1,misleading_text,,,,,,,,,
,main,hurricane_irma__909441515839266816__909441515839266816_1,misleading_joint,,,,,,,,,
,main,hurricane_irma__909442846654001152__909442846654001152_0,clean,,,,,,,,,
,main,hurricane_irma__909442846654001152__909442846654001152_0,benign_image,,,,,,,,,
,main,hurricane_irma__909442846654001152__909442846654001152_0,benign_text,,,,,,,,,
,main,hurricane_irma__909442846654001152__909442846654001152_0,benign_joint,,,,,,,,,
,main,hurricane_irma__909442846654001152__909442846654001152_0,direct_image,,,,,,,,,
,main,hurricane_irma__909442846654001152__909442846654001152_0,direct_text,,,,,,,,,
,main,hurricane_irma__909442846654001152__909442846654001152_0,direct_joint,,,,,,,,,
,main,hurricane_irma__909442846654001152__909442846654001152_0,misleading_image,,,,,,,,,
,main,hurricane_irma__909442846654001152__909442846654001152_0,misleading_text,,,,,,,,,
,main,hurricane_irma__909442846654001152__909442846654001152_0,misleading_joint,,,,,,,,,
,main,hurricane_irma__909447024801705986__909447024801705986_0,clean,,,,,,,,,
,main,hurricane_irma__909447024801705986__909447024801705986_0,benign_image,,,,,,,,,
,main,hurricane_irma__909447024801705986__909447024801705986_0,benign_text,,,,,,,,,
,main,hurricane_irma__909447024801705986__909447024801705986_0,benign_joint,,,,,,,,,
,main,hurricane_irma__909447024801705986__909447024801705986_0,direct_image,,,,,,,,,
,main,hurricane_irma__909447024801705986__909447024801705986_0,direct_text,,,,,,,,,
,main,hurricane_irma__909447024801705986__909447024801705986_0,direct_joint,,,,,,,,,
,main,hurricane_irma__909447024801705986__909447024801705986_0,misleading_image,,,,,,,,,
,main,hurricane_irma__909447024801705986__909447024801705986_0,misleading_text,,,,,,,,,
,main,hurricane_irma__909447024801705986__909447024801705986_0,misleading_joint,,,,,,,,,
,main,hurricane_irma__909447517565325312__909447517565325312_0,clean,,,,,,,,,
,main,hurricane_irma__909447517565325312__909447517565325312_0,benign_image,,,,,,,,,
,main,hurricane_irma__909447517565325312__909447517565325312_0,benign_text,,,,,,,,,
,main,hurricane_irma__909447517565325312__909447517565325312_0,benign_joint,,,,,,,,,
,main,hurricane_irma__909447517565325312__909447517565325312_0,direct_image,,,,,,,,,
,main,hurricane_irma__909447517565325312__909447517565325312_0,direct_text,,,,,,,,,
,main,hurricane_irma__909447517565325312__909447517565325312_0,direct_joint,,,,,,,,,
,main,hurricane_irma__909447517565325312__909447517565325312_0,misleading_image,,,,,,,,,
,main,hurricane_irma__909447517565325312__909447517565325312_0,misleading_text,,,,,,,,,
,main,hurricane_irma__909447517565325312__909447517565325312_0,misleading_joint,,,,,,,,,
,main,hurricane_irma__909448877790695424__909448877790695424_0,clean,,,,,,,,,
,main,hurricane_irma__909448877790695424__909448877790695424_0,benign_image,,,,,,,,,
,main,hurricane_irma__909448877790695424__909448877790695424_0,benign_text,,,,,,,,,
,main,hurricane_irma__909448877790695424__909448877790695424_0,benign_joint,,,,,,,,,
,main,hurricane_irma__909448877790695424__909448877790695424_0,direct_image,,,,,,,,,
,main,hurricane_irma__909448877790695424__909448877790695424_0,direct_text,,,,,,,,,
,main,hurricane_irma__909448877790695424__909448877790695424_0,direct_joint,,,,,,,,,
,main,hurricane_irma__909448877790695424__909448877790695424_0,misleading_image,,,,,,,,,
,main,hurricane_irma__909448877790695424__909448877790695424_0,misleading_text,,,,,,,,,
,main,hurricane_irma__909448877790695424__909448877790695424_0,misleading_joint,,,,,,,,,
,main,hurricane_irma__909459854305091585__909459854305091585_0,clean,,,,,,,,,
,main,hurricane_irma__909459854305091585__909459854305091585_0,benign_image,,,,,,,,,
,main,hurricane_irma__909459854305091585__909459854305091585_0,benign_text,,,,,,,,,
,main,hurricane_irma__909459854305091585__909459854305091585_0,benign_joint,,,,,,,,,
,main,hurricane_irma__909459854305091585__909459854305091585_0,direct_image,,,,,,,,,
,main,hurricane_irma__909459854305091585__909459854305091585_0,direct_text,,,,,,,,,
,main,hurricane_irma__909459854305091585__909459854305091585_0,direct_joint,,,,,,,,,
,main,hurricane_irma__909459854305091585__909459854305091585_0,misleading_image,,,,,,,,,
,main,hurricane_irma__909459854305091585__909459854305091585_0,misleading_text,,,,,,,,,
,main,hurricane_irma__909459854305091585__909459854305091585_0,misleading_joint,,,,,,,,,
,main,hurricane_irma__909468250953658369__909468250953658369_0,clean,,,,,,,,,
,main,hurricane_irma__909468250953658369__909468250953658369_0,benign_image,,,,,,,,,
,main,hurricane_irma__909468250953658369__909468250953658369_0,benign_text,,,,,,,,,
,main,hurricane_irma__909468250953658369__909468250953658369_0,benign_joint,,,,,,,,,
,main,hurricane_irma__909468250953658369__909468250953658369_0,direct_image,,,,,,,,,
,main,hurricane_irma__909468250953658369__909468250953658369_0,direct_text,,,,,,,,,
,main,hurricane_irma__909468250953658369__909468250953658369_0,direct_joint,,,,,,,,,
,main,hurricane_irma__909468250953658369__909468250953658369_0,misleading_image,,,,,,,,,
,main,hurricane_irma__909468250953658369__909468250953658369_0,misleading_text,,,,,,,,,
,main,hurricane_irma__909468250953658369__909468250953658369_0,misleading_joint,,,,,,,,,
,main,hurricane_irma__909470735168655365__909470735168655365_0,clean,,,,,,,,,
,main,hurricane_irma__909470735168655365__909470735168655365_0,benign_image,,,,,,,,,
,main,hurricane_irma__909470735168655365__909470735168655365_0,benign_text,,,,,,,,,
,main,hurricane_irma__909470735168655365__909470735168655365_0,benign_joint,,,,,,,,,
,main,hurricane_irma__909470735168655365__909470735168655365_0,direct_image,,,,,,,,,
,main,hurricane_irma__909470735168655365__909470735168655365_0,direct_text,,,,,,,,,
,main,hurricane_irma__909470735168655365__909470735168655365_0,direct_joint,,,,,,,,,
,main,hurricane_irma__909470735168655365__909470735168655365_0,misleading_image,,,,,,,,,
,main,hurricane_irma__909470735168655365__909470735168655365_0,misleading_text,,,,,,,,,
,main,hurricane_irma__909470735168655365__909470735168655365_0,misleading_joint,,,,,,,,,
,main,hurricane_irma__909474049079889920__909474049079889920_0,clean,,,,,,,,,
,main,hurricane_irma__909474049079889920__909474049079889920_0,benign_image,,,,,,,,,
,main,hurricane_irma__909474049079889920__909474049079889920_0,benign_text,,,,,,,,,
,main,hurricane_irma__909474049079889920__909474049079889920_0,benign_joint,,,,,,,,,
,main,hurricane_irma__909474049079889920__909474049079889920_0,direct_image,,,,,,,,,
,main,hurricane_irma__909474049079889920__909474049079889920_0,direct_text,,,,,,,,,
,main,hurricane_irma__909474049079889920__909474049079889920_0,direct_joint,,,,,,,,,
,main,hurricane_irma__909474049079889920__909474049079889920_0,misleading_image,,,,,,,,,
,main,hurricane_irma__909474049079889920__909474049079889920_0,misleading_text,,,,,,,,,
,main,hurricane_irma__909474049079889920__909474049079889920_0,misleading_joint,,,,,,,,,
,main,hurricane_irma__909474605873602560__909474605873602560_0,clean,,,,,,,,,
,main,hurricane_irma__909474605873602560__909474605873602560_0,benign_image,,,,,,,,,
,main,hurricane_irma__909474605873602560__909474605873602560_0,benign_text,,,,,,,,,
,main,hurricane_irma__909474605873602560__909474605873602560_0,benign_joint,,,,,,,,,
,main,hurricane_irma__909474605873602560__909474605873602560_0,direct_image,,,,,,,,,
,main,hurricane_irma__909474605873602560__909474605873602560_0,direct_text,,,,,,,,,
,main,hurricane_irma__909474605873602560__909474605873602560_0,direct_joint,,,,,,,,,
,main,hurricane_irma__909474605873602560__909474605873602560_0,misleading_image,,,,,,,,,
,main,hurricane_irma__909474605873602560__909474605873602560_0,misleading_text,,,,,,,,,
,main,hurricane_irma__909474605873602560__909474605873602560_0,misleading_joint,,,,,,,,,
,main,hurricane_irma__909475803628412928__909475803628412928_0,clean,,,,,,,,,
,main,hurricane_irma__909475803628412928__909475803628412928_0,benign_image,,,,,,,,,
,main,hurricane_irma__909475803628412928__909475803628412928_0,benign_text,,,,,,,,,
,main,hurricane_irma__909475803628412928__909475803628412928_0,benign_joint,,,,,,,,,
,main,hurricane_irma__909475803628412928__909475803628412928_0,direct_image,,,,,,,,,
,main,hurricane_irma__909475803628412928__909475803628412928_0,direct_text,,,,,,,,,
,main,hurricane_irma__909475803628412928__909475803628412928_0,direct_joint,,,,,,,,,
,main,hurricane_irma__909475803628412928__909475803628412928_0,misleading_image,,,,,,,,,
,main,hurricane_irma__909475803628412928__909475803628412928_0,misleading_text,,,,,,,,,
,main,hurricane_irma__909475803628412928__909475803628412928_0,misleading_joint,,,,,,,,,
,main,hurricane_irma__909475867587436544__909475867587436544_0,clean,,,,,,,,,
,main,hurricane_irma__909475867587436544__909475867587436544_0,benign_image,,,,,,,,,
,main,hurricane_irma__909475867587436544__909475867587436544_0,benign_text,,,,,,,,,
,main,hurricane_irma__909475867587436544__909475867587436544_0,benign_joint,,,,,,,,,
,main,hurricane_irma__909475867587436544__909475867587436544_0,direct_image,,,,,,,,,
,main,hurricane_irma__909475867587436544__909475867587436544_0,direct_text,,,,,,,,,
,main,hurricane_irma__909475867587436544__909475867587436544_0,direct_joint,,,,,,,,,
,main,hurricane_irma__909475867587436544__909475867587436544_0,misleading_image,,,,,,,,,
,main,hurricane_irma__909475867587436544__909475867587436544_0,misleading_text,,,,,,,,,
,main,hurricane_irma__909475867587436544__909475867587436544_0,misleading_joint,,,,,,,,,
,main,hurricane_irma__909480878895779840__909480878895779840_0,clean,,,,,,,,,
,main,hurricane_irma__909480878895779840__909480878895779840_0,benign_image,,,,,,,,,
,main,hurricane_irma__909480878895779840__909480878895779840_0,benign_text,,,,,,,,,
,main,hurricane_irma__909480878895779840__909480878895779840_0,benign_joint,,,,,,,,,
,main,hurricane_irma__909480878895779840__909480878895779840_0,direct_image,,,,,,,,,
,main,hurricane_irma__909480878895779840__909480878895779840_0,direct_text,,,,,,,,,
,main,hurricane_irma__909480878895779840__909480878895779840_0,direct_joint,,,,,,,,,
,main,hurricane_irma__909480878895779840__909480878895779840_0,misleading_image,,,,,,,,,
,main,hurricane_irma__909480878895779840__909480878895779840_0,misleading_text,,,,,,,,,
,main,hurricane_irma__909480878895779840__909480878895779840_0,misleading_joint,,,,,,,,,
,main,hurricane_irma__909486244689825792__909486244689825792_0,clean,,,,,,,,,
,main,hurricane_irma__909486244689825792__909486244689825792_0,benign_image,,,,,,,,,
,main,hurricane_irma__909486244689825792__909486244689825792_0,benign_text,,,,,,,,,
,main,hurricane_irma__909486244689825792__909486244689825792_0,benign_joint,,,,,,,,,
,main,hurricane_irma__909486244689825792__909486244689825792_0,direct_image,,,,,,,,,
,main,hurricane_irma__909486244689825792__909486244689825792_0,direct_text,,,,,,,,,
,main,hurricane_irma__909486244689825792__909486244689825792_0,direct_joint,,,,,,,,,
,main,hurricane_irma__909486244689825792__909486244689825792_0,misleading_image,,,,,,,,,
,main,hurricane_irma__909486244689825792__909486244689825792_0,misleading_text,,,,,,,,,
,main,hurricane_irma__909486244689825792__909486244689825792_0,misleading_joint,,,,,,,,,
,main,hurricane_irma__909490457603919872__909490457603919872_1,clean,,,,,,,,,
,main,hurricane_irma__909490457603919872__909490457603919872_1,benign_image,,,,,,,,,
,main,hurricane_irma__909490457603919872__909490457603919872_1,benign_text,,,,,,,,,
,main,hurricane_irma__909490457603919872__909490457603919872_1,benign_joint,,,,,,,,,
,main,hurricane_irma__909490457603919872__909490457603919872_1,direct_image,,,,,,,,,
,main,hurricane_irma__909490457603919872__909490457603919872_1,direct_text,,,,,,,,,
,main,hurricane_irma__909490457603919872__909490457603919872_1,direct_joint,,,,,,,,,
,main,hurricane_irma__909490457603919872__909490457603919872_1,misleading_image,,,,,,,,,
,main,hurricane_irma__909490457603919872__909490457603919872_1,misleading_text,,,,,,,,,
,main,hurricane_irma__909490457603919872__909490457603919872_1,misleading_joint,,,,,,,,,
,main,hurricane_irma__909493095422726144__909493095422726144_0,clean,,,,,,,,,
,main,hurricane_irma__909493095422726144__909493095422726144_0,benign_image,,,,,,,,,
,main,hurricane_irma__909493095422726144__909493095422726144_0,benign_text,,,,,,,,,
,main,hurricane_irma__909493095422726144__909493095422726144_0,benign_joint,,,,,,,,,
,main,hurricane_irma__909493095422726144__909493095422726144_0,direct_image,,,,,,,,,
,main,hurricane_irma__909493095422726144__909493095422726144_0,direct_text,,,,,,,,,
,main,hurricane_irma__909493095422726144__909493095422726144_0,direct_joint,,,,,,,,,
,main,hurricane_irma__909493095422726144__909493095422726144_0,misleading_image,,,,,,,,,
,main,hurricane_irma__909493095422726144__909493095422726144_0,misleading_text,,,,,,,,,
,main,hurricane_irma__909493095422726144__909493095422726144_0,misleading_joint,,,,,,,,,
,main,hurricane_irma__909494205390651397__909494205390651397_0,clean,,,,,,,,,
,main,hurricane_irma__909494205390651397__909494205390651397_0,benign_image,,,,,,,,,
,main,hurricane_irma__909494205390651397__909494205390651397_0,benign_text,,,,,,,,,
,main,hurricane_irma__909494205390651397__909494205390651397_0,benign_joint,,,,,,,,,
,main,hurricane_irma__909494205390651397__909494205390651397_0,direct_image,,,,,,,,,
,main,hurricane_irma__909494205390651397__909494205390651397_0,direct_text,,,,,,,,,
,main,hurricane_irma__909494205390651397__909494205390651397_0,direct_joint,,,,,,,,,
,main,hurricane_irma__909494205390651397__909494205390651397_0,misleading_image,,,,,,,,,
,main,hurricane_irma__909494205390651397__909494205390651397_0,misleading_text,,,,,,,,,
,main,hurricane_irma__909494205390651397__909494205390651397_0,misleading_joint,,,,,,,,,
,main,hurricane_irma__909701027879882752__909701027879882752_0,clean,,,,,,,,,
,main,hurricane_irma__909701027879882752__909701027879882752_0,benign_image,,,,,,,,,
,main,hurricane_irma__909701027879882752__909701027879882752_0,benign_text,,,,,,,,,
,main,hurricane_irma__909701027879882752__909701027879882752_0,benign_joint,,,,,,,,,
,main,hurricane_irma__909701027879882752__909701027879882752_0,direct_image,,,,,,,,,
,main,hurricane_irma__909701027879882752__909701027879882752_0,direct_text,,,,,,,,,
,main,hurricane_irma__909701027879882752__909701027879882752_0,direct_joint,,,,,,,,,
,main,hurricane_irma__909701027879882752__909701027879882752_0,misleading_image,,,,,,,,,
,main,hurricane_irma__909701027879882752__909701027879882752_0,misleading_text,,,,,,,,,
,main,hurricane_irma__909701027879882752__909701027879882752_0,misleading_joint,,,,,,,,,
,main,hurricane_irma__909703315910402049__909703315910402049_0,clean,,,,,,,,,
,main,hurricane_irma__909703315910402049__909703315910402049_0,benign_image,,,,,,,,,
,main,hurricane_irma__909703315910402049__909703315910402049_0,benign_text,,,,,,,,,
,main,hurricane_irma__909703315910402049__909703315910402049_0,benign_joint,,,,,,,,,
,main,hurricane_irma__909703315910402049__909703315910402049_0,direct_image,,,,,,,,,
,main,hurricane_irma__909703315910402049__909703315910402049_0,direct_text,,,,,,,,,
,main,hurricane_irma__909703315910402049__909703315910402049_0,direct_joint,,,,,,,,,
,main,hurricane_irma__909703315910402049__909703315910402049_0,misleading_image,,,,,,,,,
,main,hurricane_irma__909703315910402049__909703315910402049_0,misleading_text,,,,,,,,,
,main,hurricane_irma__909703315910402049__909703315910402049_0,misleading_joint,,,,,,,,,
,main,hurricane_irma__909704222156959745__909704222156959745_0,clean,,,,,,,,,
,main,hurricane_irma__909704222156959745__909704222156959745_0,benign_image,,,,,,,,,
,main,hurricane_irma__909704222156959745__909704222156959745_0,benign_text,,,,,,,,,
,main,hurricane_irma__909704222156959745__909704222156959745_0,benign_joint,,,,,,,,,
,main,hurricane_irma__909704222156959745__909704222156959745_0,direct_image,,,,,,,,,
,main,hurricane_irma__909704222156959745__909704222156959745_0,direct_text,,,,,,,,,
,main,hurricane_irma__909704222156959745__909704222156959745_0,direct_joint,,,,,,,,,
,main,hurricane_irma__909704222156959745__909704222156959745_0,misleading_image,,,,,,,,,
,main,hurricane_irma__909704222156959745__909704222156959745_0,misleading_text,,,,,,,,,
,main,hurricane_irma__909704222156959745__909704222156959745_0,misleading_joint,,,,,,,,,
,main,hurricane_irma__909705256078016513__909705256078016513_0,clean,,,,,,,,,
,main,hurricane_irma__909705256078016513__909705256078016513_0,benign_image,,,,,,,,,
,main,hurricane_irma__909705256078016513__909705256078016513_0,benign_text,,,,,,,,,
,main,hurricane_irma__909705256078016513__909705256078016513_0,benign_joint,,,,,,,,,
,main,hurricane_irma__909705256078016513__909705256078016513_0,direct_image,,,,,,,,,
,main,hurricane_irma__909705256078016513__909705256078016513_0,direct_text,,,,,,,,,
,main,hurricane_irma__909705256078016513__909705256078016513_0,direct_joint,,,,,,,,,
,main,hurricane_irma__909705256078016513__909705256078016513_0,misleading_image,,,,,,,,,
,main,hurricane_irma__909705256078016513__909705256078016513_0,misleading_text,,,,,,,,,
,main,hurricane_irma__909705256078016513__909705256078016513_0,misleading_joint,,,,,,,,,
,main,hurricane_irma__909710844811993088__909710844811993088_0,clean,,,,,,,,,
,main,hurricane_irma__909710844811993088__909710844811993088_0,benign_image,,,,,,,,,
,main,hurricane_irma__909710844811993088__909710844811993088_0,benign_text,,,,,,,,,
,main,hurricane_irma__909710844811993088__909710844811993088_0,benign_joint,,,,,,,,,
,main,hurricane_irma__909710844811993088__909710844811993088_0,direct_image,,,,,,,,,
,main,hurricane_irma__909710844811993088__909710844811993088_0,direct_text,,,,,,,,,
,main,hurricane_irma__909710844811993088__909710844811993088_0,direct_joint,,,,,,,,,
,main,hurricane_irma__909710844811993088__909710844811993088_0,misleading_image,,,,,,,,,
,main,hurricane_irma__909710844811993088__909710844811993088_0,misleading_text,,,,,,,,,
,main,hurricane_irma__909710844811993088__909710844811993088_0,misleading_joint,,,,,,,,,
,main,hurricane_irma__909715026872762368__909715026872762368_1,clean,,,,,,,,,
,main,hurricane_irma__909715026872762368__909715026872762368_1,benign_image,,,,,,,,,
,main,hurricane_irma__909715026872762368__909715026872762368_1,benign_text,,,,,,,,,
,main,hurricane_irma__909715026872762368__909715026872762368_1,benign_joint,,,,,,,,,
,main,hurricane_irma__909715026872762368__909715026872762368_1,direct_image,,,,,,,,,
,main,hurricane_irma__909715026872762368__909715026872762368_1,direct_text,,,,,,,,,
,main,hurricane_irma__909715026872762368__909715026872762368_1,direct_joint,,,,,,,,,
,main,hurricane_irma__909715026872762368__909715026872762368_1,misleading_image,,,,,,,,,
,main,hurricane_irma__909715026872762368__909715026872762368_1,misleading_text,,,,,,,,,
,main,hurricane_irma__909715026872762368__909715026872762368_1,misleading_joint,,,,,,,,,
,main,hurricane_irma__909718820968833030__909718820968833030_0,clean,,,,,,,,,
,main,hurricane_irma__909718820968833030__909718820968833030_0,benign_image,,,,,,,,,
,main,hurricane_irma__909718820968833030__909718820968833030_0,benign_text,,,,,,,,,
,main,hurricane_irma__909718820968833030__909718820968833030_0,benign_joint,,,,,,,,,
,main,hurricane_irma__909718820968833030__909718820968833030_0,direct_image,,,,,,,,,
,main,hurricane_irma__909718820968833030__909718820968833030_0,direct_text,,,,,,,,,
,main,hurricane_irma__909718820968833030__909718820968833030_0,direct_joint,,,,,,,,,
,main,hurricane_irma__909718820968833030__909718820968833030_0,misleading_image,,,,,,,,,
,main,hurricane_irma__909718820968833030__909718820968833030_0,misleading_text,,,,,,,,,
,main,hurricane_irma__909718820968833030__909718820968833030_0,misleading_joint,,,,,,,,,
,main,hurricane_irma__909723445289799680__909723445289799680_0,clean,,,,,,,,,
,main,hurricane_irma__909723445289799680__909723445289799680_0,benign_image,,,,,,,,,
,main,hurricane_irma__909723445289799680__909723445289799680_0,benign_text,,,,,,,,,
,main,hurricane_irma__909723445289799680__909723445289799680_0,benign_joint,,,,,,,,,
,main,hurricane_irma__909723445289799680__909723445289799680_0,direct_image,,,,,,,,,
,main,hurricane_irma__909723445289799680__909723445289799680_0,direct_text,,,,,,,,,
,main,hurricane_irma__909723445289799680__909723445289799680_0,direct_joint,,,,,,,,,
,main,hurricane_irma__909723445289799680__909723445289799680_0,misleading_image,,,,,,,,,
,main,hurricane_irma__909723445289799680__909723445289799680_0,misleading_text,,,,,,,,,
,main,hurricane_irma__909723445289799680__909723445289799680_0,misleading_joint,,,,,,,,,
,main,hurricane_irma__909725842225410048__909725842225410048_0,clean,,,,,,,,,
,main,hurricane_irma__909725842225410048__909725842225410048_0,benign_image,,,,,,,,,
,main,hurricane_irma__909725842225410048__909725842225410048_0,benign_text,,,,,,,,,
,main,hurricane_irma__909725842225410048__909725842225410048_0,benign_joint,,,,,,,,,
,main,hurricane_irma__909725842225410048__909725842225410048_0,direct_image,,,,,,,,,
,main,hurricane_irma__909725842225410048__909725842225410048_0,direct_text,,,,,,,,,
,main,hurricane_irma__909725842225410048__909725842225410048_0,direct_joint,,,,,,,,,
,main,hurricane_irma__909725842225410048__909725842225410048_0,misleading_image,,,,,,,,,
,main,hurricane_irma__909725842225410048__909725842225410048_0,misleading_text,,,,,,,,,
,main,hurricane_irma__909725842225410048__909725842225410048_0,misleading_joint,,,,,,,,,
,main,hurricane_irma__909734318716616704__909734318716616704_0,clean,,,,,,,,,
,main,hurricane_irma__909734318716616704__909734318716616704_0,benign_image,,,,,,,,,
,main,hurricane_irma__909734318716616704__909734318716616704_0,benign_text,,,,,,,,,
,main,hurricane_irma__909734318716616704__909734318716616704_0,benign_joint,,,,,,,,,
,main,hurricane_irma__909734318716616704__909734318716616704_0,direct_image,,,,,,,,,
,main,hurricane_irma__909734318716616704__909734318716616704_0,direct_text,,,,,,,,,
,main,hurricane_irma__909734318716616704__909734318716616704_0,direct_joint,,,,,,,,,
,main,hurricane_irma__909734318716616704__909734318716616704_0,misleading_image,,,,,,,,,
,main,hurricane_irma__909734318716616704__909734318716616704_0,misleading_text,,,,,,,,,
,main,hurricane_irma__909734318716616704__909734318716616704_0,misleading_joint,,,,,,,,,
,main,hurricane_irma__909737054447259648__909737054447259648_0,clean,,,,,,,,,
,main,hurricane_irma__909737054447259648__909737054447259648_0,benign_image,,,,,,,,,
,main,hurricane_irma__909737054447259648__909737054447259648_0,benign_text,,,,,,,,,
,main,hurricane_irma__909737054447259648__909737054447259648_0,benign_joint,,,,,,,,,
,main,hurricane_irma__909737054447259648__909737054447259648_0,direct_image,,,,,,,,,
,main,hurricane_irma__909737054447259648__909737054447259648_0,direct_text,,,,,,,,,
,main,hurricane_irma__909737054447259648__909737054447259648_0,direct_joint,,,,,,,,,
,main,hurricane_irma__909737054447259648__909737054447259648_0,misleading_image,,,,,,,,,
,main,hurricane_irma__909737054447259648__909737054447259648_0,misleading_text,,,,,,,,,
,main,hurricane_irma__909737054447259648__909737054447259648_0,misleading_joint,,,,,,,,,
,main,hurricane_irma__909738182031413248__909738182031413248_0,clean,,,,,,,,,
,main,hurricane_irma__909738182031413248__909738182031413248_0,benign_image,,,,,,,,,
,main,hurricane_irma__909738182031413248__909738182031413248_0,benign_text,,,,,,,,,
,main,hurricane_irma__909738182031413248__909738182031413248_0,benign_joint,,,,,,,,,
,main,hurricane_irma__909738182031413248__909738182031413248_0,direct_image,,,,,,,,,
,main,hurricane_irma__909738182031413248__909738182031413248_0,direct_text,,,,,,,,,
,main,hurricane_irma__909738182031413248__909738182031413248_0,direct_joint,,,,,,,,,
,main,hurricane_irma__909738182031413248__909738182031413248_0,misleading_image,,,,,,,,,
,main,hurricane_irma__909738182031413248__909738182031413248_0,misleading_text,,,,,,,,,
,main,hurricane_irma__909738182031413248__909738182031413248_0,misleading_joint,,,,,,,,,
,main,hurricane_irma__909748542666887173__909748542666887173_0,clean,,,,,,,,,
,main,hurricane_irma__909748542666887173__909748542666887173_0,benign_image,,,,,,,,,
,main,hurricane_irma__909748542666887173__909748542666887173_0,benign_text,,,,,,,,,
,main,hurricane_irma__909748542666887173__909748542666887173_0,benign_joint,,,,,,,,,
,main,hurricane_irma__909748542666887173__909748542666887173_0,direct_image,,,,,,,,,
,main,hurricane_irma__909748542666887173__909748542666887173_0,direct_text,,,,,,,,,
,main,hurricane_irma__909748542666887173__909748542666887173_0,direct_joint,,,,,,,,,
,main,hurricane_irma__909748542666887173__909748542666887173_0,misleading_image,,,,,,,,,
,main,hurricane_irma__909748542666887173__909748542666887173_0,misleading_text,,,,,,,,,
,main,hurricane_irma__909748542666887173__909748542666887173_0,misleading_joint,,,,,,,,,
,main,hurricane_irma__909754364989923328__909754364989923328_0,clean,,,,,,,,,
,main,hurricane_irma__909754364989923328__909754364989923328_0,benign_image,,,,,,,,,
,main,hurricane_irma__909754364989923328__909754364989923328_0,benign_text,,,,,,,,,
,main,hurricane_irma__909754364989923328__909754364989923328_0,benign_joint,,,,,,,,,
,main,hurricane_irma__909754364989923328__909754364989923328_0,direct_image,,,,,,,,,
,main,hurricane_irma__909754364989923328__909754364989923328_0,direct_text,,,,,,,,,
,main,hurricane_irma__909754364989923328__909754364989923328_0,direct_joint,,,,,,,,,
,main,hurricane_irma__909754364989923328__909754364989923328_0,misleading_image,,,,,,,,,
,main,hurricane_irma__909754364989923328__909754364989923328_0,misleading_text,,,,,,,,,
,main,hurricane_irma__909754364989923328__909754364989923328_0,misleading_joint,,,,,,,,,
,main,hurricane_irma__909760233886638080__909760233886638080_0,clean,,,,,,,,,
,main,hurricane_irma__909760233886638080__909760233886638080_0,benign_image,,,,,,,,,
,main,hurricane_irma__909760233886638080__909760233886638080_0,benign_text,,,,,,,,,
,main,hurricane_irma__909760233886638080__909760233886638080_0,benign_joint,,,,,,,,,
,main,hurricane_irma__909760233886638080__909760233886638080_0,direct_image,,,,,,,,,
,main,hurricane_irma__909760233886638080__909760233886638080_0,direct_text,,,,,,,,,
,main,hurricane_irma__909760233886638080__909760233886638080_0,direct_joint,,,,,,,,,
,main,hurricane_irma__909760233886638080__909760233886638080_0,misleading_image,,,,,,,,,
,main,hurricane_irma__909760233886638080__909760233886638080_0,misleading_text,,,,,,,,,
,main,hurricane_irma__909760233886638080__909760233886638080_0,misleading_joint,,,,,,,,,
,main,hurricane_irma__909761243145109505__909761243145109505_0,clean,,,,,,,,,
,main,hurricane_irma__909761243145109505__909761243145109505_0,benign_image,,,,,,,,,
,main,hurricane_irma__909761243145109505__909761243145109505_0,benign_text,,,,,,,,,
,main,hurricane_irma__909761243145109505__909761243145109505_0,benign_joint,,,,,,,,,
,main,hurricane_irma__909761243145109505__909761243145109505_0,direct_image,,,,,,,,,
,main,hurricane_irma__909761243145109505__909761243145109505_0,direct_text,,,,,,,,,
,main,hurricane_irma__909761243145109505__909761243145109505_0,direct_joint,,,,,,,,,
,main,hurricane_irma__909761243145109505__909761243145109505_0,misleading_image,,,,,,,,,
,main,hurricane_irma__909761243145109505__909761243145109505_0,misleading_text,,,,,,,,,
,main,hurricane_irma__909761243145109505__909761243145109505_0,misleading_joint,,,,,,,,,
,main,hurricane_irma__909761253006020613__909761253006020613_3,clean,,,,,,,,,
,main,hurricane_irma__909761253006020613__909761253006020613_3,benign_image,,,,,,,,,
,main,hurricane_irma__909761253006020613__909761253006020613_3,benign_text,,,,,,,,,
,main,hurricane_irma__909761253006020613__909761253006020613_3,benign_joint,,,,,,,,,
,main,hurricane_irma__909761253006020613__909761253006020613_3,direct_image,,,,,,,,,
,main,hurricane_irma__909761253006020613__909761253006020613_3,direct_text,,,,,,,,,
,main,hurricane_irma__909761253006020613__909761253006020613_3,direct_joint,,,,,,,,,
,main,hurricane_irma__909761253006020613__909761253006020613_3,misleading_image,,,,,,,,,
,main,hurricane_irma__909761253006020613__909761253006020613_3,misleading_text,,,,,,,,,
,main,hurricane_irma__909761253006020613__909761253006020613_3,misleading_joint,,,,,,,,,
,main,hurricane_irma__909766700853338112__909766700853338112_0,clean,,,,,,,,,
,main,hurricane_irma__909766700853338112__909766700853338112_0,benign_image,,,,,,,,,
,main,hurricane_irma__909766700853338112__909766700853338112_0,benign_text,,,,,,,,,
,main,hurricane_irma__909766700853338112__909766700853338112_0,benign_joint,,,,,,,,,
,main,hurricane_irma__909766700853338112__909766700853338112_0,direct_image,,,,,,,,,
,main,hurricane_irma__909766700853338112__909766700853338112_0,direct_text,,,,,,,,,
,main,hurricane_irma__909766700853338112__909766700853338112_0,direct_joint,,,,,,,,,
,main,hurricane_irma__909766700853338112__909766700853338112_0,misleading_image,,,,,,,,,
,main,hurricane_irma__909766700853338112__909766700853338112_0,misleading_text,,,,,,,,,
,main,hurricane_irma__909766700853338112__909766700853338112_0,misleading_joint,,,,,,,,,
,main,hurricane_irma__909770637249536000__909770637249536000_0,clean,,,,,,,,,
,main,hurricane_irma__909770637249536000__909770637249536000_0,benign_image,,,,,,,,,
,main,hurricane_irma__909770637249536000__909770637249536000_0,benign_text,,,,,,,,,
,main,hurricane_irma__909770637249536000__909770637249536000_0,benign_joint,,,,,,,,,
,main,hurricane_irma__909770637249536000__909770637249536000_0,direct_image,,,,,,,,,
,main,hurricane_irma__909770637249536000__909770637249536000_0,direct_text,,,,,,,,,
,main,hurricane_irma__909770637249536000__909770637249536000_0,direct_joint,,,,,,,,,
,main,hurricane_irma__909770637249536000__909770637249536000_0,misleading_image,,,,,,,,,
,main,hurricane_irma__909770637249536000__909770637249536000_0,misleading_text,,,,,,,,,
,main,hurricane_irma__909770637249536000__909770637249536000_0,misleading_joint,,,,,,,,,
,main,hurricane_irma__909771963958267904__909771963958267904_0,clean,,,,,,,,,
,main,hurricane_irma__909771963958267904__909771963958267904_0,benign_image,,,,,,,,,
,main,hurricane_irma__909771963958267904__909771963958267904_0,benign_text,,,,,,,,,
,main,hurricane_irma__909771963958267904__909771963958267904_0,benign_joint,,,,,,,,,
,main,hurricane_irma__909771963958267904__909771963958267904_0,direct_image,,,,,,,,,
,main,hurricane_irma__909771963958267904__909771963958267904_0,direct_text,,,,,,,,,
,main,hurricane_irma__909771963958267904__909771963958267904_0,direct_joint,,,,,,,,,
,main,hurricane_irma__909771963958267904__909771963958267904_0,misleading_image,,,,,,,,,
,main,hurricane_irma__909771963958267904__909771963958267904_0,misleading_text,,,,,,,,,
,main,hurricane_irma__909771963958267904__909771963958267904_0,misleading_joint,,,,,,,,,
,main,hurricane_irma__909773761951551488__909773761951551488_0,clean,,,,,,,,,
,main,hurricane_irma__909773761951551488__909773761951551488_0,benign_image,,,,,,,,,
,main,hurricane_irma__909773761951551488__909773761951551488_0,benign_text,,,,,,,,,
,main,hurricane_irma__909773761951551488__909773761951551488_0,benign_joint,,,,,,,,,
,main,hurricane_irma__909773761951551488__909773761951551488_0,direct_image,,,,,,,,,
,main,hurricane_irma__909773761951551488__909773761951551488_0,direct_text,,,,,,,,,
,main,hurricane_irma__909773761951551488__909773761951551488_0,direct_joint,,,,,,,,,
,main,hurricane_irma__909773761951551488__909773761951551488_0,misleading_image,,,,,,,,,
,main,hurricane_irma__909773761951551488__909773761951551488_0,misleading_text,,,,,,,,,
,main,hurricane_irma__909773761951551488__909773761951551488_0,misleading_joint,,,,,,,,,
,main,hurricane_irma__909774149698179072__909774149698179072_2,clean,,,,,,,,,
,main,hurricane_irma__909774149698179072__909774149698179072_2,benign_image,,,,,,,,,
,main,hurricane_irma__909774149698179072__909774149698179072_2,benign_text,,,,,,,,,
,main,hurricane_irma__909774149698179072__909774149698179072_2,benign_joint,,,,,,,,,
,main,hurricane_irma__909774149698179072__909774149698179072_2,direct_image,,,,,,,,,
,main,hurricane_irma__909774149698179072__909774149698179072_2,direct_text,,,,,,,,,
,main,hurricane_irma__909774149698179072__909774149698179072_2,direct_joint,,,,,,,,,
,main,hurricane_irma__909774149698179072__909774149698179072_2,misleading_image,,,,,,,,,
,main,hurricane_irma__909774149698179072__909774149698179072_2,misleading_text,,,,,,,,,
,main,hurricane_irma__909774149698179072__909774149698179072_2,misleading_joint,,,,,,,,,
,main,hurricane_irma__909778959189016578__909778959189016578_0,clean,,,,,,,,,
,main,hurricane_irma__909778959189016578__909778959189016578_0,benign_image,,,,,,,,,
,main,hurricane_irma__909778959189016578__909778959189016578_0,benign_text,,,,,,,,,
,main,hurricane_irma__909778959189016578__909778959189016578_0,benign_joint,,,,,,,,,
,main,hurricane_irma__909778959189016578__909778959189016578_0,direct_image,,,,,,,,,
,main,hurricane_irma__909778959189016578__909778959189016578_0,direct_text,,,,,,,,,
,main,hurricane_irma__909778959189016578__909778959189016578_0,direct_joint,,,,,,,,,
,main,hurricane_irma__909778959189016578__909778959189016578_0,misleading_image,,,,,,,,,
,main,hurricane_irma__909778959189016578__909778959189016578_0,misleading_text,,,,,,,,,
,main,hurricane_irma__909778959189016578__909778959189016578_0,misleading_joint,,,,,,,,,
,main,hurricane_irma__909779022644727808__909779022644727808_1,clean,,,,,,,,,
,main,hurricane_irma__909779022644727808__909779022644727808_1,benign_image,,,,,,,,,
,main,hurricane_irma__909779022644727808__909779022644727808_1,benign_text,,,,,,,,,
,main,hurricane_irma__909779022644727808__909779022644727808_1,benign_joint,,,,,,,,,
,main,hurricane_irma__909779022644727808__909779022644727808_1,direct_image,,,,,,,,,
,main,hurricane_irma__909779022644727808__909779022644727808_1,direct_text,,,,,,,,,
,main,hurricane_irma__909779022644727808__909779022644727808_1,direct_joint,,,,,,,,,
,main,hurricane_irma__909779022644727808__909779022644727808_1,misleading_image,,,,,,,,,
,main,hurricane_irma__909779022644727808__909779022644727808_1,misleading_text,,,,,,,,,
,main,hurricane_irma__909779022644727808__909779022644727808_1,misleading_joint,,,,,,,,,
,main,hurricane_irma__909779060158554113__909779060158554113_0,clean,,,,,,,,,
,main,hurricane_irma__909779060158554113__909779060158554113_0,benign_image,,,,,,,,,
,main,hurricane_irma__909779060158554113__909779060158554113_0,benign_text,,,,,,,,,
,main,hurricane_irma__909779060158554113__909779060158554113_0,benign_joint,,,,,,,,,
,main,hurricane_irma__909779060158554113__909779060158554113_0,direct_image,,,,,,,,,
,main,hurricane_irma__909779060158554113__909779060158554113_0,direct_text,,,,,,,,,
,main,hurricane_irma__909779060158554113__909779060158554113_0,direct_joint,,,,,,,,,
,main,hurricane_irma__909779060158554113__909779060158554113_0,misleading_image,,,,,,,,,
,main,hurricane_irma__909779060158554113__909779060158554113_0,misleading_text,,,,,,,,,
,main,hurricane_irma__909779060158554113__909779060158554113_0,misleading_joint,,,,,,,,,
,main,hurricane_irma__909779240689848320__909779240689848320_0,clean,,,,,,,,,
,main,hurricane_irma__909779240689848320__909779240689848320_0,benign_image,,,,,,,,,
,main,hurricane_irma__909779240689848320__909779240689848320_0,benign_text,,,,,,,,,
,main,hurricane_irma__909779240689848320__909779240689848320_0,benign_joint,,,,,,,,,
,main,hurricane_irma__909779240689848320__909779240689848320_0,direct_image,,,,,,,,,
,main,hurricane_irma__909779240689848320__909779240689848320_0,direct_text,,,,,,,,,
,main,hurricane_irma__909779240689848320__909779240689848320_0,direct_joint,,,,,,,,,
,main,hurricane_irma__909779240689848320__909779240689848320_0,misleading_image,,,,,,,,,
,main,hurricane_irma__909779240689848320__909779240689848320_0,misleading_text,,,,,,,,,
,main,hurricane_irma__909779240689848320__909779240689848320_0,misleading_joint,,,,,,,,,
,main,hurricane_irma__909780895137193984__909780895137193984_0,clean,,,,,,,,,
,main,hurricane_irma__909780895137193984__909780895137193984_0,benign_image,,,,,,,,,
,main,hurricane_irma__909780895137193984__909780895137193984_0,benign_text,,,,,,,,,
,main,hurricane_irma__909780895137193984__909780895137193984_0,benign_joint,,,,,,,,,
,main,hurricane_irma__909780895137193984__909780895137193984_0,direct_image,,,,,,,,,
,main,hurricane_irma__909780895137193984__909780895137193984_0,direct_text,,,,,,,,,
,main,hurricane_irma__909780895137193984__909780895137193984_0,direct_joint,,,,,,,,,
,main,hurricane_irma__909780895137193984__909780895137193984_0,misleading_image,,,,,,,,,
,main,hurricane_irma__909780895137193984__909780895137193984_0,misleading_text,,,,,,,,,
,main,hurricane_irma__909780895137193984__909780895137193984_0,misleading_joint,,,,,,,,,
,main,hurricane_irma__909781597569847296__909781597569847296_0,clean,,,,,,,,,
,main,hurricane_irma__909781597569847296__909781597569847296_0,benign_image,,,,,,,,,
,main,hurricane_irma__909781597569847296__909781597569847296_0,benign_text,,,,,,,,,
,main,hurricane_irma__909781597569847296__909781597569847296_0,benign_joint,,,,,,,,,
,main,hurricane_irma__909781597569847296__909781597569847296_0,direct_image,,,,,,,,,
,main,hurricane_irma__909781597569847296__909781597569847296_0,direct_text,,,,,,,,,
,main,hurricane_irma__909781597569847296__909781597569847296_0,direct_joint,,,,,,,,,
,main,hurricane_irma__909781597569847296__909781597569847296_0,misleading_image,,,,,,,,,
,main,hurricane_irma__909781597569847296__909781597569847296_0,misleading_text,,,,,,,,,
,main,hurricane_irma__909781597569847296__909781597569847296_0,misleading_joint,,,,,,,,,
,main,hurricane_irma__909795962700419074__909795962700419074_0,clean,,,,,,,,,
,main,hurricane_irma__909795962700419074__909795962700419074_0,benign_image,,,,,,,,,
,main,hurricane_irma__909795962700419074__909795962700419074_0,benign_text,,,,,,,,,
,main,hurricane_irma__909795962700419074__909795962700419074_0,benign_joint,,,,,,,,,
,main,hurricane_irma__909795962700419074__909795962700419074_0,direct_image,,,,,,,,,
,main,hurricane_irma__909795962700419074__909795962700419074_0,direct_text,,,,,,,,,
,main,hurricane_irma__909795962700419074__909795962700419074_0,direct_joint,,,,,,,,,
,main,hurricane_irma__909795962700419074__909795962700419074_0,misleading_image,,,,,,,,,
,main,hurricane_irma__909795962700419074__909795962700419074_0,misleading_text,,,,,,,,,
,main,hurricane_irma__909795962700419074__909795962700419074_0,misleading_joint,,,,,,,,,
,main,hurricane_irma__909797659795427334__909797659795427334_0,clean,,,,,,,,,
,main,hurricane_irma__909797659795427334__909797659795427334_0,benign_image,,,,,,,,,
,main,hurricane_irma__909797659795427334__909797659795427334_0,benign_text,,,,,,,,,
,main,hurricane_irma__909797659795427334__909797659795427334_0,benign_joint,,,,,,,,,
,main,hurricane_irma__909797659795427334__909797659795427334_0,direct_image,,,,,,,,,
,main,hurricane_irma__909797659795427334__909797659795427334_0,direct_text,,,,,,,,,
,main,hurricane_irma__909797659795427334__909797659795427334_0,direct_joint,,,,,,,,,
,main,hurricane_irma__909797659795427334__909797659795427334_0,misleading_image,,,,,,,,,
,main,hurricane_irma__909797659795427334__909797659795427334_0,misleading_text,,,,,,,,,
,main,hurricane_irma__909797659795427334__909797659795427334_0,misleading_joint,,,,,,,,,
,main,hurricane_irma__909798840471080961__909798840471080961_0,clean,,,,,,,,,
,main,hurricane_irma__909798840471080961__909798840471080961_0,benign_image,,,,,,,,,
,main,hurricane_irma__909798840471080961__909798840471080961_0,benign_text,,,,,,,,,
,main,hurricane_irma__909798840471080961__909798840471080961_0,benign_joint,,,,,,,,,
,main,hurricane_irma__909798840471080961__909798840471080961_0,direct_image,,,,,,,,,
,main,hurricane_irma__909798840471080961__909798840471080961_0,direct_text,,,,,,,,,
,main,hurricane_irma__909798840471080961__909798840471080961_0,direct_joint,,,,,,,,,
,main,hurricane_irma__909798840471080961__909798840471080961_0,misleading_image,,,,,,,,,
,main,hurricane_irma__909798840471080961__909798840471080961_0,misleading_text,,,,,,,,,
,main,hurricane_irma__909798840471080961__909798840471080961_0,misleading_joint,,,,,,,,,
,main,hurricane_irma__909801844637085697__909801844637085697_0,clean,,,,,,,,,
,main,hurricane_irma__909801844637085697__909801844637085697_0,benign_image,,,,,,,,,
,main,hurricane_irma__909801844637085697__909801844637085697_0,benign_text,,,,,,,,,
,main,hurricane_irma__909801844637085697__909801844637085697_0,benign_joint,,,,,,,,,
,main,hurricane_irma__909801844637085697__909801844637085697_0,direct_image,,,,,,,,,
,main,hurricane_irma__909801844637085697__909801844637085697_0,direct_text,,,,,,,,,
,main,hurricane_irma__909801844637085697__909801844637085697_0,direct_joint,,,,,,,,,
,main,hurricane_irma__909801844637085697__909801844637085697_0,misleading_image,,,,,,,,,
,main,hurricane_irma__909801844637085697__909801844637085697_0,misleading_text,,,,,,,,,
,main,hurricane_irma__909801844637085697__909801844637085697_0,misleading_joint,,,,,,,,,
,main,hurricane_irma__909806996878061568__909806996878061568_0,clean,,,,,,,,,
,main,hurricane_irma__909806996878061568__909806996878061568_0,benign_image,,,,,,,,,
,main,hurricane_irma__909806996878061568__909806996878061568_0,benign_text,,,,,,,,,
,main,hurricane_irma__909806996878061568__909806996878061568_0,benign_joint,,,,,,,,,
,main,hurricane_irma__909806996878061568__909806996878061568_0,direct_image,,,,,,,,,
,main,hurricane_irma__909806996878061568__909806996878061568_0,direct_text,,,,,,,,,
,main,hurricane_irma__909806996878061568__909806996878061568_0,direct_joint,,,,,,,,,
,main,hurricane_irma__909806996878061568__909806996878061568_0,misleading_image,,,,,,,,,
,main,hurricane_irma__909806996878061568__909806996878061568_0,misleading_text,,,,,,,,,
,main,hurricane_irma__909806996878061568__909806996878061568_0,misleading_joint,,,,,,,,,
,main,hurricane_irma__909811915987267585__909811915987267585_0,clean,,,,,,,,,
,main,hurricane_irma__909811915987267585__909811915987267585_0,benign_image,,,,,,,,,
,main,hurricane_irma__909811915987267585__909811915987267585_0,benign_text,,,,,,,,,
,main,hurricane_irma__909811915987267585__909811915987267585_0,benign_joint,,,,,,,,,
,main,hurricane_irma__909811915987267585__909811915987267585_0,direct_image,,,,,,,,,
,main,hurricane_irma__909811915987267585__909811915987267585_0,direct_text,,,,,,,,,
,main,hurricane_irma__909811915987267585__909811915987267585_0,direct_joint,,,,,,,,,
,main,hurricane_irma__909811915987267585__909811915987267585_0,misleading_image,,,,,,,,,
,main,hurricane_irma__909811915987267585__909811915987267585_0,misleading_text,,,,,,,,,
,main,hurricane_irma__909811915987267585__909811915987267585_0,misleading_joint,,,,,,,,,
,main,hurricane_irma__909813175671037954__909813175671037954_0,clean,,,,,,,,,
,main,hurricane_irma__909813175671037954__909813175671037954_0,benign_image,,,,,,,,,
,main,hurricane_irma__909813175671037954__909813175671037954_0,benign_text,,,,,,,,,
,main,hurricane_irma__909813175671037954__909813175671037954_0,benign_joint,,,,,,,,,
,main,hurricane_irma__909813175671037954__909813175671037954_0,direct_image,,,,,,,,,
,main,hurricane_irma__909813175671037954__909813175671037954_0,direct_text,,,,,,,,,
,main,hurricane_irma__909813175671037954__909813175671037954_0,direct_joint,,,,,,,,,
,main,hurricane_irma__909813175671037954__909813175671037954_0,misleading_image,,,,,,,,,
,main,hurricane_irma__909813175671037954__909813175671037954_0,misleading_text,,,,,,,,,
,main,hurricane_irma__909813175671037954__909813175671037954_0,misleading_joint,,,,,,,,,
,main,hurricane_irma__909813776236650496__909813776236650496_0,clean,,,,,,,,,
,main,hurricane_irma__909813776236650496__909813776236650496_0,benign_image,,,,,,,,,
,main,hurricane_irma__909813776236650496__909813776236650496_0,benign_text,,,,,,,,,
,main,hurricane_irma__909813776236650496__909813776236650496_0,benign_joint,,,,,,,,,
,main,hurricane_irma__909813776236650496__909813776236650496_0,direct_image,,,,,,,,,
,main,hurricane_irma__909813776236650496__909813776236650496_0,direct_text,,,,,,,,,
,main,hurricane_irma__909813776236650496__909813776236650496_0,direct_joint,,,,,,,,,
,main,hurricane_irma__909813776236650496__909813776236650496_0,misleading_image,,,,,,,,,
,main,hurricane_irma__909813776236650496__909813776236650496_0,misleading_text,,,,,,,,,
,main,hurricane_irma__909813776236650496__909813776236650496_0,misleading_joint,,,,,,,,,
,main,hurricane_irma__909820472258383872__909820472258383872_1,clean,,,,,,,,,
,main,hurricane_irma__909820472258383872__909820472258383872_1,benign_image,,,,,,,,,
,main,hurricane_irma__909820472258383872__909820472258383872_1,benign_text,,,,,,,,,
,main,hurricane_irma__909820472258383872__909820472258383872_1,benign_joint,,,,,,,,,
,main,hurricane_irma__909820472258383872__909820472258383872_1,direct_image,,,,,,,,,
,main,hurricane_irma__909820472258383872__909820472258383872_1,direct_text,,,,,,,,,
,main,hurricane_irma__909820472258383872__909820472258383872_1,direct_joint,,,,,,,,,
,main,hurricane_irma__909820472258383872__909820472258383872_1,misleading_image,,,,,,,,,
,main,hurricane_irma__909820472258383872__909820472258383872_1,misleading_text,,,,,,,,,
,main,hurricane_irma__909820472258383872__909820472258383872_1,misleading_joint,,,,,,,,,
,main,hurricane_irma__909820592941031424__909820592941031424_0,clean,,,,,,,,,
,main,hurricane_irma__909820592941031424__909820592941031424_0,benign_image,,,,,,,,,
,main,hurricane_irma__909820592941031424__909820592941031424_0,benign_text,,,,,,,,,
,main,hurricane_irma__909820592941031424__909820592941031424_0,benign_joint,,,,,,,,,
,main,hurricane_irma__909820592941031424__909820592941031424_0,direct_image,,,,,,,,,
,main,hurricane_irma__909820592941031424__909820592941031424_0,direct_text,,,,,,,,,
,main,hurricane_irma__909820592941031424__909820592941031424_0,direct_joint,,,,,,,,,
,main,hurricane_irma__909820592941031424__909820592941031424_0,misleading_image,,,,,,,,,
,main,hurricane_irma__909820592941031424__909820592941031424_0,misleading_text,,,,,,,,,
,main,hurricane_irma__909820592941031424__909820592941031424_0,misleading_joint,,,,,,,,,
,main,hurricane_irma__909823209641521152__909823209641521152_0,clean,,,,,,,,,
,main,hurricane_irma__909823209641521152__909823209641521152_0,benign_image,,,,,,,,,
,main,hurricane_irma__909823209641521152__909823209641521152_0,benign_text,,,,,,,,,
,main,hurricane_irma__909823209641521152__909823209641521152_0,benign_joint,,,,,,,,,
,main,hurricane_irma__909823209641521152__909823209641521152_0,direct_image,,,,,,,,,
,main,hurricane_irma__909823209641521152__909823209641521152_0,direct_text,,,,,,,,,
,main,hurricane_irma__909823209641521152__909823209641521152_0,direct_joint,,,,,,,,,
,main,hurricane_irma__909823209641521152__909823209641521152_0,misleading_image,,,,,,,,,
,main,hurricane_irma__909823209641521152__909823209641521152_0,misleading_text,,,,,,,,,
,main,hurricane_irma__909823209641521152__909823209641521152_0,misleading_joint,,,,,,,,,
,main,hurricane_irma__909829094854062082__909829094854062082_0,clean,,,,,,,,,
,main,hurricane_irma__909829094854062082__909829094854062082_0,benign_image,,,,,,,,,
,main,hurricane_irma__909829094854062082__909829094854062082_0,benign_text,,,,,,,,,
,main,hurricane_irma__909829094854062082__909829094854062082_0,benign_joint,,,,,,,,,
,main,hurricane_irma__909829094854062082__909829094854062082_0,direct_image,,,,,,,,,
,main,hurricane_irma__909829094854062082__909829094854062082_0,direct_text,,,,,,,,,
,main,hurricane_irma__909829094854062082__909829094854062082_0,direct_joint,,,,,,,,,
,main,hurricane_irma__909829094854062082__909829094854062082_0,misleading_image,,,,,,,,,
,main,hurricane_irma__909829094854062082__909829094854062082_0,misleading_text,,,,,,,,,
,main,hurricane_irma__909829094854062082__909829094854062082_0,misleading_joint,,,,,,,,,
,main,hurricane_irma__909833386927251456__909833386927251456_0,clean,,,,,,,,,
,main,hurricane_irma__909833386927251456__909833386927251456_0,benign_image,,,,,,,,,
,main,hurricane_irma__909833386927251456__909833386927251456_0,benign_text,,,,,,,,,
,main,hurricane_irma__909833386927251456__909833386927251456_0,benign_joint,,,,,,,,,
,main,hurricane_irma__909833386927251456__909833386927251456_0,direct_image,,,,,,,,,
,main,hurricane_irma__909833386927251456__909833386927251456_0,direct_text,,,,,,,,,
,main,hurricane_irma__909833386927251456__909833386927251456_0,direct_joint,,,,,,,,,
,main,hurricane_irma__909833386927251456__909833386927251456_0,misleading_image,,,,,,,,,
,main,hurricane_irma__909833386927251456__909833386927251456_0,misleading_text,,,,,,,,,
,main,hurricane_irma__909833386927251456__909833386927251456_0,misleading_joint,,,,,,,,,
,main,hurricane_irma__909835088044580864__909835088044580864_1,clean,,,,,,,,,
,main,hurricane_irma__909835088044580864__909835088044580864_1,benign_image,,,,,,,,,
,main,hurricane_irma__909835088044580864__909835088044580864_1,benign_text,,,,,,,,,
,main,hurricane_irma__909835088044580864__909835088044580864_1,benign_joint,,,,,,,,,
,main,hurricane_irma__909835088044580864__909835088044580864_1,direct_image,,,,,,,,,
,main,hurricane_irma__909835088044580864__909835088044580864_1,direct_text,,,,,,,,,
,main,hurricane_irma__909835088044580864__909835088044580864_1,direct_joint,,,,,,,,,
,main,hurricane_irma__909835088044580864__909835088044580864_1,misleading_image,,,,,,,,,
,main,hurricane_irma__909835088044580864__909835088044580864_1,misleading_text,,,,,,,,,
,main,hurricane_irma__909835088044580864__909835088044580864_1,misleading_joint,,,,,,,,,
,main,hurricane_irma__909835505747054592__909835505747054592_0,clean,,,,,,,,,
,main,hurricane_irma__909835505747054592__909835505747054592_0,benign_image,,,,,,,,,
,main,hurricane_irma__909835505747054592__909835505747054592_0,benign_text,,,,,,,,,
,main,hurricane_irma__909835505747054592__909835505747054592_0,benign_joint,,,,,,,,,
,main,hurricane_irma__909835505747054592__909835505747054592_0,direct_image,,,,,,,,,
,main,hurricane_irma__909835505747054592__909835505747054592_0,direct_text,,,,,,,,,
,main,hurricane_irma__909835505747054592__909835505747054592_0,direct_joint,,,,,,,,,
,main,hurricane_irma__909835505747054592__909835505747054592_0,misleading_image,,,,,,,,,
,main,hurricane_irma__909835505747054592__909835505747054592_0,misleading_text,,,,,,,,,
,main,hurricane_irma__909835505747054592__909835505747054592_0,misleading_joint,,,,,,,,,
,main,hurricane_irma__909838007397740545__909838007397740545_0,clean,,,,,,,,,
,main,hurricane_irma__909838007397740545__909838007397740545_0,benign_image,,,,,,,,,
,main,hurricane_irma__909838007397740545__909838007397740545_0,benign_text,,,,,,,,,
,main,hurricane_irma__909838007397740545__909838007397740545_0,benign_joint,,,,,,,,,
,main,hurricane_irma__909838007397740545__909838007397740545_0,direct_image,,,,,,,,,
,main,hurricane_irma__909838007397740545__909838007397740545_0,direct_text,,,,,,,,,
,main,hurricane_irma__909838007397740545__909838007397740545_0,direct_joint,,,,,,,,,
,main,hurricane_irma__909838007397740545__909838007397740545_0,misleading_image,,,,,,,,,
,main,hurricane_irma__909838007397740545__909838007397740545_0,misleading_text,,,,,,,,,
,main,hurricane_irma__909838007397740545__909838007397740545_0,misleading_joint,,,,,,,,,
,main,hurricane_irma__909839700231208960__909839700231208960_0,clean,,,,,,,,,
,main,hurricane_irma__909839700231208960__909839700231208960_0,benign_image,,,,,,,,,
,main,hurricane_irma__909839700231208960__909839700231208960_0,benign_text,,,,,,,,,
,main,hurricane_irma__909839700231208960__909839700231208960_0,benign_joint,,,,,,,,,
,main,hurricane_irma__909839700231208960__909839700231208960_0,direct_image,,,,,,,,,
,main,hurricane_irma__909839700231208960__909839700231208960_0,direct_text,,,,,,,,,
,main,hurricane_irma__909839700231208960__909839700231208960_0,direct_joint,,,,,,,,,
,main,hurricane_irma__909839700231208960__909839700231208960_0,misleading_image,,,,,,,,,
,main,hurricane_irma__909839700231208960__909839700231208960_0,misleading_text,,,,,,,,,
,main,hurricane_irma__909839700231208960__909839700231208960_0,misleading_joint,,,,,,,,,
,main,hurricane_irma__909839832066686978__909839832066686978_1,clean,,,,,,,,,
,main,hurricane_irma__909839832066686978__909839832066686978_1,benign_image,,,,,,,,,
,main,hurricane_irma__909839832066686978__909839832066686978_1,benign_text,,,,,,,,,
,main,hurricane_irma__909839832066686978__909839832066686978_1,benign_joint,,,,,,,,,
,main,hurricane_irma__909839832066686978__909839832066686978_1,direct_image,,,,,,,,,
,main,hurricane_irma__909839832066686978__909839832066686978_1,direct_text,,,,,,,,,
,main,hurricane_irma__909839832066686978__909839832066686978_1,direct_joint,,,,,,,,,
,main,hurricane_irma__909839832066686978__909839832066686978_1,misleading_image,,,,,,,,,
,main,hurricane_irma__909839832066686978__909839832066686978_1,misleading_text,,,,,,,,,
,main,hurricane_irma__909839832066686978__909839832066686978_1,misleading_joint,,,,,,,,,
,main,hurricane_irma__909845244648284160__909845244648284160_0,clean,,,,,,,,,
,main,hurricane_irma__909845244648284160__909845244648284160_0,benign_image,,,,,,,,,
,main,hurricane_irma__909845244648284160__909845244648284160_0,benign_text,,,,,,,,,
,main,hurricane_irma__909845244648284160__909845244648284160_0,benign_joint,,,,,,,,,
,main,hurricane_irma__909845244648284160__909845244648284160_0,direct_image,,,,,,,,,
,main,hurricane_irma__909845244648284160__909845244648284160_0,direct_text,,,,,,,,,
,main,hurricane_irma__909845244648284160__909845244648284160_0,direct_joint,,,,,,,,,
,main,hurricane_irma__909845244648284160__909845244648284160_0,misleading_image,,,,,,,,,
,main,hurricane_irma__909845244648284160__909845244648284160_0,misleading_text,,,,,,,,,
,main,hurricane_irma__909845244648284160__909845244648284160_0,misleading_joint,,,,,,,,,
,main,hurricane_irma__909849328751058950__909849328751058950_0,clean,,,,,,,,,
,main,hurricane_irma__909849328751058950__909849328751058950_0,benign_image,,,,,,,,,
,main,hurricane_irma__909849328751058950__909849328751058950_0,benign_text,,,,,,,,,
,main,hurricane_irma__909849328751058950__909849328751058950_0,benign_joint,,,,,,,,,
,main,hurricane_irma__909849328751058950__909849328751058950_0,direct_image,,,,,,,,,
,main,hurricane_irma__909849328751058950__909849328751058950_0,direct_text,,,,,,,,,
,main,hurricane_irma__909849328751058950__909849328751058950_0,direct_joint,,,,,,,,,
,main,hurricane_irma__909849328751058950__909849328751058950_0,misleading_image,,,,,,,,,
,main,hurricane_irma__909849328751058950__909849328751058950_0,misleading_text,,,,,,,,,
,main,hurricane_irma__909849328751058950__909849328751058950_0,misleading_joint,,,,,,,,,
,main,hurricane_irma__909853195064823808__909853195064823808_0,clean,,,,,,,,,
,main,hurricane_irma__909853195064823808__909853195064823808_0,benign_image,,,,,,,,,
,main,hurricane_irma__909853195064823808__909853195064823808_0,benign_text,,,,,,,,,
,main,hurricane_irma__909853195064823808__909853195064823808_0,benign_joint,,,,,,,,,
,main,hurricane_irma__909853195064823808__909853195064823808_0,direct_image,,,,,,,,,
,main,hurricane_irma__909853195064823808__909853195064823808_0,direct_text,,,,,,,,,
,main,hurricane_irma__909853195064823808__909853195064823808_0,direct_joint,,,,,,,,,
,main,hurricane_irma__909853195064823808__909853195064823808_0,misleading_image,,,,,,,,,
,main,hurricane_irma__909853195064823808__909853195064823808_0,misleading_text,,,,,,,,,
,main,hurricane_irma__909853195064823808__909853195064823808_0,misleading_joint,,,,,,,,,
,main,hurricane_irma__909854830725910528__909854830725910528_0,clean,,,,,,,,,
,main,hurricane_irma__909854830725910528__909854830725910528_0,benign_image,,,,,,,,,
,main,hurricane_irma__909854830725910528__909854830725910528_0,benign_text,,,,,,,,,
,main,hurricane_irma__909854830725910528__909854830725910528_0,benign_joint,,,,,,,,,
,main,hurricane_irma__909854830725910528__909854830725910528_0,direct_image,,,,,,,,,
,main,hurricane_irma__909854830725910528__909854830725910528_0,direct_text,,,,,,,,,
,main,hurricane_irma__909854830725910528__909854830725910528_0,direct_joint,,,,,,,,,
,main,hurricane_irma__909854830725910528__909854830725910528_0,misleading_image,,,,,,,,,
,main,hurricane_irma__909854830725910528__909854830725910528_0,misleading_text,,,,,,,,,
,main,hurricane_irma__909854830725910528__909854830725910528_0,misleading_joint,,,,,,,,,
,main,hurricane_irma__909854852603367424__909854852603367424_0,clean,,,,,,,,,
,main,hurricane_irma__909854852603367424__909854852603367424_0,benign_image,,,,,,,,,
,main,hurricane_irma__909854852603367424__909854852603367424_0,benign_text,,,,,,,,,
,main,hurricane_irma__909854852603367424__909854852603367424_0,benign_joint,,,,,,,,,
,main,hurricane_irma__909854852603367424__909854852603367424_0,direct_image,,,,,,,,,
,main,hurricane_irma__909854852603367424__909854852603367424_0,direct_text,,,,,,,,,
,main,hurricane_irma__909854852603367424__909854852603367424_0,direct_joint,,,,,,,,,
,main,hurricane_irma__909854852603367424__909854852603367424_0,misleading_image,,,,,,,,,
,main,hurricane_irma__909854852603367424__909854852603367424_0,misleading_text,,,,,,,,,
,main,hurricane_irma__909854852603367424__909854852603367424_0,misleading_joint,,,,,,,,,
,main,hurricane_irma__909856334165581824__909856334165581824_0,clean,,,,,,,,,
,main,hurricane_irma__909856334165581824__909856334165581824_0,benign_image,,,,,,,,,
,main,hurricane_irma__909856334165581824__909856334165581824_0,benign_text,,,,,,,,,
,main,hurricane_irma__909856334165581824__909856334165581824_0,benign_joint,,,,,,,,,
,main,hurricane_irma__909856334165581824__909856334165581824_0,direct_image,,,,,,,,,
,main,hurricane_irma__909856334165581824__909856334165581824_0,direct_text,,,,,,,,,
,main,hurricane_irma__909856334165581824__909856334165581824_0,direct_joint,,,,,,,,,
,main,hurricane_irma__909856334165581824__909856334165581824_0,misleading_image,,,,,,,,,
,main,hurricane_irma__909856334165581824__909856334165581824_0,misleading_text,,,,,,,,,
,main,hurricane_irma__909856334165581824__909856334165581824_0,misleading_joint,,,,,,,,,
,main,hurricane_irma__909862843947868160__909862843947868160_0,clean,,,,,,,,,
,main,hurricane_irma__909862843947868160__909862843947868160_0,benign_image,,,,,,,,,
,main,hurricane_irma__909862843947868160__909862843947868160_0,benign_text,,,,,,,,,
,main,hurricane_irma__909862843947868160__909862843947868160_0,benign_joint,,,,,,,,,
,main,hurricane_irma__909862843947868160__909862843947868160_0,direct_image,,,,,,,,,
,main,hurricane_irma__909862843947868160__909862843947868160_0,direct_text,,,,,,,,,
,main,hurricane_irma__909862843947868160__909862843947868160_0,direct_joint,,,,,,,,,
,main,hurricane_irma__909862843947868160__909862843947868160_0,misleading_image,,,,,,,,,
,main,hurricane_irma__909862843947868160__909862843947868160_0,misleading_text,,,,,,,,,
,main,hurricane_irma__909862843947868160__909862843947868160_0,misleading_joint,,,,,,,,,
,main,hurricane_irma__909864932719685632__909864932719685632_0,clean,,,,,,,,,
,main,hurricane_irma__909864932719685632__909864932719685632_0,benign_image,,,,,,,,,
,main,hurricane_irma__909864932719685632__909864932719685632_0,benign_text,,,,,,,,,
,main,hurricane_irma__909864932719685632__909864932719685632_0,benign_joint,,,,,,,,,
,main,hurricane_irma__909864932719685632__909864932719685632_0,direct_image,,,,,,,,,
,main,hurricane_irma__909864932719685632__909864932719685632_0,direct_text,,,,,,,,,
,main,hurricane_irma__909864932719685632__909864932719685632_0,direct_joint,,,,,,,,,
,main,hurricane_irma__909864932719685632__909864932719685632_0,misleading_image,,,,,,,,,
,main,hurricane_irma__909864932719685632__909864932719685632_0,misleading_text,,,,,,,,,
,main,hurricane_irma__909864932719685632__909864932719685632_0,misleading_joint,,,,,,,,,
,main,hurricane_irma__909868408493236224__909868408493236224_0,clean,,,,,,,,,
,main,hurricane_irma__909868408493236224__909868408493236224_0,benign_image,,,,,,,,,
,main,hurricane_irma__909868408493236224__909868408493236224_0,benign_text,,,,,,,,,
,main,hurricane_irma__909868408493236224__909868408493236224_0,benign_joint,,,,,,,,,
,main,hurricane_irma__909868408493236224__909868408493236224_0,direct_image,,,,,,,,,
,main,hurricane_irma__909868408493236224__909868408493236224_0,direct_text,,,,,,,,,
,main,hurricane_irma__909868408493236224__909868408493236224_0,direct_joint,,,,,,,,,
,main,hurricane_irma__909868408493236224__909868408493236224_0,misleading_image,,,,,,,,,
,main,hurricane_irma__909868408493236224__909868408493236224_0,misleading_text,,,,,,,,,
,main,hurricane_irma__909868408493236224__909868408493236224_0,misleading_joint,,,,,,,,,
,main,hurricane_irma__909868816695545857__909868816695545857_0,clean,,,,,,,,,
,main,hurricane_irma__909868816695545857__909868816695545857_0,benign_image,,,,,,,,,
,main,hurricane_irma__909868816695545857__909868816695545857_0,benign_text,,,,,,,,,
,main,hurricane_irma__909868816695545857__909868816695545857_0,benign_joint,,,,,,,,,
,main,hurricane_irma__909868816695545857__909868816695545857_0,direct_image,,,,,,,,,
,main,hurricane_irma__909868816695545857__909868816695545857_0,direct_text,,,,,,,,,
,main,hurricane_irma__909868816695545857__909868816695545857_0,direct_joint,,,,,,,,,
,main,hurricane_irma__909868816695545857__909868816695545857_0,misleading_image,,,,,,,,,
,main,hurricane_irma__909868816695545857__909868816695545857_0,misleading_text,,,,,,,,,
,main,hurricane_irma__909868816695545857__909868816695545857_0,misleading_joint,,,,,,,,,
,main,hurricane_irma__909869946070605825__909869946070605825_1,clean,,,,,,,,,
,main,hurricane_irma__909869946070605825__909869946070605825_1,benign_image,,,,,,,,,
,main,hurricane_irma__909869946070605825__909869946070605825_1,benign_text,,,,,,,,,
,main,hurricane_irma__909869946070605825__909869946070605825_1,benign_joint,,,,,,,,,
,main,hurricane_irma__909869946070605825__909869946070605825_1,direct_image,,,,,,,,,
,main,hurricane_irma__909869946070605825__909869946070605825_1,direct_text,,,,,,,,,
,main,hurricane_irma__909869946070605825__909869946070605825_1,direct_joint,,,,,,,,,
,main,hurricane_irma__909869946070605825__909869946070605825_1,misleading_image,,,,,,,,,
,main,hurricane_irma__909869946070605825__909869946070605825_1,misleading_text,,,,,,,,,
,main,hurricane_irma__909869946070605825__909869946070605825_1,misleading_joint,,,,,,,,,
,main,hurricane_irma__909871727932473345__909871727932473345_0,clean,,,,,,,,,
,main,hurricane_irma__909871727932473345__909871727932473345_0,benign_image,,,,,,,,,
,main,hurricane_irma__909871727932473345__909871727932473345_0,benign_text,,,,,,,,,
,main,hurricane_irma__909871727932473345__909871727932473345_0,benign_joint,,,,,,,,,
,main,hurricane_irma__909871727932473345__909871727932473345_0,direct_image,,,,,,,,,
,main,hurricane_irma__909871727932473345__909871727932473345_0,direct_text,,,,,,,,,
,main,hurricane_irma__909871727932473345__909871727932473345_0,direct_joint,,,,,,,,,
,main,hurricane_irma__909871727932473345__909871727932473345_0,misleading_image,,,,,,,,,
,main,hurricane_irma__909871727932473345__909871727932473345_0,misleading_text,,,,,,,,,
,main,hurricane_irma__909871727932473345__909871727932473345_0,misleading_joint,,,,,,,,,
,main,hurricane_irma__909873185226674176__909873185226674176_0,clean,,,,,,,,,
,main,hurricane_irma__909873185226674176__909873185226674176_0,benign_image,,,,,,,,,
,main,hurricane_irma__909873185226674176__909873185226674176_0,benign_text,,,,,,,,,
,main,hurricane_irma__909873185226674176__909873185226674176_0,benign_joint,,,,,,,,,
,main,hurricane_irma__909873185226674176__909873185226674176_0,direct_image,,,,,,,,,
,main,hurricane_irma__909873185226674176__909873185226674176_0,direct_text,,,,,,,,,
,main,hurricane_irma__909873185226674176__909873185226674176_0,direct_joint,,,,,,,,,
,main,hurricane_irma__909873185226674176__909873185226674176_0,misleading_image,,,,,,,,,
,main,hurricane_irma__909873185226674176__909873185226674176_0,misleading_text,,,,,,,,,
,main,hurricane_irma__909873185226674176__909873185226674176_0,misleading_joint,,,,,,,,,
,main,hurricane_irma__909879652306575360__909879652306575360_0,clean,,,,,,,,,
,main,hurricane_irma__909879652306575360__909879652306575360_0,benign_image,,,,,,,,,
,main,hurricane_irma__909879652306575360__909879652306575360_0,benign_text,,,,,,,,,
,main,hurricane_irma__909879652306575360__909879652306575360_0,benign_joint,,,,,,,,,
,main,hurricane_irma__909879652306575360__909879652306575360_0,direct_image,,,,,,,,,
,main,hurricane_irma__909879652306575360__909879652306575360_0,direct_text,,,,,,,,,
,main,hurricane_irma__909879652306575360__909879652306575360_0,direct_joint,,,,,,,,,
,main,hurricane_irma__909879652306575360__909879652306575360_0,misleading_image,,,,,,,,,
,main,hurricane_irma__909879652306575360__909879652306575360_0,misleading_text,,,,,,,,,
,main,hurricane_irma__909879652306575360__909879652306575360_0,misleading_joint,,,,,,,,,
,main,hurricane_irma__909879689610743810__909879689610743810_0,clean,,,,,,,,,
,main,hurricane_irma__909879689610743810__909879689610743810_0,benign_image,,,,,,,,,
,main,hurricane_irma__909879689610743810__909879689610743810_0,benign_text,,,,,,,,,
,main,hurricane_irma__909879689610743810__909879689610743810_0,benign_joint,,,,,,,,,
,main,hurricane_irma__909879689610743810__909879689610743810_0,direct_image,,,,,,,,,
,main,hurricane_irma__909879689610743810__909879689610743810_0,direct_text,,,,,,,,,
,main,hurricane_irma__909879689610743810__909879689610743810_0,direct_joint,,,,,,,,,
,main,hurricane_irma__909879689610743810__909879689610743810_0,misleading_image,,,,,,,,,
,main,hurricane_irma__909879689610743810__909879689610743810_0,misleading_text,,,,,,,,,
,main,hurricane_irma__909879689610743810__909879689610743810_0,misleading_joint,,,,,,,,,
,main,hurricane_irma__909880224631857152__909880224631857152_0,clean,,,,,,,,,
,main,hurricane_irma__909880224631857152__909880224631857152_0,benign_image,,,,,,,,,
,main,hurricane_irma__909880224631857152__909880224631857152_0,benign_text,,,,,,,,,
,main,hurricane_irma__909880224631857152__909880224631857152_0,benign_joint,,,,,,,,,
,main,hurricane_irma__909880224631857152__909880224631857152_0,direct_image,,,,,,,,,
,main,hurricane_irma__909880224631857152__909880224631857152_0,direct_text,,,,,,,,,
,main,hurricane_irma__909880224631857152__909880224631857152_0,direct_joint,,,,,,,,,
,main,hurricane_irma__909880224631857152__909880224631857152_0,misleading_image,,,,,,,,,
,main,hurricane_irma__909880224631857152__909880224631857152_0,misleading_text,,,,,,,,,
,main,hurricane_irma__909880224631857152__909880224631857152_0,misleading_joint,,,,,,,,,
,main,hurricane_irma__909883810367582208__909883810367582208_0,clean,,,,,,,,,
,main,hurricane_irma__909883810367582208__909883810367582208_0,benign_image,,,,,,,,,
,main,hurricane_irma__909883810367582208__909883810367582208_0,benign_text,,,,,,,,,
,main,hurricane_irma__909883810367582208__909883810367582208_0,benign_joint,,,,,,,,,
,main,hurricane_irma__909883810367582208__909883810367582208_0,direct_image,,,,,,,,,
,main,hurricane_irma__909883810367582208__909883810367582208_0,direct_text,,,,,,,,,
,main,hurricane_irma__909883810367582208__909883810367582208_0,direct_joint,,,,,,,,,
,main,hurricane_irma__909883810367582208__909883810367582208_0,misleading_image,,,,,,,,,
,main,hurricane_irma__909883810367582208__909883810367582208_0,misleading_text,,,,,,,,,
,main,hurricane_irma__909883810367582208__909883810367582208_0,misleading_joint,,,,,,,,,
,main,hurricane_irma__909884900739870727__909884900739870727_0,clean,,,,,,,,,
,main,hurricane_irma__909884900739870727__909884900739870727_0,benign_image,,,,,,,,,
,main,hurricane_irma__909884900739870727__909884900739870727_0,benign_text,,,,,,,,,
,main,hurricane_irma__909884900739870727__909884900739870727_0,benign_joint,,,,,,,,,
,main,hurricane_irma__909884900739870727__909884900739870727_0,direct_image,,,,,,,,,
,main,hurricane_irma__909884900739870727__909884900739870727_0,direct_text,,,,,,,,,
,main,hurricane_irma__909884900739870727__909884900739870727_0,direct_joint,,,,,,,,,
,main,hurricane_irma__909884900739870727__909884900739870727_0,misleading_image,,,,,,,,,
,main,hurricane_irma__909884900739870727__909884900739870727_0,misleading_text,,,,,,,,,
,main,hurricane_irma__909884900739870727__909884900739870727_0,misleading_joint,,,,,,,,,
,main,hurricane_irma__909885632582787072__909885632582787072_0,clean,,,,,,,,,
,main,hurricane_irma__909885632582787072__909885632582787072_0,benign_image,,,,,,,,,
,main,hurricane_irma__909885632582787072__909885632582787072_0,benign_text,,,,,,,,,
,main,hurricane_irma__909885632582787072__909885632582787072_0,benign_joint,,,,,,,,,
,main,hurricane_irma__909885632582787072__909885632582787072_0,direct_image,,,,,,,,,
,main,hurricane_irma__909885632582787072__909885632582787072_0,direct_text,,,,,,,,,
,main,hurricane_irma__909885632582787072__909885632582787072_0,direct_joint,,,,,,,,,
,main,hurricane_irma__909885632582787072__909885632582787072_0,misleading_image,,,,,,,,,
,main,hurricane_irma__909885632582787072__909885632582787072_0,misleading_text,,,,,,,,,
,main,hurricane_irma__909885632582787072__909885632582787072_0,misleading_joint,,,,,,,,,
,main,hurricane_irma__909886240614486018__909886240614486018_0,clean,,,,,,,,,
,main,hurricane_irma__909886240614486018__909886240614486018_0,benign_image,,,,,,,,,
,main,hurricane_irma__909886240614486018__909886240614486018_0,benign_text,,,,,,,,,
,main,hurricane_irma__909886240614486018__909886240614486018_0,benign_joint,,,,,,,,,
,main,hurricane_irma__909886240614486018__909886240614486018_0,direct_image,,,,,,,,,
,main,hurricane_irma__909886240614486018__909886240614486018_0,direct_text,,,,,,,,,
,main,hurricane_irma__909886240614486018__909886240614486018_0,direct_joint,,,,,,,,,
,main,hurricane_irma__909886240614486018__909886240614486018_0,misleading_image,,,,,,,,,
,main,hurricane_irma__909886240614486018__909886240614486018_0,misleading_text,,,,,,,,,
,main,hurricane_irma__909886240614486018__909886240614486018_0,misleading_joint,,,,,,,,,
,main,hurricane_irma__909887340524589061__909887340524589061_1,clean,,,,,,,,,
,main,hurricane_irma__909887340524589061__909887340524589061_1,benign_image,,,,,,,,,
,main,hurricane_irma__909887340524589061__909887340524589061_1,benign_text,,,,,,,,,
,main,hurricane_irma__909887340524589061__909887340524589061_1,benign_joint,,,,,,,,,
,main,hurricane_irma__909887340524589061__909887340524589061_1,direct_image,,,,,,,,,
,main,hurricane_irma__909887340524589061__909887340524589061_1,direct_text,,,,,,,,,
,main,hurricane_irma__909887340524589061__909887340524589061_1,direct_joint,,,,,,,,,
,main,hurricane_irma__909887340524589061__909887340524589061_1,misleading_image,,,,,,,,,
,main,hurricane_irma__909887340524589061__909887340524589061_1,misleading_text,,,,,,,,,
,main,hurricane_irma__909887340524589061__909887340524589061_1,misleading_joint,,,,,,,,,
,main,hurricane_irma__909888420905930754__909888420905930754_1,clean,,,,,,,,,
,main,hurricane_irma__909888420905930754__909888420905930754_1,benign_image,,,,,,,,,
,main,hurricane_irma__909888420905930754__909888420905930754_1,benign_text,,,,,,,,,
,main,hurricane_irma__909888420905930754__909888420905930754_1,benign_joint,,,,,,,,,
,main,hurricane_irma__909888420905930754__909888420905930754_1,direct_image,,,,,,,,,
,main,hurricane_irma__909888420905930754__909888420905930754_1,direct_text,,,,,,,,,
,main,hurricane_irma__909888420905930754__909888420905930754_1,direct_joint,,,,,,,,,
,main,hurricane_irma__909888420905930754__909888420905930754_1,misleading_image,,,,,,,,,
,main,hurricane_irma__909888420905930754__909888420905930754_1,misleading_text,,,,,,,,,
,main,hurricane_irma__909888420905930754__909888420905930754_1,misleading_joint,,,,,,,,,
,main,hurricane_irma__909890385098440706__909890385098440706_0,clean,,,,,,,,,
,main,hurricane_irma__909890385098440706__909890385098440706_0,benign_image,,,,,,,,,
,main,hurricane_irma__909890385098440706__909890385098440706_0,benign_text,,,,,,,,,
,main,hurricane_irma__909890385098440706__909890385098440706_0,benign_joint,,,,,,,,,
,main,hurricane_irma__909890385098440706__909890385098440706_0,direct_image,,,,,,,,,
,main,hurricane_irma__909890385098440706__909890385098440706_0,direct_text,,,,,,,,,
,main,hurricane_irma__909890385098440706__909890385098440706_0,direct_joint,,,,,,,,,
,main,hurricane_irma__909890385098440706__909890385098440706_0,misleading_image,,,,,,,,,
,main,hurricane_irma__909890385098440706__909890385098440706_0,misleading_text,,,,,,,,,
,main,hurricane_irma__909890385098440706__909890385098440706_0,misleading_joint,,,,,,,,,
,main,hurricane_irma__909890549318144005__909890549318144005_0,clean,,,,,,,,,
,main,hurricane_irma__909890549318144005__909890549318144005_0,benign_image,,,,,,,,,
,main,hurricane_irma__909890549318144005__909890549318144005_0,benign_text,,,,,,,,,
,main,hurricane_irma__909890549318144005__909890549318144005_0,benign_joint,,,,,,,,,
,main,hurricane_irma__909890549318144005__909890549318144005_0,direct_image,,,,,,,,,
,main,hurricane_irma__909890549318144005__909890549318144005_0,direct_text,,,,,,,,,
,main,hurricane_irma__909890549318144005__909890549318144005_0,direct_joint,,,,,,,,,
,main,hurricane_irma__909890549318144005__909890549318144005_0,misleading_image,,,,,,,,,
,main,hurricane_irma__909890549318144005__909890549318144005_0,misleading_text,,,,,,,,,
,main,hurricane_irma__909890549318144005__909890549318144005_0,misleading_joint,,,,,,,,,
,main,hurricane_irma__909897753148485632__909897753148485632_0,clean,,,,,,,,,
,main,hurricane_irma__909897753148485632__909897753148485632_0,benign_image,,,,,,,,,
,main,hurricane_irma__909897753148485632__909897753148485632_0,benign_text,,,,,,,,,
,main,hurricane_irma__909897753148485632__909897753148485632_0,benign_joint,,,,,,,,,
,main,hurricane_irma__909897753148485632__909897753148485632_0,direct_image,,,,,,,,,
,main,hurricane_irma__909897753148485632__909897753148485632_0,direct_text,,,,,,,,,
,main,hurricane_irma__909897753148485632__909897753148485632_0,direct_joint,,,,,,,,,
,main,hurricane_irma__909897753148485632__909897753148485632_0,misleading_image,,,,,,,,,
,main,hurricane_irma__909897753148485632__909897753148485632_0,misleading_text,,,,,,,,,
,main,hurricane_irma__909897753148485632__909897753148485632_0,misleading_joint,,,,,,,,,
,main,hurricane_irma__909907796958830592__909907796958830592_2,clean,,,,,,,,,
,main,hurricane_irma__909907796958830592__909907796958830592_2,benign_image,,,,,,,,,
,main,hurricane_irma__909907796958830592__909907796958830592_2,benign_text,,,,,,,,,
,main,hurricane_irma__909907796958830592__909907796958830592_2,benign_joint,,,,,,,,,
,main,hurricane_irma__909907796958830592__909907796958830592_2,direct_image,,,,,,,,,
,main,hurricane_irma__909907796958830592__909907796958830592_2,direct_text,,,,,,,,,
,main,hurricane_irma__909907796958830592__909907796958830592_2,direct_joint,,,,,,,,,
,main,hurricane_irma__909907796958830592__909907796958830592_2,misleading_image,,,,,,,,,
,main,hurricane_irma__909907796958830592__909907796958830592_2,misleading_text,,,,,,,,,
,main,hurricane_irma__909907796958830592__909907796958830592_2,misleading_joint,,,,,,,,,
,main,hurricane_irma__909910016295034881__909910016295034881_0,clean,,,,,,,,,
,main,hurricane_irma__909910016295034881__909910016295034881_0,benign_image,,,,,,,,,
,main,hurricane_irma__909910016295034881__909910016295034881_0,benign_text,,,,,,,,,
,main,hurricane_irma__909910016295034881__909910016295034881_0,benign_joint,,,,,,,,,
,main,hurricane_irma__909910016295034881__909910016295034881_0,direct_image,,,,,,,,,
,main,hurricane_irma__909910016295034881__909910016295034881_0,direct_text,,,,,,,,,
,main,hurricane_irma__909910016295034881__909910016295034881_0,direct_joint,,,,,,,,,
,main,hurricane_irma__909910016295034881__909910016295034881_0,misleading_image,,,,,,,,,
,main,hurricane_irma__909910016295034881__909910016295034881_0,misleading_text,,,,,,,,,
,main,hurricane_irma__909910016295034881__909910016295034881_0,misleading_joint,,,,,,,,,
,main,hurricane_irma__909912459640700930__909912459640700930_2,clean,,,,,,,,,
,main,hurricane_irma__909912459640700930__909912459640700930_2,benign_image,,,,,,,,,
,main,hurricane_irma__909912459640700930__909912459640700930_2,benign_text,,,,,,,,,
,main,hurricane_irma__909912459640700930__909912459640700930_2,benign_joint,,,,,,,,,
,main,hurricane_irma__909912459640700930__909912459640700930_2,direct_image,,,,,,,,,
,main,hurricane_irma__909912459640700930__909912459640700930_2,direct_text,,,,,,,,,
,main,hurricane_irma__909912459640700930__909912459640700930_2,direct_joint,,,,,,,,,
,main,hurricane_irma__909912459640700930__909912459640700930_2,misleading_image,,,,,,,,,
,main,hurricane_irma__909912459640700930__909912459640700930_2,misleading_text,,,,,,,,,
,main,hurricane_irma__909912459640700930__909912459640700930_2,misleading_joint,,,,,,,,,
,main,hurricane_irma__909913791865004033__909913791865004033_0,clean,,,,,,,,,
,main,hurricane_irma__909913791865004033__909913791865004033_0,benign_image,,,,,,,,,
,main,hurricane_irma__909913791865004033__909913791865004033_0,benign_text,,,,,,,,,
,main,hurricane_irma__909913791865004033__909913791865004033_0,benign_joint,,,,,,,,,
,main,hurricane_irma__909913791865004033__909913791865004033_0,direct_image,,,,,,,,,
,main,hurricane_irma__909913791865004033__909913791865004033_0,direct_text,,,,,,,,,
,main,hurricane_irma__909913791865004033__909913791865004033_0,direct_joint,,,,,,,,,
,main,hurricane_irma__909913791865004033__909913791865004033_0,misleading_image,,,,,,,,,
,main,hurricane_irma__909913791865004033__909913791865004033_0,misleading_text,,,,,,,,,
,main,hurricane_irma__909913791865004033__909913791865004033_0,misleading_joint,,,,,,,,,
,main,hurricane_irma__909914818504781826__909914818504781826_0,clean,,,,,,,,,
,main,hurricane_irma__909914818504781826__909914818504781826_0,benign_image,,,,,,,,,
,main,hurricane_irma__909914818504781826__909914818504781826_0,benign_text,,,,,,,,,
,main,hurricane_irma__909914818504781826__909914818504781826_0,benign_joint,,,,,,,,,
,main,hurricane_irma__909914818504781826__909914818504781826_0,direct_image,,,,,,,,,
,main,hurricane_irma__909914818504781826__909914818504781826_0,direct_text,,,,,,,,,
,main,hurricane_irma__909914818504781826__909914818504781826_0,direct_joint,,,,,,,,,
,main,hurricane_irma__909914818504781826__909914818504781826_0,misleading_image,,,,,,,,,
,main,hurricane_irma__909914818504781826__909914818504781826_0,misleading_text,,,,,,,,,
,main,hurricane_irma__909914818504781826__909914818504781826_0,misleading_joint,,,,,,,,,
,main,hurricane_irma__909919362299043841__909919362299043841_0,clean,,,,,,,,,
,main,hurricane_irma__909919362299043841__909919362299043841_0,benign_image,,,,,,,,,
,main,hurricane_irma__909919362299043841__909919362299043841_0,benign_text,,,,,,,,,
,main,hurricane_irma__909919362299043841__909919362299043841_0,benign_joint,,,,,,,,,
,main,hurricane_irma__909919362299043841__909919362299043841_0,direct_image,,,,,,,,,
,main,hurricane_irma__909919362299043841__909919362299043841_0,direct_text,,,,,,,,,
,main,hurricane_irma__909919362299043841__909919362299043841_0,direct_joint,,,,,,,,,
,main,hurricane_irma__909919362299043841__909919362299043841_0,misleading_image,,,,,,,,,
,main,hurricane_irma__909919362299043841__909919362299043841_0,misleading_text,,,,,,,,,
,main,hurricane_irma__909919362299043841__909919362299043841_0,misleading_joint,,,,,,,,,
,main,hurricane_irma__909924036779630592__909924036779630592_1,clean,,,,,,,,,
,main,hurricane_irma__909924036779630592__909924036779630592_1,benign_image,,,,,,,,,
,main,hurricane_irma__909924036779630592__909924036779630592_1,benign_text,,,,,,,,,
,main,hurricane_irma__909924036779630592__909924036779630592_1,benign_joint,,,,,,,,,
,main,hurricane_irma__909924036779630592__909924036779630592_1,direct_image,,,,,,,,,
,main,hurricane_irma__909924036779630592__909924036779630592_1,direct_text,,,,,,,,,
,main,hurricane_irma__909924036779630592__909924036779630592_1,direct_joint,,,,,,,,,
,main,hurricane_irma__909924036779630592__909924036779630592_1,misleading_image,,,,,,,,,
,main,hurricane_irma__909924036779630592__909924036779630592_1,misleading_text,,,,,,,,,
,main,hurricane_irma__909924036779630592__909924036779630592_1,misleading_joint,,,,,,,,,
,main,hurricane_irma__909927770624593920__909927770624593920_0,clean,,,,,,,,,
,main,hurricane_irma__909927770624593920__909927770624593920_0,benign_image,,,,,,,,,
,main,hurricane_irma__909927770624593920__909927770624593920_0,benign_text,,,,,,,,,
,main,hurricane_irma__909927770624593920__909927770624593920_0,benign_joint,,,,,,,,,
,main,hurricane_irma__909927770624593920__909927770624593920_0,direct_image,,,,,,,,,
,main,hurricane_irma__909927770624593920__909927770624593920_0,direct_text,,,,,,,,,
,main,hurricane_irma__909927770624593920__909927770624593920_0,direct_joint,,,,,,,,,
,main,hurricane_irma__909927770624593920__909927770624593920_0,misleading_image,,,,,,,,,
,main,hurricane_irma__909927770624593920__909927770624593920_0,misleading_text,,,,,,,,,
,main,hurricane_irma__909927770624593920__909927770624593920_0,misleading_joint,,,,,,,,,
,main,hurricane_irma__909940694625726464__909940694625726464_0,clean,,,,,,,,,
,main,hurricane_irma__909940694625726464__909940694625726464_0,benign_image,,,,,,,,,
,main,hurricane_irma__909940694625726464__909940694625726464_0,benign_text,,,,,,,,,
,main,hurricane_irma__909940694625726464__909940694625726464_0,benign_joint,,,,,,,,,
,main,hurricane_irma__909940694625726464__909940694625726464_0,direct_image,,,,,,,,,
,main,hurricane_irma__909940694625726464__909940694625726464_0,direct_text,,,,,,,,,
,main,hurricane_irma__909940694625726464__909940694625726464_0,direct_joint,,,,,,,,,
,main,hurricane_irma__909940694625726464__909940694625726464_0,misleading_image,,,,,,,,,
,main,hurricane_irma__909940694625726464__909940694625726464_0,misleading_text,,,,,,,,,
,main,hurricane_irma__909940694625726464__909940694625726464_0,misleading_joint,,,,,,,,,
,main,hurricane_irma__909943803943030785__909943803943030785_0,clean,,,,,,,,,
,main,hurricane_irma__909943803943030785__909943803943030785_0,benign_image,,,,,,,,,
,main,hurricane_irma__909943803943030785__909943803943030785_0,benign_text,,,,,,,,,
,main,hurricane_irma__909943803943030785__909943803943030785_0,benign_joint,,,,,,,,,
,main,hurricane_irma__909943803943030785__909943803943030785_0,direct_image,,,,,,,,,
,main,hurricane_irma__909943803943030785__909943803943030785_0,direct_text,,,,,,,,,
,main,hurricane_irma__909943803943030785__909943803943030785_0,direct_joint,,,,,,,,,
,main,hurricane_irma__909943803943030785__909943803943030785_0,misleading_image,,,,,,,,,
,main,hurricane_irma__909943803943030785__909943803943030785_0,misleading_text,,,,,,,,,
,main,hurricane_irma__909943803943030785__909943803943030785_0,misleading_joint,,,,,,,,,
,main,hurricane_irma__909946398300409856__909946398300409856_0,clean,,,,,,,,,
,main,hurricane_irma__909946398300409856__909946398300409856_0,benign_image,,,,,,,,,
,main,hurricane_irma__909946398300409856__909946398300409856_0,benign_text,,,,,,,,,
,main,hurricane_irma__909946398300409856__909946398300409856_0,benign_joint,,,,,,,,,
,main,hurricane_irma__909946398300409856__909946398300409856_0,direct_image,,,,,,,,,
,main,hurricane_irma__909946398300409856__909946398300409856_0,direct_text,,,,,,,,,
,main,hurricane_irma__909946398300409856__909946398300409856_0,direct_joint,,,,,,,,,
,main,hurricane_irma__909946398300409856__909946398300409856_0,misleading_image,,,,,,,,,
,main,hurricane_irma__909946398300409856__909946398300409856_0,misleading_text,,,,,,,,,
,main,hurricane_irma__909946398300409856__909946398300409856_0,misleading_joint,,,,,,,,,
,main,hurricane_irma__909946459692392448__909946459692392448_0,clean,,,,,,,,,
,main,hurricane_irma__909946459692392448__909946459692392448_0,benign_image,,,,,,,,,
,main,hurricane_irma__909946459692392448__909946459692392448_0,benign_text,,,,,,,,,
,main,hurricane_irma__909946459692392448__909946459692392448_0,benign_joint,,,,,,,,,
,main,hurricane_irma__909946459692392448__909946459692392448_0,direct_image,,,,,,,,,
,main,hurricane_irma__909946459692392448__909946459692392448_0,direct_text,,,,,,,,,
,main,hurricane_irma__909946459692392448__909946459692392448_0,direct_joint,,,,,,,,,
,main,hurricane_irma__909946459692392448__909946459692392448_0,misleading_image,,,,,,,,,
,main,hurricane_irma__909946459692392448__909946459692392448_0,misleading_text,,,,,,,,,
,main,hurricane_irma__909946459692392448__909946459692392448_0,misleading_joint,,,,,,,,,
,main,hurricane_irma__909956489397317632__909956489397317632_0,clean,,,,,,,,,
,main,hurricane_irma__909956489397317632__909956489397317632_0,benign_image,,,,,,,,,
,main,hurricane_irma__909956489397317632__909956489397317632_0,benign_text,,,,,,,,,
,main,hurricane_irma__909956489397317632__909956489397317632_0,benign_joint,,,,,,,,,
,main,hurricane_irma__909956489397317632__909956489397317632_0,direct_image,,,,,,,,,
,main,hurricane_irma__909956489397317632__909956489397317632_0,direct_text,,,,,,,,,
,main,hurricane_irma__909956489397317632__909956489397317632_0,direct_joint,,,,,,,,,
,main,hurricane_irma__909956489397317632__909956489397317632_0,misleading_image,,,,,,,,,
,main,hurricane_irma__909956489397317632__909956489397317632_0,misleading_text,,,,,,,,,
,main,hurricane_irma__909956489397317632__909956489397317632_0,misleading_joint,,,,,,,,,
,main,hurricane_irma__909957227842232320__909957227842232320_0,clean,,,,,,,,,
,main,hurricane_irma__909957227842232320__909957227842232320_0,benign_image,,,,,,,,,
,main,hurricane_irma__909957227842232320__909957227842232320_0,benign_text,,,,,,,,,
,main,hurricane_irma__909957227842232320__909957227842232320_0,benign_joint,,,,,,,,,
,main,hurricane_irma__909957227842232320__909957227842232320_0,direct_image,,,,,,,,,
,main,hurricane_irma__909957227842232320__909957227842232320_0,direct_text,,,,,,,,,
,main,hurricane_irma__909957227842232320__909957227842232320_0,direct_joint,,,,,,,,,
,main,hurricane_irma__909957227842232320__909957227842232320_0,misleading_image,,,,,,,,,
,main,hurricane_irma__909957227842232320__909957227842232320_0,misleading_text,,,,,,,,,
,main,hurricane_irma__909957227842232320__909957227842232320_0,misleading_joint,,,,,,,,,
,main,hurricane_irma__909968982362517504__909968982362517504_0,clean,,,,,,,,,
,main,hurricane_irma__909968982362517504__909968982362517504_0,benign_image,,,,,,,,,
,main,hurricane_irma__909968982362517504__909968982362517504_0,benign_text,,,,,,,,,
,main,hurricane_irma__909968982362517504__909968982362517504_0,benign_joint,,,,,,,,,
,main,hurricane_irma__909968982362517504__909968982362517504_0,direct_image,,,,,,,,,
,main,hurricane_irma__909968982362517504__909968982362517504_0,direct_text,,,,,,,,,
,main,hurricane_irma__909968982362517504__909968982362517504_0,direct_joint,,,,,,,,,
,main,hurricane_irma__909968982362517504__909968982362517504_0,misleading_image,,,,,,,,,
,main,hurricane_irma__909968982362517504__909968982362517504_0,misleading_text,,,,,,,,,
,main,hurricane_irma__909968982362517504__909968982362517504_0,misleading_joint,,,,,,,,,
,main,hurricane_irma__909971209290440706__909971209290440706_2,clean,,,,,,,,,
,main,hurricane_irma__909971209290440706__909971209290440706_2,benign_image,,,,,,,,,
,main,hurricane_irma__909971209290440706__909971209290440706_2,benign_text,,,,,,,,,
,main,hurricane_irma__909971209290440706__909971209290440706_2,benign_joint,,,,,,,,,
,main,hurricane_irma__909971209290440706__909971209290440706_2,direct_image,,,,,,,,,
,main,hurricane_irma__909971209290440706__909971209290440706_2,direct_text,,,,,,,,,
,main,hurricane_irma__909971209290440706__909971209290440706_2,direct_joint,,,,,,,,,
,main,hurricane_irma__909971209290440706__909971209290440706_2,misleading_image,,,,,,,,,
,main,hurricane_irma__909971209290440706__909971209290440706_2,misleading_text,,,,,,,,,
,main,hurricane_irma__909971209290440706__909971209290440706_2,misleading_joint,,,,,,,,,
,main,hurricane_irma__909975544036458497__909975544036458497_0,clean,,,,,,,,,
,main,hurricane_irma__909975544036458497__909975544036458497_0,benign_image,,,,,,,,,
,main,hurricane_irma__909975544036458497__909975544036458497_0,benign_text,,,,,,,,,
,main,hurricane_irma__909975544036458497__909975544036458497_0,benign_joint,,,,,,,,,
,main,hurricane_irma__909975544036458497__909975544036458497_0,direct_image,,,,,,,,,
,main,hurricane_irma__909975544036458497__909975544036458497_0,direct_text,,,,,,,,,
,main,hurricane_irma__909975544036458497__909975544036458497_0,direct_joint,,,,,,,,,
,main,hurricane_irma__909975544036458497__909975544036458497_0,misleading_image,,,,,,,,,
,main,hurricane_irma__909975544036458497__909975544036458497_0,misleading_text,,,,,,,,,
,main,hurricane_irma__909975544036458497__909975544036458497_0,misleading_joint,,,,,,,,,
,main,hurricane_irma__909988214240305152__909988214240305152_1,clean,,,,,,,,,
,main,hurricane_irma__909988214240305152__909988214240305152_1,benign_image,,,,,,,,,
,main,hurricane_irma__909988214240305152__909988214240305152_1,benign_text,,,,,,,,,
,main,hurricane_irma__909988214240305152__909988214240305152_1,benign_joint,,,,,,,,,
,main,hurricane_irma__909988214240305152__909988214240305152_1,direct_image,,,,,,,,,
,main,hurricane_irma__909988214240305152__909988214240305152_1,direct_text,,,,,,,,,
,main,hurricane_irma__909988214240305152__909988214240305152_1,direct_joint,,,,,,,,,
,main,hurricane_irma__909988214240305152__909988214240305152_1,misleading_image,,,,,,,,,
,main,hurricane_irma__909988214240305152__909988214240305152_1,misleading_text,,,,,,,,,
,main,hurricane_irma__909988214240305152__909988214240305152_1,misleading_joint,,,,,,,,,
,main,hurricane_irma__909992667106496517__909992667106496517_0,clean,,,,,,,,,
,main,hurricane_irma__909992667106496517__909992667106496517_0,benign_image,,,,,,,,,
,main,hurricane_irma__909992667106496517__909992667106496517_0,benign_text,,,,,,,,,
,main,hurricane_irma__909992667106496517__909992667106496517_0,benign_joint,,,,,,,,,
,main,hurricane_irma__909992667106496517__909992667106496517_0,direct_image,,,,,,,,,
,main,hurricane_irma__909992667106496517__909992667106496517_0,direct_text,,,,,,,,,
,main,hurricane_irma__909992667106496517__909992667106496517_0,direct_joint,,,,,,,,,
,main,hurricane_irma__909992667106496517__909992667106496517_0,misleading_image,,,,,,,,,
,main,hurricane_irma__909992667106496517__909992667106496517_0,misleading_text,,,,,,,,,
,main,hurricane_irma__909992667106496517__909992667106496517_0,misleading_joint,,,,,,,,,
,main,hurricane_irma__909994032436191232__909994032436191232_0,clean,,,,,,,,,
,main,hurricane_irma__909994032436191232__909994032436191232_0,benign_image,,,,,,,,,
,main,hurricane_irma__909994032436191232__909994032436191232_0,benign_text,,,,,,,,,
,main,hurricane_irma__909994032436191232__909994032436191232_0,benign_joint,,,,,,,,,
,main,hurricane_irma__909994032436191232__909994032436191232_0,direct_image,,,,,,,,,
,main,hurricane_irma__909994032436191232__909994032436191232_0,direct_text,,,,,,,,,
,main,hurricane_irma__909994032436191232__909994032436191232_0,direct_joint,,,,,,,,,
,main,hurricane_irma__909994032436191232__909994032436191232_0,misleading_image,,,,,,,,,
,main,hurricane_irma__909994032436191232__909994032436191232_0,misleading_text,,,,,,,,,
,main,hurricane_irma__909994032436191232__909994032436191232_0,misleading_joint,,,,,,,,,
,main,hurricane_irma__910042181741793281__910042181741793281_0,clean,,,,,,,,,
,main,hurricane_irma__910042181741793281__910042181741793281_0,benign_image,,,,,,,,,
,main,hurricane_irma__910042181741793281__910042181741793281_0,benign_text,,,,,,,,,
,main,hurricane_irma__910042181741793281__910042181741793281_0,benign_joint,,,,,,,,,
,main,hurricane_irma__910042181741793281__910042181741793281_0,direct_image,,,,,,,,,
,main,hurricane_irma__910042181741793281__910042181741793281_0,direct_text,,,,,,,,,
,main,hurricane_irma__910042181741793281__910042181741793281_0,direct_joint,,,,,,,,,
,main,hurricane_irma__910042181741793281__910042181741793281_0,misleading_image,,,,,,,,,
,main,hurricane_irma__910042181741793281__910042181741793281_0,misleading_text,,,,,,,,,
,main,hurricane_irma__910042181741793281__910042181741793281_0,misleading_joint,,,,,,,,,
,main,hurricane_irma__910048648469319680__910048648469319680_0,clean,,,,,,,,,
,main,hurricane_irma__910048648469319680__910048648469319680_0,benign_image,,,,,,,,,
,main,hurricane_irma__910048648469319680__910048648469319680_0,benign_text,,,,,,,,,
,main,hurricane_irma__910048648469319680__910048648469319680_0,benign_joint,,,,,,,,,
,main,hurricane_irma__910048648469319680__910048648469319680_0,direct_image,,,,,,,,,
,main,hurricane_irma__910048648469319680__910048648469319680_0,direct_text,,,,,,,,,
,main,hurricane_irma__910048648469319680__910048648469319680_0,direct_joint,,,,,,,,,
,main,hurricane_irma__910048648469319680__910048648469319680_0,misleading_image,,,,,,,,,
,main,hurricane_irma__910048648469319680__910048648469319680_0,misleading_text,,,,,,,,,
,main,hurricane_irma__910048648469319680__910048648469319680_0,misleading_joint,,,,,,,,,
,main,hurricane_irma__910051877982756864__910051877982756864_0,clean,,,,,,,,,
,main,hurricane_irma__910051877982756864__910051877982756864_0,benign_image,,,,,,,,,
,main,hurricane_irma__910051877982756864__910051877982756864_0,benign_text,,,,,,,,,
,main,hurricane_irma__910051877982756864__910051877982756864_0,benign_joint,,,,,,,,,
,main,hurricane_irma__910051877982756864__910051877982756864_0,direct_image,,,,,,,,,
,main,hurricane_irma__910051877982756864__910051877982756864_0,direct_text,,,,,,,,,
,main,hurricane_irma__910051877982756864__910051877982756864_0,direct_joint,,,,,,,,,
,main,hurricane_irma__910051877982756864__910051877982756864_0,misleading_image,,,,,,,,,
,main,hurricane_irma__910051877982756864__910051877982756864_0,misleading_text,,,,,,,,,
,main,hurricane_irma__910051877982756864__910051877982756864_0,misleading_joint,,,,,,,,,
,main,hurricane_irma__910070947725692928__910070947725692928_0,clean,,,,,,,,,
,main,hurricane_irma__910070947725692928__910070947725692928_0,benign_image,,,,,,,,,
,main,hurricane_irma__910070947725692928__910070947725692928_0,benign_text,,,,,,,,,
,main,hurricane_irma__910070947725692928__910070947725692928_0,benign_joint,,,,,,,,,
,main,hurricane_irma__910070947725692928__910070947725692928_0,direct_image,,,,,,,,,
,main,hurricane_irma__910070947725692928__910070947725692928_0,direct_text,,,,,,,,,
,main,hurricane_irma__910070947725692928__910070947725692928_0,direct_joint,,,,,,,,,
,main,hurricane_irma__910070947725692928__910070947725692928_0,misleading_image,,,,,,,,,
,main,hurricane_irma__910070947725692928__910070947725692928_0,misleading_text,,,,,,,,,
,main,hurricane_irma__910070947725692928__910070947725692928_0,misleading_joint,,,,,,,,,
,main,hurricane_irma__910073512202731520__910073512202731520_0,clean,,,,,,,,,
,main,hurricane_irma__910073512202731520__910073512202731520_0,benign_image,,,,,,,,,
,main,hurricane_irma__910073512202731520__910073512202731520_0,benign_text,,,,,,,,,
,main,hurricane_irma__910073512202731520__910073512202731520_0,benign_joint,,,,,,,,,
,main,hurricane_irma__910073512202731520__910073512202731520_0,direct_image,,,,,,,,,
,main,hurricane_irma__910073512202731520__910073512202731520_0,direct_text,,,,,,,,,
,main,hurricane_irma__910073512202731520__910073512202731520_0,direct_joint,,,,,,,,,
,main,hurricane_irma__910073512202731520__910073512202731520_0,misleading_image,,,,,,,,,
,main,hurricane_irma__910073512202731520__910073512202731520_0,misleading_text,,,,,,,,,
,main,hurricane_irma__910073512202731520__910073512202731520_0,misleading_joint,,,,,,,,,
,main,hurricane_irma__910080834153123841__910080834153123841_0,clean,,,,,,,,,
,main,hurricane_irma__910080834153123841__910080834153123841_0,benign_image,,,,,,,,,
,main,hurricane_irma__910080834153123841__910080834153123841_0,benign_text,,,,,,,,,
,main,hurricane_irma__910080834153123841__910080834153123841_0,benign_joint,,,,,,,,,
,main,hurricane_irma__910080834153123841__910080834153123841_0,direct_image,,,,,,,,,
,main,hurricane_irma__910080834153123841__910080834153123841_0,direct_text,,,,,,,,,
,main,hurricane_irma__910080834153123841__910080834153123841_0,direct_joint,,,,,,,,,
,main,hurricane_irma__910080834153123841__910080834153123841_0,misleading_image,,,,,,,,,
,main,hurricane_irma__910080834153123841__910080834153123841_0,misleading_text,,,,,,,,,
,main,hurricane_irma__910080834153123841__910080834153123841_0,misleading_joint,,,,,,,,,
,main,hurricane_irma__910082914343305216__910082914343305216_0,clean,,,,,,,,,
,main,hurricane_irma__910082914343305216__910082914343305216_0,benign_image,,,,,,,,,
,main,hurricane_irma__910082914343305216__910082914343305216_0,benign_text,,,,,,,,,
,main,hurricane_irma__910082914343305216__910082914343305216_0,benign_joint,,,,,,,,,
,main,hurricane_irma__910082914343305216__910082914343305216_0,direct_image,,,,,,,,,
,main,hurricane_irma__910082914343305216__910082914343305216_0,direct_text,,,,,,,,,
,main,hurricane_irma__910082914343305216__910082914343305216_0,direct_joint,,,,,,,,,
,main,hurricane_irma__910082914343305216__910082914343305216_0,misleading_image,,,,,,,,,
,main,hurricane_irma__910082914343305216__910082914343305216_0,misleading_text,,,,,,,,,
,main,hurricane_irma__910082914343305216__910082914343305216_0,misleading_joint,,,,,,,,,
,main,hurricane_irma__910084566328766464__910084566328766464_0,clean,,,,,,,,,
,main,hurricane_irma__910084566328766464__910084566328766464_0,benign_image,,,,,,,,,
,main,hurricane_irma__910084566328766464__910084566328766464_0,benign_text,,,,,,,,,
,main,hurricane_irma__910084566328766464__910084566328766464_0,benign_joint,,,,,,,,,
,main,hurricane_irma__910084566328766464__910084566328766464_0,direct_image,,,,,,,,,
,main,hurricane_irma__910084566328766464__910084566328766464_0,direct_text,,,,,,,,,
,main,hurricane_irma__910084566328766464__910084566328766464_0,direct_joint,,,,,,,,,
,main,hurricane_irma__910084566328766464__910084566328766464_0,misleading_image,,,,,,,,,
,main,hurricane_irma__910084566328766464__910084566328766464_0,misleading_text,,,,,,,,,
,main,hurricane_irma__910084566328766464__910084566328766464_0,misleading_joint,,,,,,,,,
,main,hurricane_irma__910095089489383430__910095089489383430_0,clean,,,,,,,,,
,main,hurricane_irma__910095089489383430__910095089489383430_0,benign_image,,,,,,,,,
,main,hurricane_irma__910095089489383430__910095089489383430_0,benign_text,,,,,,,,,
,main,hurricane_irma__910095089489383430__910095089489383430_0,benign_joint,,,,,,,,,
,main,hurricane_irma__910095089489383430__910095089489383430_0,direct_image,,,,,,,,,
,main,hurricane_irma__910095089489383430__910095089489383430_0,direct_text,,,,,,,,,
,main,hurricane_irma__910095089489383430__910095089489383430_0,direct_joint,,,,,,,,,
,main,hurricane_irma__910095089489383430__910095089489383430_0,misleading_image,,,,,,,,,
,main,hurricane_irma__910095089489383430__910095089489383430_0,misleading_text,,,,,,,,,
,main,hurricane_irma__910095089489383430__910095089489383430_0,misleading_joint,,,,,,,,,
,main,hurricane_irma__910100808049451008__910100808049451008_0,clean,,,,,,,,,
,main,hurricane_irma__910100808049451008__910100808049451008_0,benign_image,,,,,,,,,
,main,hurricane_irma__910100808049451008__910100808049451008_0,benign_text,,,,,,,,,
,main,hurricane_irma__910100808049451008__910100808049451008_0,benign_joint,,,,,,,,,
,main,hurricane_irma__910100808049451008__910100808049451008_0,direct_image,,,,,,,,,
,main,hurricane_irma__910100808049451008__910100808049451008_0,direct_text,,,,,,,,,
,main,hurricane_irma__910100808049451008__910100808049451008_0,direct_joint,,,,,,,,,
,main,hurricane_irma__910100808049451008__910100808049451008_0,misleading_image,,,,,,,,,
,main,hurricane_irma__910100808049451008__910100808049451008_0,misleading_text,,,,,,,,,
,main,hurricane_irma__910100808049451008__910100808049451008_0,misleading_joint,,,,,,,,,
,main,hurricane_irma__910102466204770304__910102466204770304_0,clean,,,,,,,,,
,main,hurricane_irma__910102466204770304__910102466204770304_0,benign_image,,,,,,,,,
,main,hurricane_irma__910102466204770304__910102466204770304_0,benign_text,,,,,,,,,
,main,hurricane_irma__910102466204770304__910102466204770304_0,benign_joint,,,,,,,,,
,main,hurricane_irma__910102466204770304__910102466204770304_0,direct_image,,,,,,,,,
,main,hurricane_irma__910102466204770304__910102466204770304_0,direct_text,,,,,,,,,
,main,hurricane_irma__910102466204770304__910102466204770304_0,direct_joint,,,,,,,,,
,main,hurricane_irma__910102466204770304__910102466204770304_0,misleading_image,,,,,,,,,
,main,hurricane_irma__910102466204770304__910102466204770304_0,misleading_text,,,,,,,,,
,main,hurricane_irma__910102466204770304__910102466204770304_0,misleading_joint,,,,,,,,,
,main,hurricane_irma__910110509852184576__910110509852184576_0,clean,,,,,,,,,
,main,hurricane_irma__910110509852184576__910110509852184576_0,benign_image,,,,,,,,,
,main,hurricane_irma__910110509852184576__910110509852184576_0,benign_text,,,,,,,,,
,main,hurricane_irma__910110509852184576__910110509852184576_0,benign_joint,,,,,,,,,
,main,hurricane_irma__910110509852184576__910110509852184576_0,direct_image,,,,,,,,,
,main,hurricane_irma__910110509852184576__910110509852184576_0,direct_text,,,,,,,,,
,main,hurricane_irma__910110509852184576__910110509852184576_0,direct_joint,,,,,,,,,
,main,hurricane_irma__910110509852184576__910110509852184576_0,misleading_image,,,,,,,,,
,main,hurricane_irma__910110509852184576__910110509852184576_0,misleading_text,,,,,,,,,
,main,hurricane_irma__910110509852184576__910110509852184576_0,misleading_joint,,,,,,,,,
,main,hurricane_irma__910117311943708672__910117311943708672_0,clean,,,,,,,,,
,main,hurricane_irma__910117311943708672__910117311943708672_0,benign_image,,,,,,,,,
,main,hurricane_irma__910117311943708672__910117311943708672_0,benign_text,,,,,,,,,
,main,hurricane_irma__910117311943708672__910117311943708672_0,benign_joint,,,,,,,,,
,main,hurricane_irma__910117311943708672__910117311943708672_0,direct_image,,,,,,,,,
,main,hurricane_irma__910117311943708672__910117311943708672_0,direct_text,,,,,,,,,
,main,hurricane_irma__910117311943708672__910117311943708672_0,direct_joint,,,,,,,,,
,main,hurricane_irma__910117311943708672__910117311943708672_0,misleading_image,,,,,,,,,
,main,hurricane_irma__910117311943708672__910117311943708672_0,misleading_text,,,,,,,,,
,main,hurricane_irma__910117311943708672__910117311943708672_0,misleading_joint,,,,,,,,,
,main,hurricane_irma__910118463884185600__910118463884185600_0,clean,,,,,,,,,
,main,hurricane_irma__910118463884185600__910118463884185600_0,benign_image,,,,,,,,,
,main,hurricane_irma__910118463884185600__910118463884185600_0,benign_text,,,,,,,,,
,main,hurricane_irma__910118463884185600__910118463884185600_0,benign_joint,,,,,,,,,
,main,hurricane_irma__910118463884185600__910118463884185600_0,direct_image,,,,,,,,,
,main,hurricane_irma__910118463884185600__910118463884185600_0,direct_text,,,,,,,,,
,main,hurricane_irma__910118463884185600__910118463884185600_0,direct_joint,,,,,,,,,
,main,hurricane_irma__910118463884185600__910118463884185600_0,misleading_image,,,,,,,,,
,main,hurricane_irma__910118463884185600__910118463884185600_0,misleading_text,,,,,,,,,
,main,hurricane_irma__910118463884185600__910118463884185600_0,misleading_joint,,,,,,,,,
,main,hurricane_irma__910118787080441857__910118787080441857_0,clean,,,,,,,,,
,main,hurricane_irma__910118787080441857__910118787080441857_0,benign_image,,,,,,,,,
,main,hurricane_irma__910118787080441857__910118787080441857_0,benign_text,,,,,,,,,
,main,hurricane_irma__910118787080441857__910118787080441857_0,benign_joint,,,,,,,,,
,main,hurricane_irma__910118787080441857__910118787080441857_0,direct_image,,,,,,,,,
,main,hurricane_irma__910118787080441857__910118787080441857_0,direct_text,,,,,,,,,
,main,hurricane_irma__910118787080441857__910118787080441857_0,direct_joint,,,,,,,,,
,main,hurricane_irma__910118787080441857__910118787080441857_0,misleading_image,,,,,,,,,
,main,hurricane_irma__910118787080441857__910118787080441857_0,misleading_text,,,,,,,,,
,main,hurricane_irma__910118787080441857__910118787080441857_0,misleading_joint,,,,,,,,,
,main,hurricane_irma__910118839081472000__910118839081472000_0,clean,,,,,,,,,
,main,hurricane_irma__910118839081472000__910118839081472000_0,benign_image,,,,,,,,,
,main,hurricane_irma__910118839081472000__910118839081472000_0,benign_text,,,,,,,,,
,main,hurricane_irma__910118839081472000__910118839081472000_0,benign_joint,,,,,,,,,
,main,hurricane_irma__910118839081472000__910118839081472000_0,direct_image,,,,,,,,,
,main,hurricane_irma__910118839081472000__910118839081472000_0,direct_text,,,,,,,,,
,main,hurricane_irma__910118839081472000__910118839081472000_0,direct_joint,,,,,,,,,
,main,hurricane_irma__910118839081472000__910118839081472000_0,misleading_image,,,,,,,,,
,main,hurricane_irma__910118839081472000__910118839081472000_0,misleading_text,,,,,,,,,
,main,hurricane_irma__910118839081472000__910118839081472000_0,misleading_joint,,,,,,,,,
,main,hurricane_irma__910122015993995264__910122015993995264_3,clean,,,,,,,,,
,main,hurricane_irma__910122015993995264__910122015993995264_3,benign_image,,,,,,,,,
,main,hurricane_irma__910122015993995264__910122015993995264_3,benign_text,,,,,,,,,
,main,hurricane_irma__910122015993995264__910122015993995264_3,benign_joint,,,,,,,,,
,main,hurricane_irma__910122015993995264__910122015993995264_3,direct_image,,,,,,,,,
,main,hurricane_irma__910122015993995264__910122015993995264_3,direct_text,,,,,,,,,
,main,hurricane_irma__910122015993995264__910122015993995264_3,direct_joint,,,,,,,,,
,main,hurricane_irma__910122015993995264__910122015993995264_3,misleading_image,,,,,,,,,
,main,hurricane_irma__910122015993995264__910122015993995264_3,misleading_text,,,,,,,,,
,main,hurricane_irma__910122015993995264__910122015993995264_3,misleading_joint,,,,,,,,,
,main,hurricane_irma__910123451792289792__910123451792289792_0,clean,,,,,,,,,
,main,hurricane_irma__910123451792289792__910123451792289792_0,benign_image,,,,,,,,,
,main,hurricane_irma__910123451792289792__910123451792289792_0,benign_text,,,,,,,,,
,main,hurricane_irma__910123451792289792__910123451792289792_0,benign_joint,,,,,,,,,
,main,hurricane_irma__910123451792289792__910123451792289792_0,direct_image,,,,,,,,,
,main,hurricane_irma__910123451792289792__910123451792289792_0,direct_text,,,,,,,,,
,main,hurricane_irma__910123451792289792__910123451792289792_0,direct_joint,,,,,,,,,
,main,hurricane_irma__910123451792289792__910123451792289792_0,misleading_image,,,,,,,,,
,main,hurricane_irma__910123451792289792__910123451792289792_0,misleading_text,,,,,,,,,
,main,hurricane_irma__910123451792289792__910123451792289792_0,misleading_joint,,,,,,,,,
,main,hurricane_irma__910124040584667136__910124040584667136_1,clean,,,,,,,,,
,main,hurricane_irma__910124040584667136__910124040584667136_1,benign_image,,,,,,,,,
,main,hurricane_irma__910124040584667136__910124040584667136_1,benign_text,,,,,,,,,
,main,hurricane_irma__910124040584667136__910124040584667136_1,benign_joint,,,,,,,,,
,main,hurricane_irma__910124040584667136__910124040584667136_1,direct_image,,,,,,,,,
,main,hurricane_irma__910124040584667136__910124040584667136_1,direct_text,,,,,,,,,
,main,hurricane_irma__910124040584667136__910124040584667136_1,direct_joint,,,,,,,,,
,main,hurricane_irma__910124040584667136__910124040584667136_1,misleading_image,,,,,,,,,
,main,hurricane_irma__910124040584667136__910124040584667136_1,misleading_text,,,,,,,,,
,main,hurricane_irma__910124040584667136__910124040584667136_1,misleading_joint,,,,,,,,,
,main,hurricane_irma__910124932775989248__910124932775989248_0,clean,,,,,,,,,
,main,hurricane_irma__910124932775989248__910124932775989248_0,benign_image,,,,,,,,,
,main,hurricane_irma__910124932775989248__910124932775989248_0,benign_text,,,,,,,,,
,main,hurricane_irma__910124932775989248__910124932775989248_0,benign_joint,,,,,,,,,
,main,hurricane_irma__910124932775989248__910124932775989248_0,direct_image,,,,,,,,,
,main,hurricane_irma__910124932775989248__910124932775989248_0,direct_text,,,,,,,,,
,main,hurricane_irma__910124932775989248__910124932775989248_0,direct_joint,,,,,,,,,
,main,hurricane_irma__910124932775989248__910124932775989248_0,misleading_image,,,,,,,,,
,main,hurricane_irma__910124932775989248__910124932775989248_0,misleading_text,,,,,,,,,
,main,hurricane_irma__910124932775989248__910124932775989248_0,misleading_joint,,,,,,,,,
,main,hurricane_irma__910128100083724288__910128100083724288_0,clean,,,,,,,,,
,main,hurricane_irma__910128100083724288__910128100083724288_0,benign_image,,,,,,,,,
,main,hurricane_irma__910128100083724288__910128100083724288_0,benign_text,,,,,,,,,
,main,hurricane_irma__910128100083724288__910128100083724288_0,benign_joint,,,,,,,,,
,main,hurricane_irma__910128100083724288__910128100083724288_0,direct_image,,,,,,,,,
,main,hurricane_irma__910128100083724288__910128100083724288_0,direct_text,,,,,,,,,
,main,hurricane_irma__910128100083724288__910128100083724288_0,direct_joint,,,,,,,,,
,main,hurricane_irma__910128100083724288__910128100083724288_0,misleading_image,,,,,,,,,
,main,hurricane_irma__910128100083724288__910128100083724288_0,misleading_text,,,,,,,,,
,main,hurricane_irma__910128100083724288__910128100083724288_0,misleading_joint,,,,,,,,,
,main,hurricane_irma__910128655023534080__910128655023534080_0,clean,,,,,,,,,
,main,hurricane_irma__910128655023534080__910128655023534080_0,benign_image,,,,,,,,,
,main,hurricane_irma__910128655023534080__910128655023534080_0,benign_text,,,,,,,,,
,main,hurricane_irma__910128655023534080__910128655023534080_0,benign_joint,,,,,,,,,
,main,hurricane_irma__910128655023534080__910128655023534080_0,direct_image,,,,,,,,,
,main,hurricane_irma__910128655023534080__910128655023534080_0,direct_text,,,,,,,,,
,main,hurricane_irma__910128655023534080__910128655023534080_0,direct_joint,,,,,,,,,
,main,hurricane_irma__910128655023534080__910128655023534080_0,misleading_image,,,,,,,,,
,main,hurricane_irma__910128655023534080__910128655023534080_0,misleading_text,,,,,,,,,
,main,hurricane_irma__910128655023534080__910128655023534080_0,misleading_joint,,,,,,,,,
,main,hurricane_irma__910129616353992704__910129616353992704_0,clean,,,,,,,,,
,main,hurricane_irma__910129616353992704__910129616353992704_0,benign_image,,,,,,,,,
,main,hurricane_irma__910129616353992704__910129616353992704_0,benign_text,,,,,,,,,
,main,hurricane_irma__910129616353992704__910129616353992704_0,benign_joint,,,,,,,,,
,main,hurricane_irma__910129616353992704__910129616353992704_0,direct_image,,,,,,,,,
,main,hurricane_irma__910129616353992704__910129616353992704_0,direct_text,,,,,,,,,
,main,hurricane_irma__910129616353992704__910129616353992704_0,direct_joint,,,,,,,,,
,main,hurricane_irma__910129616353992704__910129616353992704_0,misleading_image,,,,,,,,,
,main,hurricane_irma__910129616353992704__910129616353992704_0,misleading_text,,,,,,,,,
,main,hurricane_irma__910129616353992704__910129616353992704_0,misleading_joint,,,,,,,,,
,main,hurricane_irma__910136681713537024__910136681713537024_0,clean,,,,,,,,,
,main,hurricane_irma__910136681713537024__910136681713537024_0,benign_image,,,,,,,,,
,main,hurricane_irma__910136681713537024__910136681713537024_0,benign_text,,,,,,,,,
,main,hurricane_irma__910136681713537024__910136681713537024_0,benign_joint,,,,,,,,,
,main,hurricane_irma__910136681713537024__910136681713537024_0,direct_image,,,,,,,,,
,main,hurricane_irma__910136681713537024__910136681713537024_0,direct_text,,,,,,,,,
,main,hurricane_irma__910136681713537024__910136681713537024_0,direct_joint,,,,,,,,,
,main,hurricane_irma__910136681713537024__910136681713537024_0,misleading_image,,,,,,,,,
,main,hurricane_irma__910136681713537024__910136681713537024_0,misleading_text,,,,,,,,,
,main,hurricane_irma__910136681713537024__910136681713537024_0,misleading_joint,,,,,,,,,
,main,hurricane_irma__910136946147573761__910136946147573761_0,clean,,,,,,,,,
,main,hurricane_irma__910136946147573761__910136946147573761_0,benign_image,,,,,,,,,
,main,hurricane_irma__910136946147573761__910136946147573761_0,benign_text,,,,,,,,,
,main,hurricane_irma__910136946147573761__910136946147573761_0,benign_joint,,,,,,,,,
,main,hurricane_irma__910136946147573761__910136946147573761_0,direct_image,,,,,,,,,
,main,hurricane_irma__910136946147573761__910136946147573761_0,direct_text,,,,,,,,,
,main,hurricane_irma__910136946147573761__910136946147573761_0,direct_joint,,,,,,,,,
,main,hurricane_irma__910136946147573761__910136946147573761_0,misleading_image,,,,,,,,,
,main,hurricane_irma__910136946147573761__910136946147573761_0,misleading_text,,,,,,,,,
,main,hurricane_irma__910136946147573761__910136946147573761_0,misleading_joint,,,,,,,,,
,main,hurricane_irma__910141087926378496__910141087926378496_0,clean,,,,,,,,,
,main,hurricane_irma__910141087926378496__910141087926378496_0,benign_image,,,,,,,,,
,main,hurricane_irma__910141087926378496__910141087926378496_0,benign_text,,,,,,,,,
,main,hurricane_irma__910141087926378496__910141087926378496_0,benign_joint,,,,,,,,,
,main,hurricane_irma__910141087926378496__910141087926378496_0,direct_image,,,,,,,,,
,main,hurricane_irma__910141087926378496__910141087926378496_0,direct_text,,,,,,,,,
,main,hurricane_irma__910141087926378496__910141087926378496_0,direct_joint,,,,,,,,,
,main,hurricane_irma__910141087926378496__910141087926378496_0,misleading_image,,,,,,,,,
,main,hurricane_irma__910141087926378496__910141087926378496_0,misleading_text,,,,,,,,,
,main,hurricane_irma__910141087926378496__910141087926378496_0,misleading_joint,,,,,,,,,
,main,hurricane_irma__910141442907131904__910141442907131904_0,clean,,,,,,,,,
,main,hurricane_irma__910141442907131904__910141442907131904_0,benign_image,,,,,,,,,
,main,hurricane_irma__910141442907131904__910141442907131904_0,benign_text,,,,,,,,,
,main,hurricane_irma__910141442907131904__910141442907131904_0,benign_joint,,,,,,,,,
,main,hurricane_irma__910141442907131904__910141442907131904_0,direct_image,,,,,,,,,
,main,hurricane_irma__910141442907131904__910141442907131904_0,direct_text,,,,,,,,,
,main,hurricane_irma__910141442907131904__910141442907131904_0,direct_joint,,,,,,,,,
,main,hurricane_irma__910141442907131904__910141442907131904_0,misleading_image,,,,,,,,,
,main,hurricane_irma__910141442907131904__910141442907131904_0,misleading_text,,,,,,,,,
,main,hurricane_irma__910141442907131904__910141442907131904_0,misleading_joint,,,,,,,,,
,main,hurricane_irma__910144212288589825__910144212288589825_0,clean,,,,,,,,,
,main,hurricane_irma__910144212288589825__910144212288589825_0,benign_image,,,,,,,,,
,main,hurricane_irma__910144212288589825__910144212288589825_0,benign_text,,,,,,,,,
,main,hurricane_irma__910144212288589825__910144212288589825_0,benign_joint,,,,,,,,,
,main,hurricane_irma__910144212288589825__910144212288589825_0,direct_image,,,,,,,,,
,main,hurricane_irma__910144212288589825__910144212288589825_0,direct_text,,,,,,,,,
,main,hurricane_irma__910144212288589825__910144212288589825_0,direct_joint,,,,,,,,,
,main,hurricane_irma__910144212288589825__910144212288589825_0,misleading_image,,,,,,,,,
,main,hurricane_irma__910144212288589825__910144212288589825_0,misleading_text,,,,,,,,,
,main,hurricane_irma__910144212288589825__910144212288589825_0,misleading_joint,,,,,,,,,
,main,hurricane_irma__910145127376703488__910145127376703488_0,clean,,,,,,,,,
,main,hurricane_irma__910145127376703488__910145127376703488_0,benign_image,,,,,,,,,
,main,hurricane_irma__910145127376703488__910145127376703488_0,benign_text,,,,,,,,,
,main,hurricane_irma__910145127376703488__910145127376703488_0,benign_joint,,,,,,,,,
,main,hurricane_irma__910145127376703488__910145127376703488_0,direct_image,,,,,,,,,
,main,hurricane_irma__910145127376703488__910145127376703488_0,direct_text,,,,,,,,,
,main,hurricane_irma__910145127376703488__910145127376703488_0,direct_joint,,,,,,,,,
,main,hurricane_irma__910145127376703488__910145127376703488_0,misleading_image,,,,,,,,,
,main,hurricane_irma__910145127376703488__910145127376703488_0,misleading_text,,,,,,,,,
,main,hurricane_irma__910145127376703488__910145127376703488_0,misleading_joint,,,,,,,,,
,main,hurricane_irma__910147498873950208__910147498873950208_0,clean,,,,,,,,,
,main,hurricane_irma__910147498873950208__910147498873950208_0,benign_image,,,,,,,,,
,main,hurricane_irma__910147498873950208__910147498873950208_0,benign_text,,,,,,,,,
,main,hurricane_irma__910147498873950208__910147498873950208_0,benign_joint,,,,,,,,,
,main,hurricane_irma__910147498873950208__910147498873950208_0,direct_image,,,,,,,,,
,main,hurricane_irma__910147498873950208__910147498873950208_0,direct_text,,,,,,,,,
,main,hurricane_irma__910147498873950208__910147498873950208_0,direct_joint,,,,,,,,,
,main,hurricane_irma__910147498873950208__910147498873950208_0,misleading_image,,,,,,,,,
,main,hurricane_irma__910147498873950208__910147498873950208_0,misleading_text,,,,,,,,,
,main,hurricane_irma__910147498873950208__910147498873950208_0,misleading_joint,,,,,,,,,
,main,hurricane_irma__910149200410791936__910149200410791936_1,clean,,,,,,,,,
,main,hurricane_irma__910149200410791936__910149200410791936_1,benign_image,,,,,,,,,
,main,hurricane_irma__910149200410791936__910149200410791936_1,benign_text,,,,,,,,,
,main,hurricane_irma__910149200410791936__910149200410791936_1,benign_joint,,,,,,,,,
,main,hurricane_irma__910149200410791936__910149200410791936_1,direct_image,,,,,,,,,
,main,hurricane_irma__910149200410791936__910149200410791936_1,direct_text,,,,,,,,,
,main,hurricane_irma__910149200410791936__910149200410791936_1,direct_joint,,,,,,,,,
,main,hurricane_irma__910149200410791936__910149200410791936_1,misleading_image,,,,,,,,,
,main,hurricane_irma__910149200410791936__910149200410791936_1,misleading_text,,,,,,,,,
,main,hurricane_irma__910149200410791936__910149200410791936_1,misleading_joint,,,,,,,,,
,main,hurricane_irma__910155666899292160__910155666899292160_0,clean,,,,,,,,,
,main,hurricane_irma__910155666899292160__910155666899292160_0,benign_image,,,,,,,,,
,main,hurricane_irma__910155666899292160__910155666899292160_0,benign_text,,,,,,,,,
,main,hurricane_irma__910155666899292160__910155666899292160_0,benign_joint,,,,,,,,,
,main,hurricane_irma__910155666899292160__910155666899292160_0,direct_image,,,,,,,,,
,main,hurricane_irma__910155666899292160__910155666899292160_0,direct_text,,,,,,,,,
,main,hurricane_irma__910155666899292160__910155666899292160_0,direct_joint,,,,,,,,,
,main,hurricane_irma__910155666899292160__910155666899292160_0,misleading_image,,,,,,,,,
,main,hurricane_irma__910155666899292160__910155666899292160_0,misleading_text,,,,,,,,,
,main,hurricane_irma__910155666899292160__910155666899292160_0,misleading_joint,,,,,,,,,
,main,hurricane_irma__910156250368888832__910156250368888832_1,clean,,,,,,,,,
,main,hurricane_irma__910156250368888832__910156250368888832_1,benign_image,,,,,,,,,
,main,hurricane_irma__910156250368888832__910156250368888832_1,benign_text,,,,,,,,,
,main,hurricane_irma__910156250368888832__910156250368888832_1,benign_joint,,,,,,,,,
,main,hurricane_irma__910156250368888832__910156250368888832_1,direct_image,,,,,,,,,
,main,hurricane_irma__910156250368888832__910156250368888832_1,direct_text,,,,,,,,,
,main,hurricane_irma__910156250368888832__910156250368888832_1,direct_joint,,,,,,,,,
,main,hurricane_irma__910156250368888832__910156250368888832_1,misleading_image,,,,,,,,,
,main,hurricane_irma__910156250368888832__910156250368888832_1,misleading_text,,,,,,,,,
,main,hurricane_irma__910156250368888832__910156250368888832_1,misleading_joint,,,,,,,,,
,main,hurricane_irma__910156911403782144__910156911403782144_0,clean,,,,,,,,,
,main,hurricane_irma__910156911403782144__910156911403782144_0,benign_image,,,,,,,,,
,main,hurricane_irma__910156911403782144__910156911403782144_0,benign_text,,,,,,,,,
,main,hurricane_irma__910156911403782144__910156911403782144_0,benign_joint,,,,,,,,,
,main,hurricane_irma__910156911403782144__910156911403782144_0,direct_image,,,,,,,,,
,main,hurricane_irma__910156911403782144__910156911403782144_0,direct_text,,,,,,,,,
,main,hurricane_irma__910156911403782144__910156911403782144_0,direct_joint,,,,,,,,,
,main,hurricane_irma__910156911403782144__910156911403782144_0,misleading_image,,,,,,,,,
,main,hurricane_irma__910156911403782144__910156911403782144_0,misleading_text,,,,,,,,,
,main,hurricane_irma__910156911403782144__910156911403782144_0,misleading_joint,,,,,,,,,
,main,hurricane_irma__910160326737281025__910160326737281025_0,clean,,,,,,,,,
,main,hurricane_irma__910160326737281025__910160326737281025_0,benign_image,,,,,,,,,
,main,hurricane_irma__910160326737281025__910160326737281025_0,benign_text,,,,,,,,,
,main,hurricane_irma__910160326737281025__910160326737281025_0,benign_joint,,,,,,,,,
,main,hurricane_irma__910160326737281025__910160326737281025_0,direct_image,,,,,,,,,
,main,hurricane_irma__910160326737281025__910160326737281025_0,direct_text,,,,,,,,,
,main,hurricane_irma__910160326737281025__910160326737281025_0,direct_joint,,,,,,,,,
,main,hurricane_irma__910160326737281025__910160326737281025_0,misleading_image,,,,,,,,,
,main,hurricane_irma__910160326737281025__910160326737281025_0,misleading_text,,,,,,,,,
,main,hurricane_irma__910160326737281025__910160326737281025_0,misleading_joint,,,,,,,,,
,main,hurricane_irma__910162402108477440__910162402108477440_0,clean,,,,,,,,,
,main,hurricane_irma__910162402108477440__910162402108477440_0,benign_image,,,,,,,,,
,main,hurricane_irma__910162402108477440__910162402108477440_0,benign_text,,,,,,,,,
,main,hurricane_irma__910162402108477440__910162402108477440_0,benign_joint,,,,,,,,,
,main,hurricane_irma__910162402108477440__910162402108477440_0,direct_image,,,,,,,,,
,main,hurricane_irma__910162402108477440__910162402108477440_0,direct_text,,,,,,,,,
,main,hurricane_irma__910162402108477440__910162402108477440_0,direct_joint,,,,,,,,,
,main,hurricane_irma__910162402108477440__910162402108477440_0,misleading_image,,,,,,,,,
,main,hurricane_irma__910162402108477440__910162402108477440_0,misleading_text,,,,,,,,,
,main,hurricane_irma__910162402108477440__910162402108477440_0,misleading_joint,,,,,,,,,
,main,hurricane_irma__910166284624711681__910166284624711681_0,clean,,,,,,,,,
,main,hurricane_irma__910166284624711681__910166284624711681_0,benign_image,,,,,,,,,
,main,hurricane_irma__910166284624711681__910166284624711681_0,benign_text,,,,,,,,,
,main,hurricane_irma__910166284624711681__910166284624711681_0,benign_joint,,,,,,,,,
,main,hurricane_irma__910166284624711681__910166284624711681_0,direct_image,,,,,,,,,
,main,hurricane_irma__910166284624711681__910166284624711681_0,direct_text,,,,,,,,,
,main,hurricane_irma__910166284624711681__910166284624711681_0,direct_joint,,,,,,,,,
,main,hurricane_irma__910166284624711681__910166284624711681_0,misleading_image,,,,,,,,,
,main,hurricane_irma__910166284624711681__910166284624711681_0,misleading_text,,,,,,,,,
,main,hurricane_irma__910166284624711681__910166284624711681_0,misleading_joint,,,,,,,,,
,main,hurricane_irma__910168623175557120__910168623175557120_0,clean,,,,,,,,,
,main,hurricane_irma__910168623175557120__910168623175557120_0,benign_image,,,,,,,,,
,main,hurricane_irma__910168623175557120__910168623175557120_0,benign_text,,,,,,,,,
,main,hurricane_irma__910168623175557120__910168623175557120_0,benign_joint,,,,,,,,,
,main,hurricane_irma__910168623175557120__910168623175557120_0,direct_image,,,,,,,,,
,main,hurricane_irma__910168623175557120__910168623175557120_0,direct_text,,,,,,,,,
,main,hurricane_irma__910168623175557120__910168623175557120_0,direct_joint,,,,,,,,,
,main,hurricane_irma__910168623175557120__910168623175557120_0,misleading_image,,,,,,,,,
,main,hurricane_irma__910168623175557120__910168623175557120_0,misleading_text,,,,,,,,,
,main,hurricane_irma__910168623175557120__910168623175557120_0,misleading_joint,,,,,,,,,
,main,hurricane_irma__910169542718091265__910169542718091265_1,clean,,,,,,,,,
,main,hurricane_irma__910169542718091265__910169542718091265_1,benign_image,,,,,,,,,
,main,hurricane_irma__910169542718091265__910169542718091265_1,benign_text,,,,,,,,,
,main,hurricane_irma__910169542718091265__910169542718091265_1,benign_joint,,,,,,,,,
,main,hurricane_irma__910169542718091265__910169542718091265_1,direct_image,,,,,,,,,
,main,hurricane_irma__910169542718091265__910169542718091265_1,direct_text,,,,,,,,,
,main,hurricane_irma__910169542718091265__910169542718091265_1,direct_joint,,,,,,,,,
,main,hurricane_irma__910169542718091265__910169542718091265_1,misleading_image,,,,,,,,,
,main,hurricane_irma__910169542718091265__910169542718091265_1,misleading_text,,,,,,,,,
,main,hurricane_irma__910169542718091265__910169542718091265_1,misleading_joint,,,,,,,,,
,main,hurricane_irma__910184448469164032__910184448469164032_0,clean,,,,,,,,,
,main,hurricane_irma__910184448469164032__910184448469164032_0,benign_image,,,,,,,,,
,main,hurricane_irma__910184448469164032__910184448469164032_0,benign_text,,,,,,,,,
,main,hurricane_irma__910184448469164032__910184448469164032_0,benign_joint,,,,,,,,,
,main,hurricane_irma__910184448469164032__910184448469164032_0,direct_image,,,,,,,,,
,main,hurricane_irma__910184448469164032__910184448469164032_0,direct_text,,,,,,,,,
,main,hurricane_irma__910184448469164032__910184448469164032_0,direct_joint,,,,,,,,,
,main,hurricane_irma__910184448469164032__910184448469164032_0,misleading_image,,,,,,,,,
,main,hurricane_irma__910184448469164032__910184448469164032_0,misleading_text,,,,,,,,,
,main,hurricane_irma__910184448469164032__910184448469164032_0,misleading_joint,,,,,,,,,
,main,hurricane_irma__910189290642173953__910189290642173953_0,clean,,,,,,,,,
,main,hurricane_irma__910189290642173953__910189290642173953_0,benign_image,,,,,,,,,
,main,hurricane_irma__910189290642173953__910189290642173953_0,benign_text,,,,,,,,,
,main,hurricane_irma__910189290642173953__910189290642173953_0,benign_joint,,,,,,,,,
,main,hurricane_irma__910189290642173953__910189290642173953_0,direct_image,,,,,,,,,
,main,hurricane_irma__910189290642173953__910189290642173953_0,direct_text,,,,,,,,,
,main,hurricane_irma__910189290642173953__910189290642173953_0,direct_joint,,,,,,,,,
,main,hurricane_irma__910189290642173953__910189290642173953_0,misleading_image,,,,,,,,,
,main,hurricane_irma__910189290642173953__910189290642173953_0,misleading_text,,,,,,,,,
,main,hurricane_irma__910189290642173953__910189290642173953_0,misleading_joint,,,,,,,,,
,main,hurricane_irma__910191453019758592__910191453019758592_0,clean,,,,,,,,,
,main,hurricane_irma__910191453019758592__910191453019758592_0,benign_image,,,,,,,,,
,main,hurricane_irma__910191453019758592__910191453019758592_0,benign_text,,,,,,,,,
,main,hurricane_irma__910191453019758592__910191453019758592_0,benign_joint,,,,,,,,,
,main,hurricane_irma__910191453019758592__910191453019758592_0,direct_image,,,,,,,,,
,main,hurricane_irma__910191453019758592__910191453019758592_0,direct_text,,,,,,,,,
,main,hurricane_irma__910191453019758592__910191453019758592_0,direct_joint,,,,,,,,,
,main,hurricane_irma__910191453019758592__910191453019758592_0,misleading_image,,,,,,,,,
,main,hurricane_irma__910191453019758592__910191453019758592_0,misleading_text,,,,,,,,,
,main,hurricane_irma__910191453019758592__910191453019758592_0,misleading_joint,,,,,,,,,
,main,hurricane_irma__910191733962616833__910191733962616833_0,clean,,,,,,,,,
,main,hurricane_irma__910191733962616833__910191733962616833_0,benign_image,,,,,,,,,
,main,hurricane_irma__910191733962616833__910191733962616833_0,benign_text,,,,,,,,,
,main,hurricane_irma__910191733962616833__910191733962616833_0,benign_joint,,,,,,,,,
,main,hurricane_irma__910191733962616833__910191733962616833_0,direct_image,,,,,,,,,
,main,hurricane_irma__910191733962616833__910191733962616833_0,direct_text,,,,,,,,,
,main,hurricane_irma__910191733962616833__910191733962616833_0,direct_joint,,,,,,,,,
,main,hurricane_irma__910191733962616833__910191733962616833_0,misleading_image,,,,,,,,,
,main,hurricane_irma__910191733962616833__910191733962616833_0,misleading_text,,,,,,,,,
,main,hurricane_irma__910191733962616833__910191733962616833_0,misleading_joint,,,,,,,,,
,main,hurricane_irma__910192971492012032__910192971492012032_0,clean,,,,,,,,,
,main,hurricane_irma__910192971492012032__910192971492012032_0,benign_image,,,,,,,,,
,main,hurricane_irma__910192971492012032__910192971492012032_0,benign_text,,,,,,,,,
,main,hurricane_irma__910192971492012032__910192971492012032_0,benign_joint,,,,,,,,,
,main,hurricane_irma__910192971492012032__910192971492012032_0,direct_image,,,,,,,,,
,main,hurricane_irma__910192971492012032__910192971492012032_0,direct_text,,,,,,,,,
,main,hurricane_irma__910192971492012032__910192971492012032_0,direct_joint,,,,,,,,,
,main,hurricane_irma__910192971492012032__910192971492012032_0,misleading_image,,,,,,,,,
,main,hurricane_irma__910192971492012032__910192971492012032_0,misleading_text,,,,,,,,,
,main,hurricane_irma__910192971492012032__910192971492012032_0,misleading_joint,,,,,,,,,
,main,hurricane_irma__910195055180234753__910195055180234753_0,clean,,,,,,,,,
,main,hurricane_irma__910195055180234753__910195055180234753_0,benign_image,,,,,,,,,
,main,hurricane_irma__910195055180234753__910195055180234753_0,benign_text,,,,,,,,,
,main,hurricane_irma__910195055180234753__910195055180234753_0,benign_joint,,,,,,,,,
,main,hurricane_irma__910195055180234753__910195055180234753_0,direct_image,,,,,,,,,
,main,hurricane_irma__910195055180234753__910195055180234753_0,direct_text,,,,,,,,,
,main,hurricane_irma__910195055180234753__910195055180234753_0,direct_joint,,,,,,,,,
,main,hurricane_irma__910195055180234753__910195055180234753_0,misleading_image,,,,,,,,,
,main,hurricane_irma__910195055180234753__910195055180234753_0,misleading_text,,,,,,,,,
,main,hurricane_irma__910195055180234753__910195055180234753_0,misleading_joint,,,,,,,,,
,main,hurricane_irma__910198059316981761__910198059316981761_0,clean,,,,,,,,,
,main,hurricane_irma__910198059316981761__910198059316981761_0,benign_image,,,,,,,,,
,main,hurricane_irma__910198059316981761__910198059316981761_0,benign_text,,,,,,,,,
,main,hurricane_irma__910198059316981761__910198059316981761_0,benign_joint,,,,,,,,,
,main,hurricane_irma__910198059316981761__910198059316981761_0,direct_image,,,,,,,,,
,main,hurricane_irma__910198059316981761__910198059316981761_0,direct_text,,,,,,,,,
,main,hurricane_irma__910198059316981761__910198059316981761_0,direct_joint,,,,,,,,,
,main,hurricane_irma__910198059316981761__910198059316981761_0,misleading_image,,,,,,,,,
,main,hurricane_irma__910198059316981761__910198059316981761_0,misleading_text,,,,,,,,,
,main,hurricane_irma__910198059316981761__910198059316981761_0,misleading_joint,,,,,,,,,
,main,hurricane_irma__910198450347810817__910198450347810817_0,clean,,,,,,,,,
,main,hurricane_irma__910198450347810817__910198450347810817_0,benign_image,,,,,,,,,
,main,hurricane_irma__910198450347810817__910198450347810817_0,benign_text,,,,,,,,,
,main,hurricane_irma__910198450347810817__910198450347810817_0,benign_joint,,,,,,,,,
,main,hurricane_irma__910198450347810817__910198450347810817_0,direct_image,,,,,,,,,
,main,hurricane_irma__910198450347810817__910198450347810817_0,direct_text,,,,,,,,,
,main,hurricane_irma__910198450347810817__910198450347810817_0,direct_joint,,,,,,,,,
,main,hurricane_irma__910198450347810817__910198450347810817_0,misleading_image,,,,,,,,,
,main,hurricane_irma__910198450347810817__910198450347810817_0,misleading_text,,,,,,,,,
,main,hurricane_irma__910198450347810817__910198450347810817_0,misleading_joint,,,,,,,,,
,main,hurricane_irma__910198598054367237__910198598054367237_0,clean,,,,,,,,,
,main,hurricane_irma__910198598054367237__910198598054367237_0,benign_image,,,,,,,,,
,main,hurricane_irma__910198598054367237__910198598054367237_0,benign_text,,,,,,,,,
,main,hurricane_irma__910198598054367237__910198598054367237_0,benign_joint,,,,,,,,,
,main,hurricane_irma__910198598054367237__910198598054367237_0,direct_image,,,,,,,,,
,main,hurricane_irma__910198598054367237__910198598054367237_0,direct_text,,,,,,,,,
,main,hurricane_irma__910198598054367237__910198598054367237_0,direct_joint,,,,,,,,,
,main,hurricane_irma__910198598054367237__910198598054367237_0,misleading_image,,,,,,,,,
,main,hurricane_irma__910198598054367237__910198598054367237_0,misleading_text,,,,,,,,,
,main,hurricane_irma__910198598054367237__910198598054367237_0,misleading_joint,,,,,,,,,
,main,hurricane_irma__910199693132599297__910199693132599297_0,clean,,,,,,,,,
,main,hurricane_irma__910199693132599297__910199693132599297_0,benign_image,,,,,,,,,
,main,hurricane_irma__910199693132599297__910199693132599297_0,benign_text,,,,,,,,,
,main,hurricane_irma__910199693132599297__910199693132599297_0,benign_joint,,,,,,,,,
,main,hurricane_irma__910199693132599297__910199693132599297_0,direct_image,,,,,,,,,
,main,hurricane_irma__910199693132599297__910199693132599297_0,direct_text,,,,,,,,,
,main,hurricane_irma__910199693132599297__910199693132599297_0,direct_joint,,,,,,,,,
,main,hurricane_irma__910199693132599297__910199693132599297_0,misleading_image,,,,,,,,,
,main,hurricane_irma__910199693132599297__910199693132599297_0,misleading_text,,,,,,,,,
,main,hurricane_irma__910199693132599297__910199693132599297_0,misleading_joint,,,,,,,,,
,main,hurricane_irma__910201716934574081__910201716934574081_2,clean,,,,,,,,,
,main,hurricane_irma__910201716934574081__910201716934574081_2,benign_image,,,,,,,,,
,main,hurricane_irma__910201716934574081__910201716934574081_2,benign_text,,,,,,,,,
,main,hurricane_irma__910201716934574081__910201716934574081_2,benign_joint,,,,,,,,,
,main,hurricane_irma__910201716934574081__910201716934574081_2,direct_image,,,,,,,,,
,main,hurricane_irma__910201716934574081__910201716934574081_2,direct_text,,,,,,,,,
,main,hurricane_irma__910201716934574081__910201716934574081_2,direct_joint,,,,,,,,,
,main,hurricane_irma__910201716934574081__910201716934574081_2,misleading_image,,,,,,,,,
,main,hurricane_irma__910201716934574081__910201716934574081_2,misleading_text,,,,,,,,,
,main,hurricane_irma__910201716934574081__910201716934574081_2,misleading_joint,,,,,,,,,
,main,hurricane_irma__910202655733112833__910202655733112833_0,clean,,,,,,,,,
,main,hurricane_irma__910202655733112833__910202655733112833_0,benign_image,,,,,,,,,
,main,hurricane_irma__910202655733112833__910202655733112833_0,benign_text,,,,,,,,,
,main,hurricane_irma__910202655733112833__910202655733112833_0,benign_joint,,,,,,,,,
,main,hurricane_irma__910202655733112833__910202655733112833_0,direct_image,,,,,,,,,
,main,hurricane_irma__910202655733112833__910202655733112833_0,direct_text,,,,,,,,,
,main,hurricane_irma__910202655733112833__910202655733112833_0,direct_joint,,,,,,,,,
,main,hurricane_irma__910202655733112833__910202655733112833_0,misleading_image,,,,,,,,,
,main,hurricane_irma__910202655733112833__910202655733112833_0,misleading_text,,,,,,,,,
,main,hurricane_irma__910202655733112833__910202655733112833_0,misleading_joint,,,,,,,,,
,main,hurricane_irma__910205368394964992__910205368394964992_0,clean,,,,,,,,,
,main,hurricane_irma__910205368394964992__910205368394964992_0,benign_image,,,,,,,,,
,main,hurricane_irma__910205368394964992__910205368394964992_0,benign_text,,,,,,,,,
,main,hurricane_irma__910205368394964992__910205368394964992_0,benign_joint,,,,,,,,,
,main,hurricane_irma__910205368394964992__910205368394964992_0,direct_image,,,,,,,,,
,main,hurricane_irma__910205368394964992__910205368394964992_0,direct_text,,,,,,,,,
,main,hurricane_irma__910205368394964992__910205368394964992_0,direct_joint,,,,,,,,,
,main,hurricane_irma__910205368394964992__910205368394964992_0,misleading_image,,,,,,,,,
,main,hurricane_irma__910205368394964992__910205368394964992_0,misleading_text,,,,,,,,,
,main,hurricane_irma__910205368394964992__910205368394964992_0,misleading_joint,,,,,,,,,
,main,hurricane_irma__910207622896287744__910207622896287744_3,clean,,,,,,,,,
,main,hurricane_irma__910207622896287744__910207622896287744_3,benign_image,,,,,,,,,
,main,hurricane_irma__910207622896287744__910207622896287744_3,benign_text,,,,,,,,,
,main,hurricane_irma__910207622896287744__910207622896287744_3,benign_joint,,,,,,,,,
,main,hurricane_irma__910207622896287744__910207622896287744_3,direct_image,,,,,,,,,
,main,hurricane_irma__910207622896287744__910207622896287744_3,direct_text,,,,,,,,,
,main,hurricane_irma__910207622896287744__910207622896287744_3,direct_joint,,,,,,,,,
,main,hurricane_irma__910207622896287744__910207622896287744_3,misleading_image,,,,,,,,,
,main,hurricane_irma__910207622896287744__910207622896287744_3,misleading_text,,,,,,,,,
,main,hurricane_irma__910207622896287744__910207622896287744_3,misleading_joint,,,,,,,,,
,main,hurricane_irma__910211201182789632__910211201182789632_0,clean,,,,,,,,,
,main,hurricane_irma__910211201182789632__910211201182789632_0,benign_image,,,,,,,,,
,main,hurricane_irma__910211201182789632__910211201182789632_0,benign_text,,,,,,,,,
,main,hurricane_irma__910211201182789632__910211201182789632_0,benign_joint,,,,,,,,,
,main,hurricane_irma__910211201182789632__910211201182789632_0,direct_image,,,,,,,,,
,main,hurricane_irma__910211201182789632__910211201182789632_0,direct_text,,,,,,,,,
,main,hurricane_irma__910211201182789632__910211201182789632_0,direct_joint,,,,,,,,,
,main,hurricane_irma__910211201182789632__910211201182789632_0,misleading_image,,,,,,,,,
,main,hurricane_irma__910211201182789632__910211201182789632_0,misleading_text,,,,,,,,,
,main,hurricane_irma__910211201182789632__910211201182789632_0,misleading_joint,,,,,,,,,
,main,hurricane_irma__910216576464510976__910216576464510976_0,clean,,,,,,,,,
,main,hurricane_irma__910216576464510976__910216576464510976_0,benign_image,,,,,,,,,
,main,hurricane_irma__910216576464510976__910216576464510976_0,benign_text,,,,,,,,,
,main,hurricane_irma__910216576464510976__910216576464510976_0,benign_joint,,,,,,,,,
,main,hurricane_irma__910216576464510976__910216576464510976_0,direct_image,,,,,,,,,
,main,hurricane_irma__910216576464510976__910216576464510976_0,direct_text,,,,,,,,,
,main,hurricane_irma__910216576464510976__910216576464510976_0,direct_joint,,,,,,,,,
,main,hurricane_irma__910216576464510976__910216576464510976_0,misleading_image,,,,,,,,,
,main,hurricane_irma__910216576464510976__910216576464510976_0,misleading_text,,,,,,,,,
,main,hurricane_irma__910216576464510976__910216576464510976_0,misleading_joint,,,,,,,,,
,main,hurricane_irma__910217243514036224__910217243514036224_0,clean,,,,,,,,,
,main,hurricane_irma__910217243514036224__910217243514036224_0,benign_image,,,,,,,,,
,main,hurricane_irma__910217243514036224__910217243514036224_0,benign_text,,,,,,,,,
,main,hurricane_irma__910217243514036224__910217243514036224_0,benign_joint,,,,,,,,,
,main,hurricane_irma__910217243514036224__910217243514036224_0,direct_image,,,,,,,,,
,main,hurricane_irma__910217243514036224__910217243514036224_0,direct_text,,,,,,,,,
,main,hurricane_irma__910217243514036224__910217243514036224_0,direct_joint,,,,,,,,,
,main,hurricane_irma__910217243514036224__910217243514036224_0,misleading_image,,,,,,,,,
,main,hurricane_irma__910217243514036224__910217243514036224_0,misleading_text,,,,,,,,,
,main,hurricane_irma__910217243514036224__910217243514036224_0,misleading_joint,,,,,,,,,
,main,hurricane_irma__910220699658342402__910220699658342402_0,clean,,,,,,,,,
,main,hurricane_irma__910220699658342402__910220699658342402_0,benign_image,,,,,,,,,
,main,hurricane_irma__910220699658342402__910220699658342402_0,benign_text,,,,,,,,,
,main,hurricane_irma__910220699658342402__910220699658342402_0,benign_joint,,,,,,,,,
,main,hurricane_irma__910220699658342402__910220699658342402_0,direct_image,,,,,,,,,
,main,hurricane_irma__910220699658342402__910220699658342402_0,direct_text,,,,,,,,,
,main,hurricane_irma__910220699658342402__910220699658342402_0,direct_joint,,,,,,,,,
,main,hurricane_irma__910220699658342402__910220699658342402_0,misleading_image,,,,,,,,,
,main,hurricane_irma__910220699658342402__910220699658342402_0,misleading_text,,,,,,,,,
,main,hurricane_irma__910220699658342402__910220699658342402_0,misleading_joint,,,,,,,,,
,main,hurricane_irma__910222049569673216__910222049569673216_0,clean,,,,,,,,,
,main,hurricane_irma__910222049569673216__910222049569673216_0,benign_image,,,,,,,,,
,main,hurricane_irma__910222049569673216__910222049569673216_0,benign_text,,,,,,,,,
,main,hurricane_irma__910222049569673216__910222049569673216_0,benign_joint,,,,,,,,,
,main,hurricane_irma__910222049569673216__910222049569673216_0,direct_image,,,,,,,,,
,main,hurricane_irma__910222049569673216__910222049569673216_0,direct_text,,,,,,,,,
,main,hurricane_irma__910222049569673216__910222049569673216_0,direct_joint,,,,,,,,,
,main,hurricane_irma__910222049569673216__910222049569673216_0,misleading_image,,,,,,,,,
,main,hurricane_irma__910222049569673216__910222049569673216_0,misleading_text,,,,,,,,,
,main,hurricane_irma__910222049569673216__910222049569673216_0,misleading_joint,,,,,,,,,
,main,hurricane_irma__910225185176997895__910225185176997895_0,clean,,,,,,,,,
,main,hurricane_irma__910225185176997895__910225185176997895_0,benign_image,,,,,,,,,
,main,hurricane_irma__910225185176997895__910225185176997895_0,benign_text,,,,,,,,,
,main,hurricane_irma__910225185176997895__910225185176997895_0,benign_joint,,,,,,,,,
,main,hurricane_irma__910225185176997895__910225185176997895_0,direct_image,,,,,,,,,
,main,hurricane_irma__910225185176997895__910225185176997895_0,direct_text,,,,,,,,,
,main,hurricane_irma__910225185176997895__910225185176997895_0,direct_joint,,,,,,,,,
,main,hurricane_irma__910225185176997895__910225185176997895_0,misleading_image,,,,,,,,,
,main,hurricane_irma__910225185176997895__910225185176997895_0,misleading_text,,,,,,,,,
,main,hurricane_irma__910225185176997895__910225185176997895_0,misleading_joint,,,,,,,,,
,main,hurricane_irma__910228258146353152__910228258146353152_0,clean,,,,,,,,,
,main,hurricane_irma__910228258146353152__910228258146353152_0,benign_image,,,,,,,,,
,main,hurricane_irma__910228258146353152__910228258146353152_0,benign_text,,,,,,,,,
,main,hurricane_irma__910228258146353152__910228258146353152_0,benign_joint,,,,,,,,,
,main,hurricane_irma__910228258146353152__910228258146353152_0,direct_image,,,,,,,,,
,main,hurricane_irma__910228258146353152__910228258146353152_0,direct_text,,,,,,,,,
,main,hurricane_irma__910228258146353152__910228258146353152_0,direct_joint,,,,,,,,,
,main,hurricane_irma__910228258146353152__910228258146353152_0,misleading_image,,,,,,,,,
,main,hurricane_irma__910228258146353152__910228258146353152_0,misleading_text,,,,,,,,,
,main,hurricane_irma__910228258146353152__910228258146353152_0,misleading_joint,,,,,,,,,
,main,hurricane_irma__910237972141891585__910237972141891585_0,clean,,,,,,,,,
,main,hurricane_irma__910237972141891585__910237972141891585_0,benign_image,,,,,,,,,
,main,hurricane_irma__910237972141891585__910237972141891585_0,benign_text,,,,,,,,,
,main,hurricane_irma__910237972141891585__910237972141891585_0,benign_joint,,,,,,,,,
,main,hurricane_irma__910237972141891585__910237972141891585_0,direct_image,,,,,,,,,
,main,hurricane_irma__910237972141891585__910237972141891585_0,direct_text,,,,,,,,,
,main,hurricane_irma__910237972141891585__910237972141891585_0,direct_joint,,,,,,,,,
,main,hurricane_irma__910237972141891585__910237972141891585_0,misleading_image,,,,,,,,,
,main,hurricane_irma__910237972141891585__910237972141891585_0,misleading_text,,,,,,,,,
,main,hurricane_irma__910237972141891585__910237972141891585_0,misleading_joint,,,,,,,,,
,main,hurricane_irma__910242368158277632__910242368158277632_0,clean,,,,,,,,,
,main,hurricane_irma__910242368158277632__910242368158277632_0,benign_image,,,,,,,,,
,main,hurricane_irma__910242368158277632__910242368158277632_0,benign_text,,,,,,,,,
,main,hurricane_irma__910242368158277632__910242368158277632_0,benign_joint,,,,,,,,,
,main,hurricane_irma__910242368158277632__910242368158277632_0,direct_image,,,,,,,,,
,main,hurricane_irma__910242368158277632__910242368158277632_0,direct_text,,,,,,,,,
,main,hurricane_irma__910242368158277632__910242368158277632_0,direct_joint,,,,,,,,,
,main,hurricane_irma__910242368158277632__910242368158277632_0,misleading_image,,,,,,,,,
,main,hurricane_irma__910242368158277632__910242368158277632_0,misleading_text,,,,,,,,,
,main,hurricane_irma__910242368158277632__910242368158277632_0,misleading_joint,,,,,,,,,
,main,hurricane_irma__910243501232685056__910243501232685056_0,clean,,,,,,,,,
,main,hurricane_irma__910243501232685056__910243501232685056_0,benign_image,,,,,,,,,
,main,hurricane_irma__910243501232685056__910243501232685056_0,benign_text,,,,,,,,,
,main,hurricane_irma__910243501232685056__910243501232685056_0,benign_joint,,,,,,,,,
,main,hurricane_irma__910243501232685056__910243501232685056_0,direct_image,,,,,,,,,
,main,hurricane_irma__910243501232685056__910243501232685056_0,direct_text,,,,,,,,,
,main,hurricane_irma__910243501232685056__910243501232685056_0,direct_joint,,,,,,,,,
,main,hurricane_irma__910243501232685056__910243501232685056_0,misleading_image,,,,,,,,,
,main,hurricane_irma__910243501232685056__910243501232685056_0,misleading_text,,,,,,,,,
,main,hurricane_irma__910243501232685056__910243501232685056_0,misleading_joint,,,,,,,,,
,main,hurricane_irma__910243544551628800__910243544551628800_1,clean,,,,,,,,,
,main,hurricane_irma__910243544551628800__910243544551628800_1,benign_image,,,,,,,,,
,main,hurricane_irma__910243544551628800__910243544551628800_1,benign_text,,,,,,,,,
,main,hurricane_irma__910243544551628800__910243544551628800_1,benign_joint,,,,,,,,,
,main,hurricane_irma__910243544551628800__910243544551628800_1,direct_image,,,,,,,,,
,main,hurricane_irma__910243544551628800__910243544551628800_1,direct_text,,,,,,,,,
,main,hurricane_irma__910243544551628800__910243544551628800_1,direct_joint,,,,,,,,,
,main,hurricane_irma__910243544551628800__910243544551628800_1,misleading_image,,,,,,,,,
,main,hurricane_irma__910243544551628800__910243544551628800_1,misleading_text,,,,,,,,,
,main,hurricane_irma__910243544551628800__910243544551628800_1,misleading_joint,,,,,,,,,
,main,hurricane_irma__910246138564943872__910246138564943872_0,clean,,,,,,,,,
,main,hurricane_irma__910246138564943872__910246138564943872_0,benign_image,,,,,,,,,
,main,hurricane_irma__910246138564943872__910246138564943872_0,benign_text,,,,,,,,,
,main,hurricane_irma__910246138564943872__910246138564943872_0,benign_joint,,,,,,,,,
,main,hurricane_irma__910246138564943872__910246138564943872_0,direct_image,,,,,,,,,
,main,hurricane_irma__910246138564943872__910246138564943872_0,direct_text,,,,,,,,,
,main,hurricane_irma__910246138564943872__910246138564943872_0,direct_joint,,,,,,,,,
,main,hurricane_irma__910246138564943872__910246138564943872_0,misleading_image,,,,,,,,,
,main,hurricane_irma__910246138564943872__910246138564943872_0,misleading_text,,,,,,,,,
,main,hurricane_irma__910246138564943872__910246138564943872_0,misleading_joint,,,,,,,,,
,main,hurricane_irma__910247140441632768__910247140441632768_0,clean,,,,,,,,,
,main,hurricane_irma__910247140441632768__910247140441632768_0,benign_image,,,,,,,,,
,main,hurricane_irma__910247140441632768__910247140441632768_0,benign_text,,,,,,,,,
,main,hurricane_irma__910247140441632768__910247140441632768_0,benign_joint,,,,,,,,,
,main,hurricane_irma__910247140441632768__910247140441632768_0,direct_image,,,,,,,,,
,main,hurricane_irma__910247140441632768__910247140441632768_0,direct_text,,,,,,,,,
,main,hurricane_irma__910247140441632768__910247140441632768_0,direct_joint,,,,,,,,,
,main,hurricane_irma__910247140441632768__910247140441632768_0,misleading_image,,,,,,,,,
,main,hurricane_irma__910247140441632768__910247140441632768_0,misleading_text,,,,,,,,,
,main,hurricane_irma__910247140441632768__910247140441632768_0,misleading_joint,,,,,,,,,
,main,hurricane_irma__910247213900730368__910247213900730368_0,clean,,,,,,,,,
,main,hurricane_irma__910247213900730368__910247213900730368_0,benign_image,,,,,,,,,
,main,hurricane_irma__910247213900730368__910247213900730368_0,benign_text,,,,,,,,,
,main,hurricane_irma__910247213900730368__910247213900730368_0,benign_joint,,,,,,,,,
,main,hurricane_irma__910247213900730368__910247213900730368_0,direct_image,,,,,,,,,
,main,hurricane_irma__910247213900730368__910247213900730368_0,direct_text,,,,,,,,,
,main,hurricane_irma__910247213900730368__910247213900730368_0,direct_joint,,,,,,,,,
,main,hurricane_irma__910247213900730368__910247213900730368_0,misleading_image,,,,,,,,,
,main,hurricane_irma__910247213900730368__910247213900730368_0,misleading_text,,,,,,,,,
,main,hurricane_irma__910247213900730368__910247213900730368_0,misleading_joint,,,,,,,,,
,main,hurricane_irma__910255214946422784__910255214946422784_0,clean,,,,,,,,,
,main,hurricane_irma__910255214946422784__910255214946422784_0,benign_image,,,,,,,,,
,main,hurricane_irma__910255214946422784__910255214946422784_0,benign_text,,,,,,,,,
,main,hurricane_irma__910255214946422784__910255214946422784_0,benign_joint,,,,,,,,,
,main,hurricane_irma__910255214946422784__910255214946422784_0,direct_image,,,,,,,,,
,main,hurricane_irma__910255214946422784__910255214946422784_0,direct_text,,,,,,,,,
,main,hurricane_irma__910255214946422784__910255214946422784_0,direct_joint,,,,,,,,,
,main,hurricane_irma__910255214946422784__910255214946422784_0,misleading_image,,,,,,,,,
,main,hurricane_irma__910255214946422784__910255214946422784_0,misleading_text,,,,,,,,,
,main,hurricane_irma__910255214946422784__910255214946422784_0,misleading_joint,,,,,,,,,
,main,hurricane_irma__910260755131285504__910260755131285504_0,clean,,,,,,,,,
,main,hurricane_irma__910260755131285504__910260755131285504_0,benign_image,,,,,,,,,
,main,hurricane_irma__910260755131285504__910260755131285504_0,benign_text,,,,,,,,,
,main,hurricane_irma__910260755131285504__910260755131285504_0,benign_joint,,,,,,,,,
,main,hurricane_irma__910260755131285504__910260755131285504_0,direct_image,,,,,,,,,
,main,hurricane_irma__910260755131285504__910260755131285504_0,direct_text,,,,,,,,,
,main,hurricane_irma__910260755131285504__910260755131285504_0,direct_joint,,,,,,,,,
,main,hurricane_irma__910260755131285504__910260755131285504_0,misleading_image,,,,,,,,,
,main,hurricane_irma__910260755131285504__910260755131285504_0,misleading_text,,,,,,,,,
,main,hurricane_irma__910260755131285504__910260755131285504_0,misleading_joint,,,,,,,,,
,main,hurricane_irma__910266304476667906__910266304476667906_0,clean,,,,,,,,,
,main,hurricane_irma__910266304476667906__910266304476667906_0,benign_image,,,,,,,,,
,main,hurricane_irma__910266304476667906__910266304476667906_0,benign_text,,,,,,,,,
,main,hurricane_irma__910266304476667906__910266304476667906_0,benign_joint,,,,,,,,,
,main,hurricane_irma__910266304476667906__910266304476667906_0,direct_image,,,,,,,,,
,main,hurricane_irma__910266304476667906__910266304476667906_0,direct_text,,,,,,,,,
,main,hurricane_irma__910266304476667906__910266304476667906_0,direct_joint,,,,,,,,,
,main,hurricane_irma__910266304476667906__910266304476667906_0,misleading_image,,,,,,,,,
,main,hurricane_irma__910266304476667906__910266304476667906_0,misleading_text,,,,,,,,,
,main,hurricane_irma__910266304476667906__910266304476667906_0,misleading_joint,,,,,,,,,
,main,hurricane_irma__910270036861886465__910270036861886465_0,clean,,,,,,,,,
,main,hurricane_irma__910270036861886465__910270036861886465_0,benign_image,,,,,,,,,
,main,hurricane_irma__910270036861886465__910270036861886465_0,benign_text,,,,,,,,,
,main,hurricane_irma__910270036861886465__910270036861886465_0,benign_joint,,,,,,,,,
,main,hurricane_irma__910270036861886465__910270036861886465_0,direct_image,,,,,,,,,
,main,hurricane_irma__910270036861886465__910270036861886465_0,direct_text,,,,,,,,,
,main,hurricane_irma__910270036861886465__910270036861886465_0,direct_joint,,,,,,,,,
,main,hurricane_irma__910270036861886465__910270036861886465_0,misleading_image,,,,,,,,,
,main,hurricane_irma__910270036861886465__910270036861886465_0,misleading_text,,,,,,,,,
,main,hurricane_irma__910270036861886465__910270036861886465_0,misleading_joint,,,,,,,,,
,main,hurricane_maria__910538720117391360__910538720117391360_1,clean,,,,,,,,,
,main,hurricane_maria__910538720117391360__910538720117391360_1,benign_image,,,,,,,,,
,main,hurricane_maria__910538720117391360__910538720117391360_1,benign_text,,,,,,,,,
,main,hurricane_maria__910538720117391360__910538720117391360_1,benign_joint,,,,,,,,,
,main,hurricane_maria__910538720117391360__910538720117391360_1,direct_image,,,,,,,,,
,main,hurricane_maria__910538720117391360__910538720117391360_1,direct_text,,,,,,,,,
,main,hurricane_maria__910538720117391360__910538720117391360_1,direct_joint,,,,,,,,,
,main,hurricane_maria__910538720117391360__910538720117391360_1,misleading_image,,,,,,,,,
,main,hurricane_maria__910538720117391360__910538720117391360_1,misleading_text,,,,,,,,,
,main,hurricane_maria__910538720117391360__910538720117391360_1,misleading_joint,,,,,,,,,
,main,hurricane_maria__910542863150202886__910542863150202886_0,clean,,,,,,,,,
,main,hurricane_maria__910542863150202886__910542863150202886_0,benign_image,,,,,,,,,
,main,hurricane_maria__910542863150202886__910542863150202886_0,benign_text,,,,,,,,,
,main,hurricane_maria__910542863150202886__910542863150202886_0,benign_joint,,,,,,,,,
,main,hurricane_maria__910542863150202886__910542863150202886_0,direct_image,,,,,,,,,
,main,hurricane_maria__910542863150202886__910542863150202886_0,direct_text,,,,,,,,,
,main,hurricane_maria__910542863150202886__910542863150202886_0,direct_joint,,,,,,,,,
,main,hurricane_maria__910542863150202886__910542863150202886_0,misleading_image,,,,,,,,,
,main,hurricane_maria__910542863150202886__910542863150202886_0,misleading_text,,,,,,,,,
,main,hurricane_maria__910542863150202886__910542863150202886_0,misleading_joint,,,,,,,,,
,main,hurricane_maria__910543811184660481__910543811184660481_0,clean,,,,,,,,,
,main,hurricane_maria__910543811184660481__910543811184660481_0,benign_image,,,,,,,,,
,main,hurricane_maria__910543811184660481__910543811184660481_0,benign_text,,,,,,,,,
,main,hurricane_maria__910543811184660481__910543811184660481_0,benign_joint,,,,,,,,,
,main,hurricane_maria__910543811184660481__910543811184660481_0,direct_image,,,,,,,,,
,main,hurricane_maria__910543811184660481__910543811184660481_0,direct_text,,,,,,,,,
,main,hurricane_maria__910543811184660481__910543811184660481_0,direct_joint,,,,,,,,,
,main,hurricane_maria__910543811184660481__910543811184660481_0,misleading_image,,,,,,,,,
,main,hurricane_maria__910543811184660481__910543811184660481_0,misleading_text,,,,,,,,,
,main,hurricane_maria__910543811184660481__910543811184660481_0,misleading_joint,,,,,,,,,
,main,hurricane_maria__910545522133528576__910545522133528576_0,clean,,,,,,,,,
,main,hurricane_maria__910545522133528576__910545522133528576_0,benign_image,,,,,,,,,
,main,hurricane_maria__910545522133528576__910545522133528576_0,benign_text,,,,,,,,,
,main,hurricane_maria__910545522133528576__910545522133528576_0,benign_joint,,,,,,,,,
,main,hurricane_maria__910545522133528576__910545522133528576_0,direct_image,,,,,,,,,
,main,hurricane_maria__910545522133528576__910545522133528576_0,direct_text,,,,,,,,,
,main,hurricane_maria__910545522133528576__910545522133528576_0,direct_joint,,,,,,,,,
,main,hurricane_maria__910545522133528576__910545522133528576_0,misleading_image,,,,,,,,,
,main,hurricane_maria__910545522133528576__910545522133528576_0,misleading_text,,,,,,,,,
,main,hurricane_maria__910545522133528576__910545522133528576_0,misleading_joint,,,,,,,,,
,main,hurricane_maria__910549146360311808__910549146360311808_0,clean,,,,,,,,,
,main,hurricane_maria__910549146360311808__910549146360311808_0,benign_image,,,,,,,,,
,main,hurricane_maria__910549146360311808__910549146360311808_0,benign_text,,,,,,,,,
,main,hurricane_maria__910549146360311808__910549146360311808_0,benign_joint,,,,,,,,,
,main,hurricane_maria__910549146360311808__910549146360311808_0,direct_image,,,,,,,,,
,main,hurricane_maria__910549146360311808__910549146360311808_0,direct_text,,,,,,,,,
,main,hurricane_maria__910549146360311808__910549146360311808_0,direct_joint,,,,,,,,,
,main,hurricane_maria__910549146360311808__910549146360311808_0,misleading_image,,,,,,,,,
,main,hurricane_maria__910549146360311808__910549146360311808_0,misleading_text,,,,,,,,,
,main,hurricane_maria__910549146360311808__910549146360311808_0,misleading_joint,,,,,,,,,
,main,hurricane_maria__910566731273433091__910566731273433091_0,clean,,,,,,,,,
,main,hurricane_maria__910566731273433091__910566731273433091_0,benign_image,,,,,,,,,
,main,hurricane_maria__910566731273433091__910566731273433091_0,benign_text,,,,,,,,,
,main,hurricane_maria__910566731273433091__910566731273433091_0,benign_joint,,,,,,,,,
,main,hurricane_maria__910566731273433091__910566731273433091_0,direct_image,,,,,,,,,
,main,hurricane_maria__910566731273433091__910566731273433091_0,direct_text,,,,,,,,,
,main,hurricane_maria__910566731273433091__910566731273433091_0,direct_joint,,,,,,,,,
,main,hurricane_maria__910566731273433091__910566731273433091_0,misleading_image,,,,,,,,,
,main,hurricane_maria__910566731273433091__910566731273433091_0,misleading_text,,,,,,,,,
,main,hurricane_maria__910566731273433091__910566731273433091_0,misleading_joint,,,,,,,,,
,main,hurricane_maria__910571114803363840__910571114803363840_2,clean,,,,,,,,,
,main,hurricane_maria__910571114803363840__910571114803363840_2,benign_image,,,,,,,,,
,main,hurricane_maria__910571114803363840__910571114803363840_2,benign_text,,,,,,,,,
,main,hurricane_maria__910571114803363840__910571114803363840_2,benign_joint,,,,,,,,,
,main,hurricane_maria__910571114803363840__910571114803363840_2,direct_image,,,,,,,,,
,main,hurricane_maria__910571114803363840__910571114803363840_2,direct_text,,,,,,,,,
,main,hurricane_maria__910571114803363840__910571114803363840_2,direct_joint,,,,,,,,,
,main,hurricane_maria__910571114803363840__910571114803363840_2,misleading_image,,,,,,,,,
,main,hurricane_maria__910571114803363840__910571114803363840_2,misleading_text,,,,,,,,,
,main,hurricane_maria__910571114803363840__910571114803363840_2,misleading_joint,,,,,,,,,
,main,hurricane_maria__910586721246486528__910586721246486528_0,clean,,,,,,,,,
,main,hurricane_maria__910586721246486528__910586721246486528_0,benign_image,,,,,,,,,
,main,hurricane_maria__910586721246486528__910586721246486528_0,benign_text,,,,,,,,,
,main,hurricane_maria__910586721246486528__910586721246486528_0,benign_joint,,,,,,,,,
,main,hurricane_maria__910586721246486528__910586721246486528_0,direct_image,,,,,,,,,
,main,hurricane_maria__910586721246486528__910586721246486528_0,direct_text,,,,,,,,,
,main,hurricane_maria__910586721246486528__910586721246486528_0,direct_joint,,,,,,,,,
,main,hurricane_maria__910586721246486528__910586721246486528_0,misleading_image,,,,,,,,,
,main,hurricane_maria__910586721246486528__910586721246486528_0,misleading_text,,,,,,,,,
,main,hurricane_maria__910586721246486528__910586721246486528_0,misleading_joint,,,,,,,,,
,main,hurricane_maria__910618892904546304__910618892904546304_0,clean,,,,,,,,,
,main,hurricane_maria__910618892904546304__910618892904546304_0,benign_image,,,,,,,,,
,main,hurricane_maria__910618892904546304__910618892904546304_0,benign_text,,,,,,,,,
,main,hurricane_maria__910618892904546304__910618892904546304_0,benign_joint,,,,,,,,,
,main,hurricane_maria__910618892904546304__910618892904546304_0,direct_image,,,,,,,,,
,main,hurricane_maria__910618892904546304__910618892904546304_0,direct_text,,,,,,,,,
,main,hurricane_maria__910618892904546304__910618892904546304_0,direct_joint,,,,,,,,,
,main,hurricane_maria__910618892904546304__910618892904546304_0,misleading_image,,,,,,,,,
,main,hurricane_maria__910618892904546304__910618892904546304_0,misleading_text,,,,,,,,,
,main,hurricane_maria__910618892904546304__910618892904546304_0,misleading_joint,,,,,,,,,
,main,hurricane_maria__910619516979306496__910619516979306496_0,clean,,,,,,,,,
,main,hurricane_maria__910619516979306496__910619516979306496_0,benign_image,,,,,,,,,
,main,hurricane_maria__910619516979306496__910619516979306496_0,benign_text,,,,,,,,,
,main,hurricane_maria__910619516979306496__910619516979306496_0,benign_joint,,,,,,,,,
,main,hurricane_maria__910619516979306496__910619516979306496_0,direct_image,,,,,,,,,
,main,hurricane_maria__910619516979306496__910619516979306496_0,direct_text,,,,,,,,,
,main,hurricane_maria__910619516979306496__910619516979306496_0,direct_joint,,,,,,,,,
,main,hurricane_maria__910619516979306496__910619516979306496_0,misleading_image,,,,,,,,,
,main,hurricane_maria__910619516979306496__910619516979306496_0,misleading_text,,,,,,,,,
,main,hurricane_maria__910619516979306496__910619516979306496_0,misleading_joint,,,,,,,,,
,main,hurricane_maria__910625419161780224__910625419161780224_0,clean,,,,,,,,,
,main,hurricane_maria__910625419161780224__910625419161780224_0,benign_image,,,,,,,,,
,main,hurricane_maria__910625419161780224__910625419161780224_0,benign_text,,,,,,,,,
,main,hurricane_maria__910625419161780224__910625419161780224_0,benign_joint,,,,,,,,,
,main,hurricane_maria__910625419161780224__910625419161780224_0,direct_image,,,,,,,,,
,main,hurricane_maria__910625419161780224__910625419161780224_0,direct_text,,,,,,,,,
,main,hurricane_maria__910625419161780224__910625419161780224_0,direct_joint,,,,,,,,,
,main,hurricane_maria__910625419161780224__910625419161780224_0,misleading_image,,,,,,,,,
,main,hurricane_maria__910625419161780224__910625419161780224_0,misleading_text,,,,,,,,,
,main,hurricane_maria__910625419161780224__910625419161780224_0,misleading_joint,,,,,,,,,
,main,hurricane_maria__910627521732972544__910627521732972544_0,clean,,,,,,,,,
,main,hurricane_maria__910627521732972544__910627521732972544_0,benign_image,,,,,,,,,
,main,hurricane_maria__910627521732972544__910627521732972544_0,benign_text,,,,,,,,,
,main,hurricane_maria__910627521732972544__910627521732972544_0,benign_joint,,,,,,,,,
,main,hurricane_maria__910627521732972544__910627521732972544_0,direct_image,,,,,,,,,
,main,hurricane_maria__910627521732972544__910627521732972544_0,direct_text,,,,,,,,,
,main,hurricane_maria__910627521732972544__910627521732972544_0,direct_joint,,,,,,,,,
,main,hurricane_maria__910627521732972544__910627521732972544_0,misleading_image,,,,,,,,,
,main,hurricane_maria__910627521732972544__910627521732972544_0,misleading_text,,,,,,,,,
,main,hurricane_maria__910627521732972544__910627521732972544_0,misleading_joint,,,,,,,,,
,main,hurricane_maria__910628198307819522__910628198307819522_0,clean,,,,,,,,,
,main,hurricane_maria__910628198307819522__910628198307819522_0,benign_image,,,,,,,,,
,main,hurricane_maria__910628198307819522__910628198307819522_0,benign_text,,,,,,,,,
,main,hurricane_maria__910628198307819522__910628198307819522_0,benign_joint,,,,,,,,,
,main,hurricane_maria__910628198307819522__910628198307819522_0,direct_image,,,,,,,,,
,main,hurricane_maria__910628198307819522__910628198307819522_0,direct_text,,,,,,,,,
,main,hurricane_maria__910628198307819522__910628198307819522_0,direct_joint,,,,,,,,,
,main,hurricane_maria__910628198307819522__910628198307819522_0,misleading_image,,,,,,,,,
,main,hurricane_maria__910628198307819522__910628198307819522_0,misleading_text,,,,,,,,,
,main,hurricane_maria__910628198307819522__910628198307819522_0,misleading_joint,,,,,,,,,
,main,hurricane_maria__910639249283829760__910639249283829760_0,clean,,,,,,,,,
,main,hurricane_maria__910639249283829760__910639249283829760_0,benign_image,,,,,,,,,
,main,hurricane_maria__910639249283829760__910639249283829760_0,benign_text,,,,,,,,,
,main,hurricane_maria__910639249283829760__910639249283829760_0,benign_joint,,,,,,,,,
,main,hurricane_maria__910639249283829760__910639249283829760_0,direct_image,,,,,,,,,
,main,hurricane_maria__910639249283829760__910639249283829760_0,direct_text,,,,,,,,,
,main,hurricane_maria__910639249283829760__910639249283829760_0,direct_joint,,,,,,,,,
,main,hurricane_maria__910639249283829760__910639249283829760_0,misleading_image,,,,,,,,,
,main,hurricane_maria__910639249283829760__910639249283829760_0,misleading_text,,,,,,,,,
,main,hurricane_maria__910639249283829760__910639249283829760_0,misleading_joint,,,,,,,,,
,main,hurricane_maria__910644212517019648__910644212517019648_0,clean,,,,,,,,,
,main,hurricane_maria__910644212517019648__910644212517019648_0,benign_image,,,,,,,,,
,main,hurricane_maria__910644212517019648__910644212517019648_0,benign_text,,,,,,,,,
,main,hurricane_maria__910644212517019648__910644212517019648_0,benign_joint,,,,,,,,,
,main,hurricane_maria__910644212517019648__910644212517019648_0,direct_image,,,,,,,,,
,main,hurricane_maria__910644212517019648__910644212517019648_0,direct_text,,,,,,,,,
,main,hurricane_maria__910644212517019648__910644212517019648_0,direct_joint,,,,,,,,,
,main,hurricane_maria__910644212517019648__910644212517019648_0,misleading_image,,,,,,,,,
,main,hurricane_maria__910644212517019648__910644212517019648_0,misleading_text,,,,,,,,,
,main,hurricane_maria__910644212517019648__910644212517019648_0,misleading_joint,,,,,,,,,
,main,hurricane_maria__910647323260342272__910647323260342272_0,clean,,,,,,,,,
,main,hurricane_maria__910647323260342272__910647323260342272_0,benign_image,,,,,,,,,
,main,hurricane_maria__910647323260342272__910647323260342272_0,benign_text,,,,,,,,,
,main,hurricane_maria__910647323260342272__910647323260342272_0,benign_joint,,,,,,,,,
,main,hurricane_maria__910647323260342272__910647323260342272_0,direct_image,,,,,,,,,
,main,hurricane_maria__910647323260342272__910647323260342272_0,direct_text,,,,,,,,,
,main,hurricane_maria__910647323260342272__910647323260342272_0,direct_joint,,,,,,,,,
,main,hurricane_maria__910647323260342272__910647323260342272_0,misleading_image,,,,,,,,,
,main,hurricane_maria__910647323260342272__910647323260342272_0,misleading_text,,,,,,,,,
,main,hurricane_maria__910647323260342272__910647323260342272_0,misleading_joint,,,,,,,,,
,main,hurricane_maria__910657158290853888__910657158290853888_0,clean,,,,,,,,,
,main,hurricane_maria__910657158290853888__910657158290853888_0,benign_image,,,,,,,,,
,main,hurricane_maria__910657158290853888__910657158290853888_0,benign_text,,,,,,,,,
,main,hurricane_maria__910657158290853888__910657158290853888_0,benign_joint,,,,,,,,,
,main,hurricane_maria__910657158290853888__910657158290853888_0,direct_image,,,,,,,,,
,main,hurricane_maria__910657158290853888__910657158290853888_0,direct_text,,,,,,,,,
,main,hurricane_maria__910657158290853888__910657158290853888_0,direct_joint,,,,,,,,,
,main,hurricane_maria__910657158290853888__910657158290853888_0,misleading_image,,,,,,,,,
,main,hurricane_maria__910657158290853888__910657158290853888_0,misleading_text,,,,,,,,,
,main,hurricane_maria__910657158290853888__910657158290853888_0,misleading_joint,,,,,,,,,
,main,hurricane_maria__910699932704796672__910699932704796672_0,clean,,,,,,,,,
,main,hurricane_maria__910699932704796672__910699932704796672_0,benign_image,,,,,,,,,
,main,hurricane_maria__910699932704796672__910699932704796672_0,benign_text,,,,,,,,,
,main,hurricane_maria__910699932704796672__910699932704796672_0,benign_joint,,,,,,,,,
,main,hurricane_maria__910699932704796672__910699932704796672_0,direct_image,,,,,,,,,
,main,hurricane_maria__910699932704796672__910699932704796672_0,direct_text,,,,,,,,,
,main,hurricane_maria__910699932704796672__910699932704796672_0,direct_joint,,,,,,,,,
,main,hurricane_maria__910699932704796672__910699932704796672_0,misleading_image,,,,,,,,,
,main,hurricane_maria__910699932704796672__910699932704796672_0,misleading_text,,,,,,,,,
,main,hurricane_maria__910699932704796672__910699932704796672_0,misleading_joint,,,,,,,,,
,main,hurricane_maria__910704791550136320__910704791550136320_1,clean,,,,,,,,,
,main,hurricane_maria__910704791550136320__910704791550136320_1,benign_image,,,,,,,,,
,main,hurricane_maria__910704791550136320__910704791550136320_1,benign_text,,,,,,,,,
,main,hurricane_maria__910704791550136320__910704791550136320_1,benign_joint,,,,,,,,,
,main,hurricane_maria__910704791550136320__910704791550136320_1,direct_image,,,,,,,,,
,main,hurricane_maria__910704791550136320__910704791550136320_1,direct_text,,,,,,,,,
,main,hurricane_maria__910704791550136320__910704791550136320_1,direct_joint,,,,,,,,,
,main,hurricane_maria__910704791550136320__910704791550136320_1,misleading_image,,,,,,,,,
,main,hurricane_maria__910704791550136320__910704791550136320_1,misleading_text,,,,,,,,,
,main,hurricane_maria__910704791550136320__910704791550136320_1,misleading_joint,,,,,,,,,
,main,hurricane_maria__910739972440944640__910739972440944640_0,clean,,,,,,,,,
,main,hurricane_maria__910739972440944640__910739972440944640_0,benign_image,,,,,,,,,
,main,hurricane_maria__910739972440944640__910739972440944640_0,benign_text,,,,,,,,,
,main,hurricane_maria__910739972440944640__910739972440944640_0,benign_joint,,,,,,,,,
,main,hurricane_maria__910739972440944640__910739972440944640_0,direct_image,,,,,,,,,
,main,hurricane_maria__910739972440944640__910739972440944640_0,direct_text,,,,,,,,,
,main,hurricane_maria__910739972440944640__910739972440944640_0,direct_joint,,,,,,,,,
,main,hurricane_maria__910739972440944640__910739972440944640_0,misleading_image,,,,,,,,,
,main,hurricane_maria__910739972440944640__910739972440944640_0,misleading_text,,,,,,,,,
,main,hurricane_maria__910739972440944640__910739972440944640_0,misleading_joint,,,,,,,,,
,main,hurricane_maria__910763300186505216__910763300186505216_0,clean,,,,,,,,,
,main,hurricane_maria__910763300186505216__910763300186505216_0,benign_image,,,,,,,,,
,main,hurricane_maria__910763300186505216__910763300186505216_0,benign_text,,,,,,,,,
,main,hurricane_maria__910763300186505216__910763300186505216_0,benign_joint,,,,,,,,,
,main,hurricane_maria__910763300186505216__910763300186505216_0,direct_image,,,,,,,,,
,main,hurricane_maria__910763300186505216__910763300186505216_0,direct_text,,,,,,,,,
,main,hurricane_maria__910763300186505216__910763300186505216_0,direct_joint,,,,,,,,,
,main,hurricane_maria__910763300186505216__910763300186505216_0,misleading_image,,,,,,,,,
,main,hurricane_maria__910763300186505216__910763300186505216_0,misleading_text,,,,,,,,,
,main,hurricane_maria__910763300186505216__910763300186505216_0,misleading_joint,,,,,,,,,
,main,hurricane_maria__910779239615598592__910779239615598592_0,clean,,,,,,,,,
,main,hurricane_maria__910779239615598592__910779239615598592_0,benign_image,,,,,,,,,
,main,hurricane_maria__910779239615598592__910779239615598592_0,benign_text,,,,,,,,,
,main,hurricane_maria__910779239615598592__910779239615598592_0,benign_joint,,,,,,,,,
,main,hurricane_maria__910779239615598592__910779239615598592_0,direct_image,,,,,,,,,
,main,hurricane_maria__910779239615598592__910779239615598592_0,direct_text,,,,,,,,,
,main,hurricane_maria__910779239615598592__910779239615598592_0,direct_joint,,,,,,,,,
,main,hurricane_maria__910779239615598592__910779239615598592_0,misleading_image,,,,,,,,,
,main,hurricane_maria__910779239615598592__910779239615598592_0,misleading_text,,,,,,,,,
,main,hurricane_maria__910779239615598592__910779239615598592_0,misleading_joint,,,,,,,,,
,main,hurricane_maria__910785863197626368__910785863197626368_0,clean,,,,,,,,,
,main,hurricane_maria__910785863197626368__910785863197626368_0,benign_image,,,,,,,,,
,main,hurricane_maria__910785863197626368__910785863197626368_0,benign_text,,,,,,,,,
,main,hurricane_maria__910785863197626368__910785863197626368_0,benign_joint,,,,,,,,,
,main,hurricane_maria__910785863197626368__910785863197626368_0,direct_image,,,,,,,,,
,main,hurricane_maria__910785863197626368__910785863197626368_0,direct_text,,,,,,,,,
,main,hurricane_maria__910785863197626368__910785863197626368_0,direct_joint,,,,,,,,,
,main,hurricane_maria__910785863197626368__910785863197626368_0,misleading_image,,,,,,,,,
,main,hurricane_maria__910785863197626368__910785863197626368_0,misleading_text,,,,,,,,,
,main,hurricane_maria__910785863197626368__910785863197626368_0,misleading_joint,,,,,,,,,
,main,hurricane_maria__910807137202393089__910807137202393089_0,clean,,,,,,,,,
,main,hurricane_maria__910807137202393089__910807137202393089_0,benign_image,,,,,,,,,
,main,hurricane_maria__910807137202393089__910807137202393089_0,benign_text,,,,,,,,,
,main,hurricane_maria__910807137202393089__910807137202393089_0,benign_joint,,,,,,,,,
,main,hurricane_maria__910807137202393089__910807137202393089_0,direct_image,,,,,,,,,
,main,hurricane_maria__910807137202393089__910807137202393089_0,direct_text,,,,,,,,,
,main,hurricane_maria__910807137202393089__910807137202393089_0,direct_joint,,,,,,,,,
,main,hurricane_maria__910807137202393089__910807137202393089_0,misleading_image,,,,,,,,,
,main,hurricane_maria__910807137202393089__910807137202393089_0,misleading_text,,,,,,,,,
,main,hurricane_maria__910807137202393089__910807137202393089_0,misleading_joint,,,,,,,,,
,main,hurricane_maria__911502698310246400__911502698310246400_2,clean,,,,,,,,,
,main,hurricane_maria__911502698310246400__911502698310246400_2,benign_image,,,,,,,,,
,main,hurricane_maria__911502698310246400__911502698310246400_2,benign_text,,,,,,,,,
,main,hurricane_maria__911502698310246400__911502698310246400_2,benign_joint,,,,,,,,,
,main,hurricane_maria__911502698310246400__911502698310246400_2,direct_image,,,,,,,,,
,main,hurricane_maria__911502698310246400__911502698310246400_2,direct_text,,,,,,,,,
,main,hurricane_maria__911502698310246400__911502698310246400_2,direct_joint,,,,,,,,,
,main,hurricane_maria__911502698310246400__911502698310246400_2,misleading_image,,,,,,,,,
,main,hurricane_maria__911502698310246400__911502698310246400_2,misleading_text,,,,,,,,,
,main,hurricane_maria__911502698310246400__911502698310246400_2,misleading_joint,,,,,,,,,
,main,hurricane_maria__911558845834629120__911558845834629120_0,clean,,,,,,,,,
,main,hurricane_maria__911558845834629120__911558845834629120_0,benign_image,,,,,,,,,
,main,hurricane_maria__911558845834629120__911558845834629120_0,benign_text,,,,,,,,,
,main,hurricane_maria__911558845834629120__911558845834629120_0,benign_joint,,,,,,,,,
,main,hurricane_maria__911558845834629120__911558845834629120_0,direct_image,,,,,,,,,
,main,hurricane_maria__911558845834629120__911558845834629120_0,direct_text,,,,,,,,,
,main,hurricane_maria__911558845834629120__911558845834629120_0,direct_joint,,,,,,,,,
,main,hurricane_maria__911558845834629120__911558845834629120_0,misleading_image,,,,,,,,,
,main,hurricane_maria__911558845834629120__911558845834629120_0,misleading_text,,,,,,,,,
,main,hurricane_maria__911558845834629120__911558845834629120_0,misleading_joint,,,,,,,,,
,main,hurricane_maria__911584878172540929__911584878172540929_0,clean,,,,,,,,,
,main,hurricane_maria__911584878172540929__911584878172540929_0,benign_image,,,,,,,,,
,main,hurricane_maria__911584878172540929__911584878172540929_0,benign_text,,,,,,,,,
,main,hurricane_maria__911584878172540929__911584878172540929_0,benign_joint,,,,,,,,,
,main,hurricane_maria__911584878172540929__911584878172540929_0,direct_image,,,,,,,,,
,main,hurricane_maria__911584878172540929__911584878172540929_0,direct_text,,,,,,,,,
,main,hurricane_maria__911584878172540929__911584878172540929_0,direct_joint,,,,,,,,,
,main,hurricane_maria__911584878172540929__911584878172540929_0,misleading_image,,,,,,,,,
,main,hurricane_maria__911584878172540929__911584878172540929_0,misleading_text,,,,,,,,,
,main,hurricane_maria__911584878172540929__911584878172540929_0,misleading_joint,,,,,,,,,
,main,hurricane_maria__911584945470099456__911584945470099456_0,clean,,,,,,,,,
,main,hurricane_maria__911584945470099456__911584945470099456_0,benign_image,,,,,,,,,
,main,hurricane_maria__911584945470099456__911584945470099456_0,benign_text,,,,,,,,,
,main,hurricane_maria__911584945470099456__911584945470099456_0,benign_joint,,,,,,,,,
,main,hurricane_maria__911584945470099456__911584945470099456_0,direct_image,,,,,,,,,
,main,hurricane_maria__911584945470099456__911584945470099456_0,direct_text,,,,,,,,,
,main,hurricane_maria__911584945470099456__911584945470099456_0,direct_joint,,,,,,,,,
,main,hurricane_maria__911584945470099456__911584945470099456_0,misleading_image,,,,,,,,,
,main,hurricane_maria__911584945470099456__911584945470099456_0,misleading_text,,,,,,,,,
,main,hurricane_maria__911584945470099456__911584945470099456_0,misleading_joint,,,,,,,,,
,main,hurricane_maria__911588822768586753__911588822768586753_0,clean,,,,,,,,,
,main,hurricane_maria__911588822768586753__911588822768586753_0,benign_image,,,,,,,,,
,main,hurricane_maria__911588822768586753__911588822768586753_0,benign_text,,,,,,,,,
,main,hurricane_maria__911588822768586753__911588822768586753_0,benign_joint,,,,,,,,,
,main,hurricane_maria__911588822768586753__911588822768586753_0,direct_image,,,,,,,,,
,main,hurricane_maria__911588822768586753__911588822768586753_0,direct_text,,,,,,,,,
,main,hurricane_maria__911588822768586753__911588822768586753_0,direct_joint,,,,,,,,,
,main,hurricane_maria__911588822768586753__911588822768586753_0,misleading_image,,,,,,,,,
,main,hurricane_maria__911588822768586753__911588822768586753_0,misleading_text,,,,,,,,,
,main,hurricane_maria__911588822768586753__911588822768586753_0,misleading_joint,,,,,,,,,
,main,hurricane_maria__911623411117334528__911623411117334528_0,clean,,,,,,,,,
,main,hurricane_maria__911623411117334528__911623411117334528_0,benign_image,,,,,,,,,
,main,hurricane_maria__911623411117334528__911623411117334528_0,benign_text,,,,,,,,,
,main,hurricane_maria__911623411117334528__911623411117334528_0,benign_joint,,,,,,,,,
,main,hurricane_maria__911623411117334528__911623411117334528_0,direct_image,,,,,,,,,
,main,hurricane_maria__911623411117334528__911623411117334528_0,direct_text,,,,,,,,,
,main,hurricane_maria__911623411117334528__911623411117334528_0,direct_joint,,,,,,,,,
,main,hurricane_maria__911623411117334528__911623411117334528_0,misleading_image,,,,,,,,,
,main,hurricane_maria__911623411117334528__911623411117334528_0,misleading_text,,,,,,,,,
,main,hurricane_maria__911623411117334528__911623411117334528_0,misleading_joint,,,,,,,,,
,main,hurricane_maria__911655568779235329__911655568779235329_0,clean,,,,,,,,,
,main,hurricane_maria__911655568779235329__911655568779235329_0,benign_image,,,,,,,,,
,main,hurricane_maria__911655568779235329__911655568779235329_0,benign_text,,,,,,,,,
,main,hurricane_maria__911655568779235329__911655568779235329_0,benign_joint,,,,,,,,,
,main,hurricane_maria__911655568779235329__911655568779235329_0,direct_image,,,,,,,,,
,main,hurricane_maria__911655568779235329__911655568779235329_0,direct_text,,,,,,,,,
,main,hurricane_maria__911655568779235329__911655568779235329_0,direct_joint,,,,,,,,,
,main,hurricane_maria__911655568779235329__911655568779235329_0,misleading_image,,,,,,,,,
,main,hurricane_maria__911655568779235329__911655568779235329_0,misleading_text,,,,,,,,,
,main,hurricane_maria__911655568779235329__911655568779235329_0,misleading_joint,,,,,,,,,
,main,hurricane_maria__911711789246693377__911711789246693377_0,clean,,,,,,,,,
,main,hurricane_maria__911711789246693377__911711789246693377_0,benign_image,,,,,,,,,
,main,hurricane_maria__911711789246693377__911711789246693377_0,benign_text,,,,,,,,,
,main,hurricane_maria__911711789246693377__911711789246693377_0,benign_joint,,,,,,,,,
,main,hurricane_maria__911711789246693377__911711789246693377_0,direct_image,,,,,,,,,
,main,hurricane_maria__911711789246693377__911711789246693377_0,direct_text,,,,,,,,,
,main,hurricane_maria__911711789246693377__911711789246693377_0,direct_joint,,,,,,,,,
,main,hurricane_maria__911711789246693377__911711789246693377_0,misleading_image,,,,,,,,,
,main,hurricane_maria__911711789246693377__911711789246693377_0,misleading_text,,,,,,,,,
,main,hurricane_maria__911711789246693377__911711789246693377_0,misleading_joint,,,,,,,,,
,main,hurricane_maria__911718588360175616__911718588360175616_0,clean,,,,,,,,,
,main,hurricane_maria__911718588360175616__911718588360175616_0,benign_image,,,,,,,,,
,main,hurricane_maria__911718588360175616__911718588360175616_0,benign_text,,,,,,,,,
,main,hurricane_maria__911718588360175616__911718588360175616_0,benign_joint,,,,,,,,,
,main,hurricane_maria__911718588360175616__911718588360175616_0,direct_image,,,,,,,,,
,main,hurricane_maria__911718588360175616__911718588360175616_0,direct_text,,,,,,,,,
,main,hurricane_maria__911718588360175616__911718588360175616_0,direct_joint,,,,,,,,,
,main,hurricane_maria__911718588360175616__911718588360175616_0,misleading_image,,,,,,,,,
,main,hurricane_maria__911718588360175616__911718588360175616_0,misleading_text,,,,,,,,,
,main,hurricane_maria__911718588360175616__911718588360175616_0,misleading_joint,,,,,,,,,
,main,hurricane_maria__911746042634182656__911746042634182656_0,clean,,,,,,,,,
,main,hurricane_maria__911746042634182656__911746042634182656_0,benign_image,,,,,,,,,
,main,hurricane_maria__911746042634182656__911746042634182656_0,benign_text,,,,,,,,,
,main,hurricane_maria__911746042634182656__911746042634182656_0,benign_joint,,,,,,,,,
,main,hurricane_maria__911746042634182656__911746042634182656_0,direct_image,,,,,,,,,
,main,hurricane_maria__911746042634182656__911746042634182656_0,direct_text,,,,,,,,,
,main,hurricane_maria__911746042634182656__911746042634182656_0,direct_joint,,,,,,,,,
,main,hurricane_maria__911746042634182656__911746042634182656_0,misleading_image,,,,,,,,,
,main,hurricane_maria__911746042634182656__911746042634182656_0,misleading_text,,,,,,,,,
,main,hurricane_maria__911746042634182656__911746042634182656_0,misleading_joint,,,,,,,,,
,main,hurricane_maria__911784420734115840__911784420734115840_0,clean,,,,,,,,,
,main,hurricane_maria__911784420734115840__911784420734115840_0,benign_image,,,,,,,,,
,main,hurricane_maria__911784420734115840__911784420734115840_0,benign_text,,,,,,,,,
,main,hurricane_maria__911784420734115840__911784420734115840_0,benign_joint,,,,,,,,,
,main,hurricane_maria__911784420734115840__911784420734115840_0,direct_image,,,,,,,,,
,main,hurricane_maria__911784420734115840__911784420734115840_0,direct_text,,,,,,,,,
,main,hurricane_maria__911784420734115840__911784420734115840_0,direct_joint,,,,,,,,,
,main,hurricane_maria__911784420734115840__911784420734115840_0,misleading_image,,,,,,,,,
,main,hurricane_maria__911784420734115840__911784420734115840_0,misleading_text,,,,,,,,,
,main,hurricane_maria__911784420734115840__911784420734115840_0,misleading_joint,,,,,,,,,
,main,hurricane_maria__911789292116217856__911789292116217856_0,clean,,,,,,,,,
,main,hurricane_maria__911789292116217856__911789292116217856_0,benign_image,,,,,,,,,
,main,hurricane_maria__911789292116217856__911789292116217856_0,benign_text,,,,,,,,,
,main,hurricane_maria__911789292116217856__911789292116217856_0,benign_joint,,,,,,,,,
,main,hurricane_maria__911789292116217856__911789292116217856_0,direct_image,,,,,,,,,
,main,hurricane_maria__911789292116217856__911789292116217856_0,direct_text,,,,,,,,,
,main,hurricane_maria__911789292116217856__911789292116217856_0,direct_joint,,,,,,,,,
,main,hurricane_maria__911789292116217856__911789292116217856_0,misleading_image,,,,,,,,,
,main,hurricane_maria__911789292116217856__911789292116217856_0,misleading_text,,,,,,,,,
,main,hurricane_maria__911789292116217856__911789292116217856_0,misleading_joint,,,,,,,,,
,main,hurricane_maria__911818109123747846__911818109123747846_0,clean,,,,,,,,,
,main,hurricane_maria__911818109123747846__911818109123747846_0,benign_image,,,,,,,,,
,main,hurricane_maria__911818109123747846__911818109123747846_0,benign_text,,,,,,,,,
,main,hurricane_maria__911818109123747846__911818109123747846_0,benign_joint,,,,,,,,,
,main,hurricane_maria__911818109123747846__911818109123747846_0,direct_image,,,,,,,,,
,main,hurricane_maria__911818109123747846__911818109123747846_0,direct_text,,,,,,,,,
,main,hurricane_maria__911818109123747846__911818109123747846_0,direct_joint,,,,,,,,,
,main,hurricane_maria__911818109123747846__911818109123747846_0,misleading_image,,,,,,,,,
,main,hurricane_maria__911818109123747846__911818109123747846_0,misleading_text,,,,,,,,,
,main,hurricane_maria__911818109123747846__911818109123747846_0,misleading_joint,,,,,,,,,
,main,hurricane_maria__911874137542578176__911874137542578176_0,clean,,,,,,,,,
,main,hurricane_maria__911874137542578176__911874137542578176_0,benign_image,,,,,,,,,
,main,hurricane_maria__911874137542578176__911874137542578176_0,benign_text,,,,,,,,,
,main,hurricane_maria__911874137542578176__911874137542578176_0,benign_joint,,,,,,,,,
,main,hurricane_maria__911874137542578176__911874137542578176_0,direct_image,,,,,,,,,
,main,hurricane_maria__911874137542578176__911874137542578176_0,direct_text,,,,,,,,,
,main,hurricane_maria__911874137542578176__911874137542578176_0,direct_joint,,,,,,,,,
,main,hurricane_maria__911874137542578176__911874137542578176_0,misleading_image,,,,,,,,,
,main,hurricane_maria__911874137542578176__911874137542578176_0,misleading_text,,,,,,,,,
,main,hurricane_maria__911874137542578176__911874137542578176_0,misleading_joint,,,,,,,,,
,main,hurricane_maria__911892515321733120__911892515321733120_0,clean,,,,,,,,,
,main,hurricane_maria__911892515321733120__911892515321733120_0,benign_image,,,,,,,,,
,main,hurricane_maria__911892515321733120__911892515321733120_0,benign_text,,,,,,,,,
,main,hurricane_maria__911892515321733120__911892515321733120_0,benign_joint,,,,,,,,,
,main,hurricane_maria__911892515321733120__911892515321733120_0,direct_image,,,,,,,,,
,main,hurricane_maria__911892515321733120__911892515321733120_0,direct_text,,,,,,,,,
,main,hurricane_maria__911892515321733120__911892515321733120_0,direct_joint,,,,,,,,,
,main,hurricane_maria__911892515321733120__911892515321733120_0,misleading_image,,,,,,,,,
,main,hurricane_maria__911892515321733120__911892515321733120_0,misleading_text,,,,,,,,,
,main,hurricane_maria__911892515321733120__911892515321733120_0,misleading_joint,,,,,,,,,
,main,hurricane_maria__911907090112798720__911907090112798720_0,clean,,,,,,,,,
,main,hurricane_maria__911907090112798720__911907090112798720_0,benign_image,,,,,,,,,
,main,hurricane_maria__911907090112798720__911907090112798720_0,benign_text,,,,,,,,,
,main,hurricane_maria__911907090112798720__911907090112798720_0,benign_joint,,,,,,,,,
,main,hurricane_maria__911907090112798720__911907090112798720_0,direct_image,,,,,,,,,
,main,hurricane_maria__911907090112798720__911907090112798720_0,direct_text,,,,,,,,,
,main,hurricane_maria__911907090112798720__911907090112798720_0,direct_joint,,,,,,,,,
,main,hurricane_maria__911907090112798720__911907090112798720_0,misleading_image,,,,,,,,,
,main,hurricane_maria__911907090112798720__911907090112798720_0,misleading_text,,,,,,,,,
,main,hurricane_maria__911907090112798720__911907090112798720_0,misleading_joint,,,,,,,,,
,main,hurricane_maria__911913161703424001__911913161703424001_0,clean,,,,,,,,,
,main,hurricane_maria__911913161703424001__911913161703424001_0,benign_image,,,,,,,,,
,main,hurricane_maria__911913161703424001__911913161703424001_0,benign_text,,,,,,,,,
,main,hurricane_maria__911913161703424001__911913161703424001_0,benign_joint,,,,,,,,,
,main,hurricane_maria__911913161703424001__911913161703424001_0,direct_image,,,,,,,,,
,main,hurricane_maria__911913161703424001__911913161703424001_0,direct_text,,,,,,,,,
,main,hurricane_maria__911913161703424001__911913161703424001_0,direct_joint,,,,,,,,,
,main,hurricane_maria__911913161703424001__911913161703424001_0,misleading_image,,,,,,,,,
,main,hurricane_maria__911913161703424001__911913161703424001_0,misleading_text,,,,,,,,,
,main,hurricane_maria__911913161703424001__911913161703424001_0,misleading_joint,,,,,,,,,
,main,hurricane_maria__911927354934611968__911927354934611968_1,clean,,,,,,,,,
,main,hurricane_maria__911927354934611968__911927354934611968_1,benign_image,,,,,,,,,
,main,hurricane_maria__911927354934611968__911927354934611968_1,benign_text,,,,,,,,,
,main,hurricane_maria__911927354934611968__911927354934611968_1,benign_joint,,,,,,,,,
,main,hurricane_maria__911927354934611968__911927354934611968_1,direct_image,,,,,,,,,
,main,hurricane_maria__911927354934611968__911927354934611968_1,direct_text,,,,,,,,,
,main,hurricane_maria__911927354934611968__911927354934611968_1,direct_joint,,,,,,,,,
,main,hurricane_maria__911927354934611968__911927354934611968_1,misleading_image,,,,,,,,,
,main,hurricane_maria__911927354934611968__911927354934611968_1,misleading_text,,,,,,,,,
,main,hurricane_maria__911927354934611968__911927354934611968_1,misleading_joint,,,,,,,,,
,main,hurricane_maria__911935529905684481__911935529905684481_0,clean,,,,,,,,,
,main,hurricane_maria__911935529905684481__911935529905684481_0,benign_image,,,,,,,,,
,main,hurricane_maria__911935529905684481__911935529905684481_0,benign_text,,,,,,,,,
,main,hurricane_maria__911935529905684481__911935529905684481_0,benign_joint,,,,,,,,,
,main,hurricane_maria__911935529905684481__911935529905684481_0,direct_image,,,,,,,,,
,main,hurricane_maria__911935529905684481__911935529905684481_0,direct_text,,,,,,,,,
,main,hurricane_maria__911935529905684481__911935529905684481_0,direct_joint,,,,,,,,,
,main,hurricane_maria__911935529905684481__911935529905684481_0,misleading_image,,,,,,,,,
,main,hurricane_maria__911935529905684481__911935529905684481_0,misleading_text,,,,,,,,,
,main,hurricane_maria__911935529905684481__911935529905684481_0,misleading_joint,,,,,,,,,
,main,hurricane_maria__912022246008541191__912022246008541191_0,clean,,,,,,,,,
,main,hurricane_maria__912022246008541191__912022246008541191_0,benign_image,,,,,,,,,
,main,hurricane_maria__912022246008541191__912022246008541191_0,benign_text,,,,,,,,,
,main,hurricane_maria__912022246008541191__912022246008541191_0,benign_joint,,,,,,,,,
,main,hurricane_maria__912022246008541191__912022246008541191_0,direct_image,,,,,,,,,
,main,hurricane_maria__912022246008541191__912022246008541191_0,direct_text,,,,,,,,,
,main,hurricane_maria__912022246008541191__912022246008541191_0,direct_joint,,,,,,,,,
,main,hurricane_maria__912022246008541191__912022246008541191_0,misleading_image,,,,,,,,,
,main,hurricane_maria__912022246008541191__912022246008541191_0,misleading_text,,,,,,,,,
,main,hurricane_maria__912022246008541191__912022246008541191_0,misleading_joint,,,,,,,,,
,main,hurricane_maria__912023404030525440__912023404030525440_0,clean,,,,,,,,,
,main,hurricane_maria__912023404030525440__912023404030525440_0,benign_image,,,,,,,,,
,main,hurricane_maria__912023404030525440__912023404030525440_0,benign_text,,,,,,,,,
,main,hurricane_maria__912023404030525440__912023404030525440_0,benign_joint,,,,,,,,,
,main,hurricane_maria__912023404030525440__912023404030525440_0,direct_image,,,,,,,,,
,main,hurricane_maria__912023404030525440__912023404030525440_0,direct_text,,,,,,,,,
,main,hurricane_maria__912023404030525440__912023404030525440_0,direct_joint,,,,,,,,,
,main,hurricane_maria__912023404030525440__912023404030525440_0,misleading_image,,,,,,,,,
,main,hurricane_maria__912023404030525440__912023404030525440_0,misleading_text,,,,,,,,,
,main,hurricane_maria__912023404030525440__912023404030525440_0,misleading_joint,,,,,,,,,
,main,hurricane_maria__912065374929264640__912065374929264640_1,clean,,,,,,,,,
,main,hurricane_maria__912065374929264640__912065374929264640_1,benign_image,,,,,,,,,
,main,hurricane_maria__912065374929264640__912065374929264640_1,benign_text,,,,,,,,,
,main,hurricane_maria__912065374929264640__912065374929264640_1,benign_joint,,,,,,,,,
,main,hurricane_maria__912065374929264640__912065374929264640_1,direct_image,,,,,,,,,
,main,hurricane_maria__912065374929264640__912065374929264640_1,direct_text,,,,,,,,,
,main,hurricane_maria__912065374929264640__912065374929264640_1,direct_joint,,,,,,,,,
,main,hurricane_maria__912065374929264640__912065374929264640_1,misleading_image,,,,,,,,,
,main,hurricane_maria__912065374929264640__912065374929264640_1,misleading_text,,,,,,,,,
,main,hurricane_maria__912065374929264640__912065374929264640_1,misleading_joint,,,,,,,,,
,main,hurricane_maria__912075698617102340__912075698617102340_3,clean,,,,,,,,,
,main,hurricane_maria__912075698617102340__912075698617102340_3,benign_image,,,,,,,,,
,main,hurricane_maria__912075698617102340__912075698617102340_3,benign_text,,,,,,,,,
,main,hurricane_maria__912075698617102340__912075698617102340_3,benign_joint,,,,,,,,,
,main,hurricane_maria__912075698617102340__912075698617102340_3,direct_image,,,,,,,,,
,main,hurricane_maria__912075698617102340__912075698617102340_3,direct_text,,,,,,,,,
,main,hurricane_maria__912075698617102340__912075698617102340_3,direct_joint,,,,,,,,,
,main,hurricane_maria__912075698617102340__912075698617102340_3,misleading_image,,,,,,,,,
,main,hurricane_maria__912075698617102340__912075698617102340_3,misleading_text,,,,,,,,,
,main,hurricane_maria__912075698617102340__912075698617102340_3,misleading_joint,,,,,,,,,
,main,hurricane_maria__912075982164643840__912075982164643840_0,clean,,,,,,,,,
,main,hurricane_maria__912075982164643840__912075982164643840_0,benign_image,,,,,,,,,
,main,hurricane_maria__912075982164643840__912075982164643840_0,benign_text,,,,,,,,,
,main,hurricane_maria__912075982164643840__912075982164643840_0,benign_joint,,,,,,,,,
,main,hurricane_maria__912075982164643840__912075982164643840_0,direct_image,,,,,,,,,
,main,hurricane_maria__912075982164643840__912075982164643840_0,direct_text,,,,,,,,,
,main,hurricane_maria__912075982164643840__912075982164643840_0,direct_joint,,,,,,,,,
,main,hurricane_maria__912075982164643840__912075982164643840_0,misleading_image,,,,,,,,,
,main,hurricane_maria__912075982164643840__912075982164643840_0,misleading_text,,,,,,,,,
,main,hurricane_maria__912075982164643840__912075982164643840_0,misleading_joint,,,,,,,,,
,main,hurricane_maria__912114770710581248__912114770710581248_0,clean,,,,,,,,,
,main,hurricane_maria__912114770710581248__912114770710581248_0,benign_image,,,,,,,,,
,main,hurricane_maria__912114770710581248__912114770710581248_0,benign_text,,,,,,,,,
,main,hurricane_maria__912114770710581248__912114770710581248_0,benign_joint,,,,,,,,,
,main,hurricane_maria__912114770710581248__912114770710581248_0,direct_image,,,,,,,,,
,main,hurricane_maria__912114770710581248__912114770710581248_0,direct_text,,,,,,,,,
,main,hurricane_maria__912114770710581248__912114770710581248_0,direct_joint,,,,,,,,,
,main,hurricane_maria__912114770710581248__912114770710581248_0,misleading_image,,,,,,,,,
,main,hurricane_maria__912114770710581248__912114770710581248_0,misleading_text,,,,,,,,,
,main,hurricane_maria__912114770710581248__912114770710581248_0,misleading_joint,,,,,,,,,
,main,hurricane_maria__912286834595688448__912286834595688448_1,clean,,,,,,,,,
,main,hurricane_maria__912286834595688448__912286834595688448_1,benign_image,,,,,,,,,
,main,hurricane_maria__912286834595688448__912286834595688448_1,benign_text,,,,,,,,,
,main,hurricane_maria__912286834595688448__912286834595688448_1,benign_joint,,,,,,,,,
,main,hurricane_maria__912286834595688448__912286834595688448_1,direct_image,,,,,,,,,
,main,hurricane_maria__912286834595688448__912286834595688448_1,direct_text,,,,,,,,,
,main,hurricane_maria__912286834595688448__912286834595688448_1,direct_joint,,,,,,,,,
,main,hurricane_maria__912286834595688448__912286834595688448_1,misleading_image,,,,,,,,,
,main,hurricane_maria__912286834595688448__912286834595688448_1,misleading_text,,,,,,,,,
,main,hurricane_maria__912286834595688448__912286834595688448_1,misleading_joint,,,,,,,,,
,main,hurricane_maria__912305236928339968__912305236928339968_0,clean,,,,,,,,,
,main,hurricane_maria__912305236928339968__912305236928339968_0,benign_image,,,,,,,,,
,main,hurricane_maria__912305236928339968__912305236928339968_0,benign_text,,,,,,,,,
,main,hurricane_maria__912305236928339968__912305236928339968_0,benign_joint,,,,,,,,,
,main,hurricane_maria__912305236928339968__912305236928339968_0,direct_image,,,,,,,,,
,main,hurricane_maria__912305236928339968__912305236928339968_0,direct_text,,,,,,,,,
,main,hurricane_maria__912305236928339968__912305236928339968_0,direct_joint,,,,,,,,,
,main,hurricane_maria__912305236928339968__912305236928339968_0,misleading_image,,,,,,,,,
,main,hurricane_maria__912305236928339968__912305236928339968_0,misleading_text,,,,,,,,,
,main,hurricane_maria__912305236928339968__912305236928339968_0,misleading_joint,,,,,,,,,
,main,hurricane_maria__912322653578461186__912322653578461186_0,clean,,,,,,,,,
,main,hurricane_maria__912322653578461186__912322653578461186_0,benign_image,,,,,,,,,
,main,hurricane_maria__912322653578461186__912322653578461186_0,benign_text,,,,,,,,,
,main,hurricane_maria__912322653578461186__912322653578461186_0,benign_joint,,,,,,,,,
,main,hurricane_maria__912322653578461186__912322653578461186_0,direct_image,,,,,,,,,
,main,hurricane_maria__912322653578461186__912322653578461186_0,direct_text,,,,,,,,,
,main,hurricane_maria__912322653578461186__912322653578461186_0,direct_joint,,,,,,,,,
,main,hurricane_maria__912322653578461186__912322653578461186_0,misleading_image,,,,,,,,,
,main,hurricane_maria__912322653578461186__912322653578461186_0,misleading_text,,,,,,,,,
,main,hurricane_maria__912322653578461186__912322653578461186_0,misleading_joint,,,,,,,,,
,main,hurricane_maria__912350540763484161__912350540763484161_0,clean,,,,,,,,,
,main,hurricane_maria__912350540763484161__912350540763484161_0,benign_image,,,,,,,,,
,main,hurricane_maria__912350540763484161__912350540763484161_0,benign_text,,,,,,,,,
,main,hurricane_maria__912350540763484161__912350540763484161_0,benign_joint,,,,,,,,,
,main,hurricane_maria__912350540763484161__912350540763484161_0,direct_image,,,,,,,,,
,main,hurricane_maria__912350540763484161__912350540763484161_0,direct_text,,,,,,,,,
,main,hurricane_maria__912350540763484161__912350540763484161_0,direct_joint,,,,,,,,,
,main,hurricane_maria__912350540763484161__912350540763484161_0,misleading_image,,,,,,,,,
,main,hurricane_maria__912350540763484161__912350540763484161_0,misleading_text,,,,,,,,,
,main,hurricane_maria__912350540763484161__912350540763484161_0,misleading_joint,,,,,,,,,
,main,hurricane_maria__912376048842665984__912376048842665984_3,clean,,,,,,,,,
,main,hurricane_maria__912376048842665984__912376048842665984_3,benign_image,,,,,,,,,
,main,hurricane_maria__912376048842665984__912376048842665984_3,benign_text,,,,,,,,,
,main,hurricane_maria__912376048842665984__912376048842665984_3,benign_joint,,,,,,,,,
,main,hurricane_maria__912376048842665984__912376048842665984_3,direct_image,,,,,,,,,
,main,hurricane_maria__912376048842665984__912376048842665984_3,direct_text,,,,,,,,,
,main,hurricane_maria__912376048842665984__912376048842665984_3,direct_joint,,,,,,,,,
,main,hurricane_maria__912376048842665984__912376048842665984_3,misleading_image,,,,,,,,,
,main,hurricane_maria__912376048842665984__912376048842665984_3,misleading_text,,,,,,,,,
,main,hurricane_maria__912376048842665984__912376048842665984_3,misleading_joint,,,,,,,,,
,main,hurricane_maria__912443382525460480__912443382525460480_0,clean,,,,,,,,,
,main,hurricane_maria__912443382525460480__912443382525460480_0,benign_image,,,,,,,,,
,main,hurricane_maria__912443382525460480__912443382525460480_0,benign_text,,,,,,,,,
,main,hurricane_maria__912443382525460480__912443382525460480_0,benign_joint,,,,,,,,,
,main,hurricane_maria__912443382525460480__912443382525460480_0,direct_image,,,,,,,,,
,main,hurricane_maria__912443382525460480__912443382525460480_0,direct_text,,,,,,,,,
,main,hurricane_maria__912443382525460480__912443382525460480_0,direct_joint,,,,,,,,,
,main,hurricane_maria__912443382525460480__912443382525460480_0,misleading_image,,,,,,,,,
,main,hurricane_maria__912443382525460480__912443382525460480_0,misleading_text,,,,,,,,,
,main,hurricane_maria__912443382525460480__912443382525460480_0,misleading_joint,,,,,,,,,
,main,hurricane_maria__912463510461992960__912463510461992960_1,clean,,,,,,,,,
,main,hurricane_maria__912463510461992960__912463510461992960_1,benign_image,,,,,,,,,
,main,hurricane_maria__912463510461992960__912463510461992960_1,benign_text,,,,,,,,,
,main,hurricane_maria__912463510461992960__912463510461992960_1,benign_joint,,,,,,,,,
,main,hurricane_maria__912463510461992960__912463510461992960_1,direct_image,,,,,,,,,
,main,hurricane_maria__912463510461992960__912463510461992960_1,direct_text,,,,,,,,,
,main,hurricane_maria__912463510461992960__912463510461992960_1,direct_joint,,,,,,,,,
,main,hurricane_maria__912463510461992960__912463510461992960_1,misleading_image,,,,,,,,,
,main,hurricane_maria__912463510461992960__912463510461992960_1,misleading_text,,,,,,,,,
,main,hurricane_maria__912463510461992960__912463510461992960_1,misleading_joint,,,,,,,,,
,main,hurricane_maria__912952239471382529__912952239471382529_0,clean,,,,,,,,,
,main,hurricane_maria__912952239471382529__912952239471382529_0,benign_image,,,,,,,,,
,main,hurricane_maria__912952239471382529__912952239471382529_0,benign_text,,,,,,,,,
,main,hurricane_maria__912952239471382529__912952239471382529_0,benign_joint,,,,,,,,,
,main,hurricane_maria__912952239471382529__912952239471382529_0,direct_image,,,,,,,,,
,main,hurricane_maria__912952239471382529__912952239471382529_0,direct_text,,,,,,,,,
,main,hurricane_maria__912952239471382529__912952239471382529_0,direct_joint,,,,,,,,,
,main,hurricane_maria__912952239471382529__912952239471382529_0,misleading_image,,,,,,,,,
,main,hurricane_maria__912952239471382529__912952239471382529_0,misleading_text,,,,,,,,,
,main,hurricane_maria__912952239471382529__912952239471382529_0,misleading_joint,,,,,,,,,
,main,hurricane_maria__912959167417192448__912959167417192448_0,clean,,,,,,,,,
,main,hurricane_maria__912959167417192448__912959167417192448_0,benign_image,,,,,,,,,
,main,hurricane_maria__912959167417192448__912959167417192448_0,benign_text,,,,,,,,,
,main,hurricane_maria__912959167417192448__912959167417192448_0,benign_joint,,,,,,,,,
,main,hurricane_maria__912959167417192448__912959167417192448_0,direct_image,,,,,,,,,
,main,hurricane_maria__912959167417192448__912959167417192448_0,direct_text,,,,,,,,,
,main,hurricane_maria__912959167417192448__912959167417192448_0,direct_joint,,,,,,,,,
,main,hurricane_maria__912959167417192448__912959167417192448_0,misleading_image,,,,,,,,,
,main,hurricane_maria__912959167417192448__912959167417192448_0,misleading_text,,,,,,,,,
,main,hurricane_maria__912959167417192448__912959167417192448_0,misleading_joint,,,,,,,,,
,main,hurricane_maria__913051514419269632__913051514419269632_0,clean,,,,,,,,,
,main,hurricane_maria__913051514419269632__913051514419269632_0,benign_image,,,,,,,,,
,main,hurricane_maria__913051514419269632__913051514419269632_0,benign_text,,,,,,,,,
,main,hurricane_maria__913051514419269632__913051514419269632_0,benign_joint,,,,,,,,,
,main,hurricane_maria__913051514419269632__913051514419269632_0,direct_image,,,,,,,,,
,main,hurricane_maria__913051514419269632__913051514419269632_0,direct_text,,,,,,,,,
,main,hurricane_maria__913051514419269632__913051514419269632_0,direct_joint,,,,,,,,,
,main,hurricane_maria__913051514419269632__913051514419269632_0,misleading_image,,,,,,,,,
,main,hurricane_maria__913051514419269632__913051514419269632_0,misleading_text,,,,,,,,,
,main,hurricane_maria__913051514419269632__913051514419269632_0,misleading_joint,,,,,,,,,
,main,hurricane_maria__913054270236135434__913054270236135434_0,clean,,,,,,,,,
,main,hurricane_maria__913054270236135434__913054270236135434_0,benign_image,,,,,,,,,
,main,hurricane_maria__913054270236135434__913054270236135434_0,benign_text,,,,,,,,,
,main,hurricane_maria__913054270236135434__913054270236135434_0,benign_joint,,,,,,,,,
,main,hurricane_maria__913054270236135434__913054270236135434_0,direct_image,,,,,,,,,
,main,hurricane_maria__913054270236135434__913054270236135434_0,direct_text,,,,,,,,,
,main,hurricane_maria__913054270236135434__913054270236135434_0,direct_joint,,,,,,,,,
,main,hurricane_maria__913054270236135434__913054270236135434_0,misleading_image,,,,,,,,,
,main,hurricane_maria__913054270236135434__913054270236135434_0,misleading_text,,,,,,,,,
,main,hurricane_maria__913054270236135434__913054270236135434_0,misleading_joint,,,,,,,,,
,main,hurricane_maria__913066714560126977__913066714560126977_0,clean,,,,,,,,,
,main,hurricane_maria__913066714560126977__913066714560126977_0,benign_image,,,,,,,,,
,main,hurricane_maria__913066714560126977__913066714560126977_0,benign_text,,,,,,,,,
,main,hurricane_maria__913066714560126977__913066714560126977_0,benign_joint,,,,,,,,,
,main,hurricane_maria__913066714560126977__913066714560126977_0,direct_image,,,,,,,,,
,main,hurricane_maria__913066714560126977__913066714560126977_0,direct_text,,,,,,,,,
,main,hurricane_maria__913066714560126977__913066714560126977_0,direct_joint,,,,,,,,,
,main,hurricane_maria__913066714560126977__913066714560126977_0,misleading_image,,,,,,,,,
,main,hurricane_maria__913066714560126977__913066714560126977_0,misleading_text,,,,,,,,,
,main,hurricane_maria__913066714560126977__913066714560126977_0,misleading_joint,,,,,,,,,
,main,hurricane_maria__913070687501344768__913070687501344768_0,clean,,,,,,,,,
,main,hurricane_maria__913070687501344768__913070687501344768_0,benign_image,,,,,,,,,
,main,hurricane_maria__913070687501344768__913070687501344768_0,benign_text,,,,,,,,,
,main,hurricane_maria__913070687501344768__913070687501344768_0,benign_joint,,,,,,,,,
,main,hurricane_maria__913070687501344768__913070687501344768_0,direct_image,,,,,,,,,
,main,hurricane_maria__913070687501344768__913070687501344768_0,direct_text,,,,,,,,,
,main,hurricane_maria__913070687501344768__913070687501344768_0,direct_joint,,,,,,,,,
,main,hurricane_maria__913070687501344768__913070687501344768_0,misleading_image,,,,,,,,,
,main,hurricane_maria__913070687501344768__913070687501344768_0,misleading_text,,,,,,,,,
,main,hurricane_maria__913070687501344768__913070687501344768_0,misleading_joint,,,,,,,,,
,main,hurricane_maria__913087531750711297__913087531750711297_0,clean,,,,,,,,,
,main,hurricane_maria__913087531750711297__913087531750711297_0,benign_image,,,,,,,,,
,main,hurricane_maria__913087531750711297__913087531750711297_0,benign_text,,,,,,,,,
,main,hurricane_maria__913087531750711297__913087531750711297_0,benign_joint,,,,,,,,,
,main,hurricane_maria__913087531750711297__913087531750711297_0,direct_image,,,,,,,,,
,main,hurricane_maria__913087531750711297__913087531750711297_0,direct_text,,,,,,,,,
,main,hurricane_maria__913087531750711297__913087531750711297_0,direct_joint,,,,,,,,,
,main,hurricane_maria__913087531750711297__913087531750711297_0,misleading_image,,,,,,,,,
,main,hurricane_maria__913087531750711297__913087531750711297_0,misleading_text,,,,,,,,,
,main,hurricane_maria__913087531750711297__913087531750711297_0,misleading_joint,,,,,,,,,
,main,hurricane_maria__913129126881570816__913129126881570816_0,clean,,,,,,,,,
,main,hurricane_maria__913129126881570816__913129126881570816_0,benign_image,,,,,,,,,
,main,hurricane_maria__913129126881570816__913129126881570816_0,benign_text,,,,,,,,,
,main,hurricane_maria__913129126881570816__913129126881570816_0,benign_joint,,,,,,,,,
,main,hurricane_maria__913129126881570816__913129126881570816_0,direct_image,,,,,,,,,
,main,hurricane_maria__913129126881570816__913129126881570816_0,direct_text,,,,,,,,,
,main,hurricane_maria__913129126881570816__913129126881570816_0,direct_joint,,,,,,,,,
,main,hurricane_maria__913129126881570816__913129126881570816_0,misleading_image,,,,,,,,,
,main,hurricane_maria__913129126881570816__913129126881570816_0,misleading_text,,,,,,,,,
,main,hurricane_maria__913129126881570816__913129126881570816_0,misleading_joint,,,,,,,,,
,main,hurricane_maria__913236041397669888__913236041397669888_0,clean,,,,,,,,,
,main,hurricane_maria__913236041397669888__913236041397669888_0,benign_image,,,,,,,,,
,main,hurricane_maria__913236041397669888__913236041397669888_0,benign_text,,,,,,,,,
,main,hurricane_maria__913236041397669888__913236041397669888_0,benign_joint,,,,,,,,,
,main,hurricane_maria__913236041397669888__913236041397669888_0,direct_image,,,,,,,,,
,main,hurricane_maria__913236041397669888__913236041397669888_0,direct_text,,,,,,,,,
,main,hurricane_maria__913236041397669888__913236041397669888_0,direct_joint,,,,,,,,,
,main,hurricane_maria__913236041397669888__913236041397669888_0,misleading_image,,,,,,,,,
,main,hurricane_maria__913236041397669888__913236041397669888_0,misleading_text,,,,,,,,,
,main,hurricane_maria__913236041397669888__913236041397669888_0,misleading_joint,,,,,,,,,
,main,hurricane_maria__913380968769228802__913380968769228802_0,clean,,,,,,,,,
,main,hurricane_maria__913380968769228802__913380968769228802_0,benign_image,,,,,,,,,
,main,hurricane_maria__913380968769228802__913380968769228802_0,benign_text,,,,,,,,,
,main,hurricane_maria__913380968769228802__913380968769228802_0,benign_joint,,,,,,,,,
,main,hurricane_maria__913380968769228802__913380968769228802_0,direct_image,,,,,,,,,
,main,hurricane_maria__913380968769228802__913380968769228802_0,direct_text,,,,,,,,,
,main,hurricane_maria__913380968769228802__913380968769228802_0,direct_joint,,,,,,,,,
,main,hurricane_maria__913380968769228802__913380968769228802_0,misleading_image,,,,,,,,,
,main,hurricane_maria__913380968769228802__913380968769228802_0,misleading_text,,,,,,,,,
,main,hurricane_maria__913380968769228802__913380968769228802_0,misleading_joint,,,,,,,,,
,main,hurricane_maria__913392166533201920__913392166533201920_0,clean,,,,,,,,,
,main,hurricane_maria__913392166533201920__913392166533201920_0,benign_image,,,,,,,,,
,main,hurricane_maria__913392166533201920__913392166533201920_0,benign_text,,,,,,,,,
,main,hurricane_maria__913392166533201920__913392166533201920_0,benign_joint,,,,,,,,,
,main,hurricane_maria__913392166533201920__913392166533201920_0,direct_image,,,,,,,,,
,main,hurricane_maria__913392166533201920__913392166533201920_0,direct_text,,,,,,,,,
,main,hurricane_maria__913392166533201920__913392166533201920_0,direct_joint,,,,,,,,,
,main,hurricane_maria__913392166533201920__913392166533201920_0,misleading_image,,,,,,,,,
,main,hurricane_maria__913392166533201920__913392166533201920_0,misleading_text,,,,,,,,,
,main,hurricane_maria__913392166533201920__913392166533201920_0,misleading_joint,,,,,,,,,
,main,hurricane_maria__913416972129509377__913416972129509377_1,clean,,,,,,,,,
,main,hurricane_maria__913416972129509377__913416972129509377_1,benign_image,,,,,,,,,
,main,hurricane_maria__913416972129509377__913416972129509377_1,benign_text,,,,,,,,,
,main,hurricane_maria__913416972129509377__913416972129509377_1,benign_joint,,,,,,,,,
,main,hurricane_maria__913416972129509377__913416972129509377_1,direct_image,,,,,,,,,
,main,hurricane_maria__913416972129509377__913416972129509377_1,direct_text,,,,,,,,,
,main,hurricane_maria__913416972129509377__913416972129509377_1,direct_joint,,,,,,,,,
,main,hurricane_maria__913416972129509377__913416972129509377_1,misleading_image,,,,,,,,,
,main,hurricane_maria__913416972129509377__913416972129509377_1,misleading_text,,,,,,,,,
,main,hurricane_maria__913416972129509377__913416972129509377_1,misleading_joint,,,,,,,,,
,main,hurricane_maria__913459230400745472__913459230400745472_0,clean,,,,,,,,,
,main,hurricane_maria__913459230400745472__913459230400745472_0,benign_image,,,,,,,,,
,main,hurricane_maria__913459230400745472__913459230400745472_0,benign_text,,,,,,,,,
,main,hurricane_maria__913459230400745472__913459230400745472_0,benign_joint,,,,,,,,,
,main,hurricane_maria__913459230400745472__913459230400745472_0,direct_image,,,,,,,,,
,main,hurricane_maria__913459230400745472__913459230400745472_0,direct_text,,,,,,,,,
,main,hurricane_maria__913459230400745472__913459230400745472_0,direct_joint,,,,,,,,,
,main,hurricane_maria__913459230400745472__913459230400745472_0,misleading_image,,,,,,,,,
,main,hurricane_maria__913459230400745472__913459230400745472_0,misleading_text,,,,,,,,,
,main,hurricane_maria__913459230400745472__913459230400745472_0,misleading_joint,,,,,,,,,
,main,hurricane_maria__913478597331050496__913478597331050496_0,clean,,,,,,,,,
,main,hurricane_maria__913478597331050496__913478597331050496_0,benign_image,,,,,,,,,
,main,hurricane_maria__913478597331050496__913478597331050496_0,benign_text,,,,,,,,,
,main,hurricane_maria__913478597331050496__913478597331050496_0,benign_joint,,,,,,,,,
,main,hurricane_maria__913478597331050496__913478597331050496_0,direct_image,,,,,,,,,
,main,hurricane_maria__913478597331050496__913478597331050496_0,direct_text,,,,,,,,,
,main,hurricane_maria__913478597331050496__913478597331050496_0,direct_joint,,,,,,,,,
,main,hurricane_maria__913478597331050496__913478597331050496_0,misleading_image,,,,,,,,,
,main,hurricane_maria__913478597331050496__913478597331050496_0,misleading_text,,,,,,,,,
,main,hurricane_maria__913478597331050496__913478597331050496_0,misleading_joint,,,,,,,,,
,main,hurricane_maria__913549726083141632__913549726083141632_2,clean,,,,,,,,,
,main,hurricane_maria__913549726083141632__913549726083141632_2,benign_image,,,,,,,,,
,main,hurricane_maria__913549726083141632__913549726083141632_2,benign_text,,,,,,,,,
,main,hurricane_maria__913549726083141632__913549726083141632_2,benign_joint,,,,,,,,,
,main,hurricane_maria__913549726083141632__913549726083141632_2,direct_image,,,,,,,,,
,main,hurricane_maria__913549726083141632__913549726083141632_2,direct_text,,,,,,,,,
,main,hurricane_maria__913549726083141632__913549726083141632_2,direct_joint,,,,,,,,,
,main,hurricane_maria__913549726083141632__913549726083141632_2,misleading_image,,,,,,,,,
,main,hurricane_maria__913549726083141632__913549726083141632_2,misleading_text,,,,,,,,,
,main,hurricane_maria__913549726083141632__913549726083141632_2,misleading_joint,,,,,,,,,
,main,hurricane_maria__913575477498884097__913575477498884097_2,clean,,,,,,,,,
,main,hurricane_maria__913575477498884097__913575477498884097_2,benign_image,,,,,,,,,
,main,hurricane_maria__913575477498884097__913575477498884097_2,benign_text,,,,,,,,,
,main,hurricane_maria__913575477498884097__913575477498884097_2,benign_joint,,,,,,,,,
,main,hurricane_maria__913575477498884097__913575477498884097_2,direct_image,,,,,,,,,
,main,hurricane_maria__913575477498884097__913575477498884097_2,direct_text,,,,,,,,,
,main,hurricane_maria__913575477498884097__913575477498884097_2,direct_joint,,,,,,,,,
,main,hurricane_maria__913575477498884097__913575477498884097_2,misleading_image,,,,,,,,,
,main,hurricane_maria__913575477498884097__913575477498884097_2,misleading_text,,,,,,,,,
,main,hurricane_maria__913575477498884097__913575477498884097_2,misleading_joint,,,,,,,,,
,main,hurricane_maria__913706630453264384__913706630453264384_0,clean,,,,,,,,,
,main,hurricane_maria__913706630453264384__913706630453264384_0,benign_image,,,,,,,,,
,main,hurricane_maria__913706630453264384__913706630453264384_0,benign_text,,,,,,,,,
,main,hurricane_maria__913706630453264384__913706630453264384_0,benign_joint,,,,,,,,,
,main,hurricane_maria__913706630453264384__913706630453264384_0,direct_image,,,,,,,,,
,main,hurricane_maria__913706630453264384__913706630453264384_0,direct_text,,,,,,,,,
,main,hurricane_maria__913706630453264384__913706630453264384_0,direct_joint,,,,,,,,,
,main,hurricane_maria__913706630453264384__913706630453264384_0,misleading_image,,,,,,,,,
,main,hurricane_maria__913706630453264384__913706630453264384_0,misleading_text,,,,,,,,,
,main,hurricane_maria__913706630453264384__913706630453264384_0,misleading_joint,,,,,,,,,
,main,hurricane_maria__913735106371735553__913735106371735553_0,clean,,,,,,,,,
,main,hurricane_maria__913735106371735553__913735106371735553_0,benign_image,,,,,,,,,
,main,hurricane_maria__913735106371735553__913735106371735553_0,benign_text,,,,,,,,,
,main,hurricane_maria__913735106371735553__913735106371735553_0,benign_joint,,,,,,,,,
,main,hurricane_maria__913735106371735553__913735106371735553_0,direct_image,,,,,,,,,
,main,hurricane_maria__913735106371735553__913735106371735553_0,direct_text,,,,,,,,,
,main,hurricane_maria__913735106371735553__913735106371735553_0,direct_joint,,,,,,,,,
,main,hurricane_maria__913735106371735553__913735106371735553_0,misleading_image,,,,,,,,,
,main,hurricane_maria__913735106371735553__913735106371735553_0,misleading_text,,,,,,,,,
,main,hurricane_maria__913735106371735553__913735106371735553_0,misleading_joint,,,,,,,,,
,main,hurricane_maria__913867524705538048__913867524705538048_0,clean,,,,,,,,,
,main,hurricane_maria__913867524705538048__913867524705538048_0,benign_image,,,,,,,,,
,main,hurricane_maria__913867524705538048__913867524705538048_0,benign_text,,,,,,,,,
,main,hurricane_maria__913867524705538048__913867524705538048_0,benign_joint,,,,,,,,,
,main,hurricane_maria__913867524705538048__913867524705538048_0,direct_image,,,,,,,,,
,main,hurricane_maria__913867524705538048__913867524705538048_0,direct_text,,,,,,,,,
,main,hurricane_maria__913867524705538048__913867524705538048_0,direct_joint,,,,,,,,,
,main,hurricane_maria__913867524705538048__913867524705538048_0,misleading_image,,,,,,,,,
,main,hurricane_maria__913867524705538048__913867524705538048_0,misleading_text,,,,,,,,,
,main,hurricane_maria__913867524705538048__913867524705538048_0,misleading_joint,,,,,,,,,
,main,hurricane_maria__913901444662808576__913901444662808576_0,clean,,,,,,,,,
,main,hurricane_maria__913901444662808576__913901444662808576_0,benign_image,,,,,,,,,
,main,hurricane_maria__913901444662808576__913901444662808576_0,benign_text,,,,,,,,,
,main,hurricane_maria__913901444662808576__913901444662808576_0,benign_joint,,,,,,,,,
,main,hurricane_maria__913901444662808576__913901444662808576_0,direct_image,,,,,,,,,
,main,hurricane_maria__913901444662808576__913901444662808576_0,direct_text,,,,,,,,,
,main,hurricane_maria__913901444662808576__913901444662808576_0,direct_joint,,,,,,,,,
,main,hurricane_maria__913901444662808576__913901444662808576_0,misleading_image,,,,,,,,,
,main,hurricane_maria__913901444662808576__913901444662808576_0,misleading_text,,,,,,,,,
,main,hurricane_maria__913901444662808576__913901444662808576_0,misleading_joint,,,,,,,,,
,main,hurricane_maria__913903407718690816__913903407718690816_0,clean,,,,,,,,,
,main,hurricane_maria__913903407718690816__913903407718690816_0,benign_image,,,,,,,,,
,main,hurricane_maria__913903407718690816__913903407718690816_0,benign_text,,,,,,,,,
,main,hurricane_maria__913903407718690816__913903407718690816_0,benign_joint,,,,,,,,,
,main,hurricane_maria__913903407718690816__913903407718690816_0,direct_image,,,,,,,,,
,main,hurricane_maria__913903407718690816__913903407718690816_0,direct_text,,,,,,,,,
,main,hurricane_maria__913903407718690816__913903407718690816_0,direct_joint,,,,,,,,,
,main,hurricane_maria__913903407718690816__913903407718690816_0,misleading_image,,,,,,,,,
,main,hurricane_maria__913903407718690816__913903407718690816_0,misleading_text,,,,,,,,,
,main,hurricane_maria__913903407718690816__913903407718690816_0,misleading_joint,,,,,,,,,
,main,hurricane_maria__913934298243305473__913934298243305473_1,clean,,,,,,,,,
,main,hurricane_maria__913934298243305473__913934298243305473_1,benign_image,,,,,,,,,
,main,hurricane_maria__913934298243305473__913934298243305473_1,benign_text,,,,,,,,,
,main,hurricane_maria__913934298243305473__913934298243305473_1,benign_joint,,,,,,,,,
,main,hurricane_maria__913934298243305473__913934298243305473_1,direct_image,,,,,,,,,
,main,hurricane_maria__913934298243305473__913934298243305473_1,direct_text,,,,,,,,,
,main,hurricane_maria__913934298243305473__913934298243305473_1,direct_joint,,,,,,,,,
,main,hurricane_maria__913934298243305473__913934298243305473_1,misleading_image,,,,,,,,,
,main,hurricane_maria__913934298243305473__913934298243305473_1,misleading_text,,,,,,,,,
,main,hurricane_maria__913934298243305473__913934298243305473_1,misleading_joint,,,,,,,,,
,main,hurricane_maria__914113249934811136__914113249934811136_1,clean,,,,,,,,,
,main,hurricane_maria__914113249934811136__914113249934811136_1,benign_image,,,,,,,,,
,main,hurricane_maria__914113249934811136__914113249934811136_1,benign_text,,,,,,,,,
,main,hurricane_maria__914113249934811136__914113249934811136_1,benign_joint,,,,,,,,,
,main,hurricane_maria__914113249934811136__914113249934811136_1,direct_image,,,,,,,,,
,main,hurricane_maria__914113249934811136__914113249934811136_1,direct_text,,,,,,,,,
,main,hurricane_maria__914113249934811136__914113249934811136_1,direct_joint,,,,,,,,,
,main,hurricane_maria__914113249934811136__914113249934811136_1,misleading_image,,,,,,,,,
,main,hurricane_maria__914113249934811136__914113249934811136_1,misleading_text,,,,,,,,,
,main,hurricane_maria__914113249934811136__914113249934811136_1,misleading_joint,,,,,,,,,
,main,hurricane_maria__914159348267540482__914159348267540482_0,clean,,,,,,,,,
,main,hurricane_maria__914159348267540482__914159348267540482_0,benign_image,,,,,,,,,
,main,hurricane_maria__914159348267540482__914159348267540482_0,benign_text,,,,,,,,,
,main,hurricane_maria__914159348267540482__914159348267540482_0,benign_joint,,,,,,,,,
,main,hurricane_maria__914159348267540482__914159348267540482_0,direct_image,,,,,,,,,
,main,hurricane_maria__914159348267540482__914159348267540482_0,direct_text,,,,,,,,,
,main,hurricane_maria__914159348267540482__914159348267540482_0,direct_joint,,,,,,,,,
,main,hurricane_maria__914159348267540482__914159348267540482_0,misleading_image,,,,,,,,,
,main,hurricane_maria__914159348267540482__914159348267540482_0,misleading_text,,,,,,,,,
,main,hurricane_maria__914159348267540482__914159348267540482_0,misleading_joint,,,,,,,,,
,main,hurricane_maria__914188148623671296__914188148623671296_0,clean,,,,,,,,,
,main,hurricane_maria__914188148623671296__914188148623671296_0,benign_image,,,,,,,,,
,main,hurricane_maria__914188148623671296__914188148623671296_0,benign_text,,,,,,,,,
,main,hurricane_maria__914188148623671296__914188148623671296_0,benign_joint,,,,,,,,,
,main,hurricane_maria__914188148623671296__914188148623671296_0,direct_image,,,,,,,,,
,main,hurricane_maria__914188148623671296__914188148623671296_0,direct_text,,,,,,,,,
,main,hurricane_maria__914188148623671296__914188148623671296_0,direct_joint,,,,,,,,,
,main,hurricane_maria__914188148623671296__914188148623671296_0,misleading_image,,,,,,,,,
,main,hurricane_maria__914188148623671296__914188148623671296_0,misleading_text,,,,,,,,,
,main,hurricane_maria__914188148623671296__914188148623671296_0,misleading_joint,,,,,,,,,
,main,hurricane_maria__914206873032720384__914206873032720384_0,clean,,,,,,,,,
,main,hurricane_maria__914206873032720384__914206873032720384_0,benign_image,,,,,,,,,
,main,hurricane_maria__914206873032720384__914206873032720384_0,benign_text,,,,,,,,,
,main,hurricane_maria__914206873032720384__914206873032720384_0,benign_joint,,,,,,,,,
,main,hurricane_maria__914206873032720384__914206873032720384_0,direct_image,,,,,,,,,
,main,hurricane_maria__914206873032720384__914206873032720384_0,direct_text,,,,,,,,,
,main,hurricane_maria__914206873032720384__914206873032720384_0,direct_joint,,,,,,,,,
,main,hurricane_maria__914206873032720384__914206873032720384_0,misleading_image,,,,,,,,,
,main,hurricane_maria__914206873032720384__914206873032720384_0,misleading_text,,,,,,,,,
,main,hurricane_maria__914206873032720384__914206873032720384_0,misleading_joint,,,,,,,,,
,main,hurricane_maria__914262901350961153__914262901350961153_0,clean,,,,,,,,,
,main,hurricane_maria__914262901350961153__914262901350961153_0,benign_image,,,,,,,,,
,main,hurricane_maria__914262901350961153__914262901350961153_0,benign_text,,,,,,,,,
,main,hurricane_maria__914262901350961153__914262901350961153_0,benign_joint,,,,,,,,,
,main,hurricane_maria__914262901350961153__914262901350961153_0,direct_image,,,,,,,,,
,main,hurricane_maria__914262901350961153__914262901350961153_0,direct_text,,,,,,,,,
,main,hurricane_maria__914262901350961153__914262901350961153_0,direct_joint,,,,,,,,,
,main,hurricane_maria__914262901350961153__914262901350961153_0,misleading_image,,,,,,,,,
,main,hurricane_maria__914262901350961153__914262901350961153_0,misleading_text,,,,,,,,,
,main,hurricane_maria__914262901350961153__914262901350961153_0,misleading_joint,,,,,,,,,
,main,hurricane_maria__914271884253986817__914271884253986817_0,clean,,,,,,,,,
,main,hurricane_maria__914271884253986817__914271884253986817_0,benign_image,,,,,,,,,
,main,hurricane_maria__914271884253986817__914271884253986817_0,benign_text,,,,,,,,,
,main,hurricane_maria__914271884253986817__914271884253986817_0,benign_joint,,,,,,,,,
,main,hurricane_maria__914271884253986817__914271884253986817_0,direct_image,,,,,,,,,
,main,hurricane_maria__914271884253986817__914271884253986817_0,direct_text,,,,,,,,,
,main,hurricane_maria__914271884253986817__914271884253986817_0,direct_joint,,,,,,,,,
,main,hurricane_maria__914271884253986817__914271884253986817_0,misleading_image,,,,,,,,,
,main,hurricane_maria__914271884253986817__914271884253986817_0,misleading_text,,,,,,,,,
,main,hurricane_maria__914271884253986817__914271884253986817_0,misleading_joint,,,,,,,,,
,main,hurricane_maria__914540213875200000__914540213875200000_3,clean,,,,,,,,,
,main,hurricane_maria__914540213875200000__914540213875200000_3,benign_image,,,,,,,,,
,main,hurricane_maria__914540213875200000__914540213875200000_3,benign_text,,,,,,,,,
,main,hurricane_maria__914540213875200000__914540213875200000_3,benign_joint,,,,,,,,,
,main,hurricane_maria__914540213875200000__914540213875200000_3,direct_image,,,,,,,,,
,main,hurricane_maria__914540213875200000__914540213875200000_3,direct_text,,,,,,,,,
,main,hurricane_maria__914540213875200000__914540213875200000_3,direct_joint,,,,,,,,,
,main,hurricane_maria__914540213875200000__914540213875200000_3,misleading_image,,,,,,,,,
,main,hurricane_maria__914540213875200000__914540213875200000_3,misleading_text,,,,,,,,,
,main,hurricane_maria__914540213875200000__914540213875200000_3,misleading_joint,,,,,,,,,
,main,hurricane_maria__914928771865694209__914928771865694209_0,clean,,,,,,,,,
,main,hurricane_maria__914928771865694209__914928771865694209_0,benign_image,,,,,,,,,
,main,hurricane_maria__914928771865694209__914928771865694209_0,benign_text,,,,,,,,,
,main,hurricane_maria__914928771865694209__914928771865694209_0,benign_joint,,,,,,,,,
,main,hurricane_maria__914928771865694209__914928771865694209_0,direct_image,,,,,,,,,
,main,hurricane_maria__914928771865694209__914928771865694209_0,direct_text,,,,,,,,,
,main,hurricane_maria__914928771865694209__914928771865694209_0,direct_joint,,,,,,,,,
,main,hurricane_maria__914928771865694209__914928771865694209_0,misleading_image,,,,,,,,,
,main,hurricane_maria__914928771865694209__914928771865694209_0,misleading_text,,,,,,,,,
,main,hurricane_maria__914928771865694209__914928771865694209_0,misleading_joint,,,,,,,,,
,main,hurricane_maria__915173788119109633__915173788119109633_0,clean,,,,,,,,,
,main,hurricane_maria__915173788119109633__915173788119109633_0,benign_image,,,,,,,,,
,main,hurricane_maria__915173788119109633__915173788119109633_0,benign_text,,,,,,,,,
,main,hurricane_maria__915173788119109633__915173788119109633_0,benign_joint,,,,,,,,,
,main,hurricane_maria__915173788119109633__915173788119109633_0,direct_image,,,,,,,,,
,main,hurricane_maria__915173788119109633__915173788119109633_0,direct_text,,,,,,,,,
,main,hurricane_maria__915173788119109633__915173788119109633_0,direct_joint,,,,,,,,,
,main,hurricane_maria__915173788119109633__915173788119109633_0,misleading_image,,,,,,,,,
,main,hurricane_maria__915173788119109633__915173788119109633_0,misleading_text,,,,,,,,,
,main,hurricane_maria__915173788119109633__915173788119109633_0,misleading_joint,,,,,,,,,
,main,hurricane_maria__915215052176789504__915215052176789504_0,clean,,,,,,,,,
,main,hurricane_maria__915215052176789504__915215052176789504_0,benign_image,,,,,,,,,
,main,hurricane_maria__915215052176789504__915215052176789504_0,benign_text,,,,,,,,,
,main,hurricane_maria__915215052176789504__915215052176789504_0,benign_joint,,,,,,,,,
,main,hurricane_maria__915215052176789504__915215052176789504_0,direct_image,,,,,,,,,
,main,hurricane_maria__915215052176789504__915215052176789504_0,direct_text,,,,,,,,,
,main,hurricane_maria__915215052176789504__915215052176789504_0,direct_joint,,,,,,,,,
,main,hurricane_maria__915215052176789504__915215052176789504_0,misleading_image,,,,,,,,,
,main,hurricane_maria__915215052176789504__915215052176789504_0,misleading_text,,,,,,,,,
,main,hurricane_maria__915215052176789504__915215052176789504_0,misleading_joint,,,,,,,,,
,main,hurricane_maria__915251009227776001__915251009227776001_1,clean,,,,,,,,,
,main,hurricane_maria__915251009227776001__915251009227776001_1,benign_image,,,,,,,,,
,main,hurricane_maria__915251009227776001__915251009227776001_1,benign_text,,,,,,,,,
,main,hurricane_maria__915251009227776001__915251009227776001_1,benign_joint,,,,,,,,,
,main,hurricane_maria__915251009227776001__915251009227776001_1,direct_image,,,,,,,,,
,main,hurricane_maria__915251009227776001__915251009227776001_1,direct_text,,,,,,,,,
,main,hurricane_maria__915251009227776001__915251009227776001_1,direct_joint,,,,,,,,,
,main,hurricane_maria__915251009227776001__915251009227776001_1,misleading_image,,,,,,,,,
,main,hurricane_maria__915251009227776001__915251009227776001_1,misleading_text,,,,,,,,,
,main,hurricane_maria__915251009227776001__915251009227776001_1,misleading_joint,,,,,,,,,
,main,hurricane_maria__915256404742688769__915256404742688769_1,clean,,,,,,,,,
,main,hurricane_maria__915256404742688769__915256404742688769_1,benign_image,,,,,,,,,
,main,hurricane_maria__915256404742688769__915256404742688769_1,benign_text,,,,,,,,,
,main,hurricane_maria__915256404742688769__915256404742688769_1,benign_joint,,,,,,,,,
,main,hurricane_maria__915256404742688769__915256404742688769_1,direct_image,,,,,,,,,
,main,hurricane_maria__915256404742688769__915256404742688769_1,direct_text,,,,,,,,,
,main,hurricane_maria__915256404742688769__915256404742688769_1,direct_joint,,,,,,,,,
,main,hurricane_maria__915256404742688769__915256404742688769_1,misleading_image,,,,,,,,,
,main,hurricane_maria__915256404742688769__915256404742688769_1,misleading_text,,,,,,,,,
,main,hurricane_maria__915256404742688769__915256404742688769_1,misleading_joint,,,,,,,,,
,main,hurricane_maria__915294511579897857__915294511579897857_0,clean,,,,,,,,,
,main,hurricane_maria__915294511579897857__915294511579897857_0,benign_image,,,,,,,,,
,main,hurricane_maria__915294511579897857__915294511579897857_0,benign_text,,,,,,,,,
,main,hurricane_maria__915294511579897857__915294511579897857_0,benign_joint,,,,,,,,,
,main,hurricane_maria__915294511579897857__915294511579897857_0,direct_image,,,,,,,,,
,main,hurricane_maria__915294511579897857__915294511579897857_0,direct_text,,,,,,,,,
,main,hurricane_maria__915294511579897857__915294511579897857_0,direct_joint,,,,,,,,,
,main,hurricane_maria__915294511579897857__915294511579897857_0,misleading_image,,,,,,,,,
,main,hurricane_maria__915294511579897857__915294511579897857_0,misleading_text,,,,,,,,,
,main,hurricane_maria__915294511579897857__915294511579897857_0,misleading_joint,,,,,,,,,
,main,hurricane_maria__915313036214325248__915313036214325248_0,clean,,,,,,,,,
,main,hurricane_maria__915313036214325248__915313036214325248_0,benign_image,,,,,,,,,
,main,hurricane_maria__915313036214325248__915313036214325248_0,benign_text,,,,,,,,,
,main,hurricane_maria__915313036214325248__915313036214325248_0,benign_joint,,,,,,,,,
,main,hurricane_maria__915313036214325248__915313036214325248_0,direct_image,,,,,,,,,
,main,hurricane_maria__915313036214325248__915313036214325248_0,direct_text,,,,,,,,,
,main,hurricane_maria__915313036214325248__915313036214325248_0,direct_joint,,,,,,,,,
,main,hurricane_maria__915313036214325248__915313036214325248_0,misleading_image,,,,,,,,,
,main,hurricane_maria__915313036214325248__915313036214325248_0,misleading_text,,,,,,,,,
,main,hurricane_maria__915313036214325248__915313036214325248_0,misleading_joint,,,,,,,,,
,main,hurricane_maria__915320338187243520__915320338187243520_0,clean,,,,,,,,,
,main,hurricane_maria__915320338187243520__915320338187243520_0,benign_image,,,,,,,,,
,main,hurricane_maria__915320338187243520__915320338187243520_0,benign_text,,,,,,,,,
,main,hurricane_maria__915320338187243520__915320338187243520_0,benign_joint,,,,,,,,,
,main,hurricane_maria__915320338187243520__915320338187243520_0,direct_image,,,,,,,,,
,main,hurricane_maria__915320338187243520__915320338187243520_0,direct_text,,,,,,,,,
,main,hurricane_maria__915320338187243520__915320338187243520_0,direct_joint,,,,,,,,,
,main,hurricane_maria__915320338187243520__915320338187243520_0,misleading_image,,,,,,,,,
,main,hurricane_maria__915320338187243520__915320338187243520_0,misleading_text,,,,,,,,,
,main,hurricane_maria__915320338187243520__915320338187243520_0,misleading_joint,,,,,,,,,
,main,hurricane_maria__915995595923435520__915995595923435520_0,clean,,,,,,,,,
,main,hurricane_maria__915995595923435520__915995595923435520_0,benign_image,,,,,,,,,
,main,hurricane_maria__915995595923435520__915995595923435520_0,benign_text,,,,,,,,,
,main,hurricane_maria__915995595923435520__915995595923435520_0,benign_joint,,,,,,,,,
,main,hurricane_maria__915995595923435520__915995595923435520_0,direct_image,,,,,,,,,
,main,hurricane_maria__915995595923435520__915995595923435520_0,direct_text,,,,,,,,,
,main,hurricane_maria__915995595923435520__915995595923435520_0,direct_joint,,,,,,,,,
,main,hurricane_maria__915995595923435520__915995595923435520_0,misleading_image,,,,,,,,,
,main,hurricane_maria__915995595923435520__915995595923435520_0,misleading_text,,,,,,,,,
,main,hurricane_maria__915995595923435520__915995595923435520_0,misleading_joint,,,,,,,,,
,main,hurricane_maria__915995949662576645__915995949662576645_1,clean,,,,,,,,,
,main,hurricane_maria__915995949662576645__915995949662576645_1,benign_image,,,,,,,,,
,main,hurricane_maria__915995949662576645__915995949662576645_1,benign_text,,,,,,,,,
,main,hurricane_maria__915995949662576645__915995949662576645_1,benign_joint,,,,,,,,,
,main,hurricane_maria__915995949662576645__915995949662576645_1,direct_image,,,,,,,,,
,main,hurricane_maria__915995949662576645__915995949662576645_1,direct_text,,,,,,,,,
,main,hurricane_maria__915995949662576645__915995949662576645_1,direct_joint,,,,,,,,,
,main,hurricane_maria__915995949662576645__915995949662576645_1,misleading_image,,,,,,,,,
,main,hurricane_maria__915995949662576645__915995949662576645_1,misleading_text,,,,,,,,,
,main,hurricane_maria__915995949662576645__915995949662576645_1,misleading_joint,,,,,,,,,
,main,hurricane_maria__916027872212656129__916027872212656129_2,clean,,,,,,,,,
,main,hurricane_maria__916027872212656129__916027872212656129_2,benign_image,,,,,,,,,
,main,hurricane_maria__916027872212656129__916027872212656129_2,benign_text,,,,,,,,,
,main,hurricane_maria__916027872212656129__916027872212656129_2,benign_joint,,,,,,,,,
,main,hurricane_maria__916027872212656129__916027872212656129_2,direct_image,,,,,,,,,
,main,hurricane_maria__916027872212656129__916027872212656129_2,direct_text,,,,,,,,,
,main,hurricane_maria__916027872212656129__916027872212656129_2,direct_joint,,,,,,,,,
,main,hurricane_maria__916027872212656129__916027872212656129_2,misleading_image,,,,,,,,,
,main,hurricane_maria__916027872212656129__916027872212656129_2,misleading_text,,,,,,,,,
,main,hurricane_maria__916027872212656129__916027872212656129_2,misleading_joint,,,,,,,,,
,main,hurricane_maria__916085953084710914__916085953084710914_0,clean,,,,,,,,,
,main,hurricane_maria__916085953084710914__916085953084710914_0,benign_image,,,,,,,,,
,main,hurricane_maria__916085953084710914__916085953084710914_0,benign_text,,,,,,,,,
,main,hurricane_maria__916085953084710914__916085953084710914_0,benign_joint,,,,,,,,,
,main,hurricane_maria__916085953084710914__916085953084710914_0,direct_image,,,,,,,,,
,main,hurricane_maria__916085953084710914__916085953084710914_0,direct_text,,,,,,,,,
,main,hurricane_maria__916085953084710914__916085953084710914_0,direct_joint,,,,,,,,,
,main,hurricane_maria__916085953084710914__916085953084710914_0,misleading_image,,,,,,,,,
,main,hurricane_maria__916085953084710914__916085953084710914_0,misleading_text,,,,,,,,,
,main,hurricane_maria__916085953084710914__916085953084710914_0,misleading_joint,,,,,,,,,
,main,hurricane_maria__916114156058763264__916114156058763264_0,clean,,,,,,,,,
,main,hurricane_maria__916114156058763264__916114156058763264_0,benign_image,,,,,,,,,
,main,hurricane_maria__916114156058763264__916114156058763264_0,benign_text,,,,,,,,,
,main,hurricane_maria__916114156058763264__916114156058763264_0,benign_joint,,,,,,,,,
,main,hurricane_maria__916114156058763264__916114156058763264_0,direct_image,,,,,,,,,
,main,hurricane_maria__916114156058763264__916114156058763264_0,direct_text,,,,,,,,,
,main,hurricane_maria__916114156058763264__916114156058763264_0,direct_joint,,,,,,,,,
,main,hurricane_maria__916114156058763264__916114156058763264_0,misleading_image,,,,,,,,,
,main,hurricane_maria__916114156058763264__916114156058763264_0,misleading_text,,,,,,,,,
,main,hurricane_maria__916114156058763264__916114156058763264_0,misleading_joint,,,,,,,,,
,main,hurricane_maria__916134570759802880__916134570759802880_0,clean,,,,,,,,,
,main,hurricane_maria__916134570759802880__916134570759802880_0,benign_image,,,,,,,,,
,main,hurricane_maria__916134570759802880__916134570759802880_0,benign_text,,,,,,,,,
,main,hurricane_maria__916134570759802880__916134570759802880_0,benign_joint,,,,,,,,,
,main,hurricane_maria__916134570759802880__916134570759802880_0,direct_image,,,,,,,,,
,main,hurricane_maria__916134570759802880__916134570759802880_0,direct_text,,,,,,,,,
,main,hurricane_maria__916134570759802880__916134570759802880_0,direct_joint,,,,,,,,,
,main,hurricane_maria__916134570759802880__916134570759802880_0,misleading_image,,,,,,,,,
,main,hurricane_maria__916134570759802880__916134570759802880_0,misleading_text,,,,,,,,,
,main,hurricane_maria__916134570759802880__916134570759802880_0,misleading_joint,,,,,,,,,
,main,hurricane_maria__916148763105943552__916148763105943552_0,clean,,,,,,,,,
,main,hurricane_maria__916148763105943552__916148763105943552_0,benign_image,,,,,,,,,
,main,hurricane_maria__916148763105943552__916148763105943552_0,benign_text,,,,,,,,,
,main,hurricane_maria__916148763105943552__916148763105943552_0,benign_joint,,,,,,,,,
,main,hurricane_maria__916148763105943552__916148763105943552_0,direct_image,,,,,,,,,
,main,hurricane_maria__916148763105943552__916148763105943552_0,direct_text,,,,,,,,,
,main,hurricane_maria__916148763105943552__916148763105943552_0,direct_joint,,,,,,,,,
,main,hurricane_maria__916148763105943552__916148763105943552_0,misleading_image,,,,,,,,,
,main,hurricane_maria__916148763105943552__916148763105943552_0,misleading_text,,,,,,,,,
,main,hurricane_maria__916148763105943552__916148763105943552_0,misleading_joint,,,,,,,,,
,main,hurricane_maria__916262585552556032__916262585552556032_0,clean,,,,,,,,,
,main,hurricane_maria__916262585552556032__916262585552556032_0,benign_image,,,,,,,,,
,main,hurricane_maria__916262585552556032__916262585552556032_0,benign_text,,,,,,,,,
,main,hurricane_maria__916262585552556032__916262585552556032_0,benign_joint,,,,,,,,,
,main,hurricane_maria__916262585552556032__916262585552556032_0,direct_image,,,,,,,,,
,main,hurricane_maria__916262585552556032__916262585552556032_0,direct_text,,,,,,,,,
,main,hurricane_maria__916262585552556032__916262585552556032_0,direct_joint,,,,,,,,,
,main,hurricane_maria__916262585552556032__916262585552556032_0,misleading_image,,,,,,,,,
,main,hurricane_maria__916262585552556032__916262585552556032_0,misleading_text,,,,,,,,,
,main,hurricane_maria__916262585552556032__916262585552556032_0,misleading_joint,,,,,,,,,
,main,hurricane_maria__916310521661591552__916310521661591552_0,clean,,,,,,,,,
,main,hurricane_maria__916310521661591552__916310521661591552_0,benign_image,,,,,,,,,
,main,hurricane_maria__916310521661591552__916310521661591552_0,benign_text,,,,,,,,,
,main,hurricane_maria__916310521661591552__916310521661591552_0,benign_joint,,,,,,,,,
,main,hurricane_maria__916310521661591552__916310521661591552_0,direct_image,,,,,,,,,
,main,hurricane_maria__916310521661591552__916310521661591552_0,direct_text,,,,,,,,,
,main,hurricane_maria__916310521661591552__916310521661591552_0,direct_joint,,,,,,,,,
,main,hurricane_maria__916310521661591552__916310521661591552_0,misleading_image,,,,,,,,,
,main,hurricane_maria__916310521661591552__916310521661591552_0,misleading_text,,,,,,,,,
,main,hurricane_maria__916310521661591552__916310521661591552_0,misleading_joint,,,,,,,,,
,main,hurricane_maria__921306645833175040__921306645833175040_0,clean,,,,,,,,,
,main,hurricane_maria__921306645833175040__921306645833175040_0,benign_image,,,,,,,,,
,main,hurricane_maria__921306645833175040__921306645833175040_0,benign_text,,,,,,,,,
,main,hurricane_maria__921306645833175040__921306645833175040_0,benign_joint,,,,,,,,,
,main,hurricane_maria__921306645833175040__921306645833175040_0,direct_image,,,,,,,,,
,main,hurricane_maria__921306645833175040__921306645833175040_0,direct_text,,,,,,,,,
,main,hurricane_maria__921306645833175040__921306645833175040_0,direct_joint,,,,,,,,,
,main,hurricane_maria__921306645833175040__921306645833175040_0,misleading_image,,,,,,,,,
,main,hurricane_maria__921306645833175040__921306645833175040_0,misleading_text,,,,,,,,,
,main,hurricane_maria__921306645833175040__921306645833175040_0,misleading_joint,,,,,,,,,
,main,hurricane_maria__921316214441463808__921316214441463808_1,clean,,,,,,,,,
,main,hurricane_maria__921316214441463808__921316214441463808_1,benign_image,,,,,,,,,
,main,hurricane_maria__921316214441463808__921316214441463808_1,benign_text,,,,,,,,,
,main,hurricane_maria__921316214441463808__921316214441463808_1,benign_joint,,,,,,,,,
,main,hurricane_maria__921316214441463808__921316214441463808_1,direct_image,,,,,,,,,
,main,hurricane_maria__921316214441463808__921316214441463808_1,direct_text,,,,,,,,,
,main,hurricane_maria__921316214441463808__921316214441463808_1,direct_joint,,,,,,,,,
,main,hurricane_maria__921316214441463808__921316214441463808_1,misleading_image,,,,,,,,,
,main,hurricane_maria__921316214441463808__921316214441463808_1,misleading_text,,,,,,,,,
,main,hurricane_maria__921316214441463808__921316214441463808_1,misleading_joint,,,,,,,,,
,main,hurricane_maria__921317041365245952__921317041365245952_0,clean,,,,,,,,,
,main,hurricane_maria__921317041365245952__921317041365245952_0,benign_image,,,,,,,,,
,main,hurricane_maria__921317041365245952__921317041365245952_0,benign_text,,,,,,,,,
,main,hurricane_maria__921317041365245952__921317041365245952_0,benign_joint,,,,,,,,,
,main,hurricane_maria__921317041365245952__921317041365245952_0,direct_image,,,,,,,,,
,main,hurricane_maria__921317041365245952__921317041365245952_0,direct_text,,,,,,,,,
,main,hurricane_maria__921317041365245952__921317041365245952_0,direct_joint,,,,,,,,,
,main,hurricane_maria__921317041365245952__921317041365245952_0,misleading_image,,,,,,,,,
,main,hurricane_maria__921317041365245952__921317041365245952_0,misleading_text,,,,,,,,,
,main,hurricane_maria__921317041365245952__921317041365245952_0,misleading_joint,,,,,,,,,
,main,hurricane_maria__921364937661976576__921364937661976576_0,clean,,,,,,,,,
,main,hurricane_maria__921364937661976576__921364937661976576_0,benign_image,,,,,,,,,
,main,hurricane_maria__921364937661976576__921364937661976576_0,benign_text,,,,,,,,,
,main,hurricane_maria__921364937661976576__921364937661976576_0,benign_joint,,,,,,,,,
,main,hurricane_maria__921364937661976576__921364937661976576_0,direct_image,,,,,,,,,
,main,hurricane_maria__921364937661976576__921364937661976576_0,direct_text,,,,,,,,,
,main,hurricane_maria__921364937661976576__921364937661976576_0,direct_joint,,,,,,,,,
,main,hurricane_maria__921364937661976576__921364937661976576_0,misleading_image,,,,,,,,,
,main,hurricane_maria__921364937661976576__921364937661976576_0,misleading_text,,,,,,,,,
,main,hurricane_maria__921364937661976576__921364937661976576_0,misleading_joint,,,,,,,,,
,main,hurricane_maria__921382178625335296__921382178625335296_0,clean,,,,,,,,,
,main,hurricane_maria__921382178625335296__921382178625335296_0,benign_image,,,,,,,,,
,main,hurricane_maria__921382178625335296__921382178625335296_0,benign_text,,,,,,,,,
,main,hurricane_maria__921382178625335296__921382178625335296_0,benign_joint,,,,,,,,,
,main,hurricane_maria__921382178625335296__921382178625335296_0,direct_image,,,,,,,,,
,main,hurricane_maria__921382178625335296__921382178625335296_0,direct_text,,,,,,,,,
,main,hurricane_maria__921382178625335296__921382178625335296_0,direct_joint,,,,,,,,,
,main,hurricane_maria__921382178625335296__921382178625335296_0,misleading_image,,,,,,,,,
,main,hurricane_maria__921382178625335296__921382178625335296_0,misleading_text,,,,,,,,,
,main,hurricane_maria__921382178625335296__921382178625335296_0,misleading_joint,,,,,,,,,
,main,hurricane_maria__921385789635944448__921385789635944448_0,clean,,,,,,,,,
,main,hurricane_maria__921385789635944448__921385789635944448_0,benign_image,,,,,,,,,
,main,hurricane_maria__921385789635944448__921385789635944448_0,benign_text,,,,,,,,,
,main,hurricane_maria__921385789635944448__921385789635944448_0,benign_joint,,,,,,,,,
,main,hurricane_maria__921385789635944448__921385789635944448_0,direct_image,,,,,,,,,
,main,hurricane_maria__921385789635944448__921385789635944448_0,direct_text,,,,,,,,,
,main,hurricane_maria__921385789635944448__921385789635944448_0,direct_joint,,,,,,,,,
,main,hurricane_maria__921385789635944448__921385789635944448_0,misleading_image,,,,,,,,,
,main,hurricane_maria__921385789635944448__921385789635944448_0,misleading_text,,,,,,,,,
,main,hurricane_maria__921385789635944448__921385789635944448_0,misleading_joint,,,,,,,,,
,main,hurricane_maria__921390909031354368__921390909031354368_0,clean,,,,,,,,,
,main,hurricane_maria__921390909031354368__921390909031354368_0,benign_image,,,,,,,,,
,main,hurricane_maria__921390909031354368__921390909031354368_0,benign_text,,,,,,,,,
,main,hurricane_maria__921390909031354368__921390909031354368_0,benign_joint,,,,,,,,,
,main,hurricane_maria__921390909031354368__921390909031354368_0,direct_image,,,,,,,,,
,main,hurricane_maria__921390909031354368__921390909031354368_0,direct_text,,,,,,,,,
,main,hurricane_maria__921390909031354368__921390909031354368_0,direct_joint,,,,,,,,,
,main,hurricane_maria__921390909031354368__921390909031354368_0,misleading_image,,,,,,,,,
,main,hurricane_maria__921390909031354368__921390909031354368_0,misleading_text,,,,,,,,,
,main,hurricane_maria__921390909031354368__921390909031354368_0,misleading_joint,,,,,,,,,
,main,hurricane_maria__921433090177863680__921433090177863680_0,clean,,,,,,,,,
,main,hurricane_maria__921433090177863680__921433090177863680_0,benign_image,,,,,,,,,
,main,hurricane_maria__921433090177863680__921433090177863680_0,benign_text,,,,,,,,,
,main,hurricane_maria__921433090177863680__921433090177863680_0,benign_joint,,,,,,,,,
,main,hurricane_maria__921433090177863680__921433090177863680_0,direct_image,,,,,,,,,
,main,hurricane_maria__921433090177863680__921433090177863680_0,direct_text,,,,,,,,,
,main,hurricane_maria__921433090177863680__921433090177863680_0,direct_joint,,,,,,,,,
,main,hurricane_maria__921433090177863680__921433090177863680_0,misleading_image,,,,,,,,,
,main,hurricane_maria__921433090177863680__921433090177863680_0,misleading_text,,,,,,,,,
,main,hurricane_maria__921433090177863680__921433090177863680_0,misleading_joint,,,,,,,,,
,main,hurricane_maria__921443803457781766__921443803457781766_1,clean,,,,,,,,,
,main,hurricane_maria__921443803457781766__921443803457781766_1,benign_image,,,,,,,,,
,main,hurricane_maria__921443803457781766__921443803457781766_1,benign_text,,,,,,,,,
,main,hurricane_maria__921443803457781766__921443803457781766_1,benign_joint,,,,,,,,,
,main,hurricane_maria__921443803457781766__921443803457781766_1,direct_image,,,,,,,,,
,main,hurricane_maria__921443803457781766__921443803457781766_1,direct_text,,,,,,,,,
,main,hurricane_maria__921443803457781766__921443803457781766_1,direct_joint,,,,,,,,,
,main,hurricane_maria__921443803457781766__921443803457781766_1,misleading_image,,,,,,,,,
,main,hurricane_maria__921443803457781766__921443803457781766_1,misleading_text,,,,,,,,,
,main,hurricane_maria__921443803457781766__921443803457781766_1,misleading_joint,,,,,,,,,
,main,hurricane_maria__921542604801626112__921542604801626112_0,clean,,,,,,,,,
,main,hurricane_maria__921542604801626112__921542604801626112_0,benign_image,,,,,,,,,
,main,hurricane_maria__921542604801626112__921542604801626112_0,benign_text,,,,,,,,,
,main,hurricane_maria__921542604801626112__921542604801626112_0,benign_joint,,,,,,,,,
,main,hurricane_maria__921542604801626112__921542604801626112_0,direct_image,,,,,,,,,
,main,hurricane_maria__921542604801626112__921542604801626112_0,direct_text,,,,,,,,,
,main,hurricane_maria__921542604801626112__921542604801626112_0,direct_joint,,,,,,,,,
,main,hurricane_maria__921542604801626112__921542604801626112_0,misleading_image,,,,,,,,,
,main,hurricane_maria__921542604801626112__921542604801626112_0,misleading_text,,,,,,,,,
,main,hurricane_maria__921542604801626112__921542604801626112_0,misleading_joint,,,,,,,,,
,main,hurricane_maria__921756266531143680__921756266531143680_0,clean,,,,,,,,,
,main,hurricane_maria__921756266531143680__921756266531143680_0,benign_image,,,,,,,,,
,main,hurricane_maria__921756266531143680__921756266531143680_0,benign_text,,,,,,,,,
,main,hurricane_maria__921756266531143680__921756266531143680_0,benign_joint,,,,,,,,,
,main,hurricane_maria__921756266531143680__921756266531143680_0,direct_image,,,,,,,,,
,main,hurricane_maria__921756266531143680__921756266531143680_0,direct_text,,,,,,,,,
,main,hurricane_maria__921756266531143680__921756266531143680_0,direct_joint,,,,,,,,,
,main,hurricane_maria__921756266531143680__921756266531143680_0,misleading_image,,,,,,,,,
,main,hurricane_maria__921756266531143680__921756266531143680_0,misleading_text,,,,,,,,,
,main,hurricane_maria__921756266531143680__921756266531143680_0,misleading_joint,,,,,,,,,
,main,hurricane_maria__921780671760171008__921780671760171008_0,clean,,,,,,,,,
,main,hurricane_maria__921780671760171008__921780671760171008_0,benign_image,,,,,,,,,
,main,hurricane_maria__921780671760171008__921780671760171008_0,benign_text,,,,,,,,,
,main,hurricane_maria__921780671760171008__921780671760171008_0,benign_joint,,,,,,,,,
,main,hurricane_maria__921780671760171008__921780671760171008_0,direct_image,,,,,,,,,
,main,hurricane_maria__921780671760171008__921780671760171008_0,direct_text,,,,,,,,,
,main,hurricane_maria__921780671760171008__921780671760171008_0,direct_joint,,,,,,,,,
,main,hurricane_maria__921780671760171008__921780671760171008_0,misleading_image,,,,,,,,,
,main,hurricane_maria__921780671760171008__921780671760171008_0,misleading_text,,,,,,,,,
,main,hurricane_maria__921780671760171008__921780671760171008_0,misleading_joint,,,,,,,,,
,main,hurricane_maria__921785922005250048__921785922005250048_0,clean,,,,,,,,,
,main,hurricane_maria__921785922005250048__921785922005250048_0,benign_image,,,,,,,,,
,main,hurricane_maria__921785922005250048__921785922005250048_0,benign_text,,,,,,,,,
,main,hurricane_maria__921785922005250048__921785922005250048_0,benign_joint,,,,,,,,,
,main,hurricane_maria__921785922005250048__921785922005250048_0,direct_image,,,,,,,,,
,main,hurricane_maria__921785922005250048__921785922005250048_0,direct_text,,,,,,,,,
,main,hurricane_maria__921785922005250048__921785922005250048_0,direct_joint,,,,,,,,,
,main,hurricane_maria__921785922005250048__921785922005250048_0,misleading_image,,,,,,,,,
,main,hurricane_maria__921785922005250048__921785922005250048_0,misleading_text,,,,,,,,,
,main,hurricane_maria__921785922005250048__921785922005250048_0,misleading_joint,,,,,,,,,
,main,hurricane_maria__921873063628730368__921873063628730368_0,clean,,,,,,,,,
,main,hurricane_maria__921873063628730368__921873063628730368_0,benign_image,,,,,,,,,
,main,hurricane_maria__921873063628730368__921873063628730368_0,benign_text,,,,,,,,,
,main,hurricane_maria__921873063628730368__921873063628730368_0,benign_joint,,,,,,,,,
,main,hurricane_maria__921873063628730368__921873063628730368_0,direct_image,,,,,,,,,
,main,hurricane_maria__921873063628730368__921873063628730368_0,direct_text,,,,,,,,,
,main,hurricane_maria__921873063628730368__921873063628730368_0,direct_joint,,,,,,,,,
,main,hurricane_maria__921873063628730368__921873063628730368_0,misleading_image,,,,,,,,,
,main,hurricane_maria__921873063628730368__921873063628730368_0,misleading_text,,,,,,,,,
,main,hurricane_maria__921873063628730368__921873063628730368_0,misleading_joint,,,,,,,,,
,main,hurricane_maria__921914898665394176__921914898665394176_0,clean,,,,,,,,,
,main,hurricane_maria__921914898665394176__921914898665394176_0,benign_image,,,,,,,,,
,main,hurricane_maria__921914898665394176__921914898665394176_0,benign_text,,,,,,,,,
,main,hurricane_maria__921914898665394176__921914898665394176_0,benign_joint,,,,,,,,,
,main,hurricane_maria__921914898665394176__921914898665394176_0,direct_image,,,,,,,,,
,main,hurricane_maria__921914898665394176__921914898665394176_0,direct_text,,,,,,,,,
,main,hurricane_maria__921914898665394176__921914898665394176_0,direct_joint,,,,,,,,,
,main,hurricane_maria__921914898665394176__921914898665394176_0,misleading_image,,,,,,,,,
,main,hurricane_maria__921914898665394176__921914898665394176_0,misleading_text,,,,,,,,,
,main,hurricane_maria__921914898665394176__921914898665394176_0,misleading_joint,,,,,,,,,
,main,hurricane_maria__922004023439511552__922004023439511552_0,clean,,,,,,,,,
,main,hurricane_maria__922004023439511552__922004023439511552_0,benign_image,,,,,,,,,
,main,hurricane_maria__922004023439511552__922004023439511552_0,benign_text,,,,,,,,,
,main,hurricane_maria__922004023439511552__922004023439511552_0,benign_joint,,,,,,,,,
,main,hurricane_maria__922004023439511552__922004023439511552_0,direct_image,,,,,,,,,
,main,hurricane_maria__922004023439511552__922004023439511552_0,direct_text,,,,,,,,,
,main,hurricane_maria__922004023439511552__922004023439511552_0,direct_joint,,,,,,,,,
,main,hurricane_maria__922004023439511552__922004023439511552_0,misleading_image,,,,,,,,,
,main,hurricane_maria__922004023439511552__922004023439511552_0,misleading_text,,,,,,,,,
,main,hurricane_maria__922004023439511552__922004023439511552_0,misleading_joint,,,,,,,,,
,main,hurricane_maria__922015756140843008__922015756140843008_2,clean,,,,,,,,,
,main,hurricane_maria__922015756140843008__922015756140843008_2,benign_image,,,,,,,,,
,main,hurricane_maria__922015756140843008__922015756140843008_2,benign_text,,,,,,,,,
,main,hurricane_maria__922015756140843008__922015756140843008_2,benign_joint,,,,,,,,,
,main,hurricane_maria__922015756140843008__922015756140843008_2,direct_image,,,,,,,,,
,main,hurricane_maria__922015756140843008__922015756140843008_2,direct_text,,,,,,,,,
,main,hurricane_maria__922015756140843008__922015756140843008_2,direct_joint,,,,,,,,,
,main,hurricane_maria__922015756140843008__922015756140843008_2,misleading_image,,,,,,,,,
,main,hurricane_maria__922015756140843008__922015756140843008_2,misleading_text,,,,,,,,,
,main,hurricane_maria__922015756140843008__922015756140843008_2,misleading_joint,,,,,,,,,
,main,hurricane_maria__922371089078026240__922371089078026240_0,clean,,,,,,,,,
,main,hurricane_maria__922371089078026240__922371089078026240_0,benign_image,,,,,,,,,
,main,hurricane_maria__922371089078026240__922371089078026240_0,benign_text,,,,,,,,,
,main,hurricane_maria__922371089078026240__922371089078026240_0,benign_joint,,,,,,,,,
,main,hurricane_maria__922371089078026240__922371089078026240_0,direct_image,,,,,,,,,
,main,hurricane_maria__922371089078026240__922371089078026240_0,direct_text,,,,,,,,,
,main,hurricane_maria__922371089078026240__922371089078026240_0,direct_joint,,,,,,,,,
,main,hurricane_maria__922371089078026240__922371089078026240_0,misleading_image,,,,,,,,,
,main,hurricane_maria__922371089078026240__922371089078026240_0,misleading_text,,,,,,,,,
,main,hurricane_maria__922371089078026240__922371089078026240_0,misleading_joint,,,,,,,,,
,main,hurricane_maria__922474905538564096__922474905538564096_0,clean,,,,,,,,,
,main,hurricane_maria__922474905538564096__922474905538564096_0,benign_image,,,,,,,,,
,main,hurricane_maria__922474905538564096__922474905538564096_0,benign_text,,,,,,,,,
,main,hurricane_maria__922474905538564096__922474905538564096_0,benign_joint,,,,,,,,,
,main,hurricane_maria__922474905538564096__922474905538564096_0,direct_image,,,,,,,,,
,main,hurricane_maria__922474905538564096__922474905538564096_0,direct_text,,,,,,,,,
,main,hurricane_maria__922474905538564096__922474905538564096_0,direct_joint,,,,,,,,,
,main,hurricane_maria__922474905538564096__922474905538564096_0,misleading_image,,,,,,,,,
,main,hurricane_maria__922474905538564096__922474905538564096_0,misleading_text,,,,,,,,,
,main,hurricane_maria__922474905538564096__922474905538564096_0,misleading_joint,,,,,,,,,
,main,hurricane_maria__922496274129129473__922496274129129473_0,clean,,,,,,,,,
,main,hurricane_maria__922496274129129473__922496274129129473_0,benign_image,,,,,,,,,
,main,hurricane_maria__922496274129129473__922496274129129473_0,benign_text,,,,,,,,,
,main,hurricane_maria__922496274129129473__922496274129129473_0,benign_joint,,,,,,,,,
,main,hurricane_maria__922496274129129473__922496274129129473_0,direct_image,,,,,,,,,
,main,hurricane_maria__922496274129129473__922496274129129473_0,direct_text,,,,,,,,,
,main,hurricane_maria__922496274129129473__922496274129129473_0,direct_joint,,,,,,,,,
,main,hurricane_maria__922496274129129473__922496274129129473_0,misleading_image,,,,,,,,,
,main,hurricane_maria__922496274129129473__922496274129129473_0,misleading_text,,,,,,,,,
,main,hurricane_maria__922496274129129473__922496274129129473_0,misleading_joint,,,,,,,,,
,main,hurricane_maria__922515469399134208__922515469399134208_0,clean,,,,,,,,,
,main,hurricane_maria__922515469399134208__922515469399134208_0,benign_image,,,,,,,,,
,main,hurricane_maria__922515469399134208__922515469399134208_0,benign_text,,,,,,,,,
,main,hurricane_maria__922515469399134208__922515469399134208_0,benign_joint,,,,,,,,,
,main,hurricane_maria__922515469399134208__922515469399134208_0,direct_image,,,,,,,,,
,main,hurricane_maria__922515469399134208__922515469399134208_0,direct_text,,,,,,,,,
,main,hurricane_maria__922515469399134208__922515469399134208_0,direct_joint,,,,,,,,,
,main,hurricane_maria__922515469399134208__922515469399134208_0,misleading_image,,,,,,,,,
,main,hurricane_maria__922515469399134208__922515469399134208_0,misleading_text,,,,,,,,,
,main,hurricane_maria__922515469399134208__922515469399134208_0,misleading_joint,,,,,,,,,
,main,hurricane_maria__922610290281402368__922610290281402368_1,clean,,,,,,,,,
,main,hurricane_maria__922610290281402368__922610290281402368_1,benign_image,,,,,,,,,
,main,hurricane_maria__922610290281402368__922610290281402368_1,benign_text,,,,,,,,,
,main,hurricane_maria__922610290281402368__922610290281402368_1,benign_joint,,,,,,,,,
,main,hurricane_maria__922610290281402368__922610290281402368_1,direct_image,,,,,,,,,
,main,hurricane_maria__922610290281402368__922610290281402368_1,direct_text,,,,,,,,,
,main,hurricane_maria__922610290281402368__922610290281402368_1,direct_joint,,,,,,,,,
,main,hurricane_maria__922610290281402368__922610290281402368_1,misleading_image,,,,,,,,,
,main,hurricane_maria__922610290281402368__922610290281402368_1,misleading_text,,,,,,,,,
,main,hurricane_maria__922610290281402368__922610290281402368_1,misleading_joint,,,,,,,,,
,main,hurricane_maria__922675551835508736__922675551835508736_0,clean,,,,,,,,,
,main,hurricane_maria__922675551835508736__922675551835508736_0,benign_image,,,,,,,,,
,main,hurricane_maria__922675551835508736__922675551835508736_0,benign_text,,,,,,,,,
,main,hurricane_maria__922675551835508736__922675551835508736_0,benign_joint,,,,,,,,,
,main,hurricane_maria__922675551835508736__922675551835508736_0,direct_image,,,,,,,,,
,main,hurricane_maria__922675551835508736__922675551835508736_0,direct_text,,,,,,,,,
,main,hurricane_maria__922675551835508736__922675551835508736_0,direct_joint,,,,,,,,,
,main,hurricane_maria__922675551835508736__922675551835508736_0,misleading_image,,,,,,,,,
,main,hurricane_maria__922675551835508736__922675551835508736_0,misleading_text,,,,,,,,,
,main,hurricane_maria__922675551835508736__922675551835508736_0,misleading_joint,,,,,,,,,
,main,hurricane_maria__922881031463755776__922881031463755776_0,clean,,,,,,,,,
,main,hurricane_maria__922881031463755776__922881031463755776_0,benign_image,,,,,,,,,
,main,hurricane_maria__922881031463755776__922881031463755776_0,benign_text,,,,,,,,,
,main,hurricane_maria__922881031463755776__922881031463755776_0,benign_joint,,,,,,,,,
,main,hurricane_maria__922881031463755776__922881031463755776_0,direct_image,,,,,,,,,
,main,hurricane_maria__922881031463755776__922881031463755776_0,direct_text,,,,,,,,,
,main,hurricane_maria__922881031463755776__922881031463755776_0,direct_joint,,,,,,,,,
,main,hurricane_maria__922881031463755776__922881031463755776_0,misleading_image,,,,,,,,,
,main,hurricane_maria__922881031463755776__922881031463755776_0,misleading_text,,,,,,,,,
,main,hurricane_maria__922881031463755776__922881031463755776_0,misleading_joint,,,,,,,,,
,main,hurricane_maria__922915653887049729__922915653887049729_0,clean,,,,,,,,,
,main,hurricane_maria__922915653887049729__922915653887049729_0,benign_image,,,,,,,,,
,main,hurricane_maria__922915653887049729__922915653887049729_0,benign_text,,,,,,,,,
,main,hurricane_maria__922915653887049729__922915653887049729_0,benign_joint,,,,,,,,,
,main,hurricane_maria__922915653887049729__922915653887049729_0,direct_image,,,,,,,,,
,main,hurricane_maria__922915653887049729__922915653887049729_0,direct_text,,,,,,,,,
,main,hurricane_maria__922915653887049729__922915653887049729_0,direct_joint,,,,,,,,,
,main,hurricane_maria__922915653887049729__922915653887049729_0,misleading_image,,,,,,,,,
,main,hurricane_maria__922915653887049729__922915653887049729_0,misleading_text,,,,,,,,,
,main,hurricane_maria__922915653887049729__922915653887049729_0,misleading_joint,,,,,,,,,
,main,hurricane_maria__922977569732988928__922977569732988928_0,clean,,,,,,,,,
,main,hurricane_maria__922977569732988928__922977569732988928_0,benign_image,,,,,,,,,
,main,hurricane_maria__922977569732988928__922977569732988928_0,benign_text,,,,,,,,,
,main,hurricane_maria__922977569732988928__922977569732988928_0,benign_joint,,,,,,,,,
,main,hurricane_maria__922977569732988928__922977569732988928_0,direct_image,,,,,,,,,
,main,hurricane_maria__922977569732988928__922977569732988928_0,direct_text,,,,,,,,,
,main,hurricane_maria__922977569732988928__922977569732988928_0,direct_joint,,,,,,,,,
,main,hurricane_maria__922977569732988928__922977569732988928_0,misleading_image,,,,,,,,,
,main,hurricane_maria__922977569732988928__922977569732988928_0,misleading_text,,,,,,,,,
,main,hurricane_maria__922977569732988928__922977569732988928_0,misleading_joint,,,,,,,,,
,main,hurricane_maria__923035424838254592__923035424838254592_0,clean,,,,,,,,,
,main,hurricane_maria__923035424838254592__923035424838254592_0,benign_image,,,,,,,,,
,main,hurricane_maria__923035424838254592__923035424838254592_0,benign_text,,,,,,,,,
,main,hurricane_maria__923035424838254592__923035424838254592_0,benign_joint,,,,,,,,,
,main,hurricane_maria__923035424838254592__923035424838254592_0,direct_image,,,,,,,,,
,main,hurricane_maria__923035424838254592__923035424838254592_0,direct_text,,,,,,,,,
,main,hurricane_maria__923035424838254592__923035424838254592_0,direct_joint,,,,,,,,,
,main,hurricane_maria__923035424838254592__923035424838254592_0,misleading_image,,,,,,,,,
,main,hurricane_maria__923035424838254592__923035424838254592_0,misleading_text,,,,,,,,,
,main,hurricane_maria__923035424838254592__923035424838254592_0,misleading_joint,,,,,,,,,
,main,hurricane_maria__923133826171154432__923133826171154432_0,clean,,,,,,,,,
,main,hurricane_maria__923133826171154432__923133826171154432_0,benign_image,,,,,,,,,
,main,hurricane_maria__923133826171154432__923133826171154432_0,benign_text,,,,,,,,,
,main,hurricane_maria__923133826171154432__923133826171154432_0,benign_joint,,,,,,,,,
,main,hurricane_maria__923133826171154432__923133826171154432_0,direct_image,,,,,,,,,
,main,hurricane_maria__923133826171154432__923133826171154432_0,direct_text,,,,,,,,,
,main,hurricane_maria__923133826171154432__923133826171154432_0,direct_joint,,,,,,,,,
,main,hurricane_maria__923133826171154432__923133826171154432_0,misleading_image,,,,,,,,,
,main,hurricane_maria__923133826171154432__923133826171154432_0,misleading_text,,,,,,,,,
,main,hurricane_maria__923133826171154432__923133826171154432_0,misleading_joint,,,,,,,,,
,main,hurricane_maria__923193683196887040__923193683196887040_0,clean,,,,,,,,,
,main,hurricane_maria__923193683196887040__923193683196887040_0,benign_image,,,,,,,,,
,main,hurricane_maria__923193683196887040__923193683196887040_0,benign_text,,,,,,,,,
,main,hurricane_maria__923193683196887040__923193683196887040_0,benign_joint,,,,,,,,,
,main,hurricane_maria__923193683196887040__923193683196887040_0,direct_image,,,,,,,,,
,main,hurricane_maria__923193683196887040__923193683196887040_0,direct_text,,,,,,,,,
,main,hurricane_maria__923193683196887040__923193683196887040_0,direct_joint,,,,,,,,,
,main,hurricane_maria__923193683196887040__923193683196887040_0,misleading_image,,,,,,,,,
,main,hurricane_maria__923193683196887040__923193683196887040_0,misleading_text,,,,,,,,,
,main,hurricane_maria__923193683196887040__923193683196887040_0,misleading_joint,,,,,,,,,
,main,hurricane_maria__923212089774063616__923212089774063616_0,clean,,,,,,,,,
,main,hurricane_maria__923212089774063616__923212089774063616_0,benign_image,,,,,,,,,
,main,hurricane_maria__923212089774063616__923212089774063616_0,benign_text,,,,,,,,,
,main,hurricane_maria__923212089774063616__923212089774063616_0,benign_joint,,,,,,,,,
,main,hurricane_maria__923212089774063616__923212089774063616_0,direct_image,,,,,,,,,
,main,hurricane_maria__923212089774063616__923212089774063616_0,direct_text,,,,,,,,,
,main,hurricane_maria__923212089774063616__923212089774063616_0,direct_joint,,,,,,,,,
,main,hurricane_maria__923212089774063616__923212089774063616_0,misleading_image,,,,,,,,,
,main,hurricane_maria__923212089774063616__923212089774063616_0,misleading_text,,,,,,,,,
,main,hurricane_maria__923212089774063616__923212089774063616_0,misleading_joint,,,,,,,,,
,main,hurricane_maria__923262755246878720__923262755246878720_0,clean,,,,,,,,,
,main,hurricane_maria__923262755246878720__923262755246878720_0,benign_image,,,,,,,,,
,main,hurricane_maria__923262755246878720__923262755246878720_0,benign_text,,,,,,,,,
,main,hurricane_maria__923262755246878720__923262755246878720_0,benign_joint,,,,,,,,,
,main,hurricane_maria__923262755246878720__923262755246878720_0,direct_image,,,,,,,,,
,main,hurricane_maria__923262755246878720__923262755246878720_0,direct_text,,,,,,,,,
,main,hurricane_maria__923262755246878720__923262755246878720_0,direct_joint,,,,,,,,,
,main,hurricane_maria__923262755246878720__923262755246878720_0,misleading_image,,,,,,,,,
,main,hurricane_maria__923262755246878720__923262755246878720_0,misleading_text,,,,,,,,,
,main,hurricane_maria__923262755246878720__923262755246878720_0,misleading_joint,,,,,,,,,
,main,hurricane_maria__923262758992465920__923262758992465920_3,clean,,,,,,,,,
,main,hurricane_maria__923262758992465920__923262758992465920_3,benign_image,,,,,,,,,
,main,hurricane_maria__923262758992465920__923262758992465920_3,benign_text,,,,,,,,,
,main,hurricane_maria__923262758992465920__923262758992465920_3,benign_joint,,,,,,,,,
,main,hurricane_maria__923262758992465920__923262758992465920_3,direct_image,,,,,,,,,
,main,hurricane_maria__923262758992465920__923262758992465920_3,direct_text,,,,,,,,,
,main,hurricane_maria__923262758992465920__923262758992465920_3,direct_joint,,,,,,,,,
,main,hurricane_maria__923262758992465920__923262758992465920_3,misleading_image,,,,,,,,,
,main,hurricane_maria__923262758992465920__923262758992465920_3,misleading_text,,,,,,,,,
,main,hurricane_maria__923262758992465920__923262758992465920_3,misleading_joint,,,,,,,,,
,main,hurricane_maria__923285999777669120__923285999777669120_0,clean,,,,,,,,,
,main,hurricane_maria__923285999777669120__923285999777669120_0,benign_image,,,,,,,,,
,main,hurricane_maria__923285999777669120__923285999777669120_0,benign_text,,,,,,,,,
,main,hurricane_maria__923285999777669120__923285999777669120_0,benign_joint,,,,,,,,,
,main,hurricane_maria__923285999777669120__923285999777669120_0,direct_image,,,,,,,,,
,main,hurricane_maria__923285999777669120__923285999777669120_0,direct_text,,,,,,,,,
,main,hurricane_maria__923285999777669120__923285999777669120_0,direct_joint,,,,,,,,,
,main,hurricane_maria__923285999777669120__923285999777669120_0,misleading_image,,,,,,,,,
,main,hurricane_maria__923285999777669120__923285999777669120_0,misleading_text,,,,,,,,,
,main,hurricane_maria__923285999777669120__923285999777669120_0,misleading_joint,,,,,,,,,
,main,hurricane_maria__923368626035576832__923368626035576832_0,clean,,,,,,,,,
,main,hurricane_maria__923368626035576832__923368626035576832_0,benign_image,,,,,,,,,
,main,hurricane_maria__923368626035576832__923368626035576832_0,benign_text,,,,,,,,,
,main,hurricane_maria__923368626035576832__923368626035576832_0,benign_joint,,,,,,,,,
,main,hurricane_maria__923368626035576832__923368626035576832_0,direct_image,,,,,,,,,
,main,hurricane_maria__923368626035576832__923368626035576832_0,direct_text,,,,,,,,,
,main,hurricane_maria__923368626035576832__923368626035576832_0,direct_joint,,,,,,,,,
,main,hurricane_maria__923368626035576832__923368626035576832_0,misleading_image,,,,,,,,,
,main,hurricane_maria__923368626035576832__923368626035576832_0,misleading_text,,,,,,,,,
,main,hurricane_maria__923368626035576832__923368626035576832_0,misleading_joint,,,,,,,,,
,main,hurricane_maria__923612432324616192__923612432324616192_0,clean,,,,,,,,,
,main,hurricane_maria__923612432324616192__923612432324616192_0,benign_image,,,,,,,,,
,main,hurricane_maria__923612432324616192__923612432324616192_0,benign_text,,,,,,,,,
,main,hurricane_maria__923612432324616192__923612432324616192_0,benign_joint,,,,,,,,,
,main,hurricane_maria__923612432324616192__923612432324616192_0,direct_image,,,,,,,,,
,main,hurricane_maria__923612432324616192__923612432324616192_0,direct_text,,,,,,,,,
,main,hurricane_maria__923612432324616192__923612432324616192_0,direct_joint,,,,,,,,,
,main,hurricane_maria__923612432324616192__923612432324616192_0,misleading_image,,,,,,,,,
,main,hurricane_maria__923612432324616192__923612432324616192_0,misleading_text,,,,,,,,,
,main,hurricane_maria__923612432324616192__923612432324616192_0,misleading_joint,,,,,,,,,
,main,hurricane_maria__923808047495090176__923808047495090176_0,clean,,,,,,,,,
,main,hurricane_maria__923808047495090176__923808047495090176_0,benign_image,,,,,,,,,
,main,hurricane_maria__923808047495090176__923808047495090176_0,benign_text,,,,,,,,,
,main,hurricane_maria__923808047495090176__923808047495090176_0,benign_joint,,,,,,,,,
,main,hurricane_maria__923808047495090176__923808047495090176_0,direct_image,,,,,,,,,
,main,hurricane_maria__923808047495090176__923808047495090176_0,direct_text,,,,,,,,,
,main,hurricane_maria__923808047495090176__923808047495090176_0,direct_joint,,,,,,,,,
,main,hurricane_maria__923808047495090176__923808047495090176_0,misleading_image,,,,,,,,,
,main,hurricane_maria__923808047495090176__923808047495090176_0,misleading_text,,,,,,,,,
,main,hurricane_maria__923808047495090176__923808047495090176_0,misleading_joint,,,,,,,,,
,main,hurricane_maria__927131866523676673__927131866523676673_0,clean,,,,,,,,,
,main,hurricane_maria__927131866523676673__927131866523676673_0,benign_image,,,,,,,,,
,main,hurricane_maria__927131866523676673__927131866523676673_0,benign_text,,,,,,,,,
,main,hurricane_maria__927131866523676673__927131866523676673_0,benign_joint,,,,,,,,,
,main,hurricane_maria__927131866523676673__927131866523676673_0,direct_image,,,,,,,,,
,main,hurricane_maria__927131866523676673__927131866523676673_0,direct_text,,,,,,,,,
,main,hurricane_maria__927131866523676673__927131866523676673_0,direct_joint,,,,,,,,,
,main,hurricane_maria__927131866523676673__927131866523676673_0,misleading_image,,,,,,,,,
,main,hurricane_maria__927131866523676673__927131866523676673_0,misleading_text,,,,,,,,,
,main,hurricane_maria__927131866523676673__927131866523676673_0,misleading_joint,,,,,,,,,
,main,hurricane_maria__927234307583815680__927234307583815680_0,clean,,,,,,,,,
,main,hurricane_maria__927234307583815680__927234307583815680_0,benign_image,,,,,,,,,
,main,hurricane_maria__927234307583815680__927234307583815680_0,benign_text,,,,,,,,,
,main,hurricane_maria__927234307583815680__927234307583815680_0,benign_joint,,,,,,,,,
,main,hurricane_maria__927234307583815680__927234307583815680_0,direct_image,,,,,,,,,
,main,hurricane_maria__927234307583815680__927234307583815680_0,direct_text,,,,,,,,,
,main,hurricane_maria__927234307583815680__927234307583815680_0,direct_joint,,,,,,,,,
,main,hurricane_maria__927234307583815680__927234307583815680_0,misleading_image,,,,,,,,,
,main,hurricane_maria__927234307583815680__927234307583815680_0,misleading_text,,,,,,,,,
,main,hurricane_maria__927234307583815680__927234307583815680_0,misleading_joint,,,,,,,,,
,main,hurricane_maria__927480823296733184__927480823296733184_0,clean,,,,,,,,,
,main,hurricane_maria__927480823296733184__927480823296733184_0,benign_image,,,,,,,,,
,main,hurricane_maria__927480823296733184__927480823296733184_0,benign_text,,,,,,,,,
,main,hurricane_maria__927480823296733184__927480823296733184_0,benign_joint,,,,,,,,,
,main,hurricane_maria__927480823296733184__927480823296733184_0,direct_image,,,,,,,,,
,main,hurricane_maria__927480823296733184__927480823296733184_0,direct_text,,,,,,,,,
,main,hurricane_maria__927480823296733184__927480823296733184_0,direct_joint,,,,,,,,,
,main,hurricane_maria__927480823296733184__927480823296733184_0,misleading_image,,,,,,,,,
,main,hurricane_maria__927480823296733184__927480823296733184_0,misleading_text,,,,,,,,,
,main,hurricane_maria__927480823296733184__927480823296733184_0,misleading_joint,,,,,,,,,
,main,hurricane_maria__927929692249878529__927929692249878529_0,clean,,,,,,,,,
,main,hurricane_maria__927929692249878529__927929692249878529_0,benign_image,,,,,,,,,
,main,hurricane_maria__927929692249878529__927929692249878529_0,benign_text,,,,,,,,,
,main,hurricane_maria__927929692249878529__927929692249878529_0,benign_joint,,,,,,,,,
,main,hurricane_maria__927929692249878529__927929692249878529_0,direct_image,,,,,,,,,
,main,hurricane_maria__927929692249878529__927929692249878529_0,direct_text,,,,,,,,,
,main,hurricane_maria__927929692249878529__927929692249878529_0,direct_joint,,,,,,,,,
,main,hurricane_maria__927929692249878529__927929692249878529_0,misleading_image,,,,,,,,,
,main,hurricane_maria__927929692249878529__927929692249878529_0,misleading_text,,,,,,,,,
,main,hurricane_maria__927929692249878529__927929692249878529_0,misleading_joint,,,,,,,,,
,main,hurricane_maria__927964130488848384__927964130488848384_0,clean,,,,,,,,,
,main,hurricane_maria__927964130488848384__927964130488848384_0,benign_image,,,,,,,,,
,main,hurricane_maria__927964130488848384__927964130488848384_0,benign_text,,,,,,,,,
,main,hurricane_maria__927964130488848384__927964130488848384_0,benign_joint,,,,,,,,,
,main,hurricane_maria__927964130488848384__927964130488848384_0,direct_image,,,,,,,,,
,main,hurricane_maria__927964130488848384__927964130488848384_0,direct_text,,,,,,,,,
,main,hurricane_maria__927964130488848384__927964130488848384_0,direct_joint,,,,,,,,,
,main,hurricane_maria__927964130488848384__927964130488848384_0,misleading_image,,,,,,,,,
,main,hurricane_maria__927964130488848384__927964130488848384_0,misleading_text,,,,,,,,,
,main,hurricane_maria__927964130488848384__927964130488848384_0,misleading_joint,,,,,,,,,
,main,hurricane_maria__927998178636587008__927998178636587008_0,clean,,,,,,,,,
,main,hurricane_maria__927998178636587008__927998178636587008_0,benign_image,,,,,,,,,
,main,hurricane_maria__927998178636587008__927998178636587008_0,benign_text,,,,,,,,,
,main,hurricane_maria__927998178636587008__927998178636587008_0,benign_joint,,,,,,,,,
,main,hurricane_maria__927998178636587008__927998178636587008_0,direct_image,,,,,,,,,
,main,hurricane_maria__927998178636587008__927998178636587008_0,direct_text,,,,,,,,,
,main,hurricane_maria__927998178636587008__927998178636587008_0,direct_joint,,,,,,,,,
,main,hurricane_maria__927998178636587008__927998178636587008_0,misleading_image,,,,,,,,,
,main,hurricane_maria__927998178636587008__927998178636587008_0,misleading_text,,,,,,,,,
,main,hurricane_maria__927998178636587008__927998178636587008_0,misleading_joint,,,,,,,,,
,main,hurricane_maria__928378477866340353__928378477866340353_0,clean,,,,,,,,,
,main,hurricane_maria__928378477866340353__928378477866340353_0,benign_image,,,,,,,,,
,main,hurricane_maria__928378477866340353__928378477866340353_0,benign_text,,,,,,,,,
,main,hurricane_maria__928378477866340353__928378477866340353_0,benign_joint,,,,,,,,,
,main,hurricane_maria__928378477866340353__928378477866340353_0,direct_image,,,,,,,,,
,main,hurricane_maria__928378477866340353__928378477866340353_0,direct_text,,,,,,,,,
,main,hurricane_maria__928378477866340353__928378477866340353_0,direct_joint,,,,,,,,,
,main,hurricane_maria__928378477866340353__928378477866340353_0,misleading_image,,,,,,,,,
,main,hurricane_maria__928378477866340353__928378477866340353_0,misleading_text,,,,,,,,,
,main,hurricane_maria__928378477866340353__928378477866340353_0,misleading_joint,,,,,,,,,
,main,hurricane_maria__929033551885959169__929033551885959169_0,clean,,,,,,,,,
,main,hurricane_maria__929033551885959169__929033551885959169_0,benign_image,,,,,,,,,
,main,hurricane_maria__929033551885959169__929033551885959169_0,benign_text,,,,,,,,,
,main,hurricane_maria__929033551885959169__929033551885959169_0,benign_joint,,,,,,,,,
,main,hurricane_maria__929033551885959169__929033551885959169_0,direct_image,,,,,,,,,
,main,hurricane_maria__929033551885959169__929033551885959169_0,direct_text,,,,,,,,,
,main,hurricane_maria__929033551885959169__929033551885959169_0,direct_joint,,,,,,,,,
,main,hurricane_maria__929033551885959169__929033551885959169_0,misleading_image,,,,,,,,,
,main,hurricane_maria__929033551885959169__929033551885959169_0,misleading_text,,,,,,,,,
,main,hurricane_maria__929033551885959169__929033551885959169_0,misleading_joint,,,,,,,,,
,main,hurricane_maria__929059311501881344__929059311501881344_0,clean,,,,,,,,,
,main,hurricane_maria__929059311501881344__929059311501881344_0,benign_image,,,,,,,,,
,main,hurricane_maria__929059311501881344__929059311501881344_0,benign_text,,,,,,,,,
,main,hurricane_maria__929059311501881344__929059311501881344_0,benign_joint,,,,,,,,,
,main,hurricane_maria__929059311501881344__929059311501881344_0,direct_image,,,,,,,,,
,main,hurricane_maria__929059311501881344__929059311501881344_0,direct_text,,,,,,,,,
,main,hurricane_maria__929059311501881344__929059311501881344_0,direct_joint,,,,,,,,,
,main,hurricane_maria__929059311501881344__929059311501881344_0,misleading_image,,,,,,,,,
,main,hurricane_maria__929059311501881344__929059311501881344_0,misleading_text,,,,,,,,,
,main,hurricane_maria__929059311501881344__929059311501881344_0,misleading_joint,,,,,,,,,
,main,hurricane_maria__929359950542983169__929359950542983169_0,clean,,,,,,,,,
,main,hurricane_maria__929359950542983169__929359950542983169_0,benign_image,,,,,,,,,
,main,hurricane_maria__929359950542983169__929359950542983169_0,benign_text,,,,,,,,,
,main,hurricane_maria__929359950542983169__929359950542983169_0,benign_joint,,,,,,,,,
,main,hurricane_maria__929359950542983169__929359950542983169_0,direct_image,,,,,,,,,
,main,hurricane_maria__929359950542983169__929359950542983169_0,direct_text,,,,,,,,,
,main,hurricane_maria__929359950542983169__929359950542983169_0,direct_joint,,,,,,,,,
,main,hurricane_maria__929359950542983169__929359950542983169_0,misleading_image,,,,,,,,,
,main,hurricane_maria__929359950542983169__929359950542983169_0,misleading_text,,,,,,,,,
,main,hurricane_maria__929359950542983169__929359950542983169_0,misleading_joint,,,,,,,,,
,main,iraq_iran_earthquake__930002028365049856__930002028365049856_0,clean,,,,,,,,,
,main,iraq_iran_earthquake__930002028365049856__930002028365049856_0,benign_image,,,,,,,,,
,main,iraq_iran_earthquake__930002028365049856__930002028365049856_0,benign_text,,,,,,,,,
,main,iraq_iran_earthquake__930002028365049856__930002028365049856_0,benign_joint,,,,,,,,,
,main,iraq_iran_earthquake__930002028365049856__930002028365049856_0,direct_image,,,,,,,,,
,main,iraq_iran_earthquake__930002028365049856__930002028365049856_0,direct_text,,,,,,,,,
,main,iraq_iran_earthquake__930002028365049856__930002028365049856_0,direct_joint,,,,,,,,,
,main,iraq_iran_earthquake__930002028365049856__930002028365049856_0,misleading_image,,,,,,,,,
,main,iraq_iran_earthquake__930002028365049856__930002028365049856_0,misleading_text,,,,,,,,,
,main,iraq_iran_earthquake__930002028365049856__930002028365049856_0,misleading_joint,,,,,,,,,
,main,iraq_iran_earthquake__930010119332679682__930010119332679682_0,clean,,,,,,,,,
,main,iraq_iran_earthquake__930010119332679682__930010119332679682_0,benign_image,,,,,,,,,
,main,iraq_iran_earthquake__930010119332679682__930010119332679682_0,benign_text,,,,,,,,,
,main,iraq_iran_earthquake__930010119332679682__930010119332679682_0,benign_joint,,,,,,,,,
,main,iraq_iran_earthquake__930010119332679682__930010119332679682_0,direct_image,,,,,,,,,
,main,iraq_iran_earthquake__930010119332679682__930010119332679682_0,direct_text,,,,,,,,,
,main,iraq_iran_earthquake__930010119332679682__930010119332679682_0,direct_joint,,,,,,,,,
,main,iraq_iran_earthquake__930010119332679682__930010119332679682_0,misleading_image,,,,,,,,,
,main,iraq_iran_earthquake__930010119332679682__930010119332679682_0,misleading_text,,,,,,,,,
,main,iraq_iran_earthquake__930010119332679682__930010119332679682_0,misleading_joint,,,,,,,,,
,main,iraq_iran_earthquake__930021249807417344__930021249807417344_0,clean,,,,,,,,,
,main,iraq_iran_earthquake__930021249807417344__930021249807417344_0,benign_image,,,,,,,,,
,main,iraq_iran_earthquake__930021249807417344__930021249807417344_0,benign_text,,,,,,,,,
,main,iraq_iran_earthquake__930021249807417344__930021249807417344_0,benign_joint,,,,,,,,,
,main,iraq_iran_earthquake__930021249807417344__930021249807417344_0,direct_image,,,,,,,,,
,main,iraq_iran_earthquake__930021249807417344__930021249807417344_0,direct_text,,,,,,,,,
,main,iraq_iran_earthquake__930021249807417344__930021249807417344_0,direct_joint,,,,,,,,,
,main,iraq_iran_earthquake__930021249807417344__930021249807417344_0,misleading_image,,,,,,,,,
,main,iraq_iran_earthquake__930021249807417344__930021249807417344_0,misleading_text,,,,,,,,,
,main,iraq_iran_earthquake__930021249807417344__930021249807417344_0,misleading_joint,,,,,,,,,
,main,iraq_iran_earthquake__930029482152550400__930029482152550400_0,clean,,,,,,,,,
,main,iraq_iran_earthquake__930029482152550400__930029482152550400_0,benign_image,,,,,,,,,
,main,iraq_iran_earthquake__930029482152550400__930029482152550400_0,benign_text,,,,,,,,,
,main,iraq_iran_earthquake__930029482152550400__930029482152550400_0,benign_joint,,,,,,,,,
,main,iraq_iran_earthquake__930029482152550400__930029482152550400_0,direct_image,,,,,,,,,
,main,iraq_iran_earthquake__930029482152550400__930029482152550400_0,direct_text,,,,,,,,,
,main,iraq_iran_earthquake__930029482152550400__930029482152550400_0,direct_joint,,,,,,,,,
,main,iraq_iran_earthquake__930029482152550400__930029482152550400_0,misleading_image,,,,,,,,,
,main,iraq_iran_earthquake__930029482152550400__930029482152550400_0,misleading_text,,,,,,,,,
,main,iraq_iran_earthquake__930029482152550400__930029482152550400_0,misleading_joint,,,,,,,,,
,main,iraq_iran_earthquake__930032829244805120__930032829244805120_0,clean,,,,,,,,,
,main,iraq_iran_earthquake__930032829244805120__930032829244805120_0,benign_image,,,,,,,,,
,main,iraq_iran_earthquake__930032829244805120__930032829244805120_0,benign_text,,,,,,,,,
,main,iraq_iran_earthquake__930032829244805120__930032829244805120_0,benign_joint,,,,,,,,,
,main,iraq_iran_earthquake__930032829244805120__930032829244805120_0,direct_image,,,,,,,,,
,main,iraq_iran_earthquake__930032829244805120__930032829244805120_0,direct_text,,,,,,,,,
,main,iraq_iran_earthquake__930032829244805120__930032829244805120_0,direct_joint,,,,,,,,,
,main,iraq_iran_earthquake__930032829244805120__930032829244805120_0,misleading_image,,,,,,,,,
,main,iraq_iran_earthquake__930032829244805120__930032829244805120_0,misleading_text,,,,,,,,,
,main,iraq_iran_earthquake__930032829244805120__930032829244805120_0,misleading_joint,,,,,,,,,
,main,iraq_iran_earthquake__930039853097607169__930039853097607169_0,clean,,,,,,,,,
,main,iraq_iran_earthquake__930039853097607169__930039853097607169_0,benign_image,,,,,,,,,
,main,iraq_iran_earthquake__930039853097607169__930039853097607169_0,benign_text,,,,,,,,,
,main,iraq_iran_earthquake__930039853097607169__930039853097607169_0,benign_joint,,,,,,,,,
,main,iraq_iran_earthquake__930039853097607169__930039853097607169_0,direct_image,,,,,,,,,
,main,iraq_iran_earthquake__930039853097607169__930039853097607169_0,direct_text,,,,,,,,,
,main,iraq_iran_earthquake__930039853097607169__930039853097607169_0,direct_joint,,,,,,,,,
,main,iraq_iran_earthquake__930039853097607169__930039853097607169_0,misleading_image,,,,,,,,,
,main,iraq_iran_earthquake__930039853097607169__930039853097607169_0,misleading_text,,,,,,,,,
,main,iraq_iran_earthquake__930039853097607169__930039853097607169_0,misleading_joint,,,,,,,,,
,main,iraq_iran_earthquake__930044157699280896__930044157699280896_0,clean,,,,,,,,,
,main,iraq_iran_earthquake__930044157699280896__930044157699280896_0,benign_image,,,,,,,,,
,main,iraq_iran_earthquake__930044157699280896__930044157699280896_0,benign_text,,,,,,,,,
,main,iraq_iran_earthquake__930044157699280896__930044157699280896_0,benign_joint,,,,,,,,,
,main,iraq_iran_earthquake__930044157699280896__930044157699280896_0,direct_image,,,,,,,,,
,main,iraq_iran_earthquake__930044157699280896__930044157699280896_0,direct_text,,,,,,,,,
,main,iraq_iran_earthquake__930044157699280896__930044157699280896_0,direct_joint,,,,,,,,,
,main,iraq_iran_earthquake__930044157699280896__930044157699280896_0,misleading_image,,,,,,,,,
,main,iraq_iran_earthquake__930044157699280896__930044157699280896_0,misleading_text,,,,,,,,,
,main,iraq_iran_earthquake__930044157699280896__930044157699280896_0,misleading_joint,,,,,,,,,
,main,iraq_iran_earthquake__930050908582563840__930050908582563840_0,clean,,,,,,,,,
,main,iraq_iran_earthquake__930050908582563840__930050908582563840_0,benign_image,,,,,,,,,
,main,iraq_iran_earthquake__930050908582563840__930050908582563840_0,benign_text,,,,,,,,,
,main,iraq_iran_earthquake__930050908582563840__930050908582563840_0,benign_joint,,,,,,,,,
,main,iraq_iran_earthquake__930050908582563840__930050908582563840_0,direct_image,,,,,,,,,
,main,iraq_iran_earthquake__930050908582563840__930050908582563840_0,direct_text,,,,,,,,,
,main,iraq_iran_earthquake__930050908582563840__930050908582563840_0,direct_joint,,,,,,,,,
,main,iraq_iran_earthquake__930050908582563840__930050908582563840_0,misleading_image,,,,,,,,,
,main,iraq_iran_earthquake__930050908582563840__930050908582563840_0,misleading_text,,,,,,,,,
,main,iraq_iran_earthquake__930050908582563840__930050908582563840_0,misleading_joint,,,,,,,,,
,main,iraq_iran_earthquake__930054026133213186__930054026133213186_0,clean,,,,,,,,,
,main,iraq_iran_earthquake__930054026133213186__930054026133213186_0,benign_image,,,,,,,,,
,main,iraq_iran_earthquake__930054026133213186__930054026133213186_0,benign_text,,,,,,,,,
,main,iraq_iran_earthquake__930054026133213186__930054026133213186_0,benign_joint,,,,,,,,,
,main,iraq_iran_earthquake__930054026133213186__930054026133213186_0,direct_image,,,,,,,,,
,main,iraq_iran_earthquake__930054026133213186__930054026133213186_0,direct_text,,,,,,,,,
,main,iraq_iran_earthquake__930054026133213186__930054026133213186_0,direct_joint,,,,,,,,,
,main,iraq_iran_earthquake__930054026133213186__930054026133213186_0,misleading_image,,,,,,,,,
,main,iraq_iran_earthquake__930054026133213186__930054026133213186_0,misleading_text,,,,,,,,,
,main,iraq_iran_earthquake__930054026133213186__930054026133213186_0,misleading_joint,,,,,,,,,
,main,iraq_iran_earthquake__930064975304966145__930064975304966145_0,clean,,,,,,,,,
,main,iraq_iran_earthquake__930064975304966145__930064975304966145_0,benign_image,,,,,,,,,
,main,iraq_iran_earthquake__930064975304966145__930064975304966145_0,benign_text,,,,,,,,,
,main,iraq_iran_earthquake__930064975304966145__930064975304966145_0,benign_joint,,,,,,,,,
,main,iraq_iran_earthquake__930064975304966145__930064975304966145_0,direct_image,,,,,,,,,
,main,iraq_iran_earthquake__930064975304966145__930064975304966145_0,direct_text,,,,,,,,,
,main,iraq_iran_earthquake__930064975304966145__930064975304966145_0,direct_joint,,,,,,,,,
,main,iraq_iran_earthquake__930064975304966145__930064975304966145_0,misleading_image,,,,,,,,,
,main,iraq_iran_earthquake__930064975304966145__930064975304966145_0,misleading_text,,,,,,,,,
,main,iraq_iran_earthquake__930064975304966145__930064975304966145_0,misleading_joint,,,,,,,,,
,main,iraq_iran_earthquake__930071199157293056__930071199157293056_0,clean,,,,,,,,,
,main,iraq_iran_earthquake__930071199157293056__930071199157293056_0,benign_image,,,,,,,,,
,main,iraq_iran_earthquake__930071199157293056__930071199157293056_0,benign_text,,,,,,,,,
,main,iraq_iran_earthquake__930071199157293056__930071199157293056_0,benign_joint,,,,,,,,,
,main,iraq_iran_earthquake__930071199157293056__930071199157293056_0,direct_image,,,,,,,,,
,main,iraq_iran_earthquake__930071199157293056__930071199157293056_0,direct_text,,,,,,,,,
,main,iraq_iran_earthquake__930071199157293056__930071199157293056_0,direct_joint,,,,,,,,,
,main,iraq_iran_earthquake__930071199157293056__930071199157293056_0,misleading_image,,,,,,,,,
,main,iraq_iran_earthquake__930071199157293056__930071199157293056_0,misleading_text,,,,,,,,,
,main,iraq_iran_earthquake__930071199157293056__930071199157293056_0,misleading_joint,,,,,,,,,
,main,iraq_iran_earthquake__930092444288536582__930092444288536582_0,clean,,,,,,,,,
,main,iraq_iran_earthquake__930092444288536582__930092444288536582_0,benign_image,,,,,,,,,
,main,iraq_iran_earthquake__930092444288536582__930092444288536582_0,benign_text,,,,,,,,,
,main,iraq_iran_earthquake__930092444288536582__930092444288536582_0,benign_joint,,,,,,,,,
,main,iraq_iran_earthquake__930092444288536582__930092444288536582_0,direct_image,,,,,,,,,
,main,iraq_iran_earthquake__930092444288536582__930092444288536582_0,direct_text,,,,,,,,,
,main,iraq_iran_earthquake__930092444288536582__930092444288536582_0,direct_joint,,,,,,,,,
,main,iraq_iran_earthquake__930092444288536582__930092444288536582_0,misleading_image,,,,,,,,,
,main,iraq_iran_earthquake__930092444288536582__930092444288536582_0,misleading_text,,,,,,,,,
,main,iraq_iran_earthquake__930092444288536582__930092444288536582_0,misleading_joint,,,,,,,,,
,main,iraq_iran_earthquake__930095399213428736__930095399213428736_0,clean,,,,,,,,,
,main,iraq_iran_earthquake__930095399213428736__930095399213428736_0,benign_image,,,,,,,,,
,main,iraq_iran_earthquake__930095399213428736__930095399213428736_0,benign_text,,,,,,,,,
,main,iraq_iran_earthquake__930095399213428736__930095399213428736_0,benign_joint,,,,,,,,,
,main,iraq_iran_earthquake__930095399213428736__930095399213428736_0,direct_image,,,,,,,,,
,main,iraq_iran_earthquake__930095399213428736__930095399213428736_0,direct_text,,,,,,,,,
,main,iraq_iran_earthquake__930095399213428736__930095399213428736_0,direct_joint,,,,,,,,,
,main,iraq_iran_earthquake__930095399213428736__930095399213428736_0,misleading_image,,,,,,,,,
,main,iraq_iran_earthquake__930095399213428736__930095399213428736_0,misleading_text,,,,,,,,,
,main,iraq_iran_earthquake__930095399213428736__930095399213428736_0,misleading_joint,,,,,,,,,
,main,iraq_iran_earthquake__930102201825091585__930102201825091585_0,clean,,,,,,,,,
,main,iraq_iran_earthquake__930102201825091585__930102201825091585_0,benign_image,,,,,,,,,
,main,iraq_iran_earthquake__930102201825091585__930102201825091585_0,benign_text,,,,,,,,,
,main,iraq_iran_earthquake__930102201825091585__930102201825091585_0,benign_joint,,,,,,,,,
,main,iraq_iran_earthquake__930102201825091585__930102201825091585_0,direct_image,,,,,,,,,
,main,iraq_iran_earthquake__930102201825091585__930102201825091585_0,direct_text,,,,,,,,,
,main,iraq_iran_earthquake__930102201825091585__930102201825091585_0,direct_joint,,,,,,,,,
,main,iraq_iran_earthquake__930102201825091585__930102201825091585_0,misleading_image,,,,,,,,,
,main,iraq_iran_earthquake__930102201825091585__930102201825091585_0,misleading_text,,,,,,,,,
,main,iraq_iran_earthquake__930102201825091585__930102201825091585_0,misleading_joint,,,,,,,,,
,main,iraq_iran_earthquake__930106568116441094__930106568116441094_0,clean,,,,,,,,,
,main,iraq_iran_earthquake__930106568116441094__930106568116441094_0,benign_image,,,,,,,,,
,main,iraq_iran_earthquake__930106568116441094__930106568116441094_0,benign_text,,,,,,,,,
,main,iraq_iran_earthquake__930106568116441094__930106568116441094_0,benign_joint,,,,,,,,,
,main,iraq_iran_earthquake__930106568116441094__930106568116441094_0,direct_image,,,,,,,,,
,main,iraq_iran_earthquake__930106568116441094__930106568116441094_0,direct_text,,,,,,,,,
,main,iraq_iran_earthquake__930106568116441094__930106568116441094_0,direct_joint,,,,,,,,,
,main,iraq_iran_earthquake__930106568116441094__930106568116441094_0,misleading_image,,,,,,,,,
,main,iraq_iran_earthquake__930106568116441094__930106568116441094_0,misleading_text,,,,,,,,,
,main,iraq_iran_earthquake__930106568116441094__930106568116441094_0,misleading_joint,,,,,,,,,
,main,iraq_iran_earthquake__930109831595417600__930109831595417600_0,clean,,,,,,,,,
,main,iraq_iran_earthquake__930109831595417600__930109831595417600_0,benign_image,,,,,,,,,
,main,iraq_iran_earthquake__930109831595417600__930109831595417600_0,benign_text,,,,,,,,,
,main,iraq_iran_earthquake__930109831595417600__930109831595417600_0,benign_joint,,,,,,,,,
,main,iraq_iran_earthquake__930109831595417600__930109831595417600_0,direct_image,,,,,,,,,
,main,iraq_iran_earthquake__930109831595417600__930109831595417600_0,direct_text,,,,,,,,,
,main,iraq_iran_earthquake__930109831595417600__930109831595417600_0,direct_joint,,,,,,,,,
,main,iraq_iran_earthquake__930109831595417600__930109831595417600_0,misleading_image,,,,,,,,,
,main,iraq_iran_earthquake__930109831595417600__930109831595417600_0,misleading_text,,,,,,,,,
,main,iraq_iran_earthquake__930109831595417600__930109831595417600_0,misleading_joint,,,,,,,,,
,main,iraq_iran_earthquake__930133906107617280__930133906107617280_0,clean,,,,,,,,,
,main,iraq_iran_earthquake__930133906107617280__930133906107617280_0,benign_image,,,,,,,,,
,main,iraq_iran_earthquake__930133906107617280__930133906107617280_0,benign_text,,,,,,,,,
,main,iraq_iran_earthquake__930133906107617280__930133906107617280_0,benign_joint,,,,,,,,,
,main,iraq_iran_earthquake__930133906107617280__930133906107617280_0,direct_image,,,,,,,,,
,main,iraq_iran_earthquake__930133906107617280__930133906107617280_0,direct_text,,,,,,,,,
,main,iraq_iran_earthquake__930133906107617280__930133906107617280_0,direct_joint,,,,,,,,,
,main,iraq_iran_earthquake__930133906107617280__930133906107617280_0,misleading_image,,,,,,,,,
,main,iraq_iran_earthquake__930133906107617280__930133906107617280_0,misleading_text,,,,,,,,,
,main,iraq_iran_earthquake__930133906107617280__930133906107617280_0,misleading_joint,,,,,,,,,
,main,iraq_iran_earthquake__930136678488043522__930136678488043522_0,clean,,,,,,,,,
,main,iraq_iran_earthquake__930136678488043522__930136678488043522_0,benign_image,,,,,,,,,
,main,iraq_iran_earthquake__930136678488043522__930136678488043522_0,benign_text,,,,,,,,,
,main,iraq_iran_earthquake__930136678488043522__930136678488043522_0,benign_joint,,,,,,,,,
,main,iraq_iran_earthquake__930136678488043522__930136678488043522_0,direct_image,,,,,,,,,
,main,iraq_iran_earthquake__930136678488043522__930136678488043522_0,direct_text,,,,,,,,,
,main,iraq_iran_earthquake__930136678488043522__930136678488043522_0,direct_joint,,,,,,,,,
,main,iraq_iran_earthquake__930136678488043522__930136678488043522_0,misleading_image,,,,,,,,,
,main,iraq_iran_earthquake__930136678488043522__930136678488043522_0,misleading_text,,,,,,,,,
,main,iraq_iran_earthquake__930136678488043522__930136678488043522_0,misleading_joint,,,,,,,,,
,main,iraq_iran_earthquake__930147282028072960__930147282028072960_0,clean,,,,,,,,,
,main,iraq_iran_earthquake__930147282028072960__930147282028072960_0,benign_image,,,,,,,,,
,main,iraq_iran_earthquake__930147282028072960__930147282028072960_0,benign_text,,,,,,,,,
,main,iraq_iran_earthquake__930147282028072960__930147282028072960_0,benign_joint,,,,,,,,,
,main,iraq_iran_earthquake__930147282028072960__930147282028072960_0,direct_image,,,,,,,,,
,main,iraq_iran_earthquake__930147282028072960__930147282028072960_0,direct_text,,,,,,,,,
,main,iraq_iran_earthquake__930147282028072960__930147282028072960_0,direct_joint,,,,,,,,,
,main,iraq_iran_earthquake__930147282028072960__930147282028072960_0,misleading_image,,,,,,,,,
,main,iraq_iran_earthquake__930147282028072960__930147282028072960_0,misleading_text,,,,,,,,,
,main,iraq_iran_earthquake__930147282028072960__930147282028072960_0,misleading_joint,,,,,,,,,
,main,iraq_iran_earthquake__930180706709499905__930180706709499905_0,clean,,,,,,,,,
,main,iraq_iran_earthquake__930180706709499905__930180706709499905_0,benign_image,,,,,,,,,
,main,iraq_iran_earthquake__930180706709499905__930180706709499905_0,benign_text,,,,,,,,,
,main,iraq_iran_earthquake__930180706709499905__930180706709499905_0,benign_joint,,,,,,,,,
,main,iraq_iran_earthquake__930180706709499905__930180706709499905_0,direct_image,,,,,,,,,
,main,iraq_iran_earthquake__930180706709499905__930180706709499905_0,direct_text,,,,,,,,,
,main,iraq_iran_earthquake__930180706709499905__930180706709499905_0,direct_joint,,,,,,,,,
,main,iraq_iran_earthquake__930180706709499905__930180706709499905_0,misleading_image,,,,,,,,,
,main,iraq_iran_earthquake__930180706709499905__930180706709499905_0,misleading_text,,,,,,,,,
,main,iraq_iran_earthquake__930180706709499905__930180706709499905_0,misleading_joint,,,,,,,,,
,main,iraq_iran_earthquake__930191093785698304__930191093785698304_0,clean,,,,,,,,,
,main,iraq_iran_earthquake__930191093785698304__930191093785698304_0,benign_image,,,,,,,,,
,main,iraq_iran_earthquake__930191093785698304__930191093785698304_0,benign_text,,,,,,,,,
,main,iraq_iran_earthquake__930191093785698304__930191093785698304_0,benign_joint,,,,,,,,,
,main,iraq_iran_earthquake__930191093785698304__930191093785698304_0,direct_image,,,,,,,,,
,main,iraq_iran_earthquake__930191093785698304__930191093785698304_0,direct_text,,,,,,,,,
,main,iraq_iran_earthquake__930191093785698304__930191093785698304_0,direct_joint,,,,,,,,,
,main,iraq_iran_earthquake__930191093785698304__930191093785698304_0,misleading_image,,,,,,,,,
,main,iraq_iran_earthquake__930191093785698304__930191093785698304_0,misleading_text,,,,,,,,,
,main,iraq_iran_earthquake__930191093785698304__930191093785698304_0,misleading_joint,,,,,,,,,
,main,iraq_iran_earthquake__930197285417443329__930197285417443329_0,clean,,,,,,,,,
,main,iraq_iran_earthquake__930197285417443329__930197285417443329_0,benign_image,,,,,,,,,
,main,iraq_iran_earthquake__930197285417443329__930197285417443329_0,benign_text,,,,,,,,,
,main,iraq_iran_earthquake__930197285417443329__930197285417443329_0,benign_joint,,,,,,,,,
,main,iraq_iran_earthquake__930197285417443329__930197285417443329_0,direct_image,,,,,,,,,
,main,iraq_iran_earthquake__930197285417443329__930197285417443329_0,direct_text,,,,,,,,,
,main,iraq_iran_earthquake__930197285417443329__930197285417443329_0,direct_joint,,,,,,,,,
,main,iraq_iran_earthquake__930197285417443329__930197285417443329_0,misleading_image,,,,,,,,,
,main,iraq_iran_earthquake__930197285417443329__930197285417443329_0,misleading_text,,,,,,,,,
,main,iraq_iran_earthquake__930197285417443329__930197285417443329_0,misleading_joint,,,,,,,,,
,main,iraq_iran_earthquake__930209629589721088__930209629589721088_0,clean,,,,,,,,,
,main,iraq_iran_earthquake__930209629589721088__930209629589721088_0,benign_image,,,,,,,,,
,main,iraq_iran_earthquake__930209629589721088__930209629589721088_0,benign_text,,,,,,,,,
,main,iraq_iran_earthquake__930209629589721088__930209629589721088_0,benign_joint,,,,,,,,,
,main,iraq_iran_earthquake__930209629589721088__930209629589721088_0,direct_image,,,,,,,,,
,main,iraq_iran_earthquake__930209629589721088__930209629589721088_0,direct_text,,,,,,,,,
,main,iraq_iran_earthquake__930209629589721088__930209629589721088_0,direct_joint,,,,,,,,,
,main,iraq_iran_earthquake__930209629589721088__930209629589721088_0,misleading_image,,,,,,,,,
,main,iraq_iran_earthquake__930209629589721088__930209629589721088_0,misleading_text,,,,,,,,,
,main,iraq_iran_earthquake__930209629589721088__930209629589721088_0,misleading_joint,,,,,,,,,
,main,iraq_iran_earthquake__930272493947850752__930272493947850752_0,clean,,,,,,,,,
,main,iraq_iran_earthquake__930272493947850752__930272493947850752_0,benign_image,,,,,,,,,
,main,iraq_iran_earthquake__930272493947850752__930272493947850752_0,benign_text,,,,,,,,,
,main,iraq_iran_earthquake__930272493947850752__930272493947850752_0,benign_joint,,,,,,,,,
,main,iraq_iran_earthquake__930272493947850752__930272493947850752_0,direct_image,,,,,,,,,
,main,iraq_iran_earthquake__930272493947850752__930272493947850752_0,direct_text,,,,,,,,,
,main,iraq_iran_earthquake__930272493947850752__930272493947850752_0,direct_joint,,,,,,,,,
,main,iraq_iran_earthquake__930272493947850752__930272493947850752_0,misleading_image,,,,,,,,,
,main,iraq_iran_earthquake__930272493947850752__930272493947850752_0,misleading_text,,,,,,,,,
,main,iraq_iran_earthquake__930272493947850752__930272493947850752_0,misleading_joint,,,,,,,,,
,main,iraq_iran_earthquake__930324417783017472__930324417783017472_0,clean,,,,,,,,,
,main,iraq_iran_earthquake__930324417783017472__930324417783017472_0,benign_image,,,,,,,,,
,main,iraq_iran_earthquake__930324417783017472__930324417783017472_0,benign_text,,,,,,,,,
,main,iraq_iran_earthquake__930324417783017472__930324417783017472_0,benign_joint,,,,,,,,,
,main,iraq_iran_earthquake__930324417783017472__930324417783017472_0,direct_image,,,,,,,,,
,main,iraq_iran_earthquake__930324417783017472__930324417783017472_0,direct_text,,,,,,,,,
,main,iraq_iran_earthquake__930324417783017472__930324417783017472_0,direct_joint,,,,,,,,,
,main,iraq_iran_earthquake__930324417783017472__930324417783017472_0,misleading_image,,,,,,,,,
,main,iraq_iran_earthquake__930324417783017472__930324417783017472_0,misleading_text,,,,,,,,,
,main,iraq_iran_earthquake__930324417783017472__930324417783017472_0,misleading_joint,,,,,,,,,
,main,iraq_iran_earthquake__930444320095789057__930444320095789057_1,clean,,,,,,,,,
,main,iraq_iran_earthquake__930444320095789057__930444320095789057_1,benign_image,,,,,,,,,
,main,iraq_iran_earthquake__930444320095789057__930444320095789057_1,benign_text,,,,,,,,,
,main,iraq_iran_earthquake__930444320095789057__930444320095789057_1,benign_joint,,,,,,,,,
,main,iraq_iran_earthquake__930444320095789057__930444320095789057_1,direct_image,,,,,,,,,
,main,iraq_iran_earthquake__930444320095789057__930444320095789057_1,direct_text,,,,,,,,,
,main,iraq_iran_earthquake__930444320095789057__930444320095789057_1,direct_joint,,,,,,,,,
,main,iraq_iran_earthquake__930444320095789057__930444320095789057_1,misleading_image,,,,,,,,,
,main,iraq_iran_earthquake__930444320095789057__930444320095789057_1,misleading_text,,,,,,,,,
,main,iraq_iran_earthquake__930444320095789057__930444320095789057_1,misleading_joint,,,,,,,,,
,main,iraq_iran_earthquake__930539345043341312__930539345043341312_0,clean,,,,,,,,,
,main,iraq_iran_earthquake__930539345043341312__930539345043341312_0,benign_image,,,,,,,,,
,main,iraq_iran_earthquake__930539345043341312__930539345043341312_0,benign_text,,,,,,,,,
,main,iraq_iran_earthquake__930539345043341312__930539345043341312_0,benign_joint,,,,,,,,,
,main,iraq_iran_earthquake__930539345043341312__930539345043341312_0,direct_image,,,,,,,,,
,main,iraq_iran_earthquake__930539345043341312__930539345043341312_0,direct_text,,,,,,,,,
,main,iraq_iran_earthquake__930539345043341312__930539345043341312_0,direct_joint,,,,,,,,,
,main,iraq_iran_earthquake__930539345043341312__930539345043341312_0,misleading_image,,,,,,,,,
,main,iraq_iran_earthquake__930539345043341312__930539345043341312_0,misleading_text,,,,,,,,,
,main,iraq_iran_earthquake__930539345043341312__930539345043341312_0,misleading_joint,,,,,,,,,
,main,iraq_iran_earthquake__930566146281091075__930566146281091075_0,clean,,,,,,,,,
,main,iraq_iran_earthquake__930566146281091075__930566146281091075_0,benign_image,,,,,,,,,
,main,iraq_iran_earthquake__930566146281091075__930566146281091075_0,benign_text,,,,,,,,,
,main,iraq_iran_earthquake__930566146281091075__930566146281091075_0,benign_joint,,,,,,,,,
,main,iraq_iran_earthquake__930566146281091075__930566146281091075_0,direct_image,,,,,,,,,
,main,iraq_iran_earthquake__930566146281091075__930566146281091075_0,direct_text,,,,,,,,,
,main,iraq_iran_earthquake__930566146281091075__930566146281091075_0,direct_joint,,,,,,,,,
,main,iraq_iran_earthquake__930566146281091075__930566146281091075_0,misleading_image,,,,,,,,,
,main,iraq_iran_earthquake__930566146281091075__930566146281091075_0,misleading_text,,,,,,,,,
,main,iraq_iran_earthquake__930566146281091075__930566146281091075_0,misleading_joint,,,,,,,,,
,main,iraq_iran_earthquake__930652773116534784__930652773116534784_0,clean,,,,,,,,,
,main,iraq_iran_earthquake__930652773116534784__930652773116534784_0,benign_image,,,,,,,,,
,main,iraq_iran_earthquake__930652773116534784__930652773116534784_0,benign_text,,,,,,,,,
,main,iraq_iran_earthquake__930652773116534784__930652773116534784_0,benign_joint,,,,,,,,,
,main,iraq_iran_earthquake__930652773116534784__930652773116534784_0,direct_image,,,,,,,,,
,main,iraq_iran_earthquake__930652773116534784__930652773116534784_0,direct_text,,,,,,,,,
,main,iraq_iran_earthquake__930652773116534784__930652773116534784_0,direct_joint,,,,,,,,,
,main,iraq_iran_earthquake__930652773116534784__930652773116534784_0,misleading_image,,,,,,,,,
,main,iraq_iran_earthquake__930652773116534784__930652773116534784_0,misleading_text,,,,,,,,,
,main,iraq_iran_earthquake__930652773116534784__930652773116534784_0,misleading_joint,,,,,,,,,
,main,iraq_iran_earthquake__930712268416753664__930712268416753664_0,clean,,,,,,,,,
,main,iraq_iran_earthquake__930712268416753664__930712268416753664_0,benign_image,,,,,,,,,
,main,iraq_iran_earthquake__930712268416753664__930712268416753664_0,benign_text,,,,,,,,,
,main,iraq_iran_earthquake__930712268416753664__930712268416753664_0,benign_joint,,,,,,,,,
,main,iraq_iran_earthquake__930712268416753664__930712268416753664_0,direct_image,,,,,,,,,
,main,iraq_iran_earthquake__930712268416753664__930712268416753664_0,direct_text,,,,,,,,,
,main,iraq_iran_earthquake__930712268416753664__930712268416753664_0,direct_joint,,,,,,,,,
,main,iraq_iran_earthquake__930712268416753664__930712268416753664_0,misleading_image,,,,,,,,,
,main,iraq_iran_earthquake__930712268416753664__930712268416753664_0,misleading_text,,,,,,,,,
,main,iraq_iran_earthquake__930712268416753664__930712268416753664_0,misleading_joint,,,,,,,,,
,main,iraq_iran_earthquake__930992584347938818__930992584347938818_0,clean,,,,,,,,,
,main,iraq_iran_earthquake__930992584347938818__930992584347938818_0,benign_image,,,,,,,,,
,main,iraq_iran_earthquake__930992584347938818__930992584347938818_0,benign_text,,,,,,,,,
,main,iraq_iran_earthquake__930992584347938818__930992584347938818_0,benign_joint,,,,,,,,,
,main,iraq_iran_earthquake__930992584347938818__930992584347938818_0,direct_image,,,,,,,,,
,main,iraq_iran_earthquake__930992584347938818__930992584347938818_0,direct_text,,,,,,,,,
,main,iraq_iran_earthquake__930992584347938818__930992584347938818_0,direct_joint,,,,,,,,,
,main,iraq_iran_earthquake__930992584347938818__930992584347938818_0,misleading_image,,,,,,,,,
,main,iraq_iran_earthquake__930992584347938818__930992584347938818_0,misleading_text,,,,,,,,,
,main,iraq_iran_earthquake__930992584347938818__930992584347938818_0,misleading_joint,,,,,,,,,
,main,iraq_iran_earthquake__931087356001685504__931087356001685504_0,clean,,,,,,,,,
,main,iraq_iran_earthquake__931087356001685504__931087356001685504_0,benign_image,,,,,,,,,
,main,iraq_iran_earthquake__931087356001685504__931087356001685504_0,benign_text,,,,,,,,,
,main,iraq_iran_earthquake__931087356001685504__931087356001685504_0,benign_joint,,,,,,,,,
,main,iraq_iran_earthquake__931087356001685504__931087356001685504_0,direct_image,,,,,,,,,
,main,iraq_iran_earthquake__931087356001685504__931087356001685504_0,direct_text,,,,,,,,,
,main,iraq_iran_earthquake__931087356001685504__931087356001685504_0,direct_joint,,,,,,,,,
,main,iraq_iran_earthquake__931087356001685504__931087356001685504_0,misleading_image,,,,,,,,,
,main,iraq_iran_earthquake__931087356001685504__931087356001685504_0,misleading_text,,,,,,,,,
,main,iraq_iran_earthquake__931087356001685504__931087356001685504_0,misleading_joint,,,,,,,,,
,main,iraq_iran_earthquake__931159934154223618__931159934154223618_0,clean,,,,,,,,,
,main,iraq_iran_earthquake__931159934154223618__931159934154223618_0,benign_image,,,,,,,,,
,main,iraq_iran_earthquake__931159934154223618__931159934154223618_0,benign_text,,,,,,,,,
,main,iraq_iran_earthquake__931159934154223618__931159934154223618_0,benign_joint,,,,,,,,,
,main,iraq_iran_earthquake__931159934154223618__931159934154223618_0,direct_image,,,,,,,,,
,main,iraq_iran_earthquake__931159934154223618__931159934154223618_0,direct_text,,,,,,,,,
,main,iraq_iran_earthquake__931159934154223618__931159934154223618_0,direct_joint,,,,,,,,,
,main,iraq_iran_earthquake__931159934154223618__931159934154223618_0,misleading_image,,,,,,,,,
,main,iraq_iran_earthquake__931159934154223618__931159934154223618_0,misleading_text,,,,,,,,,
,main,iraq_iran_earthquake__931159934154223618__931159934154223618_0,misleading_joint,,,,,,,,,
,main,iraq_iran_earthquake__931366109583958016__931366109583958016_0,clean,,,,,,,,,
,main,iraq_iran_earthquake__931366109583958016__931366109583958016_0,benign_image,,,,,,,,,
,main,iraq_iran_earthquake__931366109583958016__931366109583958016_0,benign_text,,,,,,,,,
,main,iraq_iran_earthquake__931366109583958016__931366109583958016_0,benign_joint,,,,,,,,,
,main,iraq_iran_earthquake__931366109583958016__931366109583958016_0,direct_image,,,,,,,,,
,main,iraq_iran_earthquake__931366109583958016__931366109583958016_0,direct_text,,,,,,,,,
,main,iraq_iran_earthquake__931366109583958016__931366109583958016_0,direct_joint,,,,,,,,,
,main,iraq_iran_earthquake__931366109583958016__931366109583958016_0,misleading_image,,,,,,,,,
,main,iraq_iran_earthquake__931366109583958016__931366109583958016_0,misleading_text,,,,,,,,,
,main,iraq_iran_earthquake__931366109583958016__931366109583958016_0,misleading_joint,,,,,,,,,
,main,iraq_iran_earthquake__931535497679294464__931535497679294464_0,clean,,,,,,,,,
,main,iraq_iran_earthquake__931535497679294464__931535497679294464_0,benign_image,,,,,,,,,
,main,iraq_iran_earthquake__931535497679294464__931535497679294464_0,benign_text,,,,,,,,,
,main,iraq_iran_earthquake__931535497679294464__931535497679294464_0,benign_joint,,,,,,,,,
,main,iraq_iran_earthquake__931535497679294464__931535497679294464_0,direct_image,,,,,,,,,
,main,iraq_iran_earthquake__931535497679294464__931535497679294464_0,direct_text,,,,,,,,,
,main,iraq_iran_earthquake__931535497679294464__931535497679294464_0,direct_joint,,,,,,,,,
,main,iraq_iran_earthquake__931535497679294464__931535497679294464_0,misleading_image,,,,,,,,,
,main,iraq_iran_earthquake__931535497679294464__931535497679294464_0,misleading_text,,,,,,,,,
,main,iraq_iran_earthquake__931535497679294464__931535497679294464_0,misleading_joint,,,,,,,,,
,main,iraq_iran_earthquake__932000082072948736__932000082072948736_0,clean,,,,,,,,,
,main,iraq_iran_earthquake__932000082072948736__932000082072948736_0,benign_image,,,,,,,,,
,main,iraq_iran_earthquake__932000082072948736__932000082072948736_0,benign_text,,,,,,,,,
,main,iraq_iran_earthquake__932000082072948736__932000082072948736_0,benign_joint,,,,,,,,,
,main,iraq_iran_earthquake__932000082072948736__932000082072948736_0,direct_image,,,,,,,,,
,main,iraq_iran_earthquake__932000082072948736__932000082072948736_0,direct_text,,,,,,,,,
,main,iraq_iran_earthquake__932000082072948736__932000082072948736_0,direct_joint,,,,,,,,,
,main,iraq_iran_earthquake__932000082072948736__932000082072948736_0,misleading_image,,,,,,,,,
,main,iraq_iran_earthquake__932000082072948736__932000082072948736_0,misleading_text,,,,,,,,,
,main,iraq_iran_earthquake__932000082072948736__932000082072948736_0,misleading_joint,,,,,,,,,
,main,mexico_earthquake__910524679777001472__910524679777001472_0,clean,,,,,,,,,
,main,mexico_earthquake__910524679777001472__910524679777001472_0,benign_image,,,,,,,,,
,main,mexico_earthquake__910524679777001472__910524679777001472_0,benign_text,,,,,,,,,
,main,mexico_earthquake__910524679777001472__910524679777001472_0,benign_joint,,,,,,,,,
,main,mexico_earthquake__910524679777001472__910524679777001472_0,direct_image,,,,,,,,,
,main,mexico_earthquake__910524679777001472__910524679777001472_0,direct_text,,,,,,,,,
,main,mexico_earthquake__910524679777001472__910524679777001472_0,direct_joint,,,,,,,,,
,main,mexico_earthquake__910524679777001472__910524679777001472_0,misleading_image,,,,,,,,,
,main,mexico_earthquake__910524679777001472__910524679777001472_0,misleading_text,,,,,,,,,
,main,mexico_earthquake__910524679777001472__910524679777001472_0,misleading_joint,,,,,,,,,
,main,mexico_earthquake__910532465415954433__910532465415954433_0,clean,,,,,,,,,
,main,mexico_earthquake__910532465415954433__910532465415954433_0,benign_image,,,,,,,,,
,main,mexico_earthquake__910532465415954433__910532465415954433_0,benign_text,,,,,,,,,
,main,mexico_earthquake__910532465415954433__910532465415954433_0,benign_joint,,,,,,,,,
,main,mexico_earthquake__910532465415954433__910532465415954433_0,direct_image,,,,,,,,,
,main,mexico_earthquake__910532465415954433__910532465415954433_0,direct_text,,,,,,,,,
,main,mexico_earthquake__910532465415954433__910532465415954433_0,direct_joint,,,,,,,,,
,main,mexico_earthquake__910532465415954433__910532465415954433_0,misleading_image,,,,,,,,,
,main,mexico_earthquake__910532465415954433__910532465415954433_0,misleading_text,,,,,,,,,
,main,mexico_earthquake__910532465415954433__910532465415954433_0,misleading_joint,,,,,,,,,
,main,mexico_earthquake__910536209180626946__910536209180626946_0,clean,,,,,,,,,
,main,mexico_earthquake__910536209180626946__910536209180626946_0,benign_image,,,,,,,,,
,main,mexico_earthquake__910536209180626946__910536209180626946_0,benign_text,,,,,,,,,
,main,mexico_earthquake__910536209180626946__910536209180626946_0,benign_joint,,,,,,,,,
,main,mexico_earthquake__910536209180626946__910536209180626946_0,direct_image,,,,,,,,,
,main,mexico_earthquake__910536209180626946__910536209180626946_0,direct_text,,,,,,,,,
,main,mexico_earthquake__910536209180626946__910536209180626946_0,direct_joint,,,,,,,,,
,main,mexico_earthquake__910536209180626946__910536209180626946_0,misleading_image,,,,,,,,,
,main,mexico_earthquake__910536209180626946__910536209180626946_0,misleading_text,,,,,,,,,
,main,mexico_earthquake__910536209180626946__910536209180626946_0,misleading_joint,,,,,,,,,
,main,mexico_earthquake__910537194237870085__910537194237870085_0,clean,,,,,,,,,
,main,mexico_earthquake__910537194237870085__910537194237870085_0,benign_image,,,,,,,,,
,main,mexico_earthquake__910537194237870085__910537194237870085_0,benign_text,,,,,,,,,
,main,mexico_earthquake__910537194237870085__910537194237870085_0,benign_joint,,,,,,,,,
,main,mexico_earthquake__910537194237870085__910537194237870085_0,direct_image,,,,,,,,,
,main,mexico_earthquake__910537194237870085__910537194237870085_0,direct_text,,,,,,,,,
,main,mexico_earthquake__910537194237870085__910537194237870085_0,direct_joint,,,,,,,,,
,main,mexico_earthquake__910537194237870085__910537194237870085_0,misleading_image,,,,,,,,,
,main,mexico_earthquake__910537194237870085__910537194237870085_0,misleading_text,,,,,,,,,
,main,mexico_earthquake__910537194237870085__910537194237870085_0,misleading_joint,,,,,,,,,
,main,mexico_earthquake__910541745007427587__910541745007427587_0,clean,,,,,,,,,
,main,mexico_earthquake__910541745007427587__910541745007427587_0,benign_image,,,,,,,,,
,main,mexico_earthquake__910541745007427587__910541745007427587_0,benign_text,,,,,,,,,
,main,mexico_earthquake__910541745007427587__910541745007427587_0,benign_joint,,,,,,,,,
,main,mexico_earthquake__910541745007427587__910541745007427587_0,direct_image,,,,,,,,,
,main,mexico_earthquake__910541745007427587__910541745007427587_0,direct_text,,,,,,,,,
,main,mexico_earthquake__910541745007427587__910541745007427587_0,direct_joint,,,,,,,,,
,main,mexico_earthquake__910541745007427587__910541745007427587_0,misleading_image,,,,,,,,,
,main,mexico_earthquake__910541745007427587__910541745007427587_0,misleading_text,,,,,,,,,
,main,mexico_earthquake__910541745007427587__910541745007427587_0,misleading_joint,,,,,,,,,
,main,mexico_earthquake__910549160742539266__910549160742539266_0,clean,,,,,,,,,
,main,mexico_earthquake__910549160742539266__910549160742539266_0,benign_image,,,,,,,,,
,main,mexico_earthquake__910549160742539266__910549160742539266_0,benign_text,,,,,,,,,
,main,mexico_earthquake__910549160742539266__910549160742539266_0,benign_joint,,,,,,,,,
,main,mexico_earthquake__910549160742539266__910549160742539266_0,direct_image,,,,,,,,,
,main,mexico_earthquake__910549160742539266__910549160742539266_0,direct_text,,,,,,,,,
,main,mexico_earthquake__910549160742539266__910549160742539266_0,direct_joint,,,,,,,,,
,main,mexico_earthquake__910549160742539266__910549160742539266_0,misleading_image,,,,,,,,,
,main,mexico_earthquake__910549160742539266__910549160742539266_0,misleading_text,,,,,,,,,
,main,mexico_earthquake__910549160742539266__910549160742539266_0,misleading_joint,,,,,,,,,
,main,mexico_earthquake__910563191700185088__910563191700185088_2,clean,,,,,,,,,
,main,mexico_earthquake__910563191700185088__910563191700185088_2,benign_image,,,,,,,,,
,main,mexico_earthquake__910563191700185088__910563191700185088_2,benign_text,,,,,,,,,
,main,mexico_earthquake__910563191700185088__910563191700185088_2,benign_joint,,,,,,,,,
,main,mexico_earthquake__910563191700185088__910563191700185088_2,direct_image,,,,,,,,,
,main,mexico_earthquake__910563191700185088__910563191700185088_2,direct_text,,,,,,,,,
,main,mexico_earthquake__910563191700185088__910563191700185088_2,direct_joint,,,,,,,,,
,main,mexico_earthquake__910563191700185088__910563191700185088_2,misleading_image,,,,,,,,,
,main,mexico_earthquake__910563191700185088__910563191700185088_2,misleading_text,,,,,,,,,
,main,mexico_earthquake__910563191700185088__910563191700185088_2,misleading_joint,,,,,,,,,
,main,mexico_earthquake__910572320338485248__910572320338485248_0,clean,,,,,,,,,
,main,mexico_earthquake__910572320338485248__910572320338485248_0,benign_image,,,,,,,,,
,main,mexico_earthquake__910572320338485248__910572320338485248_0,benign_text,,,,,,,,,
,main,mexico_earthquake__910572320338485248__910572320338485248_0,benign_joint,,,,,,,,,
,main,mexico_earthquake__910572320338485248__910572320338485248_0,direct_image,,,,,,,,,
,main,mexico_earthquake__910572320338485248__910572320338485248_0,direct_text,,,,,,,,,
,main,mexico_earthquake__910572320338485248__910572320338485248_0,direct_joint,,,,,,,,,
,main,mexico_earthquake__910572320338485248__910572320338485248_0,misleading_image,,,,,,,,,
,main,mexico_earthquake__910572320338485248__910572320338485248_0,misleading_text,,,,,,,,,
,main,mexico_earthquake__910572320338485248__910572320338485248_0,misleading_joint,,,,,,,,,
,main,mexico_earthquake__910609555821858816__910609555821858816_0,clean,,,,,,,,,
,main,mexico_earthquake__910609555821858816__910609555821858816_0,benign_image,,,,,,,,,
,main,mexico_earthquake__910609555821858816__910609555821858816_0,benign_text,,,,,,,,,
,main,mexico_earthquake__910609555821858816__910609555821858816_0,benign_joint,,,,,,,,,
,main,mexico_earthquake__910609555821858816__910609555821858816_0,direct_image,,,,,,,,,
,main,mexico_earthquake__910609555821858816__910609555821858816_0,direct_text,,,,,,,,,
,main,mexico_earthquake__910609555821858816__910609555821858816_0,direct_joint,,,,,,,,,
,main,mexico_earthquake__910609555821858816__910609555821858816_0,misleading_image,,,,,,,,,
,main,mexico_earthquake__910609555821858816__910609555821858816_0,misleading_text,,,,,,,,,
,main,mexico_earthquake__910609555821858816__910609555821858816_0,misleading_joint,,,,,,,,,
,main,mexico_earthquake__910631928423964672__910631928423964672_0,clean,,,,,,,,,
,main,mexico_earthquake__910631928423964672__910631928423964672_0,benign_image,,,,,,,,,
,main,mexico_earthquake__910631928423964672__910631928423964672_0,benign_text,,,,,,,,,
,main,mexico_earthquake__910631928423964672__910631928423964672_0,benign_joint,,,,,,,,,
,main,mexico_earthquake__910631928423964672__910631928423964672_0,direct_image,,,,,,,,,
,main,mexico_earthquake__910631928423964672__910631928423964672_0,direct_text,,,,,,,,,
,main,mexico_earthquake__910631928423964672__910631928423964672_0,direct_joint,,,,,,,,,
,main,mexico_earthquake__910631928423964672__910631928423964672_0,misleading_image,,,,,,,,,
,main,mexico_earthquake__910631928423964672__910631928423964672_0,misleading_text,,,,,,,,,
,main,mexico_earthquake__910631928423964672__910631928423964672_0,misleading_joint,,,,,,,,,
,main,mexico_earthquake__910647834688462848__910647834688462848_0,clean,,,,,,,,,
,main,mexico_earthquake__910647834688462848__910647834688462848_0,benign_image,,,,,,,,,
,main,mexico_earthquake__910647834688462848__910647834688462848_0,benign_text,,,,,,,,,
,main,mexico_earthquake__910647834688462848__910647834688462848_0,benign_joint,,,,,,,,,
,main,mexico_earthquake__910647834688462848__910647834688462848_0,direct_image,,,,,,,,,
,main,mexico_earthquake__910647834688462848__910647834688462848_0,direct_text,,,,,,,,,
,main,mexico_earthquake__910647834688462848__910647834688462848_0,direct_joint,,,,,,,,,
,main,mexico_earthquake__910647834688462848__910647834688462848_0,misleading_image,,,,,,,,,
,main,mexico_earthquake__910647834688462848__910647834688462848_0,misleading_text,,,,,,,,,
,main,mexico_earthquake__910647834688462848__910647834688462848_0,misleading_joint,,,,,,,,,
,main,mexico_earthquake__910653901539594240__910653901539594240_0,clean,,,,,,,,,
,main,mexico_earthquake__910653901539594240__910653901539594240_0,benign_image,,,,,,,,,
,main,mexico_earthquake__910653901539594240__910653901539594240_0,benign_text,,,,,,,,,
,main,mexico_earthquake__910653901539594240__910653901539594240_0,benign_joint,,,,,,,,,
,main,mexico_earthquake__910653901539594240__910653901539594240_0,direct_image,,,,,,,,,
,main,mexico_earthquake__910653901539594240__910653901539594240_0,direct_text,,,,,,,,,
,main,mexico_earthquake__910653901539594240__910653901539594240_0,direct_joint,,,,,,,,,
,main,mexico_earthquake__910653901539594240__910653901539594240_0,misleading_image,,,,,,,,,
,main,mexico_earthquake__910653901539594240__910653901539594240_0,misleading_text,,,,,,,,,
,main,mexico_earthquake__910653901539594240__910653901539594240_0,misleading_joint,,,,,,,,,
,main,mexico_earthquake__910658421338275845__910658421338275845_0,clean,,,,,,,,,
,main,mexico_earthquake__910658421338275845__910658421338275845_0,benign_image,,,,,,,,,
,main,mexico_earthquake__910658421338275845__910658421338275845_0,benign_text,,,,,,,,,
,main,mexico_earthquake__910658421338275845__910658421338275845_0,benign_joint,,,,,,,,,
,main,mexico_earthquake__910658421338275845__910658421338275845_0,direct_image,,,,,,,,,
,main,mexico_earthquake__910658421338275845__910658421338275845_0,direct_text,,,,,,,,,
,main,mexico_earthquake__910658421338275845__910658421338275845_0,direct_joint,,,,,,,,,
,main,mexico_earthquake__910658421338275845__910658421338275845_0,misleading_image,,,,,,,,,
,main,mexico_earthquake__910658421338275845__910658421338275845_0,misleading_text,,,,,,,,,
,main,mexico_earthquake__910658421338275845__910658421338275845_0,misleading_joint,,,,,,,,,
,main,mexico_earthquake__910681807858810880__910681807858810880_0,clean,,,,,,,,,
,main,mexico_earthquake__910681807858810880__910681807858810880_0,benign_image,,,,,,,,,
,main,mexico_earthquake__910681807858810880__910681807858810880_0,benign_text,,,,,,,,,
,main,mexico_earthquake__910681807858810880__910681807858810880_0,benign_joint,,,,,,,,,
,main,mexico_earthquake__910681807858810880__910681807858810880_0,direct_image,,,,,,,,,
,main,mexico_earthquake__910681807858810880__910681807858810880_0,direct_text,,,,,,,,,
,main,mexico_earthquake__910681807858810880__910681807858810880_0,direct_joint,,,,,,,,,
,main,mexico_earthquake__910681807858810880__910681807858810880_0,misleading_image,,,,,,,,,
,main,mexico_earthquake__910681807858810880__910681807858810880_0,misleading_text,,,,,,,,,
,main,mexico_earthquake__910681807858810880__910681807858810880_0,misleading_joint,,,,,,,,,
,main,mexico_earthquake__910682398907617280__910682398907617280_2,clean,,,,,,,,,
,main,mexico_earthquake__910682398907617280__910682398907617280_2,benign_image,,,,,,,,,
,main,mexico_earthquake__910682398907617280__910682398907617280_2,benign_text,,,,,,,,,
,main,mexico_earthquake__910682398907617280__910682398907617280_2,benign_joint,,,,,,,,,
,main,mexico_earthquake__910682398907617280__910682398907617280_2,direct_image,,,,,,,,,
,main,mexico_earthquake__910682398907617280__910682398907617280_2,direct_text,,,,,,,,,
,main,mexico_earthquake__910682398907617280__910682398907617280_2,direct_joint,,,,,,,,,
,main,mexico_earthquake__910682398907617280__910682398907617280_2,misleading_image,,,,,,,,,
,main,mexico_earthquake__910682398907617280__910682398907617280_2,misleading_text,,,,,,,,,
,main,mexico_earthquake__910682398907617280__910682398907617280_2,misleading_joint,,,,,,,,,
,main,mexico_earthquake__910694845949366272__910694845949366272_0,clean,,,,,,,,,
,main,mexico_earthquake__910694845949366272__910694845949366272_0,benign_image,,,,,,,,,
,main,mexico_earthquake__910694845949366272__910694845949366272_0,benign_text,,,,,,,,,
,main,mexico_earthquake__910694845949366272__910694845949366272_0,benign_joint,,,,,,,,,
,main,mexico_earthquake__910694845949366272__910694845949366272_0,direct_image,,,,,,,,,
,main,mexico_earthquake__910694845949366272__910694845949366272_0,direct_text,,,,,,,,,
,main,mexico_earthquake__910694845949366272__910694845949366272_0,direct_joint,,,,,,,,,
,main,mexico_earthquake__910694845949366272__910694845949366272_0,misleading_image,,,,,,,,,
,main,mexico_earthquake__910694845949366272__910694845949366272_0,misleading_text,,,,,,,,,
,main,mexico_earthquake__910694845949366272__910694845949366272_0,misleading_joint,,,,,,,,,
,main,mexico_earthquake__910698946514771969__910698946514771969_0,clean,,,,,,,,,
,main,mexico_earthquake__910698946514771969__910698946514771969_0,benign_image,,,,,,,,,
,main,mexico_earthquake__910698946514771969__910698946514771969_0,benign_text,,,,,,,,,
,main,mexico_earthquake__910698946514771969__910698946514771969_0,benign_joint,,,,,,,,,
,main,mexico_earthquake__910698946514771969__910698946514771969_0,direct_image,,,,,,,,,
,main,mexico_earthquake__910698946514771969__910698946514771969_0,direct_text,,,,,,,,,
,main,mexico_earthquake__910698946514771969__910698946514771969_0,direct_joint,,,,,,,,,
,main,mexico_earthquake__910698946514771969__910698946514771969_0,misleading_image,,,,,,,,,
,main,mexico_earthquake__910698946514771969__910698946514771969_0,misleading_text,,,,,,,,,
,main,mexico_earthquake__910698946514771969__910698946514771969_0,misleading_joint,,,,,,,,,
,main,mexico_earthquake__910700764808564736__910700764808564736_0,clean,,,,,,,,,
,main,mexico_earthquake__910700764808564736__910700764808564736_0,benign_image,,,,,,,,,
,main,mexico_earthquake__910700764808564736__910700764808564736_0,benign_text,,,,,,,,,
,main,mexico_earthquake__910700764808564736__910700764808564736_0,benign_joint,,,,,,,,,
,main,mexico_earthquake__910700764808564736__910700764808564736_0,direct_image,,,,,,,,,
,main,mexico_earthquake__910700764808564736__910700764808564736_0,direct_text,,,,,,,,,
,main,mexico_earthquake__910700764808564736__910700764808564736_0,direct_joint,,,,,,,,,
,main,mexico_earthquake__910700764808564736__910700764808564736_0,misleading_image,,,,,,,,,
,main,mexico_earthquake__910700764808564736__910700764808564736_0,misleading_text,,,,,,,,,
,main,mexico_earthquake__910700764808564736__910700764808564736_0,misleading_joint,,,,,,,,,
,main,mexico_earthquake__910708925548384256__910708925548384256_0,clean,,,,,,,,,
,main,mexico_earthquake__910708925548384256__910708925548384256_0,benign_image,,,,,,,,,
,main,mexico_earthquake__910708925548384256__910708925548384256_0,benign_text,,,,,,,,,
,main,mexico_earthquake__910708925548384256__910708925548384256_0,benign_joint,,,,,,,,,
,main,mexico_earthquake__910708925548384256__910708925548384256_0,direct_image,,,,,,,,,
,main,mexico_earthquake__910708925548384256__910708925548384256_0,direct_text,,,,,,,,,
,main,mexico_earthquake__910708925548384256__910708925548384256_0,direct_joint,,,,,,,,,
,main,mexico_earthquake__910708925548384256__910708925548384256_0,misleading_image,,,,,,,,,
,main,mexico_earthquake__910708925548384256__910708925548384256_0,misleading_text,,,,,,,,,
,main,mexico_earthquake__910708925548384256__910708925548384256_0,misleading_joint,,,,,,,,,
,main,mexico_earthquake__910734118165590016__910734118165590016_0,clean,,,,,,,,,
,main,mexico_earthquake__910734118165590016__910734118165590016_0,benign_image,,,,,,,,,
,main,mexico_earthquake__910734118165590016__910734118165590016_0,benign_text,,,,,,,,,
,main,mexico_earthquake__910734118165590016__910734118165590016_0,benign_joint,,,,,,,,,
,main,mexico_earthquake__910734118165590016__910734118165590016_0,direct_image,,,,,,,,,
,main,mexico_earthquake__910734118165590016__910734118165590016_0,direct_text,,,,,,,,,
,main,mexico_earthquake__910734118165590016__910734118165590016_0,direct_joint,,,,,,,,,
,main,mexico_earthquake__910734118165590016__910734118165590016_0,misleading_image,,,,,,,,,
,main,mexico_earthquake__910734118165590016__910734118165590016_0,misleading_text,,,,,,,,,
,main,mexico_earthquake__910734118165590016__910734118165590016_0,misleading_joint,,,,,,,,,
,main,mexico_earthquake__910764633811816449__910764633811816449_0,clean,,,,,,,,,
,main,mexico_earthquake__910764633811816449__910764633811816449_0,benign_image,,,,,,,,,
,main,mexico_earthquake__910764633811816449__910764633811816449_0,benign_text,,,,,,,,,
,main,mexico_earthquake__910764633811816449__910764633811816449_0,benign_joint,,,,,,,,,
,main,mexico_earthquake__910764633811816449__910764633811816449_0,direct_image,,,,,,,,,
,main,mexico_earthquake__910764633811816449__910764633811816449_0,direct_text,,,,,,,,,
,main,mexico_earthquake__910764633811816449__910764633811816449_0,direct_joint,,,,,,,,,
,main,mexico_earthquake__910764633811816449__910764633811816449_0,misleading_image,,,,,,,,,
,main,mexico_earthquake__910764633811816449__910764633811816449_0,misleading_text,,,,,,,,,
,main,mexico_earthquake__910764633811816449__910764633811816449_0,misleading_joint,,,,,,,,,
,main,mexico_earthquake__910803599680327681__910803599680327681_0,clean,,,,,,,,,
,main,mexico_earthquake__910803599680327681__910803599680327681_0,benign_image,,,,,,,,,
,main,mexico_earthquake__910803599680327681__910803599680327681_0,benign_text,,,,,,,,,
,main,mexico_earthquake__910803599680327681__910803599680327681_0,benign_joint,,,,,,,,,
,main,mexico_earthquake__910803599680327681__910803599680327681_0,direct_image,,,,,,,,,
,main,mexico_earthquake__910803599680327681__910803599680327681_0,direct_text,,,,,,,,,
,main,mexico_earthquake__910803599680327681__910803599680327681_0,direct_joint,,,,,,,,,
,main,mexico_earthquake__910803599680327681__910803599680327681_0,misleading_image,,,,,,,,,
,main,mexico_earthquake__910803599680327681__910803599680327681_0,misleading_text,,,,,,,,,
,main,mexico_earthquake__910803599680327681__910803599680327681_0,misleading_joint,,,,,,,,,
,main,mexico_earthquake__911622599452409856__911622599452409856_0,clean,,,,,,,,,
,main,mexico_earthquake__911622599452409856__911622599452409856_0,benign_image,,,,,,,,,
,main,mexico_earthquake__911622599452409856__911622599452409856_0,benign_text,,,,,,,,,
,main,mexico_earthquake__911622599452409856__911622599452409856_0,benign_joint,,,,,,,,,
,main,mexico_earthquake__911622599452409856__911622599452409856_0,direct_image,,,,,,,,,
,main,mexico_earthquake__911622599452409856__911622599452409856_0,direct_text,,,,,,,,,
,main,mexico_earthquake__911622599452409856__911622599452409856_0,direct_joint,,,,,,,,,
,main,mexico_earthquake__911622599452409856__911622599452409856_0,misleading_image,,,,,,,,,
,main,mexico_earthquake__911622599452409856__911622599452409856_0,misleading_text,,,,,,,,,
,main,mexico_earthquake__911622599452409856__911622599452409856_0,misleading_joint,,,,,,,,,
,main,mexico_earthquake__911683426595590144__911683426595590144_0,clean,,,,,,,,,
,main,mexico_earthquake__911683426595590144__911683426595590144_0,benign_image,,,,,,,,,
,main,mexico_earthquake__911683426595590144__911683426595590144_0,benign_text,,,,,,,,,
,main,mexico_earthquake__911683426595590144__911683426595590144_0,benign_joint,,,,,,,,,
,main,mexico_earthquake__911683426595590144__911683426595590144_0,direct_image,,,,,,,,,
,main,mexico_earthquake__911683426595590144__911683426595590144_0,direct_text,,,,,,,,,
,main,mexico_earthquake__911683426595590144__911683426595590144_0,direct_joint,,,,,,,,,
,main,mexico_earthquake__911683426595590144__911683426595590144_0,misleading_image,,,,,,,,,
,main,mexico_earthquake__911683426595590144__911683426595590144_0,misleading_text,,,,,,,,,
,main,mexico_earthquake__911683426595590144__911683426595590144_0,misleading_joint,,,,,,,,,
,main,mexico_earthquake__911773444978675712__911773444978675712_0,clean,,,,,,,,,
,main,mexico_earthquake__911773444978675712__911773444978675712_0,benign_image,,,,,,,,,
,main,mexico_earthquake__911773444978675712__911773444978675712_0,benign_text,,,,,,,,,
,main,mexico_earthquake__911773444978675712__911773444978675712_0,benign_joint,,,,,,,,,
,main,mexico_earthquake__911773444978675712__911773444978675712_0,direct_image,,,,,,,,,
,main,mexico_earthquake__911773444978675712__911773444978675712_0,direct_text,,,,,,,,,
,main,mexico_earthquake__911773444978675712__911773444978675712_0,direct_joint,,,,,,,,,
,main,mexico_earthquake__911773444978675712__911773444978675712_0,misleading_image,,,,,,,,,
,main,mexico_earthquake__911773444978675712__911773444978675712_0,misleading_text,,,,,,,,,
,main,mexico_earthquake__911773444978675712__911773444978675712_0,misleading_joint,,,,,,,,,
,main,mexico_earthquake__911801561780699137__911801561780699137_0,clean,,,,,,,,,
,main,mexico_earthquake__911801561780699137__911801561780699137_0,benign_image,,,,,,,,,
,main,mexico_earthquake__911801561780699137__911801561780699137_0,benign_text,,,,,,,,,
,main,mexico_earthquake__911801561780699137__911801561780699137_0,benign_joint,,,,,,,,,
,main,mexico_earthquake__911801561780699137__911801561780699137_0,direct_image,,,,,,,,,
,main,mexico_earthquake__911801561780699137__911801561780699137_0,direct_text,,,,,,,,,
,main,mexico_earthquake__911801561780699137__911801561780699137_0,direct_joint,,,,,,,,,
,main,mexico_earthquake__911801561780699137__911801561780699137_0,misleading_image,,,,,,,,,
,main,mexico_earthquake__911801561780699137__911801561780699137_0,misleading_text,,,,,,,,,
,main,mexico_earthquake__911801561780699137__911801561780699137_0,misleading_joint,,,,,,,,,
,main,mexico_earthquake__912111866595471360__912111866595471360_1,clean,,,,,,,,,
,main,mexico_earthquake__912111866595471360__912111866595471360_1,benign_image,,,,,,,,,
,main,mexico_earthquake__912111866595471360__912111866595471360_1,benign_text,,,,,,,,,
,main,mexico_earthquake__912111866595471360__912111866595471360_1,benign_joint,,,,,,,,,
,main,mexico_earthquake__912111866595471360__912111866595471360_1,direct_image,,,,,,,,,
,main,mexico_earthquake__912111866595471360__912111866595471360_1,direct_text,,,,,,,,,
,main,mexico_earthquake__912111866595471360__912111866595471360_1,direct_joint,,,,,,,,,
,main,mexico_earthquake__912111866595471360__912111866595471360_1,misleading_image,,,,,,,,,
,main,mexico_earthquake__912111866595471360__912111866595471360_1,misleading_text,,,,,,,,,
,main,mexico_earthquake__912111866595471360__912111866595471360_1,misleading_joint,,,,,,,,,
,main,mexico_earthquake__912163228716814337__912163228716814337_0,clean,,,,,,,,,
,main,mexico_earthquake__912163228716814337__912163228716814337_0,benign_image,,,,,,,,,
,main,mexico_earthquake__912163228716814337__912163228716814337_0,benign_text,,,,,,,,,
,main,mexico_earthquake__912163228716814337__912163228716814337_0,benign_joint,,,,,,,,,
,main,mexico_earthquake__912163228716814337__912163228716814337_0,direct_image,,,,,,,,,
,main,mexico_earthquake__912163228716814337__912163228716814337_0,direct_text,,,,,,,,,
,main,mexico_earthquake__912163228716814337__912163228716814337_0,direct_joint,,,,,,,,,
,main,mexico_earthquake__912163228716814337__912163228716814337_0,misleading_image,,,,,,,,,
,main,mexico_earthquake__912163228716814337__912163228716814337_0,misleading_text,,,,,,,,,
,main,mexico_earthquake__912163228716814337__912163228716814337_0,misleading_joint,,,,,,,,,
,main,mexico_earthquake__912331848478609409__912331848478609409_0,clean,,,,,,,,,
,main,mexico_earthquake__912331848478609409__912331848478609409_0,benign_image,,,,,,,,,
,main,mexico_earthquake__912331848478609409__912331848478609409_0,benign_text,,,,,,,,,
,main,mexico_earthquake__912331848478609409__912331848478609409_0,benign_joint,,,,,,,,,
,main,mexico_earthquake__912331848478609409__912331848478609409_0,direct_image,,,,,,,,,
,main,mexico_earthquake__912331848478609409__912331848478609409_0,direct_text,,,,,,,,,
,main,mexico_earthquake__912331848478609409__912331848478609409_0,direct_joint,,,,,,,,,
,main,mexico_earthquake__912331848478609409__912331848478609409_0,misleading_image,,,,,,,,,
,main,mexico_earthquake__912331848478609409__912331848478609409_0,misleading_text,,,,,,,,,
,main,mexico_earthquake__912331848478609409__912331848478609409_0,misleading_joint,,,,,,,,,
,main,mexico_earthquake__912466758602313728__912466758602313728_0,clean,,,,,,,,,
,main,mexico_earthquake__912466758602313728__912466758602313728_0,benign_image,,,,,,,,,
,main,mexico_earthquake__912466758602313728__912466758602313728_0,benign_text,,,,,,,,,
,main,mexico_earthquake__912466758602313728__912466758602313728_0,benign_joint,,,,,,,,,
,main,mexico_earthquake__912466758602313728__912466758602313728_0,direct_image,,,,,,,,,
,main,mexico_earthquake__912466758602313728__912466758602313728_0,direct_text,,,,,,,,,
,main,mexico_earthquake__912466758602313728__912466758602313728_0,direct_joint,,,,,,,,,
,main,mexico_earthquake__912466758602313728__912466758602313728_0,misleading_image,,,,,,,,,
,main,mexico_earthquake__912466758602313728__912466758602313728_0,misleading_text,,,,,,,,,
,main,mexico_earthquake__912466758602313728__912466758602313728_0,misleading_joint,,,,,,,,,
,main,mexico_earthquake__912982510518247424__912982510518247424_0,clean,,,,,,,,,
,main,mexico_earthquake__912982510518247424__912982510518247424_0,benign_image,,,,,,,,,
,main,mexico_earthquake__912982510518247424__912982510518247424_0,benign_text,,,,,,,,,
,main,mexico_earthquake__912982510518247424__912982510518247424_0,benign_joint,,,,,,,,,
,main,mexico_earthquake__912982510518247424__912982510518247424_0,direct_image,,,,,,,,,
,main,mexico_earthquake__912982510518247424__912982510518247424_0,direct_text,,,,,,,,,
,main,mexico_earthquake__912982510518247424__912982510518247424_0,direct_joint,,,,,,,,,
,main,mexico_earthquake__912982510518247424__912982510518247424_0,misleading_image,,,,,,,,,
,main,mexico_earthquake__912982510518247424__912982510518247424_0,misleading_text,,,,,,,,,
,main,mexico_earthquake__912982510518247424__912982510518247424_0,misleading_joint,,,,,,,,,
,main,mexico_earthquake__913002540119330816__913002540119330816_0,clean,,,,,,,,,
,main,mexico_earthquake__913002540119330816__913002540119330816_0,benign_image,,,,,,,,,
,main,mexico_earthquake__913002540119330816__913002540119330816_0,benign_text,,,,,,,,,
,main,mexico_earthquake__913002540119330816__913002540119330816_0,benign_joint,,,,,,,,,
,main,mexico_earthquake__913002540119330816__913002540119330816_0,direct_image,,,,,,,,,
,main,mexico_earthquake__913002540119330816__913002540119330816_0,direct_text,,,,,,,,,
,main,mexico_earthquake__913002540119330816__913002540119330816_0,direct_joint,,,,,,,,,
,main,mexico_earthquake__913002540119330816__913002540119330816_0,misleading_image,,,,,,,,,
,main,mexico_earthquake__913002540119330816__913002540119330816_0,misleading_text,,,,,,,,,
,main,mexico_earthquake__913002540119330816__913002540119330816_0,misleading_joint,,,,,,,,,
,main,mexico_earthquake__913044211611652097__913044211611652097_0,clean,,,,,,,,,
,main,mexico_earthquake__913044211611652097__913044211611652097_0,benign_image,,,,,,,,,
,main,mexico_earthquake__913044211611652097__913044211611652097_0,benign_text,,,,,,,,,
,main,mexico_earthquake__913044211611652097__913044211611652097_0,benign_joint,,,,,,,,,
,main,mexico_earthquake__913044211611652097__913044211611652097_0,direct_image,,,,,,,,,
,main,mexico_earthquake__913044211611652097__913044211611652097_0,direct_text,,,,,,,,,
,main,mexico_earthquake__913044211611652097__913044211611652097_0,direct_joint,,,,,,,,,
,main,mexico_earthquake__913044211611652097__913044211611652097_0,misleading_image,,,,,,,,,
,main,mexico_earthquake__913044211611652097__913044211611652097_0,misleading_text,,,,,,,,,
,main,mexico_earthquake__913044211611652097__913044211611652097_0,misleading_joint,,,,,,,,,
,main,mexico_earthquake__913355330100301829__913355330100301829_0,clean,,,,,,,,,
,main,mexico_earthquake__913355330100301829__913355330100301829_0,benign_image,,,,,,,,,
,main,mexico_earthquake__913355330100301829__913355330100301829_0,benign_text,,,,,,,,,
,main,mexico_earthquake__913355330100301829__913355330100301829_0,benign_joint,,,,,,,,,
,main,mexico_earthquake__913355330100301829__913355330100301829_0,direct_image,,,,,,,,,
,main,mexico_earthquake__913355330100301829__913355330100301829_0,direct_text,,,,,,,,,
,main,mexico_earthquake__913355330100301829__913355330100301829_0,direct_joint,,,,,,,,,
,main,mexico_earthquake__913355330100301829__913355330100301829_0,misleading_image,,,,,,,,,
,main,mexico_earthquake__913355330100301829__913355330100301829_0,misleading_text,,,,,,,,,
,main,mexico_earthquake__913355330100301829__913355330100301829_0,misleading_joint,,,,,,,,,
,main,mexico_earthquake__913806954023325697__913806954023325697_0,clean,,,,,,,,,
,main,mexico_earthquake__913806954023325697__913806954023325697_0,benign_image,,,,,,,,,
,main,mexico_earthquake__913806954023325697__913806954023325697_0,benign_text,,,,,,,,,
,main,mexico_earthquake__913806954023325697__913806954023325697_0,benign_joint,,,,,,,,,
,main,mexico_earthquake__913806954023325697__913806954023325697_0,direct_image,,,,,,,,,
,main,mexico_earthquake__913806954023325697__913806954023325697_0,direct_text,,,,,,,,,
,main,mexico_earthquake__913806954023325697__913806954023325697_0,direct_joint,,,,,,,,,
,main,mexico_earthquake__913806954023325697__913806954023325697_0,misleading_image,,,,,,,,,
,main,mexico_earthquake__913806954023325697__913806954023325697_0,misleading_text,,,,,,,,,
,main,mexico_earthquake__913806954023325697__913806954023325697_0,misleading_joint,,,,,,,,,
,main,mexico_earthquake__914104822131040256__914104822131040256_0,clean,,,,,,,,,
,main,mexico_earthquake__914104822131040256__914104822131040256_0,benign_image,,,,,,,,,
,main,mexico_earthquake__914104822131040256__914104822131040256_0,benign_text,,,,,,,,,
,main,mexico_earthquake__914104822131040256__914104822131040256_0,benign_joint,,,,,,,,,
,main,mexico_earthquake__914104822131040256__914104822131040256_0,direct_image,,,,,,,,,
,main,mexico_earthquake__914104822131040256__914104822131040256_0,direct_text,,,,,,,,,
,main,mexico_earthquake__914104822131040256__914104822131040256_0,direct_joint,,,,,,,,,
,main,mexico_earthquake__914104822131040256__914104822131040256_0,misleading_image,,,,,,,,,
,main,mexico_earthquake__914104822131040256__914104822131040256_0,misleading_text,,,,,,,,,
,main,mexico_earthquake__914104822131040256__914104822131040256_0,misleading_joint,,,,,,,,,
,main,mexico_earthquake__914823897601605632__914823897601605632_0,clean,,,,,,,,,
,main,mexico_earthquake__914823897601605632__914823897601605632_0,benign_image,,,,,,,,,
,main,mexico_earthquake__914823897601605632__914823897601605632_0,benign_text,,,,,,,,,
,main,mexico_earthquake__914823897601605632__914823897601605632_0,benign_joint,,,,,,,,,
,main,mexico_earthquake__914823897601605632__914823897601605632_0,direct_image,,,,,,,,,
,main,mexico_earthquake__914823897601605632__914823897601605632_0,direct_text,,,,,,,,,
,main,mexico_earthquake__914823897601605632__914823897601605632_0,direct_joint,,,,,,,,,
,main,mexico_earthquake__914823897601605632__914823897601605632_0,misleading_image,,,,,,,,,
,main,mexico_earthquake__914823897601605632__914823897601605632_0,misleading_text,,,,,,,,,
,main,mexico_earthquake__914823897601605632__914823897601605632_0,misleading_joint,,,,,,,,,
,main,mexico_earthquake__914952139209891852__914952139209891852_1,clean,,,,,,,,,
,main,mexico_earthquake__914952139209891852__914952139209891852_1,benign_image,,,,,,,,,
,main,mexico_earthquake__914952139209891852__914952139209891852_1,benign_text,,,,,,,,,
,main,mexico_earthquake__914952139209891852__914952139209891852_1,benign_joint,,,,,,,,,
,main,mexico_earthquake__914952139209891852__914952139209891852_1,direct_image,,,,,,,,,
,main,mexico_earthquake__914952139209891852__914952139209891852_1,direct_text,,,,,,,,,
,main,mexico_earthquake__914952139209891852__914952139209891852_1,direct_joint,,,,,,,,,
,main,mexico_earthquake__914952139209891852__914952139209891852_1,misleading_image,,,,,,,,,
,main,mexico_earthquake__914952139209891852__914952139209891852_1,misleading_text,,,,,,,,,
,main,mexico_earthquake__914952139209891852__914952139209891852_1,misleading_joint,,,,,,,,,
,main,mexico_earthquake__915079996900827136__915079996900827136_0,clean,,,,,,,,,
,main,mexico_earthquake__915079996900827136__915079996900827136_0,benign_image,,,,,,,,,
,main,mexico_earthquake__915079996900827136__915079996900827136_0,benign_text,,,,,,,,,
,main,mexico_earthquake__915079996900827136__915079996900827136_0,benign_joint,,,,,,,,,
,main,mexico_earthquake__915079996900827136__915079996900827136_0,direct_image,,,,,,,,,
,main,mexico_earthquake__915079996900827136__915079996900827136_0,direct_text,,,,,,,,,
,main,mexico_earthquake__915079996900827136__915079996900827136_0,direct_joint,,,,,,,,,
,main,mexico_earthquake__915079996900827136__915079996900827136_0,misleading_image,,,,,,,,,
,main,mexico_earthquake__915079996900827136__915079996900827136_0,misleading_text,,,,,,,,,
,main,mexico_earthquake__915079996900827136__915079996900827136_0,misleading_joint,,,,,,,,,
,main,srilanka_floods__869954479524691968__869954479524691968_0,clean,,,,,,,,,
,main,srilanka_floods__869954479524691968__869954479524691968_0,benign_image,,,,,,,,,
,main,srilanka_floods__869954479524691968__869954479524691968_0,benign_text,,,,,,,,,
,main,srilanka_floods__869954479524691968__869954479524691968_0,benign_joint,,,,,,,,,
,main,srilanka_floods__869954479524691968__869954479524691968_0,direct_image,,,,,,,,,
,main,srilanka_floods__869954479524691968__869954479524691968_0,direct_text,,,,,,,,,
,main,srilanka_floods__869954479524691968__869954479524691968_0,direct_joint,,,,,,,,,
,main,srilanka_floods__869954479524691968__869954479524691968_0,misleading_image,,,,,,,,,
,main,srilanka_floods__869954479524691968__869954479524691968_0,misleading_text,,,,,,,,,
,main,srilanka_floods__869954479524691968__869954479524691968_0,misleading_joint,,,,,,,,,
,main,srilanka_floods__869957051547435008__869957051547435008_0,clean,,,,,,,,,
,main,srilanka_floods__869957051547435008__869957051547435008_0,benign_image,,,,,,,,,
,main,srilanka_floods__869957051547435008__869957051547435008_0,benign_text,,,,,,,,,
,main,srilanka_floods__869957051547435008__869957051547435008_0,benign_joint,,,,,,,,,
,main,srilanka_floods__869957051547435008__869957051547435008_0,direct_image,,,,,,,,,
,main,srilanka_floods__869957051547435008__869957051547435008_0,direct_text,,,,,,,,,
,main,srilanka_floods__869957051547435008__869957051547435008_0,direct_joint,,,,,,,,,
,main,srilanka_floods__869957051547435008__869957051547435008_0,misleading_image,,,,,,,,,
,main,srilanka_floods__869957051547435008__869957051547435008_0,misleading_text,,,,,,,,,
,main,srilanka_floods__869957051547435008__869957051547435008_0,misleading_joint,,,,,,,,,
,main,srilanka_floods__869967714948849664__869967714948849664_0,clean,,,,,,,,,
,main,srilanka_floods__869967714948849664__869967714948849664_0,benign_image,,,,,,,,,
,main,srilanka_floods__869967714948849664__869967714948849664_0,benign_text,,,,,,,,,
,main,srilanka_floods__869967714948849664__869967714948849664_0,benign_joint,,,,,,,,,
,main,srilanka_floods__869967714948849664__869967714948849664_0,direct_image,,,,,,,,,
,main,srilanka_floods__869967714948849664__869967714948849664_0,direct_text,,,,,,,,,
,main,srilanka_floods__869967714948849664__869967714948849664_0,direct_joint,,,,,,,,,
,main,srilanka_floods__869967714948849664__869967714948849664_0,misleading_image,,,,,,,,,
,main,srilanka_floods__869967714948849664__869967714948849664_0,misleading_text,,,,,,,,,
,main,srilanka_floods__869967714948849664__869967714948849664_0,misleading_joint,,,,,,,,,
,main,srilanka_floods__869984832364756992__869984832364756992_0,clean,,,,,,,,,
,main,srilanka_floods__869984832364756992__869984832364756992_0,benign_image,,,,,,,,,
,main,srilanka_floods__869984832364756992__869984832364756992_0,benign_text,,,,,,,,,
,main,srilanka_floods__869984832364756992__869984832364756992_0,benign_joint,,,,,,,,,
,main,srilanka_floods__869984832364756992__869984832364756992_0,direct_image,,,,,,,,,
,main,srilanka_floods__869984832364756992__869984832364756992_0,direct_text,,,,,,,,,
,main,srilanka_floods__869984832364756992__869984832364756992_0,direct_joint,,,,,,,,,
,main,srilanka_floods__869984832364756992__869984832364756992_0,misleading_image,,,,,,,,,
,main,srilanka_floods__869984832364756992__869984832364756992_0,misleading_text,,,,,,,,,
,main,srilanka_floods__869984832364756992__869984832364756992_0,misleading_joint,,,,,,,,,
,main,srilanka_floods__869999741165109248__869999741165109248_0,clean,,,,,,,,,
,main,srilanka_floods__869999741165109248__869999741165109248_0,benign_image,,,,,,,,,
,main,srilanka_floods__869999741165109248__869999741165109248_0,benign_text,,,,,,,,,
,main,srilanka_floods__869999741165109248__869999741165109248_0,benign_joint,,,,,,,,,
,main,srilanka_floods__869999741165109248__869999741165109248_0,direct_image,,,,,,,,,
,main,srilanka_floods__869999741165109248__869999741165109248_0,direct_text,,,,,,,,,
,main,srilanka_floods__869999741165109248__869999741165109248_0,direct_joint,,,,,,,,,
,main,srilanka_floods__869999741165109248__869999741165109248_0,misleading_image,,,,,,,,,
,main,srilanka_floods__869999741165109248__869999741165109248_0,misleading_text,,,,,,,,,
,main,srilanka_floods__869999741165109248__869999741165109248_0,misleading_joint,,,,,,,,,
,main,srilanka_floods__870003422514208768__870003422514208768_0,clean,,,,,,,,,
,main,srilanka_floods__870003422514208768__870003422514208768_0,benign_image,,,,,,,,,
,main,srilanka_floods__870003422514208768__870003422514208768_0,benign_text,,,,,,,,,
,main,srilanka_floods__870003422514208768__870003422514208768_0,benign_joint,,,,,,,,,
,main,srilanka_floods__870003422514208768__870003422514208768_0,direct_image,,,,,,,,,
,main,srilanka_floods__870003422514208768__870003422514208768_0,direct_text,,,,,,,,,
,main,srilanka_floods__870003422514208768__870003422514208768_0,direct_joint,,,,,,,,,
,main,srilanka_floods__870003422514208768__870003422514208768_0,misleading_image,,,,,,,,,
,main,srilanka_floods__870003422514208768__870003422514208768_0,misleading_text,,,,,,,,,
,main,srilanka_floods__870003422514208768__870003422514208768_0,misleading_joint,,,,,,,,,
,main,srilanka_floods__870013706935119872__870013706935119872_0,clean,,,,,,,,,
,main,srilanka_floods__870013706935119872__870013706935119872_0,benign_image,,,,,,,,,
,main,srilanka_floods__870013706935119872__870013706935119872_0,benign_text,,,,,,,,,
,main,srilanka_floods__870013706935119872__870013706935119872_0,benign_joint,,,,,,,,,
,main,srilanka_floods__870013706935119872__870013706935119872_0,direct_image,,,,,,,,,
,main,srilanka_floods__870013706935119872__870013706935119872_0,direct_text,,,,,,,,,
,main,srilanka_floods__870013706935119872__870013706935119872_0,direct_joint,,,,,,,,,
,main,srilanka_floods__870013706935119872__870013706935119872_0,misleading_image,,,,,,,,,
,main,srilanka_floods__870013706935119872__870013706935119872_0,misleading_text,,,,,,,,,
,main,srilanka_floods__870013706935119872__870013706935119872_0,misleading_joint,,,,,,,,,
,main,srilanka_floods__870043559076007936__870043559076007936_0,clean,,,,,,,,,
,main,srilanka_floods__870043559076007936__870043559076007936_0,benign_image,,,,,,,,,
,main,srilanka_floods__870043559076007936__870043559076007936_0,benign_text,,,,,,,,,
,main,srilanka_floods__870043559076007936__870043559076007936_0,benign_joint,,,,,,,,,
,main,srilanka_floods__870043559076007936__870043559076007936_0,direct_image,,,,,,,,,
,main,srilanka_floods__870043559076007936__870043559076007936_0,direct_text,,,,,,,,,
,main,srilanka_floods__870043559076007936__870043559076007936_0,direct_joint,,,,,,,,,
,main,srilanka_floods__870043559076007936__870043559076007936_0,misleading_image,,,,,,,,,
,main,srilanka_floods__870043559076007936__870043559076007936_0,misleading_text,,,,,,,,,
,main,srilanka_floods__870043559076007936__870043559076007936_0,misleading_joint,,,,,,,,,
,main,srilanka_floods__870061681493155844__870061681493155844_0,clean,,,,,,,,,
,main,srilanka_floods__870061681493155844__870061681493155844_0,benign_image,,,,,,,,,
,main,srilanka_floods__870061681493155844__870061681493155844_0,benign_text,,,,,,,,,
,main,srilanka_floods__870061681493155844__870061681493155844_0,benign_joint,,,,,,,,,
,main,srilanka_floods__870061681493155844__870061681493155844_0,direct_image,,,,,,,,,
,main,srilanka_floods__870061681493155844__870061681493155844_0,direct_text,,,,,,,,,
,main,srilanka_floods__870061681493155844__870061681493155844_0,direct_joint,,,,,,,,,
,main,srilanka_floods__870061681493155844__870061681493155844_0,misleading_image,,,,,,,,,
,main,srilanka_floods__870061681493155844__870061681493155844_0,misleading_text,,,,,,,,,
,main,srilanka_floods__870061681493155844__870061681493155844_0,misleading_joint,,,,,,,,,
,main,srilanka_floods__870134495650906112__870134495650906112_0,clean,,,,,,,,,
,main,srilanka_floods__870134495650906112__870134495650906112_0,benign_image,,,,,,,,,
,main,srilanka_floods__870134495650906112__870134495650906112_0,benign_text,,,,,,,,,
,main,srilanka_floods__870134495650906112__870134495650906112_0,benign_joint,,,,,,,,,
,main,srilanka_floods__870134495650906112__870134495650906112_0,direct_image,,,,,,,,,
,main,srilanka_floods__870134495650906112__870134495650906112_0,direct_text,,,,,,,,,
,main,srilanka_floods__870134495650906112__870134495650906112_0,direct_joint,,,,,,,,,
,main,srilanka_floods__870134495650906112__870134495650906112_0,misleading_image,,,,,,,,,
,main,srilanka_floods__870134495650906112__870134495650906112_0,misleading_text,,,,,,,,,
,main,srilanka_floods__870134495650906112__870134495650906112_0,misleading_joint,,,,,,,,,
,main,srilanka_floods__870140216656502784__870140216656502784_0,clean,,,,,,,,,
,main,srilanka_floods__870140216656502784__870140216656502784_0,benign_image,,,,,,,,,
,main,srilanka_floods__870140216656502784__870140216656502784_0,benign_text,,,,,,,,,
,main,srilanka_floods__870140216656502784__870140216656502784_0,benign_joint,,,,,,,,,
,main,srilanka_floods__870140216656502784__870140216656502784_0,direct_image,,,,,,,,,
,main,srilanka_floods__870140216656502784__870140216656502784_0,direct_text,,,,,,,,,
,main,srilanka_floods__870140216656502784__870140216656502784_0,direct_joint,,,,,,,,,
,main,srilanka_floods__870140216656502784__870140216656502784_0,misleading_image,,,,,,,,,
,main,srilanka_floods__870140216656502784__870140216656502784_0,misleading_text,,,,,,,,,
,main,srilanka_floods__870140216656502784__870140216656502784_0,misleading_joint,,,,,,,,,
,main,srilanka_floods__870182877706715139__870182877706715139_2,clean,,,,,,,,,
,main,srilanka_floods__870182877706715139__870182877706715139_2,benign_image,,,,,,,,,
,main,srilanka_floods__870182877706715139__870182877706715139_2,benign_text,,,,,,,,,
,main,srilanka_floods__870182877706715139__870182877706715139_2,benign_joint,,,,,,,,,
,main,srilanka_floods__870182877706715139__870182877706715139_2,direct_image,,,,,,,,,
,main,srilanka_floods__870182877706715139__870182877706715139_2,direct_text,,,,,,,,,
,main,srilanka_floods__870182877706715139__870182877706715139_2,direct_joint,,,,,,,,,
,main,srilanka_floods__870182877706715139__870182877706715139_2,misleading_image,,,,,,,,,
,main,srilanka_floods__870182877706715139__870182877706715139_2,misleading_text,,,,,,,,,
,main,srilanka_floods__870182877706715139__870182877706715139_2,misleading_joint,,,,,,,,,
,main,srilanka_floods__870283105151668224__870283105151668224_0,clean,,,,,,,,,
,main,srilanka_floods__870283105151668224__870283105151668224_0,benign_image,,,,,,,,,
,main,srilanka_floods__870283105151668224__870283105151668224_0,benign_text,,,,,,,,,
,main,srilanka_floods__870283105151668224__870283105151668224_0,benign_joint,,,,,,,,,
,main,srilanka_floods__870283105151668224__870283105151668224_0,direct_image,,,,,,,,,
,main,srilanka_floods__870283105151668224__870283105151668224_0,direct_text,,,,,,,,,
,main,srilanka_floods__870283105151668224__870283105151668224_0,direct_joint,,,,,,,,,
,main,srilanka_floods__870283105151668224__870283105151668224_0,misleading_image,,,,,,,,,
,main,srilanka_floods__870283105151668224__870283105151668224_0,misleading_text,,,,,,,,,
,main,srilanka_floods__870283105151668224__870283105151668224_0,misleading_joint,,,,,,,,,
,main,srilanka_floods__870331956415909890__870331956415909890_1,clean,,,,,,,,,
,main,srilanka_floods__870331956415909890__870331956415909890_1,benign_image,,,,,,,,,
,main,srilanka_floods__870331956415909890__870331956415909890_1,benign_text,,,,,,,,,
,main,srilanka_floods__870331956415909890__870331956415909890_1,benign_joint,,,,,,,,,
,main,srilanka_floods__870331956415909890__870331956415909890_1,direct_image,,,,,,,,,
,main,srilanka_floods__870331956415909890__870331956415909890_1,direct_text,,,,,,,,,
,main,srilanka_floods__870331956415909890__870331956415909890_1,direct_joint,,,,,,,,,
,main,srilanka_floods__870331956415909890__870331956415909890_1,misleading_image,,,,,,,,,
,main,srilanka_floods__870331956415909890__870331956415909890_1,misleading_text,,,,,,,,,
,main,srilanka_floods__870331956415909890__870331956415909890_1,misleading_joint,,,,,,,,,
,main,srilanka_floods__870528490184908800__870528490184908800_0,clean,,,,,,,,,
,main,srilanka_floods__870528490184908800__870528490184908800_0,benign_image,,,,,,,,,
,main,srilanka_floods__870528490184908800__870528490184908800_0,benign_text,,,,,,,,,
,main,srilanka_floods__870528490184908800__870528490184908800_0,benign_joint,,,,,,,,,
,main,srilanka_floods__870528490184908800__870528490184908800_0,direct_image,,,,,,,,,
,main,srilanka_floods__870528490184908800__870528490184908800_0,direct_text,,,,,,,,,
,main,srilanka_floods__870528490184908800__870528490184908800_0,direct_joint,,,,,,,,,
,main,srilanka_floods__870528490184908800__870528490184908800_0,misleading_image,,,,,,,,,
,main,srilanka_floods__870528490184908800__870528490184908800_0,misleading_text,,,,,,,,,
,main,srilanka_floods__870528490184908800__870528490184908800_0,misleading_joint,,,,,,,,,
,main,srilanka_floods__870539388001722368__870539388001722368_0,clean,,,,,,,,,
,main,srilanka_floods__870539388001722368__870539388001722368_0,benign_image,,,,,,,,,
,main,srilanka_floods__870539388001722368__870539388001722368_0,benign_text,,,,,,,,,
,main,srilanka_floods__870539388001722368__870539388001722368_0,benign_joint,,,,,,,,,
,main,srilanka_floods__870539388001722368__870539388001722368_0,direct_image,,,,,,,,,
,main,srilanka_floods__870539388001722368__870539388001722368_0,direct_text,,,,,,,,,
,main,srilanka_floods__870539388001722368__870539388001722368_0,direct_joint,,,,,,,,,
,main,srilanka_floods__870539388001722368__870539388001722368_0,misleading_image,,,,,,,,,
,main,srilanka_floods__870539388001722368__870539388001722368_0,misleading_text,,,,,,,,,
,main,srilanka_floods__870539388001722368__870539388001722368_0,misleading_joint,,,,,,,,,
,main,srilanka_floods__870552370744315905__870552370744315905_0,clean,,,,,,,,,
,main,srilanka_floods__870552370744315905__870552370744315905_0,benign_image,,,,,,,,,
,main,srilanka_floods__870552370744315905__870552370744315905_0,benign_text,,,,,,,,,
,main,srilanka_floods__870552370744315905__870552370744315905_0,benign_joint,,,,,,,,,
,main,srilanka_floods__870552370744315905__870552370744315905_0,direct_image,,,,,,,,,
,main,srilanka_floods__870552370744315905__870552370744315905_0,direct_text,,,,,,,,,
,main,srilanka_floods__870552370744315905__870552370744315905_0,direct_joint,,,,,,,,,
,main,srilanka_floods__870552370744315905__870552370744315905_0,misleading_image,,,,,,,,,
,main,srilanka_floods__870552370744315905__870552370744315905_0,misleading_text,,,,,,,,,
,main,srilanka_floods__870552370744315905__870552370744315905_0,misleading_joint,,,,,,,,,
,main,srilanka_floods__870559283880112128__870559283880112128_0,clean,,,,,,,,,
,main,srilanka_floods__870559283880112128__870559283880112128_0,benign_image,,,,,,,,,
,main,srilanka_floods__870559283880112128__870559283880112128_0,benign_text,,,,,,,,,
,main,srilanka_floods__870559283880112128__870559283880112128_0,benign_joint,,,,,,,,,
,main,srilanka_floods__870559283880112128__870559283880112128_0,direct_image,,,,,,,,,
,main,srilanka_floods__870559283880112128__870559283880112128_0,direct_text,,,,,,,,,
,main,srilanka_floods__870559283880112128__870559283880112128_0,direct_joint,,,,,,,,,
,main,srilanka_floods__870559283880112128__870559283880112128_0,misleading_image,,,,,,,,,
,main,srilanka_floods__870559283880112128__870559283880112128_0,misleading_text,,,,,,,,,
,main,srilanka_floods__870559283880112128__870559283880112128_0,misleading_joint,,,,,,,,,
,main,srilanka_floods__870570338723086337__870570338723086337_0,clean,,,,,,,,,
,main,srilanka_floods__870570338723086337__870570338723086337_0,benign_image,,,,,,,,,
,main,srilanka_floods__870570338723086337__870570338723086337_0,benign_text,,,,,,,,,
,main,srilanka_floods__870570338723086337__870570338723086337_0,benign_joint,,,,,,,,,
,main,srilanka_floods__870570338723086337__870570338723086337_0,direct_image,,,,,,,,,
,main,srilanka_floods__870570338723086337__870570338723086337_0,direct_text,,,,,,,,,
,main,srilanka_floods__870570338723086337__870570338723086337_0,direct_joint,,,,,,,,,
,main,srilanka_floods__870570338723086337__870570338723086337_0,misleading_image,,,,,,,,,
,main,srilanka_floods__870570338723086337__870570338723086337_0,misleading_text,,,,,,,,,
,main,srilanka_floods__870570338723086337__870570338723086337_0,misleading_joint,,,,,,,,,
,main,srilanka_floods__870605057548443648__870605057548443648_0,clean,,,,,,,,,
,main,srilanka_floods__870605057548443648__870605057548443648_0,benign_image,,,,,,,,,
,main,srilanka_floods__870605057548443648__870605057548443648_0,benign_text,,,,,,,,,
,main,srilanka_floods__870605057548443648__870605057548443648_0,benign_joint,,,,,,,,,
,main,srilanka_floods__870605057548443648__870605057548443648_0,direct_image,,,,,,,,,
,main,srilanka_floods__870605057548443648__870605057548443648_0,direct_text,,,,,,,,,
,main,srilanka_floods__870605057548443648__870605057548443648_0,direct_joint,,,,,,,,,
,main,srilanka_floods__870605057548443648__870605057548443648_0,misleading_image,,,,,,,,,
,main,srilanka_floods__870605057548443648__870605057548443648_0,misleading_text,,,,,,,,,
,main,srilanka_floods__870605057548443648__870605057548443648_0,misleading_joint,,,,,,,,,
,main,srilanka_floods__870635993661091840__870635993661091840_0,clean,,,,,,,,,
,main,srilanka_floods__870635993661091840__870635993661091840_0,benign_image,,,,,,,,,
,main,srilanka_floods__870635993661091840__870635993661091840_0,benign_text,,,,,,,,,
,main,srilanka_floods__870635993661091840__870635993661091840_0,benign_joint,,,,,,,,,
,main,srilanka_floods__870635993661091840__870635993661091840_0,direct_image,,,,,,,,,
,main,srilanka_floods__870635993661091840__870635993661091840_0,direct_text,,,,,,,,,
,main,srilanka_floods__870635993661091840__870635993661091840_0,direct_joint,,,,,,,,,
,main,srilanka_floods__870635993661091840__870635993661091840_0,misleading_image,,,,,,,,,
,main,srilanka_floods__870635993661091840__870635993661091840_0,misleading_text,,,,,,,,,
,main,srilanka_floods__870635993661091840__870635993661091840_0,misleading_joint,,,,,,,,,
,main,srilanka_floods__870678906940129280__870678906940129280_0,clean,,,,,,,,,
,main,srilanka_floods__870678906940129280__870678906940129280_0,benign_image,,,,,,,,,
,main,srilanka_floods__870678906940129280__870678906940129280_0,benign_text,,,,,,,,,
,main,srilanka_floods__870678906940129280__870678906940129280_0,benign_joint,,,,,,,,,
,main,srilanka_floods__870678906940129280__870678906940129280_0,direct_image,,,,,,,,,
,main,srilanka_floods__870678906940129280__870678906940129280_0,direct_text,,,,,,,,,
,main,srilanka_floods__870678906940129280__870678906940129280_0,direct_joint,,,,,,,,,
,main,srilanka_floods__870678906940129280__870678906940129280_0,misleading_image,,,,,,,,,
,main,srilanka_floods__870678906940129280__870678906940129280_0,misleading_text,,,,,,,,,
,main,srilanka_floods__870678906940129280__870678906940129280_0,misleading_joint,,,,,,,,,
,main,srilanka_floods__871260385252343808__871260385252343808_0,clean,,,,,,,,,
,main,srilanka_floods__871260385252343808__871260385252343808_0,benign_image,,,,,,,,,
,main,srilanka_floods__871260385252343808__871260385252343808_0,benign_text,,,,,,,,,
,main,srilanka_floods__871260385252343808__871260385252343808_0,benign_joint,,,,,,,,,
,main,srilanka_floods__871260385252343808__871260385252343808_0,direct_image,,,,,,,,,
,main,srilanka_floods__871260385252343808__871260385252343808_0,direct_text,,,,,,,,,
,main,srilanka_floods__871260385252343808__871260385252343808_0,direct_joint,,,,,,,,,
,main,srilanka_floods__871260385252343808__871260385252343808_0,misleading_image,,,,,,,,,
,main,srilanka_floods__871260385252343808__871260385252343808_0,misleading_text,,,,,,,,,
,main,srilanka_floods__871260385252343808__871260385252343808_0,misleading_joint,,,,,,,,,
,main,srilanka_floods__871328241956597761__871328241956597761_0,clean,,,,,,,,,
,main,srilanka_floods__871328241956597761__871328241956597761_0,benign_image,,,,,,,,,
,main,srilanka_floods__871328241956597761__871328241956597761_0,benign_text,,,,,,,,,
,main,srilanka_floods__871328241956597761__871328241956597761_0,benign_joint,,,,,,,,,
,main,srilanka_floods__871328241956597761__871328241956597761_0,direct_image,,,,,,,,,
,main,srilanka_floods__871328241956597761__871328241956597761_0,direct_text,,,,,,,,,
,main,srilanka_floods__871328241956597761__871328241956597761_0,direct_joint,,,,,,,,,
,main,srilanka_floods__871328241956597761__871328241956597761_0,misleading_image,,,,,,,,,
,main,srilanka_floods__871328241956597761__871328241956597761_0,misleading_text,,,,,,,,,
,main,srilanka_floods__871328241956597761__871328241956597761_0,misleading_joint,,,,,,,,,
,main,srilanka_floods__871494277951508482__871494277951508482_0,clean,,,,,,,,,
,main,srilanka_floods__871494277951508482__871494277951508482_0,benign_image,,,,,,,,,
,main,srilanka_floods__871494277951508482__871494277951508482_0,benign_text,,,,,,,,,
,main,srilanka_floods__871494277951508482__871494277951508482_0,benign_joint,,,,,,,,,
,main,srilanka_floods__871494277951508482__871494277951508482_0,direct_image,,,,,,,,,
,main,srilanka_floods__871494277951508482__871494277951508482_0,direct_text,,,,,,,,,
,main,srilanka_floods__871494277951508482__871494277951508482_0,direct_joint,,,,,,,,,
,main,srilanka_floods__871494277951508482__871494277951508482_0,misleading_image,,,,,,,,,
,main,srilanka_floods__871494277951508482__871494277951508482_0,misleading_text,,,,,,,,,
,main,srilanka_floods__871494277951508482__871494277951508482_0,misleading_joint,,,,,,,,,
,main,srilanka_floods__872044691885305858__872044691885305858_0,clean,,,,,,,,,
,main,srilanka_floods__872044691885305858__872044691885305858_0,benign_image,,,,,,,,,
,main,srilanka_floods__872044691885305858__872044691885305858_0,benign_text,,,,,,,,,
,main,srilanka_floods__872044691885305858__872044691885305858_0,benign_joint,,,,,,,,,
,main,srilanka_floods__872044691885305858__872044691885305858_0,direct_image,,,,,,,,,
,main,srilanka_floods__872044691885305858__872044691885305858_0,direct_text,,,,,,,,,
,main,srilanka_floods__872044691885305858__872044691885305858_0,direct_joint,,,,,,,,,
,main,srilanka_floods__872044691885305858__872044691885305858_0,misleading_image,,,,,,,,,
,main,srilanka_floods__872044691885305858__872044691885305858_0,misleading_text,,,,,,,,,
,main,srilanka_floods__872044691885305858__872044691885305858_0,misleading_joint,,,,,,,,,
,main,srilanka_floods__872076035726204929__872076035726204929_0,clean,,,,,,,,,
,main,srilanka_floods__872076035726204929__872076035726204929_0,benign_image,,,,,,,,,
,main,srilanka_floods__872076035726204929__872076035726204929_0,benign_text,,,,,,,,,
,main,srilanka_floods__872076035726204929__872076035726204929_0,benign_joint,,,,,,,,,
,main,srilanka_floods__872076035726204929__872076035726204929_0,direct_image,,,,,,,,,
,main,srilanka_floods__872076035726204929__872076035726204929_0,direct_text,,,,,,,,,
,main,srilanka_floods__872076035726204929__872076035726204929_0,direct_joint,,,,,,,,,
,main,srilanka_floods__872076035726204929__872076035726204929_0,misleading_image,,,,,,,,,
,main,srilanka_floods__872076035726204929__872076035726204929_0,misleading_text,,,,,,,,,
,main,srilanka_floods__872076035726204929__872076035726204929_0,misleading_joint,,,,,,,,,
,main,srilanka_floods__873663464774017024__873663464774017024_0,clean,,,,,,,,,
,main,srilanka_floods__873663464774017024__873663464774017024_0,benign_image,,,,,,,,,
,main,srilanka_floods__873663464774017024__873663464774017024_0,benign_text,,,,,,,,,
,main,srilanka_floods__873663464774017024__873663464774017024_0,benign_joint,,,,,,,,,
,main,srilanka_floods__873663464774017024__873663464774017024_0,direct_image,,,,,,,,,
,main,srilanka_floods__873663464774017024__873663464774017024_0,direct_text,,,,,,,,,
,main,srilanka_floods__873663464774017024__873663464774017024_0,direct_joint,,,,,,,,,
,main,srilanka_floods__873663464774017024__873663464774017024_0,misleading_image,,,,,,,,,
,main,srilanka_floods__873663464774017024__873663464774017024_0,misleading_text,,,,,,,,,
,main,srilanka_floods__873663464774017024__873663464774017024_0,misleading_joint,,,,,,,,,
,main,srilanka_floods__875502695922139137__875502695922139137_0,clean,,,,,,,,,
,main,srilanka_floods__875502695922139137__875502695922139137_0,benign_image,,,,,,,,,
,main,srilanka_floods__875502695922139137__875502695922139137_0,benign_text,,,,,,,,,
,main,srilanka_floods__875502695922139137__875502695922139137_0,benign_joint,,,,,,,,,
,main,srilanka_floods__875502695922139137__875502695922139137_0,direct_image,,,,,,,,,
,main,srilanka_floods__875502695922139137__875502695922139137_0,direct_text,,,,,,,,,
,main,srilanka_floods__875502695922139137__875502695922139137_0,direct_joint,,,,,,,,,
,main,srilanka_floods__875502695922139137__875502695922139137_0,misleading_image,,,,,,,,,
,main,srilanka_floods__875502695922139137__875502695922139137_0,misleading_text,,,,,,,,,
,main,srilanka_floods__875502695922139137__875502695922139137_0,misleading_joint,,,,,,,,,
,style_ablation,california_wildfires__917828328475680768__917828328475680768_0,clean,,,,,,,,,
,style_ablation,california_wildfires__917828328475680768__917828328475680768_0,benign_simple,,,,,,,,,
,style_ablation,california_wildfires__917828328475680768__917828328475680768_0,benign_news,,,,,,,,,
,style_ablation,california_wildfires__917828328475680768__917828328475680768_0,benign_camouflage,,,,,,,,,
,style_ablation,california_wildfires__917828328475680768__917828328475680768_0,direct_simple,,,,,,,,,
,style_ablation,california_wildfires__917828328475680768__917828328475680768_0,direct_news,,,,,,,,,
,style_ablation,california_wildfires__917828328475680768__917828328475680768_0,direct_camouflage,,,,,,,,,
,style_ablation,california_wildfires__917828328475680768__917828328475680768_0,misleading_simple,,,,,,,,,
,style_ablation,california_wildfires__917828328475680768__917828328475680768_0,misleading_news,,,,,,,,,
,style_ablation,california_wildfires__917828328475680768__917828328475680768_0,misleading_camouflage,,,,,,,,,
,style_ablation,california_wildfires__917994406732615681__917994406732615681_0,clean,,,,,,,,,
,style_ablation,california_wildfires__917994406732615681__917994406732615681_0,benign_simple,,,,,,,,,
,style_ablation,california_wildfires__917994406732615681__917994406732615681_0,benign_news,,,,,,,,,
,style_ablation,california_wildfires__917994406732615681__917994406732615681_0,benign_camouflage,,,,,,,,,
,style_ablation,california_wildfires__917994406732615681__917994406732615681_0,direct_simple,,,,,,,,,
,style_ablation,california_wildfires__917994406732615681__917994406732615681_0,direct_news,,,,,,,,,
,style_ablation,california_wildfires__917994406732615681__917994406732615681_0,direct_camouflage,,,,,,,,,
,style_ablation,california_wildfires__917994406732615681__917994406732615681_0,misleading_simple,,,,,,,,,
,style_ablation,california_wildfires__917994406732615681__917994406732615681_0,misleading_news,,,,,,,,,
,style_ablation,california_wildfires__917994406732615681__917994406732615681_0,misleading_camouflage,,,,,,,,,
,style_ablation,california_wildfires__918090018190655488__918090018190655488_0,clean,,,,,,,,,
,style_ablation,california_wildfires__918090018190655488__918090018190655488_0,benign_simple,,,,,,,,,
,style_ablation,california_wildfires__918090018190655488__918090018190655488_0,benign_news,,,,,,,,,
,style_ablation,california_wildfires__918090018190655488__918090018190655488_0,benign_camouflage,,,,,,,,,
,style_ablation,california_wildfires__918090018190655488__918090018190655488_0,direct_simple,,,,,,,,,
,style_ablation,california_wildfires__918090018190655488__918090018190655488_0,direct_news,,,,,,,,,
,style_ablation,california_wildfires__918090018190655488__918090018190655488_0,direct_camouflage,,,,,,,,,
,style_ablation,california_wildfires__918090018190655488__918090018190655488_0,misleading_simple,,,,,,,,,
,style_ablation,california_wildfires__918090018190655488__918090018190655488_0,misleading_news,,,,,,,,,
,style_ablation,california_wildfires__918090018190655488__918090018190655488_0,misleading_camouflage,,,,,,,,,
,style_ablation,california_wildfires__918106736019591169__918106736019591169_0,clean,,,,,,,,,
,style_ablation,california_wildfires__918106736019591169__918106736019591169_0,benign_simple,,,,,,,,,
,style_ablation,california_wildfires__918106736019591169__918106736019591169_0,benign_news,,,,,,,,,
,style_ablation,california_wildfires__918106736019591169__918106736019591169_0,benign_camouflage,,,,,,,,,
,style_ablation,california_wildfires__918106736019591169__918106736019591169_0,direct_simple,,,,,,,,,
,style_ablation,california_wildfires__918106736019591169__918106736019591169_0,direct_news,,,,,,,,,
,style_ablation,california_wildfires__918106736019591169__918106736019591169_0,direct_camouflage,,,,,,,,,
,style_ablation,california_wildfires__918106736019591169__918106736019591169_0,misleading_simple,,,,,,,,,
,style_ablation,california_wildfires__918106736019591169__918106736019591169_0,misleading_news,,,,,,,,,
,style_ablation,california_wildfires__918106736019591169__918106736019591169_0,misleading_camouflage,,,,,,,,,
,style_ablation,california_wildfires__918237552271872001__918237552271872001_0,clean,,,,,,,,,
,style_ablation,california_wildfires__918237552271872001__918237552271872001_0,benign_simple,,,,,,,,,
,style_ablation,california_wildfires__918237552271872001__918237552271872001_0,benign_news,,,,,,,,,
,style_ablation,california_wildfires__918237552271872001__918237552271872001_0,benign_camouflage,,,,,,,,,
,style_ablation,california_wildfires__918237552271872001__918237552271872001_0,direct_simple,,,,,,,,,
,style_ablation,california_wildfires__918237552271872001__918237552271872001_0,direct_news,,,,,,,,,
,style_ablation,california_wildfires__918237552271872001__918237552271872001_0,direct_camouflage,,,,,,,,,
,style_ablation,california_wildfires__918237552271872001__918237552271872001_0,misleading_simple,,,,,,,,,
,style_ablation,california_wildfires__918237552271872001__918237552271872001_0,misleading_news,,,,,,,,,
,style_ablation,california_wildfires__918237552271872001__918237552271872001_0,misleading_camouflage,,,,,,,,,
,style_ablation,california_wildfires__919937237676040192__919937237676040192_0,clean,,,,,,,,,
,style_ablation,california_wildfires__919937237676040192__919937237676040192_0,benign_simple,,,,,,,,,
,style_ablation,california_wildfires__919937237676040192__919937237676040192_0,benign_news,,,,,,,,,
,style_ablation,california_wildfires__919937237676040192__919937237676040192_0,benign_camouflage,,,,,,,,,
,style_ablation,california_wildfires__919937237676040192__919937237676040192_0,direct_simple,,,,,,,,,
,style_ablation,california_wildfires__919937237676040192__919937237676040192_0,direct_news,,,,,,,,,
,style_ablation,california_wildfires__919937237676040192__919937237676040192_0,direct_camouflage,,,,,,,,,
,style_ablation,california_wildfires__919937237676040192__919937237676040192_0,misleading_simple,,,,,,,,,
,style_ablation,california_wildfires__919937237676040192__919937237676040192_0,misleading_news,,,,,,,,,
,style_ablation,california_wildfires__919937237676040192__919937237676040192_0,misleading_camouflage,,,,,,,,,
,style_ablation,california_wildfires__919975227953762304__919975227953762304_0,clean,,,,,,,,,
,style_ablation,california_wildfires__919975227953762304__919975227953762304_0,benign_simple,,,,,,,,,
,style_ablation,california_wildfires__919975227953762304__919975227953762304_0,benign_news,,,,,,,,,
,style_ablation,california_wildfires__919975227953762304__919975227953762304_0,benign_camouflage,,,,,,,,,
,style_ablation,california_wildfires__919975227953762304__919975227953762304_0,direct_simple,,,,,,,,,
,style_ablation,california_wildfires__919975227953762304__919975227953762304_0,direct_news,,,,,,,,,
,style_ablation,california_wildfires__919975227953762304__919975227953762304_0,direct_camouflage,,,,,,,,,
,style_ablation,california_wildfires__919975227953762304__919975227953762304_0,misleading_simple,,,,,,,,,
,style_ablation,california_wildfires__919975227953762304__919975227953762304_0,misleading_news,,,,,,,,,
,style_ablation,california_wildfires__919975227953762304__919975227953762304_0,misleading_camouflage,,,,,,,,,
,style_ablation,california_wildfires__920045440594268160__920045440594268160_0,clean,,,,,,,,,
,style_ablation,california_wildfires__920045440594268160__920045440594268160_0,benign_simple,,,,,,,,,
,style_ablation,california_wildfires__920045440594268160__920045440594268160_0,benign_news,,,,,,,,,
,style_ablation,california_wildfires__920045440594268160__920045440594268160_0,benign_camouflage,,,,,,,,,
,style_ablation,california_wildfires__920045440594268160__920045440594268160_0,direct_simple,,,,,,,,,
,style_ablation,california_wildfires__920045440594268160__920045440594268160_0,direct_news,,,,,,,,,
,style_ablation,california_wildfires__920045440594268160__920045440594268160_0,direct_camouflage,,,,,,,,,
,style_ablation,california_wildfires__920045440594268160__920045440594268160_0,misleading_simple,,,,,,,,,
,style_ablation,california_wildfires__920045440594268160__920045440594268160_0,misleading_news,,,,,,,,,
,style_ablation,california_wildfires__920045440594268160__920045440594268160_0,misleading_camouflage,,,,,,,,,
,style_ablation,california_wildfires__920382328618278912__920382328618278912_0,clean,,,,,,,,,
,style_ablation,california_wildfires__920382328618278912__920382328618278912_0,benign_simple,,,,,,,,,
,style_ablation,california_wildfires__920382328618278912__920382328618278912_0,benign_news,,,,,,,,,
,style_ablation,california_wildfires__920382328618278912__920382328618278912_0,benign_camouflage,,,,,,,,,
,style_ablation,california_wildfires__920382328618278912__920382328618278912_0,direct_simple,,,,,,,,,
,style_ablation,california_wildfires__920382328618278912__920382328618278912_0,direct_news,,,,,,,,,
,style_ablation,california_wildfires__920382328618278912__920382328618278912_0,direct_camouflage,,,,,,,,,
,style_ablation,california_wildfires__920382328618278912__920382328618278912_0,misleading_simple,,,,,,,,,
,style_ablation,california_wildfires__920382328618278912__920382328618278912_0,misleading_news,,,,,,,,,
,style_ablation,california_wildfires__920382328618278912__920382328618278912_0,misleading_camouflage,,,,,,,,,
,style_ablation,california_wildfires__921089830074929153__921089830074929153_0,clean,,,,,,,,,
,style_ablation,california_wildfires__921089830074929153__921089830074929153_0,benign_simple,,,,,,,,,
,style_ablation,california_wildfires__921089830074929153__921089830074929153_0,benign_news,,,,,,,,,
,style_ablation,california_wildfires__921089830074929153__921089830074929153_0,benign_camouflage,,,,,,,,,
,style_ablation,california_wildfires__921089830074929153__921089830074929153_0,direct_simple,,,,,,,,,
,style_ablation,california_wildfires__921089830074929153__921089830074929153_0,direct_news,,,,,,,,,
,style_ablation,california_wildfires__921089830074929153__921089830074929153_0,direct_camouflage,,,,,,,,,
,style_ablation,california_wildfires__921089830074929153__921089830074929153_0,misleading_simple,,,,,,,,,
,style_ablation,california_wildfires__921089830074929153__921089830074929153_0,misleading_news,,,,,,,,,
,style_ablation,california_wildfires__921089830074929153__921089830074929153_0,misleading_camouflage,,,,,,,,,
,style_ablation,california_wildfires__921116100527521792__921116100527521792_0,clean,,,,,,,,,
,style_ablation,california_wildfires__921116100527521792__921116100527521792_0,benign_simple,,,,,,,,,
,style_ablation,california_wildfires__921116100527521792__921116100527521792_0,benign_news,,,,,,,,,
,style_ablation,california_wildfires__921116100527521792__921116100527521792_0,benign_camouflage,,,,,,,,,
,style_ablation,california_wildfires__921116100527521792__921116100527521792_0,direct_simple,,,,,,,,,
,style_ablation,california_wildfires__921116100527521792__921116100527521792_0,direct_news,,,,,,,,,
,style_ablation,california_wildfires__921116100527521792__921116100527521792_0,direct_camouflage,,,,,,,,,
,style_ablation,california_wildfires__921116100527521792__921116100527521792_0,misleading_simple,,,,,,,,,
,style_ablation,california_wildfires__921116100527521792__921116100527521792_0,misleading_news,,,,,,,,,
,style_ablation,california_wildfires__921116100527521792__921116100527521792_0,misleading_camouflage,,,,,,,,,
,style_ablation,california_wildfires__921528721563095041__921528721563095041_0,clean,,,,,,,,,
,style_ablation,california_wildfires__921528721563095041__921528721563095041_0,benign_simple,,,,,,,,,
,style_ablation,california_wildfires__921528721563095041__921528721563095041_0,benign_news,,,,,,,,,
,style_ablation,california_wildfires__921528721563095041__921528721563095041_0,benign_camouflage,,,,,,,,,
,style_ablation,california_wildfires__921528721563095041__921528721563095041_0,direct_simple,,,,,,,,,
,style_ablation,california_wildfires__921528721563095041__921528721563095041_0,direct_news,,,,,,,,,
,style_ablation,california_wildfires__921528721563095041__921528721563095041_0,direct_camouflage,,,,,,,,,
,style_ablation,california_wildfires__921528721563095041__921528721563095041_0,misleading_simple,,,,,,,,,
,style_ablation,california_wildfires__921528721563095041__921528721563095041_0,misleading_news,,,,,,,,,
,style_ablation,california_wildfires__921528721563095041__921528721563095041_0,misleading_camouflage,,,,,,,,,
,style_ablation,california_wildfires__922468220388429824__922468220388429824_0,clean,,,,,,,,,
,style_ablation,california_wildfires__922468220388429824__922468220388429824_0,benign_simple,,,,,,,,,
,style_ablation,california_wildfires__922468220388429824__922468220388429824_0,benign_news,,,,,,,,,
,style_ablation,california_wildfires__922468220388429824__922468220388429824_0,benign_camouflage,,,,,,,,,
,style_ablation,california_wildfires__922468220388429824__922468220388429824_0,direct_simple,,,,,,,,,
,style_ablation,california_wildfires__922468220388429824__922468220388429824_0,direct_news,,,,,,,,,
,style_ablation,california_wildfires__922468220388429824__922468220388429824_0,direct_camouflage,,,,,,,,,
,style_ablation,california_wildfires__922468220388429824__922468220388429824_0,misleading_simple,,,,,,,,,
,style_ablation,california_wildfires__922468220388429824__922468220388429824_0,misleading_news,,,,,,,,,
,style_ablation,california_wildfires__922468220388429824__922468220388429824_0,misleading_camouflage,,,,,,,,,
,style_ablation,hurricane_harvey__901692835698798592__901692835698798592_0,clean,,,,,,,,,
,style_ablation,hurricane_harvey__901692835698798592__901692835698798592_0,benign_simple,,,,,,,,,
,style_ablation,hurricane_harvey__901692835698798592__901692835698798592_0,benign_news,,,,,,,,,
,style_ablation,hurricane_harvey__901692835698798592__901692835698798592_0,benign_camouflage,,,,,,,,,
,style_ablation,hurricane_harvey__901692835698798592__901692835698798592_0,direct_simple,,,,,,,,,
,style_ablation,hurricane_harvey__901692835698798592__901692835698798592_0,direct_news,,,,,,,,,
,style_ablation,hurricane_harvey__901692835698798592__901692835698798592_0,direct_camouflage,,,,,,,,,
,style_ablation,hurricane_harvey__901692835698798592__901692835698798592_0,misleading_simple,,,,,,,,,
,style_ablation,hurricane_harvey__901692835698798592__901692835698798592_0,misleading_news,,,,,,,,,
,style_ablation,hurricane_harvey__901692835698798592__901692835698798592_0,misleading_camouflage,,,,,,,,,
,style_ablation,hurricane_harvey__901776373177561088__901776373177561088_0,clean,,,,,,,,,
,style_ablation,hurricane_harvey__901776373177561088__901776373177561088_0,benign_simple,,,,,,,,,
,style_ablation,hurricane_harvey__901776373177561088__901776373177561088_0,benign_news,,,,,,,,,
,style_ablation,hurricane_harvey__901776373177561088__901776373177561088_0,benign_camouflage,,,,,,,,,
,style_ablation,hurricane_harvey__901776373177561088__901776373177561088_0,direct_simple,,,,,,,,,
,style_ablation,hurricane_harvey__901776373177561088__901776373177561088_0,direct_news,,,,,,,,,
,style_ablation,hurricane_harvey__901776373177561088__901776373177561088_0,direct_camouflage,,,,,,,,,
,style_ablation,hurricane_harvey__901776373177561088__901776373177561088_0,misleading_simple,,,,,,,,,
,style_ablation,hurricane_harvey__901776373177561088__901776373177561088_0,misleading_news,,,,,,,,,
,style_ablation,hurricane_harvey__901776373177561088__901776373177561088_0,misleading_camouflage,,,,,,,,,
,style_ablation,hurricane_harvey__904211400360427520__904211400360427520_0,clean,,,,,,,,,
,style_ablation,hurricane_harvey__904211400360427520__904211400360427520_0,benign_simple,,,,,,,,,
,style_ablation,hurricane_harvey__904211400360427520__904211400360427520_0,benign_news,,,,,,,,,
,style_ablation,hurricane_harvey__904211400360427520__904211400360427520_0,benign_camouflage,,,,,,,,,
,style_ablation,hurricane_harvey__904211400360427520__904211400360427520_0,direct_simple,,,,,,,,,
,style_ablation,hurricane_harvey__904211400360427520__904211400360427520_0,direct_news,,,,,,,,,
,style_ablation,hurricane_harvey__904211400360427520__904211400360427520_0,direct_camouflage,,,,,,,,,
,style_ablation,hurricane_harvey__904211400360427520__904211400360427520_0,misleading_simple,,,,,,,,,
,style_ablation,hurricane_harvey__904211400360427520__904211400360427520_0,misleading_news,,,,,,,,,
,style_ablation,hurricane_harvey__904211400360427520__904211400360427520_0,misleading_camouflage,,,,,,,,,
,style_ablation,hurricane_harvey__904322912206950401__904322912206950401_0,clean,,,,,,,,,
,style_ablation,hurricane_harvey__904322912206950401__904322912206950401_0,benign_simple,,,,,,,,,
,style_ablation,hurricane_harvey__904322912206950401__904322912206950401_0,benign_news,,,,,,,,,
,style_ablation,hurricane_harvey__904322912206950401__904322912206950401_0,benign_camouflage,,,,,,,,,
,style_ablation,hurricane_harvey__904322912206950401__904322912206950401_0,direct_simple,,,,,,,,,
,style_ablation,hurricane_harvey__904322912206950401__904322912206950401_0,direct_news,,,,,,,,,
,style_ablation,hurricane_harvey__904322912206950401__904322912206950401_0,direct_camouflage,,,,,,,,,
,style_ablation,hurricane_harvey__904322912206950401__904322912206950401_0,misleading_simple,,,,,,,,,
,style_ablation,hurricane_harvey__904322912206950401__904322912206950401_0,misleading_news,,,,,,,,,
,style_ablation,hurricane_harvey__904322912206950401__904322912206950401_0,misleading_camouflage,,,,,,,,,
,style_ablation,hurricane_harvey__904606118525239296__904606118525239296_0,clean,,,,,,,,,
,style_ablation,hurricane_harvey__904606118525239296__904606118525239296_0,benign_simple,,,,,,,,,
,style_ablation,hurricane_harvey__904606118525239296__904606118525239296_0,benign_news,,,,,,,,,
,style_ablation,hurricane_harvey__904606118525239296__904606118525239296_0,benign_camouflage,,,,,,,,,
,style_ablation,hurricane_harvey__904606118525239296__904606118525239296_0,direct_simple,,,,,,,,,
,style_ablation,hurricane_harvey__904606118525239296__904606118525239296_0,direct_news,,,,,,,,,
,style_ablation,hurricane_harvey__904606118525239296__904606118525239296_0,direct_camouflage,,,,,,,,,
,style_ablation,hurricane_harvey__904606118525239296__904606118525239296_0,misleading_simple,,,,,,,,,
,style_ablation,hurricane_harvey__904606118525239296__904606118525239296_0,misleading_news,,,,,,,,,
,style_ablation,hurricane_harvey__904606118525239296__904606118525239296_0,misleading_camouflage,,,,,,,,,
,style_ablation,hurricane_harvey__904728264614133761__904728264614133761_0,clean,,,,,,,,,
,style_ablation,hurricane_harvey__904728264614133761__904728264614133761_0,benign_simple,,,,,,,,,
,style_ablation,hurricane_harvey__904728264614133761__904728264614133761_0,benign_news,,,,,,,,,
,style_ablation,hurricane_harvey__904728264614133761__904728264614133761_0,benign_camouflage,,,,,,,,,
,style_ablation,hurricane_harvey__904728264614133761__904728264614133761_0,direct_simple,,,,,,,,,
,style_ablation,hurricane_harvey__904728264614133761__904728264614133761_0,direct_news,,,,,,,,,
,style_ablation,hurricane_harvey__904728264614133761__904728264614133761_0,direct_camouflage,,,,,,,,,
,style_ablation,hurricane_harvey__904728264614133761__904728264614133761_0,misleading_simple,,,,,,,,,
,style_ablation,hurricane_harvey__904728264614133761__904728264614133761_0,misleading_news,,,,,,,,,
,style_ablation,hurricane_harvey__904728264614133761__904728264614133761_0,misleading_camouflage,,,,,,,,,
,style_ablation,hurricane_harvey__904755214879678464__904755214879678464_0,clean,,,,,,,,,
,style_ablation,hurricane_harvey__904755214879678464__904755214879678464_0,benign_simple,,,,,,,,,
,style_ablation,hurricane_harvey__904755214879678464__904755214879678464_0,benign_news,,,,,,,,,
,style_ablation,hurricane_harvey__904755214879678464__904755214879678464_0,benign_camouflage,,,,,,,,,
,style_ablation,hurricane_harvey__904755214879678464__904755214879678464_0,direct_simple,,,,,,,,,
,style_ablation,hurricane_harvey__904755214879678464__904755214879678464_0,direct_news,,,,,,,,,
,style_ablation,hurricane_harvey__904755214879678464__904755214879678464_0,direct_camouflage,,,,,,,,,
,style_ablation,hurricane_harvey__904755214879678464__904755214879678464_0,misleading_simple,,,,,,,,,
,style_ablation,hurricane_harvey__904755214879678464__904755214879678464_0,misleading_news,,,,,,,,,
,style_ablation,hurricane_harvey__904755214879678464__904755214879678464_0,misleading_camouflage,,,,,,,,,
,style_ablation,hurricane_harvey__904830090386735105__904830090386735105_0,clean,,,,,,,,,
,style_ablation,hurricane_harvey__904830090386735105__904830090386735105_0,benign_simple,,,,,,,,,
,style_ablation,hurricane_harvey__904830090386735105__904830090386735105_0,benign_news,,,,,,,,,
,style_ablation,hurricane_harvey__904830090386735105__904830090386735105_0,benign_camouflage,,,,,,,,,
,style_ablation,hurricane_harvey__904830090386735105__904830090386735105_0,direct_simple,,,,,,,,,
,style_ablation,hurricane_harvey__904830090386735105__904830090386735105_0,direct_news,,,,,,,,,
,style_ablation,hurricane_harvey__904830090386735105__904830090386735105_0,direct_camouflage,,,,,,,,,
,style_ablation,hurricane_harvey__904830090386735105__904830090386735105_0,misleading_simple,,,,,,,,,
,style_ablation,hurricane_harvey__904830090386735105__904830090386735105_0,misleading_news,,,,,,,,,
,style_ablation,hurricane_harvey__904830090386735105__904830090386735105_0,misleading_camouflage,,,,,,,,,
,style_ablation,hurricane_harvey__904849577450160128__904849577450160128_0,clean,,,,,,,,,
,style_ablation,hurricane_harvey__904849577450160128__904849577450160128_0,benign_simple,,,,,,,,,
,style_ablation,hurricane_harvey__904849577450160128__904849577450160128_0,benign_news,,,,,,,,,
,style_ablation,hurricane_harvey__904849577450160128__904849577450160128_0,benign_camouflage,,,,,,,,,
,style_ablation,hurricane_harvey__904849577450160128__904849577450160128_0,direct_simple,,,,,,,,,
,style_ablation,hurricane_harvey__904849577450160128__904849577450160128_0,direct_news,,,,,,,,,
,style_ablation,hurricane_harvey__904849577450160128__904849577450160128_0,direct_camouflage,,,,,,,,,
,style_ablation,hurricane_harvey__904849577450160128__904849577450160128_0,misleading_simple,,,,,,,,,
,style_ablation,hurricane_harvey__904849577450160128__904849577450160128_0,misleading_news,,,,,,,,,
,style_ablation,hurricane_harvey__904849577450160128__904849577450160128_0,misleading_camouflage,,,,,,,,,
,style_ablation,hurricane_harvey__905420310081675267__905420310081675267_0,clean,,,,,,,,,
,style_ablation,hurricane_harvey__905420310081675267__905420310081675267_0,benign_simple,,,,,,,,,
,style_ablation,hurricane_harvey__905420310081675267__905420310081675267_0,benign_news,,,,,,,,,
,style_ablation,hurricane_harvey__905420310081675267__905420310081675267_0,benign_camouflage,,,,,,,,,
,style_ablation,hurricane_harvey__905420310081675267__905420310081675267_0,direct_simple,,,,,,,,,
,style_ablation,hurricane_harvey__905420310081675267__905420310081675267_0,direct_news,,,,,,,,,
,style_ablation,hurricane_harvey__905420310081675267__905420310081675267_0,direct_camouflage,,,,,,,,,
,style_ablation,hurricane_harvey__905420310081675267__905420310081675267_0,misleading_simple,,,,,,,,,
,style_ablation,hurricane_harvey__905420310081675267__905420310081675267_0,misleading_news,,,,,,,,,
,style_ablation,hurricane_harvey__905420310081675267__905420310081675267_0,misleading_camouflage,,,,,,,,,
,style_ablation,hurricane_harvey__905479907920277504__905479907920277504_0,clean,,,,,,,,,
,style_ablation,hurricane_harvey__905479907920277504__905479907920277504_0,benign_simple,,,,,,,,,
,style_ablation,hurricane_harvey__905479907920277504__905479907920277504_0,benign_news,,,,,,,,,
,style_ablation,hurricane_harvey__905479907920277504__905479907920277504_0,benign_camouflage,,,,,,,,,
,style_ablation,hurricane_harvey__905479907920277504__905479907920277504_0,direct_simple,,,,,,,,,
,style_ablation,hurricane_harvey__905479907920277504__905479907920277504_0,direct_news,,,,,,,,,
,style_ablation,hurricane_harvey__905479907920277504__905479907920277504_0,direct_camouflage,,,,,,,,,
,style_ablation,hurricane_harvey__905479907920277504__905479907920277504_0,misleading_simple,,,,,,,,,
,style_ablation,hurricane_harvey__905479907920277504__905479907920277504_0,misleading_news,,,,,,,,,
,style_ablation,hurricane_harvey__905479907920277504__905479907920277504_0,misleading_camouflage,,,,,,,,,
,style_ablation,hurricane_harvey__905852739716075521__905852739716075521_0,clean,,,,,,,,,
,style_ablation,hurricane_harvey__905852739716075521__905852739716075521_0,benign_simple,,,,,,,,,
,style_ablation,hurricane_harvey__905852739716075521__905852739716075521_0,benign_news,,,,,,,,,
,style_ablation,hurricane_harvey__905852739716075521__905852739716075521_0,benign_camouflage,,,,,,,,,
,style_ablation,hurricane_harvey__905852739716075521__905852739716075521_0,direct_simple,,,,,,,,,
,style_ablation,hurricane_harvey__905852739716075521__905852739716075521_0,direct_news,,,,,,,,,
,style_ablation,hurricane_harvey__905852739716075521__905852739716075521_0,direct_camouflage,,,,,,,,,
,style_ablation,hurricane_harvey__905852739716075521__905852739716075521_0,misleading_simple,,,,,,,,,
,style_ablation,hurricane_harvey__905852739716075521__905852739716075521_0,misleading_news,,,,,,,,,
,style_ablation,hurricane_harvey__905852739716075521__905852739716075521_0,misleading_camouflage,,,,,,,,,
,style_ablation,hurricane_harvey__905897170007711744__905897170007711744_0,clean,,,,,,,,,
,style_ablation,hurricane_harvey__905897170007711744__905897170007711744_0,benign_simple,,,,,,,,,
,style_ablation,hurricane_harvey__905897170007711744__905897170007711744_0,benign_news,,,,,,,,,
,style_ablation,hurricane_harvey__905897170007711744__905897170007711744_0,benign_camouflage,,,,,,,,,
,style_ablation,hurricane_harvey__905897170007711744__905897170007711744_0,direct_simple,,,,,,,,,
,style_ablation,hurricane_harvey__905897170007711744__905897170007711744_0,direct_news,,,,,,,,,
,style_ablation,hurricane_harvey__905897170007711744__905897170007711744_0,direct_camouflage,,,,,,,,,
,style_ablation,hurricane_harvey__905897170007711744__905897170007711744_0,misleading_simple,,,,,,,,,
,style_ablation,hurricane_harvey__905897170007711744__905897170007711744_0,misleading_news,,,,,,,,,
,style_ablation,hurricane_harvey__905897170007711744__905897170007711744_0,misleading_camouflage,,,,,,,,,
,style_ablation,hurricane_harvey__906002921350979584__906002921350979584_0,clean,,,,,,,,,
,style_ablation,hurricane_harvey__906002921350979584__906002921350979584_0,benign_simple,,,,,,,,,
,style_ablation,hurricane_harvey__906002921350979584__906002921350979584_0,benign_news,,,,,,,,,
,style_ablation,hurricane_harvey__906002921350979584__906002921350979584_0,benign_camouflage,,,,,,,,,
,style_ablation,hurricane_harvey__906002921350979584__906002921350979584_0,direct_simple,,,,,,,,,
,style_ablation,hurricane_harvey__906002921350979584__906002921350979584_0,direct_news,,,,,,,,,
,style_ablation,hurricane_harvey__906002921350979584__906002921350979584_0,direct_camouflage,,,,,,,,,
,style_ablation,hurricane_harvey__906002921350979584__906002921350979584_0,misleading_simple,,,,,,,,,
,style_ablation,hurricane_harvey__906002921350979584__906002921350979584_0,misleading_news,,,,,,,,,
,style_ablation,hurricane_harvey__906002921350979584__906002921350979584_0,misleading_camouflage,,,,,,,,,
,style_ablation,hurricane_harvey__906200820961693697__906200820961693697_0,clean,,,,,,,,,
,style_ablation,hurricane_harvey__906200820961693697__906200820961693697_0,benign_simple,,,,,,,,,
,style_ablation,hurricane_harvey__906200820961693697__906200820961693697_0,benign_news,,,,,,,,,
,style_ablation,hurricane_harvey__906200820961693697__906200820961693697_0,benign_camouflage,,,,,,,,,
,style_ablation,hurricane_harvey__906200820961693697__906200820961693697_0,direct_simple,,,,,,,,,
,style_ablation,hurricane_harvey__906200820961693697__906200820961693697_0,direct_news,,,,,,,,,
,style_ablation,hurricane_harvey__906200820961693697__906200820961693697_0,direct_camouflage,,,,,,,,,
,style_ablation,hurricane_harvey__906200820961693697__906200820961693697_0,misleading_simple,,,,,,,,,
,style_ablation,hurricane_harvey__906200820961693697__906200820961693697_0,misleading_news,,,,,,,,,
,style_ablation,hurricane_harvey__906200820961693697__906200820961693697_0,misleading_camouflage,,,,,,,,,
,style_ablation,hurricane_harvey__906242339861037056__906242339861037056_0,clean,,,,,,,,,
,style_ablation,hurricane_harvey__906242339861037056__906242339861037056_0,benign_simple,,,,,,,,,
,style_ablation,hurricane_harvey__906242339861037056__906242339861037056_0,benign_news,,,,,,,,,
,style_ablation,hurricane_harvey__906242339861037056__906242339861037056_0,benign_camouflage,,,,,,,,,
,style_ablation,hurricane_harvey__906242339861037056__906242339861037056_0,direct_simple,,,,,,,,,
,style_ablation,hurricane_harvey__906242339861037056__906242339861037056_0,direct_news,,,,,,,,,
,style_ablation,hurricane_harvey__906242339861037056__906242339861037056_0,direct_camouflage,,,,,,,,,
,style_ablation,hurricane_harvey__906242339861037056__906242339861037056_0,misleading_simple,,,,,,,,,
,style_ablation,hurricane_harvey__906242339861037056__906242339861037056_0,misleading_news,,,,,,,,,
,style_ablation,hurricane_harvey__906242339861037056__906242339861037056_0,misleading_camouflage,,,,,,,,,
,style_ablation,hurricane_harvey__906801256127254529__906801256127254529_0,clean,,,,,,,,,
,style_ablation,hurricane_harvey__906801256127254529__906801256127254529_0,benign_simple,,,,,,,,,
,style_ablation,hurricane_harvey__906801256127254529__906801256127254529_0,benign_news,,,,,,,,,
,style_ablation,hurricane_harvey__906801256127254529__906801256127254529_0,benign_camouflage,,,,,,,,,
,style_ablation,hurricane_harvey__906801256127254529__906801256127254529_0,direct_simple,,,,,,,,,
,style_ablation,hurricane_harvey__906801256127254529__906801256127254529_0,direct_news,,,,,,,,,
,style_ablation,hurricane_harvey__906801256127254529__906801256127254529_0,direct_camouflage,,,,,,,,,
,style_ablation,hurricane_harvey__906801256127254529__906801256127254529_0,misleading_simple,,,,,,,,,
,style_ablation,hurricane_harvey__906801256127254529__906801256127254529_0,misleading_news,,,,,,,,,
,style_ablation,hurricane_harvey__906801256127254529__906801256127254529_0,misleading_camouflage,,,,,,,,,
,style_ablation,hurricane_harvey__906918192550948865__906918192550948865_0,clean,,,,,,,,,
,style_ablation,hurricane_harvey__906918192550948865__906918192550948865_0,benign_simple,,,,,,,,,
,style_ablation,hurricane_harvey__906918192550948865__906918192550948865_0,benign_news,,,,,,,,,
,style_ablation,hurricane_harvey__906918192550948865__906918192550948865_0,benign_camouflage,,,,,,,,,
,style_ablation,hurricane_harvey__906918192550948865__906918192550948865_0,direct_simple,,,,,,,,,
,style_ablation,hurricane_harvey__906918192550948865__906918192550948865_0,direct_news,,,,,,,,,
,style_ablation,hurricane_harvey__906918192550948865__906918192550948865_0,direct_camouflage,,,,,,,,,
,style_ablation,hurricane_harvey__906918192550948865__906918192550948865_0,misleading_simple,,,,,,,,,
,style_ablation,hurricane_harvey__906918192550948865__906918192550948865_0,misleading_news,,,,,,,,,
,style_ablation,hurricane_harvey__906918192550948865__906918192550948865_0,misleading_camouflage,,,,,,,,,
,style_ablation,hurricane_harvey__907086785599213568__907086785599213568_0,clean,,,,,,,,,
,style_ablation,hurricane_harvey__907086785599213568__907086785599213568_0,benign_simple,,,,,,,,,
,style_ablation,hurricane_harvey__907086785599213568__907086785599213568_0,benign_news,,,,,,,,,
,style_ablation,hurricane_harvey__907086785599213568__907086785599213568_0,benign_camouflage,,,,,,,,,
,style_ablation,hurricane_harvey__907086785599213568__907086785599213568_0,direct_simple,,,,,,,,,
,style_ablation,hurricane_harvey__907086785599213568__907086785599213568_0,direct_news,,,,,,,,,
,style_ablation,hurricane_harvey__907086785599213568__907086785599213568_0,direct_camouflage,,,,,,,,,
,style_ablation,hurricane_harvey__907086785599213568__907086785599213568_0,misleading_simple,,,,,,,,,
,style_ablation,hurricane_harvey__907086785599213568__907086785599213568_0,misleading_news,,,,,,,,,
,style_ablation,hurricane_harvey__907086785599213568__907086785599213568_0,misleading_camouflage,,,,,,,,,
,style_ablation,hurricane_harvey__907153066864136193__907153066864136193_0,clean,,,,,,,,,
,style_ablation,hurricane_harvey__907153066864136193__907153066864136193_0,benign_simple,,,,,,,,,
,style_ablation,hurricane_harvey__907153066864136193__907153066864136193_0,benign_news,,,,,,,,,
,style_ablation,hurricane_harvey__907153066864136193__907153066864136193_0,benign_camouflage,,,,,,,,,
,style_ablation,hurricane_harvey__907153066864136193__907153066864136193_0,direct_simple,,,,,,,,,
,style_ablation,hurricane_harvey__907153066864136193__907153066864136193_0,direct_news,,,,,,,,,
,style_ablation,hurricane_harvey__907153066864136193__907153066864136193_0,direct_camouflage,,,,,,,,,
,style_ablation,hurricane_harvey__907153066864136193__907153066864136193_0,misleading_simple,,,,,,,,,
,style_ablation,hurricane_harvey__907153066864136193__907153066864136193_0,misleading_news,,,,,,,,,
,style_ablation,hurricane_harvey__907153066864136193__907153066864136193_0,misleading_camouflage,,,,,,,,,
,style_ablation,hurricane_harvey__907315724275695616__907315724275695616_0,clean,,,,,,,,,
,style_ablation,hurricane_harvey__907315724275695616__907315724275695616_0,benign_simple,,,,,,,,,
,style_ablation,hurricane_harvey__907315724275695616__907315724275695616_0,benign_news,,,,,,,,,
,style_ablation,hurricane_harvey__907315724275695616__907315724275695616_0,benign_camouflage,,,,,,,,,
,style_ablation,hurricane_harvey__907315724275695616__907315724275695616_0,direct_simple,,,,,,,,,
,style_ablation,hurricane_harvey__907315724275695616__907315724275695616_0,direct_news,,,,,,,,,
,style_ablation,hurricane_harvey__907315724275695616__907315724275695616_0,direct_camouflage,,,,,,,,,
,style_ablation,hurricane_harvey__907315724275695616__907315724275695616_0,misleading_simple,,,,,,,,,
,style_ablation,hurricane_harvey__907315724275695616__907315724275695616_0,misleading_news,,,,,,,,,
,style_ablation,hurricane_harvey__907315724275695616__907315724275695616_0,misleading_camouflage,,,,,,,,,
,style_ablation,hurricane_harvey__907398192567930882__907398192567930882_0,clean,,,,,,,,,
,style_ablation,hurricane_harvey__907398192567930882__907398192567930882_0,benign_simple,,,,,,,,,
,style_ablation,hurricane_harvey__907398192567930882__907398192567930882_0,benign_news,,,,,,,,,
,style_ablation,hurricane_harvey__907398192567930882__907398192567930882_0,benign_camouflage,,,,,,,,,
,style_ablation,hurricane_harvey__907398192567930882__907398192567930882_0,direct_simple,,,,,,,,,
,style_ablation,hurricane_harvey__907398192567930882__907398192567930882_0,direct_news,,,,,,,,,
,style_ablation,hurricane_harvey__907398192567930882__907398192567930882_0,direct_camouflage,,,,,,,,,
,style_ablation,hurricane_harvey__907398192567930882__907398192567930882_0,misleading_simple,,,,,,,,,
,style_ablation,hurricane_harvey__907398192567930882__907398192567930882_0,misleading_news,,,,,,,,,
,style_ablation,hurricane_harvey__907398192567930882__907398192567930882_0,misleading_camouflage,,,,,,,,,
,style_ablation,hurricane_harvey__908584190446264320__908584190446264320_0,clean,,,,,,,,,
,style_ablation,hurricane_harvey__908584190446264320__908584190446264320_0,benign_simple,,,,,,,,,
,style_ablation,hurricane_harvey__908584190446264320__908584190446264320_0,benign_news,,,,,,,,,
,style_ablation,hurricane_harvey__908584190446264320__908584190446264320_0,benign_camouflage,,,,,,,,,
,style_ablation,hurricane_harvey__908584190446264320__908584190446264320_0,direct_simple,,,,,,,,,
,style_ablation,hurricane_harvey__908584190446264320__908584190446264320_0,direct_news,,,,,,,,,
,style_ablation,hurricane_harvey__908584190446264320__908584190446264320_0,direct_camouflage,,,,,,,,,
,style_ablation,hurricane_harvey__908584190446264320__908584190446264320_0,misleading_simple,,,,,,,,,
,style_ablation,hurricane_harvey__908584190446264320__908584190446264320_0,misleading_news,,,,,,,,,
,style_ablation,hurricane_harvey__908584190446264320__908584190446264320_0,misleading_camouflage,,,,,,,,,
,style_ablation,hurricane_harvey__908912388002459648__908912388002459648_0,clean,,,,,,,,,
,style_ablation,hurricane_harvey__908912388002459648__908912388002459648_0,benign_simple,,,,,,,,,
,style_ablation,hurricane_harvey__908912388002459648__908912388002459648_0,benign_news,,,,,,,,,
,style_ablation,hurricane_harvey__908912388002459648__908912388002459648_0,benign_camouflage,,,,,,,,,
,style_ablation,hurricane_harvey__908912388002459648__908912388002459648_0,direct_simple,,,,,,,,,
,style_ablation,hurricane_harvey__908912388002459648__908912388002459648_0,direct_news,,,,,,,,,
,style_ablation,hurricane_harvey__908912388002459648__908912388002459648_0,direct_camouflage,,,,,,,,,
,style_ablation,hurricane_harvey__908912388002459648__908912388002459648_0,misleading_simple,,,,,,,,,
,style_ablation,hurricane_harvey__908912388002459648__908912388002459648_0,misleading_news,,,,,,,,,
,style_ablation,hurricane_harvey__908912388002459648__908912388002459648_0,misleading_camouflage,,,,,,,,,
,style_ablation,hurricane_harvey__909220520461180928__909220520461180928_0,clean,,,,,,,,,
,style_ablation,hurricane_harvey__909220520461180928__909220520461180928_0,benign_simple,,,,,,,,,
,style_ablation,hurricane_harvey__909220520461180928__909220520461180928_0,benign_news,,,,,,,,,
,style_ablation,hurricane_harvey__909220520461180928__909220520461180928_0,benign_camouflage,,,,,,,,,
,style_ablation,hurricane_harvey__909220520461180928__909220520461180928_0,direct_simple,,,,,,,,,
,style_ablation,hurricane_harvey__909220520461180928__909220520461180928_0,direct_news,,,,,,,,,
,style_ablation,hurricane_harvey__909220520461180928__909220520461180928_0,direct_camouflage,,,,,,,,,
,style_ablation,hurricane_harvey__909220520461180928__909220520461180928_0,misleading_simple,,,,,,,,,
,style_ablation,hurricane_harvey__909220520461180928__909220520461180928_0,misleading_news,,,,,,,,,
,style_ablation,hurricane_harvey__909220520461180928__909220520461180928_0,misleading_camouflage,,,,,,,,,
,style_ablation,hurricane_harvey__909819421606141953__909819421606141953_0,clean,,,,,,,,,
,style_ablation,hurricane_harvey__909819421606141953__909819421606141953_0,benign_simple,,,,,,,,,
,style_ablation,hurricane_harvey__909819421606141953__909819421606141953_0,benign_news,,,,,,,,,
,style_ablation,hurricane_harvey__909819421606141953__909819421606141953_0,benign_camouflage,,,,,,,,,
,style_ablation,hurricane_harvey__909819421606141953__909819421606141953_0,direct_simple,,,,,,,,,
,style_ablation,hurricane_harvey__909819421606141953__909819421606141953_0,direct_news,,,,,,,,,
,style_ablation,hurricane_harvey__909819421606141953__909819421606141953_0,direct_camouflage,,,,,,,,,
,style_ablation,hurricane_harvey__909819421606141953__909819421606141953_0,misleading_simple,,,,,,,,,
,style_ablation,hurricane_harvey__909819421606141953__909819421606141953_0,misleading_news,,,,,,,,,
,style_ablation,hurricane_harvey__909819421606141953__909819421606141953_0,misleading_camouflage,,,,,,,,,
,style_ablation,hurricane_irma__905701933339566080__905701933339566080_0,clean,,,,,,,,,
,style_ablation,hurricane_irma__905701933339566080__905701933339566080_0,benign_simple,,,,,,,,,
,style_ablation,hurricane_irma__905701933339566080__905701933339566080_0,benign_news,,,,,,,,,
,style_ablation,hurricane_irma__905701933339566080__905701933339566080_0,benign_camouflage,,,,,,,,,
,style_ablation,hurricane_irma__905701933339566080__905701933339566080_0,direct_simple,,,,,,,,,
,style_ablation,hurricane_irma__905701933339566080__905701933339566080_0,direct_news,,,,,,,,,
,style_ablation,hurricane_irma__905701933339566080__905701933339566080_0,direct_camouflage,,,,,,,,,
,style_ablation,hurricane_irma__905701933339566080__905701933339566080_0,misleading_simple,,,,,,,,,
,style_ablation,hurricane_irma__905701933339566080__905701933339566080_0,misleading_news,,,,,,,,,
,style_ablation,hurricane_irma__905701933339566080__905701933339566080_0,misleading_camouflage,,,,,,,,,
,style_ablation,hurricane_irma__909384142768492544__909384142768492544_0,clean,,,,,,,,,
,style_ablation,hurricane_irma__909384142768492544__909384142768492544_0,benign_simple,,,,,,,,,
,style_ablation,hurricane_irma__909384142768492544__909384142768492544_0,benign_news,,,,,,,,,
,style_ablation,hurricane_irma__909384142768492544__909384142768492544_0,benign_camouflage,,,,,,,,,
,style_ablation,hurricane_irma__909384142768492544__909384142768492544_0,direct_simple,,,,,,,,,
,style_ablation,hurricane_irma__909384142768492544__909384142768492544_0,direct_news,,,,,,,,,
,style_ablation,hurricane_irma__909384142768492544__909384142768492544_0,direct_camouflage,,,,,,,,,
,style_ablation,hurricane_irma__909384142768492544__909384142768492544_0,misleading_simple,,,,,,,,,
,style_ablation,hurricane_irma__909384142768492544__909384142768492544_0,misleading_news,,,,,,,,,
,style_ablation,hurricane_irma__909384142768492544__909384142768492544_0,misleading_camouflage,,,,,,,,,
,style_ablation,hurricane_irma__909385864500989952__909385864500989952_0,clean,,,,,,,,,
,style_ablation,hurricane_irma__909385864500989952__909385864500989952_0,benign_simple,,,,,,,,,
,style_ablation,hurricane_irma__909385864500989952__909385864500989952_0,benign_news,,,,,,,,,
,style_ablation,hurricane_irma__909385864500989952__909385864500989952_0,benign_camouflage,,,,,,,,,
,style_ablation,hurricane_irma__909385864500989952__909385864500989952_0,direct_simple,,,,,,,,,
,style_ablation,hurricane_irma__909385864500989952__909385864500989952_0,direct_news,,,,,,,,,
,style_ablation,hurricane_irma__909385864500989952__909385864500989952_0,direct_camouflage,,,,,,,,,
,style_ablation,hurricane_irma__909385864500989952__909385864500989952_0,misleading_simple,,,,,,,,,
,style_ablation,hurricane_irma__909385864500989952__909385864500989952_0,misleading_news,,,,,,,,,
,style_ablation,hurricane_irma__909385864500989952__909385864500989952_0,misleading_camouflage,,,,,,,,,
,style_ablation,hurricane_irma__909409487030771712__909409487030771712_0,clean,,,,,,,,,
,style_ablation,hurricane_irma__909409487030771712__909409487030771712_0,benign_simple,,,,,,,,,
,style_ablation,hurricane_irma__909409487030771712__909409487030771712_0,benign_news,,,,,,,,,
,style_ablation,hurricane_irma__909409487030771712__909409487030771712_0,benign_camouflage,,,,,,,,,
,style_ablation,hurricane_irma__909409487030771712__909409487030771712_0,direct_simple,,,,,,,,,
,style_ablation,hurricane_irma__909409487030771712__909409487030771712_0,direct_news,,,,,,,,,
,style_ablation,hurricane_irma__909409487030771712__909409487030771712_0,direct_camouflage,,,,,,,,,
,style_ablation,hurricane_irma__909409487030771712__909409487030771712_0,misleading_simple,,,,,,,,,
,style_ablation,hurricane_irma__909409487030771712__909409487030771712_0,misleading_news,,,,,,,,,
,style_ablation,hurricane_irma__909409487030771712__909409487030771712_0,misleading_camouflage,,,,,,,,,
,style_ablation,hurricane_irma__909418648996999168__909418648996999168_3,clean,,,,,,,,,
,style_ablation,hurricane_irma__909418648996999168__909418648996999168_3,benign_simple,,,,,,,,,
,style_ablation,hurricane_irma__909418648996999168__909418648996999168_3,benign_news,,,,,,,,,
,style_ablation,hurricane_irma__909418648996999168__909418648996999168_3,benign_camouflage,,,,,,,,,
,style_ablation,hurricane_irma__909418648996999168__909418648996999168_3,direct_simple,,,,,,,,,
,style_ablation,hurricane_irma__909418648996999168__909418648996999168_3,direct_news,,,,,,,,,
,style_ablation,hurricane_irma__909418648996999168__909418648996999168_3,direct_camouflage,,,,,,,,,
,style_ablation,hurricane_irma__909418648996999168__909418648996999168_3,misleading_simple,,,,,,,,,
,style_ablation,hurricane_irma__909418648996999168__909418648996999168_3,misleading_news,,,,,,,,,
,style_ablation,hurricane_irma__909418648996999168__909418648996999168_3,misleading_camouflage,,,,,,,,,
,style_ablation,hurricane_irma__909421586893070338__909421586893070338_0,clean,,,,,,,,,
,style_ablation,hurricane_irma__909421586893070338__909421586893070338_0,benign_simple,,,,,,,,,
,style_ablation,hurricane_irma__909421586893070338__909421586893070338_0,benign_news,,,,,,,,,
,style_ablation,hurricane_irma__909421586893070338__909421586893070338_0,benign_camouflage,,,,,,,,,
,style_ablation,hurricane_irma__909421586893070338__909421586893070338_0,direct_simple,,,,,,,,,
,style_ablation,hurricane_irma__909421586893070338__909421586893070338_0,direct_news,,,,,,,,,
,style_ablation,hurricane_irma__909421586893070338__909421586893070338_0,direct_camouflage,,,,,,,,,
,style_ablation,hurricane_irma__909421586893070338__909421586893070338_0,misleading_simple,,,,,,,,,
,style_ablation,hurricane_irma__909421586893070338__909421586893070338_0,misleading_news,,,,,,,,,
,style_ablation,hurricane_irma__909421586893070338__909421586893070338_0,misleading_camouflage,,,,,,,,,
,style_ablation,hurricane_irma__909451341067677696__909451341067677696_0,clean,,,,,,,,,
,style_ablation,hurricane_irma__909451341067677696__909451341067677696_0,benign_simple,,,,,,,,,
,style_ablation,hurricane_irma__909451341067677696__909451341067677696_0,benign_news,,,,,,,,,
,style_ablation,hurricane_irma__909451341067677696__909451341067677696_0,benign_camouflage,,,,,,,,,
,style_ablation,hurricane_irma__909451341067677696__909451341067677696_0,direct_simple,,,,,,,,,
,style_ablation,hurricane_irma__909451341067677696__909451341067677696_0,direct_news,,,,,,,,,
,style_ablation,hurricane_irma__909451341067677696__909451341067677696_0,direct_camouflage,,,,,,,,,
,style_ablation,hurricane_irma__909451341067677696__909451341067677696_0,misleading_simple,,,,,,,,,
,style_ablation,hurricane_irma__909451341067677696__909451341067677696_0,misleading_news,,,,,,,,,
,style_ablation,hurricane_irma__909451341067677696__909451341067677696_0,misleading_camouflage,,,,,,,,,
,style_ablation,hurricane_irma__909466733173465088__909466733173465088_0,clean,,,,,,,,,
,style_ablation,hurricane_irma__909466733173465088__909466733173465088_0,benign_simple,,,,,,,,,
,style_ablation,hurricane_irma__909466733173465088__909466733173465088_0,benign_news,,,,,,,,,
,style_ablation,hurricane_irma__909466733173465088__909466733173465088_0,benign_camouflage,,,,,,,,,
,style_ablation,hurricane_irma__909466733173465088__909466733173465088_0,direct_simple,,,,,,,,,
,style_ablation,hurricane_irma__909466733173465088__909466733173465088_0,direct_news,,,,,,,,,
,style_ablation,hurricane_irma__909466733173465088__909466733173465088_0,direct_camouflage,,,,,,,,,
,style_ablation,hurricane_irma__909466733173465088__909466733173465088_0,misleading_simple,,,,,,,,,
,style_ablation,hurricane_irma__909466733173465088__909466733173465088_0,misleading_news,,,,,,,,,
,style_ablation,hurricane_irma__909466733173465088__909466733173465088_0,misleading_camouflage,,,,,,,,,
,style_ablation,hurricane_irma__909481301274587136__909481301274587136_2,clean,,,,,,,,,
,style_ablation,hurricane_irma__909481301274587136__909481301274587136_2,benign_simple,,,,,,,,,
,style_ablation,hurricane_irma__909481301274587136__909481301274587136_2,benign_news,,,,,,,,,
,style_ablation,hurricane_irma__909481301274587136__909481301274587136_2,benign_camouflage,,,,,,,,,
,style_ablation,hurricane_irma__909481301274587136__909481301274587136_2,direct_simple,,,,,,,,,
,style_ablation,hurricane_irma__909481301274587136__909481301274587136_2,direct_news,,,,,,,,,
,style_ablation,hurricane_irma__909481301274587136__909481301274587136_2,direct_camouflage,,,,,,,,,
,style_ablation,hurricane_irma__909481301274587136__909481301274587136_2,misleading_simple,,,,,,,,,
,style_ablation,hurricane_irma__909481301274587136__909481301274587136_2,misleading_news,,,,,,,,,
,style_ablation,hurricane_irma__909481301274587136__909481301274587136_2,misleading_camouflage,,,,,,,,,
,style_ablation,hurricane_irma__909714323156733952__909714323156733952_0,clean,,,,,,,,,
,style_ablation,hurricane_irma__909714323156733952__909714323156733952_0,benign_simple,,,,,,,,,
,style_ablation,hurricane_irma__909714323156733952__909714323156733952_0,benign_news,,,,,,,,,
,style_ablation,hurricane_irma__909714323156733952__909714323156733952_0,benign_camouflage,,,,,,,,,
,style_ablation,hurricane_irma__909714323156733952__909714323156733952_0,direct_simple,,,,,,,,,
,style_ablation,hurricane_irma__909714323156733952__909714323156733952_0,direct_news,,,,,,,,,
,style_ablation,hurricane_irma__909714323156733952__909714323156733952_0,direct_camouflage,,,,,,,,,
,style_ablation,hurricane_irma__909714323156733952__909714323156733952_0,misleading_simple,,,,,,,,,
,style_ablation,hurricane_irma__909714323156733952__909714323156733952_0,misleading_news,,,,,,,,,
,style_ablation,hurricane_irma__909714323156733952__909714323156733952_0,misleading_camouflage,,,,,,,,,
,style_ablation,hurricane_irma__909742125662789632__909742125662789632_0,clean,,,,,,,,,
,style_ablation,hurricane_irma__909742125662789632__909742125662789632_0,benign_simple,,,,,,,,,
,style_ablation,hurricane_irma__909742125662789632__909742125662789632_0,benign_news,,,,,,,,,
,style_ablation,hurricane_irma__909742125662789632__909742125662789632_0,benign_camouflage,,,,,,,,,
,style_ablation,hurricane_irma__909742125662789632__909742125662789632_0,direct_simple,,,,,,,,,
,style_ablation,hurricane_irma__909742125662789632__909742125662789632_0,direct_news,,,,,,,,,
,style_ablation,hurricane_irma__909742125662789632__909742125662789632_0,direct_camouflage,,,,,,,,,
,style_ablation,hurricane_irma__909742125662789632__909742125662789632_0,misleading_simple,,,,,,,,,
,style_ablation,hurricane_irma__909742125662789632__909742125662789632_0,misleading_news,,,,,,,,,
,style_ablation,hurricane_irma__909742125662789632__909742125662789632_0,misleading_camouflage,,,,,,,,,
,style_ablation,hurricane_irma__909841216413429760__909841216413429760_0,clean,,,,,,,,,
,style_ablation,hurricane_irma__909841216413429760__909841216413429760_0,benign_simple,,,,,,,,,
,style_ablation,hurricane_irma__909841216413429760__909841216413429760_0,benign_news,,,,,,,,,
,style_ablation,hurricane_irma__909841216413429760__909841216413429760_0,benign_camouflage,,,,,,,,,
,style_ablation,hurricane_irma__909841216413429760__909841216413429760_0,direct_simple,,,,,,,,,
,style_ablation,hurricane_irma__909841216413429760__909841216413429760_0,direct_news,,,,,,,,,
,style_ablation,hurricane_irma__909841216413429760__909841216413429760_0,direct_camouflage,,,,,,,,,
,style_ablation,hurricane_irma__909841216413429760__909841216413429760_0,misleading_simple,,,,,,,,,
,style_ablation,hurricane_irma__909841216413429760__909841216413429760_0,misleading_news,,,,,,,,,
,style_ablation,hurricane_irma__909841216413429760__909841216413429760_0,misleading_camouflage,,,,,,,,,
,style_ablation,hurricane_irma__909874417425149952__909874417425149952_0,clean,,,,,,,,,
,style_ablation,hurricane_irma__909874417425149952__909874417425149952_0,benign_simple,,,,,,,,,
,style_ablation,hurricane_irma__909874417425149952__909874417425149952_0,benign_news,,,,,,,,,
,style_ablation,hurricane_irma__909874417425149952__909874417425149952_0,benign_camouflage,,,,,,,,,
,style_ablation,hurricane_irma__909874417425149952__909874417425149952_0,direct_simple,,,,,,,,,
,style_ablation,hurricane_irma__909874417425149952__909874417425149952_0,direct_news,,,,,,,,,
,style_ablation,hurricane_irma__909874417425149952__909874417425149952_0,direct_camouflage,,,,,,,,,
,style_ablation,hurricane_irma__909874417425149952__909874417425149952_0,misleading_simple,,,,,,,,,
,style_ablation,hurricane_irma__909874417425149952__909874417425149952_0,misleading_news,,,,,,,,,
,style_ablation,hurricane_irma__909874417425149952__909874417425149952_0,misleading_camouflage,,,,,,,,,
,style_ablation,hurricane_irma__909927931316703233__909927931316703233_0,clean,,,,,,,,,
,style_ablation,hurricane_irma__909927931316703233__909927931316703233_0,benign_simple,,,,,,,,,
,style_ablation,hurricane_irma__909927931316703233__909927931316703233_0,benign_news,,,,,,,,,
,style_ablation,hurricane_irma__909927931316703233__909927931316703233_0,benign_camouflage,,,,,,,,,
,style_ablation,hurricane_irma__909927931316703233__909927931316703233_0,direct_simple,,,,,,,,,
,style_ablation,hurricane_irma__909927931316703233__909927931316703233_0,direct_news,,,,,,,,,
,style_ablation,hurricane_irma__909927931316703233__909927931316703233_0,direct_camouflage,,,,,,,,,
,style_ablation,hurricane_irma__909927931316703233__909927931316703233_0,misleading_simple,,,,,,,,,
,style_ablation,hurricane_irma__909927931316703233__909927931316703233_0,misleading_news,,,,,,,,,
,style_ablation,hurricane_irma__909927931316703233__909927931316703233_0,misleading_camouflage,,,,,,,,,
,style_ablation,hurricane_irma__909974100419911680__909974100419911680_0,clean,,,,,,,,,
,style_ablation,hurricane_irma__909974100419911680__909974100419911680_0,benign_simple,,,,,,,,,
,style_ablation,hurricane_irma__909974100419911680__909974100419911680_0,benign_news,,,,,,,,,
,style_ablation,hurricane_irma__909974100419911680__909974100419911680_0,benign_camouflage,,,,,,,,,
,style_ablation,hurricane_irma__909974100419911680__909974100419911680_0,direct_simple,,,,,,,,,
,style_ablation,hurricane_irma__909974100419911680__909974100419911680_0,direct_news,,,,,,,,,
,style_ablation,hurricane_irma__909974100419911680__909974100419911680_0,direct_camouflage,,,,,,,,,
,style_ablation,hurricane_irma__909974100419911680__909974100419911680_0,misleading_simple,,,,,,,,,
,style_ablation,hurricane_irma__909974100419911680__909974100419911680_0,misleading_news,,,,,,,,,
,style_ablation,hurricane_irma__909974100419911680__909974100419911680_0,misleading_camouflage,,,,,,,,,
,style_ablation,hurricane_irma__910066988596305922__910066988596305922_0,clean,,,,,,,,,
,style_ablation,hurricane_irma__910066988596305922__910066988596305922_0,benign_simple,,,,,,,,,
,style_ablation,hurricane_irma__910066988596305922__910066988596305922_0,benign_news,,,,,,,,,
,style_ablation,hurricane_irma__910066988596305922__910066988596305922_0,benign_camouflage,,,,,,,,,
,style_ablation,hurricane_irma__910066988596305922__910066988596305922_0,direct_simple,,,,,,,,,
,style_ablation,hurricane_irma__910066988596305922__910066988596305922_0,direct_news,,,,,,,,,
,style_ablation,hurricane_irma__910066988596305922__910066988596305922_0,direct_camouflage,,,,,,,,,
,style_ablation,hurricane_irma__910066988596305922__910066988596305922_0,misleading_simple,,,,,,,,,
,style_ablation,hurricane_irma__910066988596305922__910066988596305922_0,misleading_news,,,,,,,,,
,style_ablation,hurricane_irma__910066988596305922__910066988596305922_0,misleading_camouflage,,,,,,,,,
,style_ablation,hurricane_irma__910140800658497537__910140800658497537_0,clean,,,,,,,,,
,style_ablation,hurricane_irma__910140800658497537__910140800658497537_0,benign_simple,,,,,,,,,
,style_ablation,hurricane_irma__910140800658497537__910140800658497537_0,benign_news,,,,,,,,,
,style_ablation,hurricane_irma__910140800658497537__910140800658497537_0,benign_camouflage,,,,,,,,,
,style_ablation,hurricane_irma__910140800658497537__910140800658497537_0,direct_simple,,,,,,,,,
,style_ablation,hurricane_irma__910140800658497537__910140800658497537_0,direct_news,,,,,,,,,
,style_ablation,hurricane_irma__910140800658497537__910140800658497537_0,direct_camouflage,,,,,,,,,
,style_ablation,hurricane_irma__910140800658497537__910140800658497537_0,misleading_simple,,,,,,,,,
,style_ablation,hurricane_irma__910140800658497537__910140800658497537_0,misleading_news,,,,,,,,,
,style_ablation,hurricane_irma__910140800658497537__910140800658497537_0,misleading_camouflage,,,,,,,,,
,style_ablation,hurricane_irma__910149254097850368__910149254097850368_0,clean,,,,,,,,,
,style_ablation,hurricane_irma__910149254097850368__910149254097850368_0,benign_simple,,,,,,,,,
,style_ablation,hurricane_irma__910149254097850368__910149254097850368_0,benign_news,,,,,,,,,
,style_ablation,hurricane_irma__910149254097850368__910149254097850368_0,benign_camouflage,,,,,,,,,
,style_ablation,hurricane_irma__910149254097850368__910149254097850368_0,direct_simple,,,,,,,,,
,style_ablation,hurricane_irma__910149254097850368__910149254097850368_0,direct_news,,,,,,,,,
,style_ablation,hurricane_irma__910149254097850368__910149254097850368_0,direct_camouflage,,,,,,,,,
,style_ablation,hurricane_irma__910149254097850368__910149254097850368_0,misleading_simple,,,,,,,,,
,style_ablation,hurricane_irma__910149254097850368__910149254097850368_0,misleading_news,,,,,,,,,
,style_ablation,hurricane_irma__910149254097850368__910149254097850368_0,misleading_camouflage,,,,,,,,,
,style_ablation,hurricane_irma__910170497689759744__910170497689759744_0,clean,,,,,,,,,
,style_ablation,hurricane_irma__910170497689759744__910170497689759744_0,benign_simple,,,,,,,,,
,style_ablation,hurricane_irma__910170497689759744__910170497689759744_0,benign_news,,,,,,,,,
,style_ablation,hurricane_irma__910170497689759744__910170497689759744_0,benign_camouflage,,,,,,,,,
,style_ablation,hurricane_irma__910170497689759744__910170497689759744_0,direct_simple,,,,,,,,,
,style_ablation,hurricane_irma__910170497689759744__910170497689759744_0,direct_news,,,,,,,,,
,style_ablation,hurricane_irma__910170497689759744__910170497689759744_0,direct_camouflage,,,,,,,,,
,style_ablation,hurricane_irma__910170497689759744__910170497689759744_0,misleading_simple,,,,,,,,,
,style_ablation,hurricane_irma__910170497689759744__910170497689759744_0,misleading_news,,,,,,,,,
,style_ablation,hurricane_irma__910170497689759744__910170497689759744_0,misleading_camouflage,,,,,,,,,
,style_ablation,hurricane_irma__910192887723413505__910192887723413505_0,clean,,,,,,,,,
,style_ablation,hurricane_irma__910192887723413505__910192887723413505_0,benign_simple,,,,,,,,,
,style_ablation,hurricane_irma__910192887723413505__910192887723413505_0,benign_news,,,,,,,,,
,style_ablation,hurricane_irma__910192887723413505__910192887723413505_0,benign_camouflage,,,,,,,,,
,style_ablation,hurricane_irma__910192887723413505__910192887723413505_0,direct_simple,,,,,,,,,
,style_ablation,hurricane_irma__910192887723413505__910192887723413505_0,direct_news,,,,,,,,,
,style_ablation,hurricane_irma__910192887723413505__910192887723413505_0,direct_camouflage,,,,,,,,,
,style_ablation,hurricane_irma__910192887723413505__910192887723413505_0,misleading_simple,,,,,,,,,
,style_ablation,hurricane_irma__910192887723413505__910192887723413505_0,misleading_news,,,,,,,,,
,style_ablation,hurricane_irma__910192887723413505__910192887723413505_0,misleading_camouflage,,,,,,,,,
,style_ablation,hurricane_irma__910194740905353216__910194740905353216_0,clean,,,,,,,,,
,style_ablation,hurricane_irma__910194740905353216__910194740905353216_0,benign_simple,,,,,,,,,
,style_ablation,hurricane_irma__910194740905353216__910194740905353216_0,benign_news,,,,,,,,,
,style_ablation,hurricane_irma__910194740905353216__910194740905353216_0,benign_camouflage,,,,,,,,,
,style_ablation,hurricane_irma__910194740905353216__910194740905353216_0,direct_simple,,,,,,,,,
,style_ablation,hurricane_irma__910194740905353216__910194740905353216_0,direct_news,,,,,,,,,
,style_ablation,hurricane_irma__910194740905353216__910194740905353216_0,direct_camouflage,,,,,,,,,
,style_ablation,hurricane_irma__910194740905353216__910194740905353216_0,misleading_simple,,,,,,,,,
,style_ablation,hurricane_irma__910194740905353216__910194740905353216_0,misleading_news,,,,,,,,,
,style_ablation,hurricane_irma__910194740905353216__910194740905353216_0,misleading_camouflage,,,,,,,,,
,style_ablation,hurricane_irma__910198685685944321__910198685685944321_0,clean,,,,,,,,,
,style_ablation,hurricane_irma__910198685685944321__910198685685944321_0,benign_simple,,,,,,,,,
,style_ablation,hurricane_irma__910198685685944321__910198685685944321_0,benign_news,,,,,,,,,
,style_ablation,hurricane_irma__910198685685944321__910198685685944321_0,benign_camouflage,,,,,,,,,
,style_ablation,hurricane_irma__910198685685944321__910198685685944321_0,direct_simple,,,,,,,,,
,style_ablation,hurricane_irma__910198685685944321__910198685685944321_0,direct_news,,,,,,,,,
,style_ablation,hurricane_irma__910198685685944321__910198685685944321_0,direct_camouflage,,,,,,,,,
,style_ablation,hurricane_irma__910198685685944321__910198685685944321_0,misleading_simple,,,,,,,,,
,style_ablation,hurricane_irma__910198685685944321__910198685685944321_0,misleading_news,,,,,,,,,
,style_ablation,hurricane_irma__910198685685944321__910198685685944321_0,misleading_camouflage,,,,,,,,,
,style_ablation,hurricane_irma__910199425972211713__910199425972211713_0,clean,,,,,,,,,
,style_ablation,hurricane_irma__910199425972211713__910199425972211713_0,benign_simple,,,,,,,,,
,style_ablation,hurricane_irma__910199425972211713__910199425972211713_0,benign_news,,,,,,,,,
,style_ablation,hurricane_irma__910199425972211713__910199425972211713_0,benign_camouflage,,,,,,,,,
,style_ablation,hurricane_irma__910199425972211713__910199425972211713_0,direct_simple,,,,,,,,,
,style_ablation,hurricane_irma__910199425972211713__910199425972211713_0,direct_news,,,,,,,,,
,style_ablation,hurricane_irma__910199425972211713__910199425972211713_0,direct_camouflage,,,,,,,,,
,style_ablation,hurricane_irma__910199425972211713__910199425972211713_0,misleading_simple,,,,,,,,,
,style_ablation,hurricane_irma__910199425972211713__910199425972211713_0,misleading_news,,,,,,,,,
,style_ablation,hurricane_irma__910199425972211713__910199425972211713_0,misleading_camouflage,,,,,,,,,
,style_ablation,hurricane_irma__910244526392008704__910244526392008704_0,clean,,,,,,,,,
,style_ablation,hurricane_irma__910244526392008704__910244526392008704_0,benign_simple,,,,,,,,,
,style_ablation,hurricane_irma__910244526392008704__910244526392008704_0,benign_news,,,,,,,,,
,style_ablation,hurricane_irma__910244526392008704__910244526392008704_0,benign_camouflage,,,,,,,,,
,style_ablation,hurricane_irma__910244526392008704__910244526392008704_0,direct_simple,,,,,,,,,
,style_ablation,hurricane_irma__910244526392008704__910244526392008704_0,direct_news,,,,,,,,,
,style_ablation,hurricane_irma__910244526392008704__910244526392008704_0,direct_camouflage,,,,,,,,,
,style_ablation,hurricane_irma__910244526392008704__910244526392008704_0,misleading_simple,,,,,,,,,
,style_ablation,hurricane_irma__910244526392008704__910244526392008704_0,misleading_news,,,,,,,,,
,style_ablation,hurricane_irma__910244526392008704__910244526392008704_0,misleading_camouflage,,,,,,,,,
,style_ablation,hurricane_irma__910247377105297413__910247377105297413_0,clean,,,,,,,,,
,style_ablation,hurricane_irma__910247377105297413__910247377105297413_0,benign_simple,,,,,,,,,
,style_ablation,hurricane_irma__910247377105297413__910247377105297413_0,benign_news,,,,,,,,,
,style_ablation,hurricane_irma__910247377105297413__910247377105297413_0,benign_camouflage,,,,,,,,,
,style_ablation,hurricane_irma__910247377105297413__910247377105297413_0,direct_simple,,,,,,,,,
,style_ablation,hurricane_irma__910247377105297413__910247377105297413_0,direct_news,,,,,,,,,
,style_ablation,hurricane_irma__910247377105297413__910247377105297413_0,direct_camouflage,,,,,,,,,
,style_ablation,hurricane_irma__910247377105297413__910247377105297413_0,misleading_simple,,,,,,,,,
,style_ablation,hurricane_irma__910247377105297413__910247377105297413_0,misleading_news,,,,,,,,,
,style_ablation,hurricane_irma__910247377105297413__910247377105297413_0,misleading_camouflage,,,,,,,,,
,style_ablation,hurricane_irma__910255847346987009__910255847346987009_0,clean,,,,,,,,,
,style_ablation,hurricane_irma__910255847346987009__910255847346987009_0,benign_simple,,,,,,,,,
,style_ablation,hurricane_irma__910255847346987009__910255847346987009_0,benign_news,,,,,,,,,
,style_ablation,hurricane_irma__910255847346987009__910255847346987009_0,benign_camouflage,,,,,,,,,
,style_ablation,hurricane_irma__910255847346987009__910255847346987009_0,direct_simple,,,,,,,,,
,style_ablation,hurricane_irma__910255847346987009__910255847346987009_0,direct_news,,,,,,,,,
,style_ablation,hurricane_irma__910255847346987009__910255847346987009_0,direct_camouflage,,,,,,,,,
,style_ablation,hurricane_irma__910255847346987009__910255847346987009_0,misleading_simple,,,,,,,,,
,style_ablation,hurricane_irma__910255847346987009__910255847346987009_0,misleading_news,,,,,,,,,
,style_ablation,hurricane_irma__910255847346987009__910255847346987009_0,misleading_camouflage,,,,,,,,,
,style_ablation,hurricane_irma__910260829324324864__910260829324324864_0,clean,,,,,,,,,
,style_ablation,hurricane_irma__910260829324324864__910260829324324864_0,benign_simple,,,,,,,,,
,style_ablation,hurricane_irma__910260829324324864__910260829324324864_0,benign_news,,,,,,,,,
,style_ablation,hurricane_irma__910260829324324864__910260829324324864_0,benign_camouflage,,,,,,,,,
,style_ablation,hurricane_irma__910260829324324864__910260829324324864_0,direct_simple,,,,,,,,,
,style_ablation,hurricane_irma__910260829324324864__910260829324324864_0,direct_news,,,,,,,,,
,style_ablation,hurricane_irma__910260829324324864__910260829324324864_0,direct_camouflage,,,,,,,,,
,style_ablation,hurricane_irma__910260829324324864__910260829324324864_0,misleading_simple,,,,,,,,,
,style_ablation,hurricane_irma__910260829324324864__910260829324324864_0,misleading_news,,,,,,,,,
,style_ablation,hurricane_irma__910260829324324864__910260829324324864_0,misleading_camouflage,,,,,,,,,
,style_ablation,hurricane_maria__910624383978192898__910624383978192898_0,clean,,,,,,,,,
,style_ablation,hurricane_maria__910624383978192898__910624383978192898_0,benign_simple,,,,,,,,,
,style_ablation,hurricane_maria__910624383978192898__910624383978192898_0,benign_news,,,,,,,,,
,style_ablation,hurricane_maria__910624383978192898__910624383978192898_0,benign_camouflage,,,,,,,,,
,style_ablation,hurricane_maria__910624383978192898__910624383978192898_0,direct_simple,,,,,,,,,
,style_ablation,hurricane_maria__910624383978192898__910624383978192898_0,direct_news,,,,,,,,,
,style_ablation,hurricane_maria__910624383978192898__910624383978192898_0,direct_camouflage,,,,,,,,,
,style_ablation,hurricane_maria__910624383978192898__910624383978192898_0,misleading_simple,,,,,,,,,
,style_ablation,hurricane_maria__910624383978192898__910624383978192898_0,misleading_news,,,,,,,,,
,style_ablation,hurricane_maria__910624383978192898__910624383978192898_0,misleading_camouflage,,,,,,,,,
,style_ablation,hurricane_maria__910782807324057600__910782807324057600_0,clean,,,,,,,,,
,style_ablation,hurricane_maria__910782807324057600__910782807324057600_0,benign_simple,,,,,,,,,
,style_ablation,hurricane_maria__910782807324057600__910782807324057600_0,benign_news,,,,,,,,,
,style_ablation,hurricane_maria__910782807324057600__910782807324057600_0,benign_camouflage,,,,,,,,,
,style_ablation,hurricane_maria__910782807324057600__910782807324057600_0,direct_simple,,,,,,,,,
,style_ablation,hurricane_maria__910782807324057600__910782807324057600_0,direct_news,,,,,,,,,
,style_ablation,hurricane_maria__910782807324057600__910782807324057600_0,direct_camouflage,,,,,,,,,
,style_ablation,hurricane_maria__910782807324057600__910782807324057600_0,misleading_simple,,,,,,,,,
,style_ablation,hurricane_maria__910782807324057600__910782807324057600_0,misleading_news,,,,,,,,,
,style_ablation,hurricane_maria__910782807324057600__910782807324057600_0,misleading_camouflage,,,,,,,,,
,style_ablation,hurricane_maria__911554774008500224__911554774008500224_0,clean,,,,,,,,,
,style_ablation,hurricane_maria__911554774008500224__911554774008500224_0,benign_simple,,,,,,,,,
,style_ablation,hurricane_maria__911554774008500224__911554774008500224_0,benign_news,,,,,,,,,
,style_ablation,hurricane_maria__911554774008500224__911554774008500224_0,benign_camouflage,,,,,,,,,
,style_ablation,hurricane_maria__911554774008500224__911554774008500224_0,direct_simple,,,,,,,,,
,style_ablation,hurricane_maria__911554774008500224__911554774008500224_0,direct_news,,,,,,,,,
,style_ablation,hurricane_maria__911554774008500224__911554774008500224_0,direct_camouflage,,,,,,,,,
,style_ablation,hurricane_maria__911554774008500224__911554774008500224_0,misleading_simple,,,,,,,,,
,style_ablation,hurricane_maria__911554774008500224__911554774008500224_0,misleading_news,,,,,,,,,
,style_ablation,hurricane_maria__911554774008500224__911554774008500224_0,misleading_camouflage,,,,,,,,,
,style_ablation,hurricane_maria__911634445035278337__911634445035278337_0,clean,,,,,,,,,
,style_ablation,hurricane_maria__911634445035278337__911634445035278337_0,benign_simple,,,,,,,,,
,style_ablation,hurricane_maria__911634445035278337__911634445035278337_0,benign_news,,,,,,,,,
,style_ablation,hurricane_maria__911634445035278337__911634445035278337_0,benign_camouflage,,,,,,,,,
,style_ablation,hurricane_maria__911634445035278337__911634445035278337_0,direct_simple,,,,,,,,,
,style_ablation,hurricane_maria__911634445035278337__911634445035278337_0,direct_news,,,,,,,,,
,style_ablation,hurricane_maria__911634445035278337__911634445035278337_0,direct_camouflage,,,,,,,,,
,style_ablation,hurricane_maria__911634445035278337__911634445035278337_0,misleading_simple,,,,,,,,,
,style_ablation,hurricane_maria__911634445035278337__911634445035278337_0,misleading_news,,,,,,,,,
,style_ablation,hurricane_maria__911634445035278337__911634445035278337_0,misleading_camouflage,,,,,,,,,
,style_ablation,hurricane_maria__911646715073171456__911646715073171456_0,clean,,,,,,,,,
,style_ablation,hurricane_maria__911646715073171456__911646715073171456_0,benign_simple,,,,,,,,,
,style_ablation,hurricane_maria__911646715073171456__911646715073171456_0,benign_news,,,,,,,,,
,style_ablation,hurricane_maria__911646715073171456__911646715073171456_0,benign_camouflage,,,,,,,,,
,style_ablation,hurricane_maria__911646715073171456__911646715073171456_0,direct_simple,,,,,,,,,
,style_ablation,hurricane_maria__911646715073171456__911646715073171456_0,direct_news,,,,,,,,,
,style_ablation,hurricane_maria__911646715073171456__911646715073171456_0,direct_camouflage,,,,,,,,,
,style_ablation,hurricane_maria__911646715073171456__911646715073171456_0,misleading_simple,,,,,,,,,
,style_ablation,hurricane_maria__911646715073171456__911646715073171456_0,misleading_news,,,,,,,,,
,style_ablation,hurricane_maria__911646715073171456__911646715073171456_0,misleading_camouflage,,,,,,,,,
,style_ablation,hurricane_maria__911753146757795842__911753146757795842_2,clean,,,,,,,,,
,style_ablation,hurricane_maria__911753146757795842__911753146757795842_2,benign_simple,,,,,,,,,
,style_ablation,hurricane_maria__911753146757795842__911753146757795842_2,benign_news,,,,,,,,,
,style_ablation,hurricane_maria__911753146757795842__911753146757795842_2,benign_camouflage,,,,,,,,,
,style_ablation,hurricane_maria__911753146757795842__911753146757795842_2,direct_simple,,,,,,,,,
,style_ablation,hurricane_maria__911753146757795842__911753146757795842_2,direct_news,,,,,,,,,
,style_ablation,hurricane_maria__911753146757795842__911753146757795842_2,direct_camouflage,,,,,,,,,
,style_ablation,hurricane_maria__911753146757795842__911753146757795842_2,misleading_simple,,,,,,,,,
,style_ablation,hurricane_maria__911753146757795842__911753146757795842_2,misleading_news,,,,,,,,,
,style_ablation,hurricane_maria__911753146757795842__911753146757795842_2,misleading_camouflage,,,,,,,,,
,style_ablation,hurricane_maria__911881820559544320__911881820559544320_3,clean,,,,,,,,,
,style_ablation,hurricane_maria__911881820559544320__911881820559544320_3,benign_simple,,,,,,,,,
,style_ablation,hurricane_maria__911881820559544320__911881820559544320_3,benign_news,,,,,,,,,
,style_ablation,hurricane_maria__911881820559544320__911881820559544320_3,benign_camouflage,,,,,,,,,
,style_ablation,hurricane_maria__911881820559544320__911881820559544320_3,direct_simple,,,,,,,,,
,style_ablation,hurricane_maria__911881820559544320__911881820559544320_3,direct_news,,,,,,,,,
,style_ablation,hurricane_maria__911881820559544320__911881820559544320_3,direct_camouflage,,,,,,,,,
,style_ablation,hurricane_maria__911881820559544320__911881820559544320_3,misleading_simple,,,,,,,,,
,style_ablation,hurricane_maria__911881820559544320__911881820559544320_3,misleading_news,,,,,,,,,
,style_ablation,hurricane_maria__911881820559544320__911881820559544320_3,misleading_camouflage,,,,,,,,,
,style_ablation,hurricane_maria__912424696163028999__912424696163028999_0,clean,,,,,,,,,
,style_ablation,hurricane_maria__912424696163028999__912424696163028999_0,benign_simple,,,,,,,,,
,style_ablation,hurricane_maria__912424696163028999__912424696163028999_0,benign_news,,,,,,,,,
,style_ablation,hurricane_maria__912424696163028999__912424696163028999_0,benign_camouflage,,,,,,,,,
,style_ablation,hurricane_maria__912424696163028999__912424696163028999_0,direct_simple,,,,,,,,,
,style_ablation,hurricane_maria__912424696163028999__912424696163028999_0,direct_news,,,,,,,,,
,style_ablation,hurricane_maria__912424696163028999__912424696163028999_0,direct_camouflage,,,,,,,,,
,style_ablation,hurricane_maria__912424696163028999__912424696163028999_0,misleading_simple,,,,,,,,,
,style_ablation,hurricane_maria__912424696163028999__912424696163028999_0,misleading_news,,,,,,,,,
,style_ablation,hurricane_maria__912424696163028999__912424696163028999_0,misleading_camouflage,,,,,,,,,
,style_ablation,hurricane_maria__912460997603999744__912460997603999744_0,clean,,,,,,,,,
,style_ablation,hurricane_maria__912460997603999744__912460997603999744_0,benign_simple,,,,,,,,,
,style_ablation,hurricane_maria__912460997603999744__912460997603999744_0,benign_news,,,,,,,,,
,style_ablation,hurricane_maria__912460997603999744__912460997603999744_0,benign_camouflage,,,,,,,,,
,style_ablation,hurricane_maria__912460997603999744__912460997603999744_0,direct_simple,,,,,,,,,
,style_ablation,hurricane_maria__912460997603999744__912460997603999744_0,direct_news,,,,,,,,,
,style_ablation,hurricane_maria__912460997603999744__912460997603999744_0,direct_camouflage,,,,,,,,,
,style_ablation,hurricane_maria__912460997603999744__912460997603999744_0,misleading_simple,,,,,,,,,
,style_ablation,hurricane_maria__912460997603999744__912460997603999744_0,misleading_news,,,,,,,,,
,style_ablation,hurricane_maria__912460997603999744__912460997603999744_0,misleading_camouflage,,,,,,,,,
,style_ablation,hurricane_maria__913101371246878726__913101371246878726_0,clean,,,,,,,,,
,style_ablation,hurricane_maria__913101371246878726__913101371246878726_0,benign_simple,,,,,,,,,
,style_ablation,hurricane_maria__913101371246878726__913101371246878726_0,benign_news,,,,,,,,,
,style_ablation,hurricane_maria__913101371246878726__913101371246878726_0,benign_camouflage,,,,,,,,,
,style_ablation,hurricane_maria__913101371246878726__913101371246878726_0,direct_simple,,,,,,,,,
,style_ablation,hurricane_maria__913101371246878726__913101371246878726_0,direct_news,,,,,,,,,
,style_ablation,hurricane_maria__913101371246878726__913101371246878726_0,direct_camouflage,,,,,,,,,
,style_ablation,hurricane_maria__913101371246878726__913101371246878726_0,misleading_simple,,,,,,,,,
,style_ablation,hurricane_maria__913101371246878726__913101371246878726_0,misleading_news,,,,,,,,,
,style_ablation,hurricane_maria__913101371246878726__913101371246878726_0,misleading_camouflage,,,,,,,,,
,style_ablation,hurricane_maria__913379706556338176__913379706556338176_0,clean,,,,,,,,,
,style_ablation,hurricane_maria__913379706556338176__913379706556338176_0,benign_simple,,,,,,,,,
,style_ablation,hurricane_maria__913379706556338176__913379706556338176_0,benign_news,,,,,,,,,
,style_ablation,hurricane_maria__913379706556338176__913379706556338176_0,benign_camouflage,,,,,,,,,
,style_ablation,hurricane_maria__913379706556338176__913379706556338176_0,direct_simple,,,,,,,,,
,style_ablation,hurricane_maria__913379706556338176__913379706556338176_0,direct_news,,,,,,,,,
,style_ablation,hurricane_maria__913379706556338176__913379706556338176_0,direct_camouflage,,,,,,,,,
,style_ablation,hurricane_maria__913379706556338176__913379706556338176_0,misleading_simple,,,,,,,,,
,style_ablation,hurricane_maria__913379706556338176__913379706556338176_0,misleading_news,,,,,,,,,
,style_ablation,hurricane_maria__913379706556338176__913379706556338176_0,misleading_camouflage,,,,,,,,,
,style_ablation,hurricane_maria__914372204787355648__914372204787355648_0,clean,,,,,,,,,
,style_ablation,hurricane_maria__914372204787355648__914372204787355648_0,benign_simple,,,,,,,,,
,style_ablation,hurricane_maria__914372204787355648__914372204787355648_0,benign_news,,,,,,,,,
,style_ablation,hurricane_maria__914372204787355648__914372204787355648_0,benign_camouflage,,,,,,,,,
,style_ablation,hurricane_maria__914372204787355648__914372204787355648_0,direct_simple,,,,,,,,,
,style_ablation,hurricane_maria__914372204787355648__914372204787355648_0,direct_news,,,,,,,,,
,style_ablation,hurricane_maria__914372204787355648__914372204787355648_0,direct_camouflage,,,,,,,,,
,style_ablation,hurricane_maria__914372204787355648__914372204787355648_0,misleading_simple,,,,,,,,,
,style_ablation,hurricane_maria__914372204787355648__914372204787355648_0,misleading_news,,,,,,,,,
,style_ablation,hurricane_maria__914372204787355648__914372204787355648_0,misleading_camouflage,,,,,,,,,
,style_ablation,hurricane_maria__921419527489032192__921419527489032192_0,clean,,,,,,,,,
,style_ablation,hurricane_maria__921419527489032192__921419527489032192_0,benign_simple,,,,,,,,,
,style_ablation,hurricane_maria__921419527489032192__921419527489032192_0,benign_news,,,,,,,,,
,style_ablation,hurricane_maria__921419527489032192__921419527489032192_0,benign_camouflage,,,,,,,,,
,style_ablation,hurricane_maria__921419527489032192__921419527489032192_0,direct_simple,,,,,,,,,
,style_ablation,hurricane_maria__921419527489032192__921419527489032192_0,direct_news,,,,,,,,,
,style_ablation,hurricane_maria__921419527489032192__921419527489032192_0,direct_camouflage,,,,,,,,,
,style_ablation,hurricane_maria__921419527489032192__921419527489032192_0,misleading_simple,,,,,,,,,
,style_ablation,hurricane_maria__921419527489032192__921419527489032192_0,misleading_news,,,,,,,,,
,style_ablation,hurricane_maria__921419527489032192__921419527489032192_0,misleading_camouflage,,,,,,,,,
,style_ablation,hurricane_maria__921723467631939585__921723467631939585_0,clean,,,,,,,,,
,style_ablation,hurricane_maria__921723467631939585__921723467631939585_0,benign_simple,,,,,,,,,
,style_ablation,hurricane_maria__921723467631939585__921723467631939585_0,benign_news,,,,,,,,,
,style_ablation,hurricane_maria__921723467631939585__921723467631939585_0,benign_camouflage,,,,,,,,,
,style_ablation,hurricane_maria__921723467631939585__921723467631939585_0,direct_simple,,,,,,,,,
,style_ablation,hurricane_maria__921723467631939585__921723467631939585_0,direct_news,,,,,,,,,
,style_ablation,hurricane_maria__921723467631939585__921723467631939585_0,direct_camouflage,,,,,,,,,
,style_ablation,hurricane_maria__921723467631939585__921723467631939585_0,misleading_simple,,,,,,,,,
,style_ablation,hurricane_maria__921723467631939585__921723467631939585_0,misleading_news,,,,,,,,,
,style_ablation,hurricane_maria__921723467631939585__921723467631939585_0,misleading_camouflage,,,,,,,,,
,style_ablation,hurricane_maria__921853322570731520__921853322570731520_1,clean,,,,,,,,,
,style_ablation,hurricane_maria__921853322570731520__921853322570731520_1,benign_simple,,,,,,,,,
,style_ablation,hurricane_maria__921853322570731520__921853322570731520_1,benign_news,,,,,,,,,
,style_ablation,hurricane_maria__921853322570731520__921853322570731520_1,benign_camouflage,,,,,,,,,
,style_ablation,hurricane_maria__921853322570731520__921853322570731520_1,direct_simple,,,,,,,,,
,style_ablation,hurricane_maria__921853322570731520__921853322570731520_1,direct_news,,,,,,,,,
,style_ablation,hurricane_maria__921853322570731520__921853322570731520_1,direct_camouflage,,,,,,,,,
,style_ablation,hurricane_maria__921853322570731520__921853322570731520_1,misleading_simple,,,,,,,,,
,style_ablation,hurricane_maria__921853322570731520__921853322570731520_1,misleading_news,,,,,,,,,
,style_ablation,hurricane_maria__921853322570731520__921853322570731520_1,misleading_camouflage,,,,,,,,,
,style_ablation,hurricane_maria__922132997326991360__922132997326991360_0,clean,,,,,,,,,
,style_ablation,hurricane_maria__922132997326991360__922132997326991360_0,benign_simple,,,,,,,,,
,style_ablation,hurricane_maria__922132997326991360__922132997326991360_0,benign_news,,,,,,,,,
,style_ablation,hurricane_maria__922132997326991360__922132997326991360_0,benign_camouflage,,,,,,,,,
,style_ablation,hurricane_maria__922132997326991360__922132997326991360_0,direct_simple,,,,,,,,,
,style_ablation,hurricane_maria__922132997326991360__922132997326991360_0,direct_news,,,,,,,,,
,style_ablation,hurricane_maria__922132997326991360__922132997326991360_0,direct_camouflage,,,,,,,,,
,style_ablation,hurricane_maria__922132997326991360__922132997326991360_0,misleading_simple,,,,,,,,,
,style_ablation,hurricane_maria__922132997326991360__922132997326991360_0,misleading_news,,,,,,,,,
,style_ablation,hurricane_maria__922132997326991360__922132997326991360_0,misleading_camouflage,,,,,,,,,
,style_ablation,hurricane_maria__922438575991459840__922438575991459840_1,clean,,,,,,,,,
,style_ablation,hurricane_maria__922438575991459840__922438575991459840_1,benign_simple,,,,,,,,,
,style_ablation,hurricane_maria__922438575991459840__922438575991459840_1,benign_news,,,,,,,,,
,style_ablation,hurricane_maria__922438575991459840__922438575991459840_1,benign_camouflage,,,,,,,,,
,style_ablation,hurricane_maria__922438575991459840__922438575991459840_1,direct_simple,,,,,,,,,
,style_ablation,hurricane_maria__922438575991459840__922438575991459840_1,direct_news,,,,,,,,,
,style_ablation,hurricane_maria__922438575991459840__922438575991459840_1,direct_camouflage,,,,,,,,,
,style_ablation,hurricane_maria__922438575991459840__922438575991459840_1,misleading_simple,,,,,,,,,
,style_ablation,hurricane_maria__922438575991459840__922438575991459840_1,misleading_news,,,,,,,,,
,style_ablation,hurricane_maria__922438575991459840__922438575991459840_1,misleading_camouflage,,,,,,,,,
,style_ablation,hurricane_maria__922664032187793408__922664032187793408_0,clean,,,,,,,,,
,style_ablation,hurricane_maria__922664032187793408__922664032187793408_0,benign_simple,,,,,,,,,
,style_ablation,hurricane_maria__922664032187793408__922664032187793408_0,benign_news,,,,,,,,,
,style_ablation,hurricane_maria__922664032187793408__922664032187793408_0,benign_camouflage,,,,,,,,,
,style_ablation,hurricane_maria__922664032187793408__922664032187793408_0,direct_simple,,,,,,,,,
,style_ablation,hurricane_maria__922664032187793408__922664032187793408_0,direct_news,,,,,,,,,
,style_ablation,hurricane_maria__922664032187793408__922664032187793408_0,direct_camouflage,,,,,,,,,
,style_ablation,hurricane_maria__922664032187793408__922664032187793408_0,misleading_simple,,,,,,,,,
,style_ablation,hurricane_maria__922664032187793408__922664032187793408_0,misleading_news,,,,,,,,,
,style_ablation,hurricane_maria__922664032187793408__922664032187793408_0,misleading_camouflage,,,,,,,,,
,style_ablation,hurricane_maria__922734674832756737__922734674832756737_0,clean,,,,,,,,,
,style_ablation,hurricane_maria__922734674832756737__922734674832756737_0,benign_simple,,,,,,,,,
,style_ablation,hurricane_maria__922734674832756737__922734674832756737_0,benign_news,,,,,,,,,
,style_ablation,hurricane_maria__922734674832756737__922734674832756737_0,benign_camouflage,,,,,,,,,
,style_ablation,hurricane_maria__922734674832756737__922734674832756737_0,direct_simple,,,,,,,,,
,style_ablation,hurricane_maria__922734674832756737__922734674832756737_0,direct_news,,,,,,,,,
,style_ablation,hurricane_maria__922734674832756737__922734674832756737_0,direct_camouflage,,,,,,,,,
,style_ablation,hurricane_maria__922734674832756737__922734674832756737_0,misleading_simple,,,,,,,,,
,style_ablation,hurricane_maria__922734674832756737__922734674832756737_0,misleading_news,,,,,,,,,
,style_ablation,hurricane_maria__922734674832756737__922734674832756737_0,misleading_camouflage,,,,,,,,,
,style_ablation,hurricane_maria__922889146997211136__922889146997211136_0,clean,,,,,,,,,
,style_ablation,hurricane_maria__922889146997211136__922889146997211136_0,benign_simple,,,,,,,,,
,style_ablation,hurricane_maria__922889146997211136__922889146997211136_0,benign_news,,,,,,,,,
,style_ablation,hurricane_maria__922889146997211136__922889146997211136_0,benign_camouflage,,,,,,,,,
,style_ablation,hurricane_maria__922889146997211136__922889146997211136_0,direct_simple,,,,,,,,,
,style_ablation,hurricane_maria__922889146997211136__922889146997211136_0,direct_news,,,,,,,,,
,style_ablation,hurricane_maria__922889146997211136__922889146997211136_0,direct_camouflage,,,,,,,,,
,style_ablation,hurricane_maria__922889146997211136__922889146997211136_0,misleading_simple,,,,,,,,,
,style_ablation,hurricane_maria__922889146997211136__922889146997211136_0,misleading_news,,,,,,,,,
,style_ablation,hurricane_maria__922889146997211136__922889146997211136_0,misleading_camouflage,,,,,,,,,
,style_ablation,hurricane_maria__923101448279175170__923101448279175170_0,clean,,,,,,,,,
,style_ablation,hurricane_maria__923101448279175170__923101448279175170_0,benign_simple,,,,,,,,,
,style_ablation,hurricane_maria__923101448279175170__923101448279175170_0,benign_news,,,,,,,,,
,style_ablation,hurricane_maria__923101448279175170__923101448279175170_0,benign_camouflage,,,,,,,,,
,style_ablation,hurricane_maria__923101448279175170__923101448279175170_0,direct_simple,,,,,,,,,
,style_ablation,hurricane_maria__923101448279175170__923101448279175170_0,direct_news,,,,,,,,,
,style_ablation,hurricane_maria__923101448279175170__923101448279175170_0,direct_camouflage,,,,,,,,,
,style_ablation,hurricane_maria__923101448279175170__923101448279175170_0,misleading_simple,,,,,,,,,
,style_ablation,hurricane_maria__923101448279175170__923101448279175170_0,misleading_news,,,,,,,,,
,style_ablation,hurricane_maria__923101448279175170__923101448279175170_0,misleading_camouflage,,,,,,,,,
,style_ablation,hurricane_maria__923545034691145728__923545034691145728_0,clean,,,,,,,,,
,style_ablation,hurricane_maria__923545034691145728__923545034691145728_0,benign_simple,,,,,,,,,
,style_ablation,hurricane_maria__923545034691145728__923545034691145728_0,benign_news,,,,,,,,,
,style_ablation,hurricane_maria__923545034691145728__923545034691145728_0,benign_camouflage,,,,,,,,,
,style_ablation,hurricane_maria__923545034691145728__923545034691145728_0,direct_simple,,,,,,,,,
,style_ablation,hurricane_maria__923545034691145728__923545034691145728_0,direct_news,,,,,,,,,
,style_ablation,hurricane_maria__923545034691145728__923545034691145728_0,direct_camouflage,,,,,,,,,
,style_ablation,hurricane_maria__923545034691145728__923545034691145728_0,misleading_simple,,,,,,,,,
,style_ablation,hurricane_maria__923545034691145728__923545034691145728_0,misleading_news,,,,,,,,,
,style_ablation,hurricane_maria__923545034691145728__923545034691145728_0,misleading_camouflage,,,,,,,,,
,style_ablation,hurricane_maria__923577268965912577__923577268965912577_0,clean,,,,,,,,,
,style_ablation,hurricane_maria__923577268965912577__923577268965912577_0,benign_simple,,,,,,,,,
,style_ablation,hurricane_maria__923577268965912577__923577268965912577_0,benign_news,,,,,,,,,
,style_ablation,hurricane_maria__923577268965912577__923577268965912577_0,benign_camouflage,,,,,,,,,
,style_ablation,hurricane_maria__923577268965912577__923577268965912577_0,direct_simple,,,,,,,,,
,style_ablation,hurricane_maria__923577268965912577__923577268965912577_0,direct_news,,,,,,,,,
,style_ablation,hurricane_maria__923577268965912577__923577268965912577_0,direct_camouflage,,,,,,,,,
,style_ablation,hurricane_maria__923577268965912577__923577268965912577_0,misleading_simple,,,,,,,,,
,style_ablation,hurricane_maria__923577268965912577__923577268965912577_0,misleading_news,,,,,,,,,
,style_ablation,hurricane_maria__923577268965912577__923577268965912577_0,misleading_camouflage,,,,,,,,,
,style_ablation,hurricane_maria__927562775815012352__927562775815012352_0,clean,,,,,,,,,
,style_ablation,hurricane_maria__927562775815012352__927562775815012352_0,benign_simple,,,,,,,,,
,style_ablation,hurricane_maria__927562775815012352__927562775815012352_0,benign_news,,,,,,,,,
,style_ablation,hurricane_maria__927562775815012352__927562775815012352_0,benign_camouflage,,,,,,,,,
,style_ablation,hurricane_maria__927562775815012352__927562775815012352_0,direct_simple,,,,,,,,,
,style_ablation,hurricane_maria__927562775815012352__927562775815012352_0,direct_news,,,,,,,,,
,style_ablation,hurricane_maria__927562775815012352__927562775815012352_0,direct_camouflage,,,,,,,,,
,style_ablation,hurricane_maria__927562775815012352__927562775815012352_0,misleading_simple,,,,,,,,,
,style_ablation,hurricane_maria__927562775815012352__927562775815012352_0,misleading_news,,,,,,,,,
,style_ablation,hurricane_maria__927562775815012352__927562775815012352_0,misleading_camouflage,,,,,,,,,
,style_ablation,hurricane_maria__928651782946947072__928651782946947072_0,clean,,,,,,,,,
,style_ablation,hurricane_maria__928651782946947072__928651782946947072_0,benign_simple,,,,,,,,,
,style_ablation,hurricane_maria__928651782946947072__928651782946947072_0,benign_news,,,,,,,,,
,style_ablation,hurricane_maria__928651782946947072__928651782946947072_0,benign_camouflage,,,,,,,,,
,style_ablation,hurricane_maria__928651782946947072__928651782946947072_0,direct_simple,,,,,,,,,
,style_ablation,hurricane_maria__928651782946947072__928651782946947072_0,direct_news,,,,,,,,,
,style_ablation,hurricane_maria__928651782946947072__928651782946947072_0,direct_camouflage,,,,,,,,,
,style_ablation,hurricane_maria__928651782946947072__928651782946947072_0,misleading_simple,,,,,,,,,
,style_ablation,hurricane_maria__928651782946947072__928651782946947072_0,misleading_news,,,,,,,,,
,style_ablation,hurricane_maria__928651782946947072__928651782946947072_0,misleading_camouflage,,,,,,,,,
,style_ablation,hurricane_maria__929456086737854464__929456086737854464_3,clean,,,,,,,,,
,style_ablation,hurricane_maria__929456086737854464__929456086737854464_3,benign_simple,,,,,,,,,
,style_ablation,hurricane_maria__929456086737854464__929456086737854464_3,benign_news,,,,,,,,,
,style_ablation,hurricane_maria__929456086737854464__929456086737854464_3,benign_camouflage,,,,,,,,,
,style_ablation,hurricane_maria__929456086737854464__929456086737854464_3,direct_simple,,,,,,,,,
,style_ablation,hurricane_maria__929456086737854464__929456086737854464_3,direct_news,,,,,,,,,
,style_ablation,hurricane_maria__929456086737854464__929456086737854464_3,direct_camouflage,,,,,,,,,
,style_ablation,hurricane_maria__929456086737854464__929456086737854464_3,misleading_simple,,,,,,,,,
,style_ablation,hurricane_maria__929456086737854464__929456086737854464_3,misleading_news,,,,,,,,,
,style_ablation,hurricane_maria__929456086737854464__929456086737854464_3,misleading_camouflage,,,,,,,,,
,style_ablation,iraq_iran_earthquake__930015299017105408__930015299017105408_1,clean,,,,,,,,,
,style_ablation,iraq_iran_earthquake__930015299017105408__930015299017105408_1,benign_simple,,,,,,,,,
,style_ablation,iraq_iran_earthquake__930015299017105408__930015299017105408_1,benign_news,,,,,,,,,
,style_ablation,iraq_iran_earthquake__930015299017105408__930015299017105408_1,benign_camouflage,,,,,,,,,
,style_ablation,iraq_iran_earthquake__930015299017105408__930015299017105408_1,direct_simple,,,,,,,,,
,style_ablation,iraq_iran_earthquake__930015299017105408__930015299017105408_1,direct_news,,,,,,,,,
,style_ablation,iraq_iran_earthquake__930015299017105408__930015299017105408_1,direct_camouflage,,,,,,,,,
,style_ablation,iraq_iran_earthquake__930015299017105408__930015299017105408_1,misleading_simple,,,,,,,,,
,style_ablation,iraq_iran_earthquake__930015299017105408__930015299017105408_1,misleading_news,,,,,,,,,
,style_ablation,iraq_iran_earthquake__930015299017105408__930015299017105408_1,misleading_camouflage,,,,,,,,,
,style_ablation,iraq_iran_earthquake__930079107873783808__930079107873783808_0,clean,,,,,,,,,
,style_ablation,iraq_iran_earthquake__930079107873783808__930079107873783808_0,benign_simple,,,,,,,,,
,style_ablation,iraq_iran_earthquake__930079107873783808__930079107873783808_0,benign_news,,,,,,,,,
,style_ablation,iraq_iran_earthquake__930079107873783808__930079107873783808_0,benign_camouflage,,,,,,,,,
,style_ablation,iraq_iran_earthquake__930079107873783808__930079107873783808_0,direct_simple,,,,,,,,,
,style_ablation,iraq_iran_earthquake__930079107873783808__930079107873783808_0,direct_news,,,,,,,,,
,style_ablation,iraq_iran_earthquake__930079107873783808__930079107873783808_0,direct_camouflage,,,,,,,,,
,style_ablation,iraq_iran_earthquake__930079107873783808__930079107873783808_0,misleading_simple,,,,,,,,,
,style_ablation,iraq_iran_earthquake__930079107873783808__930079107873783808_0,misleading_news,,,,,,,,,
,style_ablation,iraq_iran_earthquake__930079107873783808__930079107873783808_0,misleading_camouflage,,,,,,,,,
,style_ablation,iraq_iran_earthquake__930360981259141120__930360981259141120_0,clean,,,,,,,,,
,style_ablation,iraq_iran_earthquake__930360981259141120__930360981259141120_0,benign_simple,,,,,,,,,
,style_ablation,iraq_iran_earthquake__930360981259141120__930360981259141120_0,benign_news,,,,,,,,,
,style_ablation,iraq_iran_earthquake__930360981259141120__930360981259141120_0,benign_camouflage,,,,,,,,,
,style_ablation,iraq_iran_earthquake__930360981259141120__930360981259141120_0,direct_simple,,,,,,,,,
,style_ablation,iraq_iran_earthquake__930360981259141120__930360981259141120_0,direct_news,,,,,,,,,
,style_ablation,iraq_iran_earthquake__930360981259141120__930360981259141120_0,direct_camouflage,,,,,,,,,
,style_ablation,iraq_iran_earthquake__930360981259141120__930360981259141120_0,misleading_simple,,,,,,,,,
,style_ablation,iraq_iran_earthquake__930360981259141120__930360981259141120_0,misleading_news,,,,,,,,,
,style_ablation,iraq_iran_earthquake__930360981259141120__930360981259141120_0,misleading_camouflage,,,,,,,,,
,style_ablation,iraq_iran_earthquake__930810047835398144__930810047835398144_0,clean,,,,,,,,,
,style_ablation,iraq_iran_earthquake__930810047835398144__930810047835398144_0,benign_simple,,,,,,,,,
,style_ablation,iraq_iran_earthquake__930810047835398144__930810047835398144_0,benign_news,,,,,,,,,
,style_ablation,iraq_iran_earthquake__930810047835398144__930810047835398144_0,benign_camouflage,,,,,,,,,
,style_ablation,iraq_iran_earthquake__930810047835398144__930810047835398144_0,direct_simple,,,,,,,,,
,style_ablation,iraq_iran_earthquake__930810047835398144__930810047835398144_0,direct_news,,,,,,,,,
,style_ablation,iraq_iran_earthquake__930810047835398144__930810047835398144_0,direct_camouflage,,,,,,,,,
,style_ablation,iraq_iran_earthquake__930810047835398144__930810047835398144_0,misleading_simple,,,,,,,,,
,style_ablation,iraq_iran_earthquake__930810047835398144__930810047835398144_0,misleading_news,,,,,,,,,
,style_ablation,iraq_iran_earthquake__930810047835398144__930810047835398144_0,misleading_camouflage,,,,,,,,,
,style_ablation,iraq_iran_earthquake__931103180741595136__931103180741595136_0,clean,,,,,,,,,
,style_ablation,iraq_iran_earthquake__931103180741595136__931103180741595136_0,benign_simple,,,,,,,,,
,style_ablation,iraq_iran_earthquake__931103180741595136__931103180741595136_0,benign_news,,,,,,,,,
,style_ablation,iraq_iran_earthquake__931103180741595136__931103180741595136_0,benign_camouflage,,,,,,,,,
,style_ablation,iraq_iran_earthquake__931103180741595136__931103180741595136_0,direct_simple,,,,,,,,,
,style_ablation,iraq_iran_earthquake__931103180741595136__931103180741595136_0,direct_news,,,,,,,,,
,style_ablation,iraq_iran_earthquake__931103180741595136__931103180741595136_0,direct_camouflage,,,,,,,,,
,style_ablation,iraq_iran_earthquake__931103180741595136__931103180741595136_0,misleading_simple,,,,,,,,,
,style_ablation,iraq_iran_earthquake__931103180741595136__931103180741595136_0,misleading_news,,,,,,,,,
,style_ablation,iraq_iran_earthquake__931103180741595136__931103180741595136_0,misleading_camouflage,,,,,,,,,
,style_ablation,mexico_earthquake__910524364327718919__910524364327718919_0,clean,,,,,,,,,
,style_ablation,mexico_earthquake__910524364327718919__910524364327718919_0,benign_simple,,,,,,,,,
,style_ablation,mexico_earthquake__910524364327718919__910524364327718919_0,benign_news,,,,,,,,,
,style_ablation,mexico_earthquake__910524364327718919__910524364327718919_0,benign_camouflage,,,,,,,,,
,style_ablation,mexico_earthquake__910524364327718919__910524364327718919_0,direct_simple,,,,,,,,,
,style_ablation,mexico_earthquake__910524364327718919__910524364327718919_0,direct_news,,,,,,,,,
,style_ablation,mexico_earthquake__910524364327718919__910524364327718919_0,direct_camouflage,,,,,,,,,
,style_ablation,mexico_earthquake__910524364327718919__910524364327718919_0,misleading_simple,,,,,,,,,
,style_ablation,mexico_earthquake__910524364327718919__910524364327718919_0,misleading_news,,,,,,,,,
,style_ablation,mexico_earthquake__910524364327718919__910524364327718919_0,misleading_camouflage,,,,,,,,,
,style_ablation,mexico_earthquake__910537563974307842__910537563974307842_0,clean,,,,,,,,,
,style_ablation,mexico_earthquake__910537563974307842__910537563974307842_0,benign_simple,,,,,,,,,
,style_ablation,mexico_earthquake__910537563974307842__910537563974307842_0,benign_news,,,,,,,,,
,style_ablation,mexico_earthquake__910537563974307842__910537563974307842_0,benign_camouflage,,,,,,,,,
,style_ablation,mexico_earthquake__910537563974307842__910537563974307842_0,direct_simple,,,,,,,,,
,style_ablation,mexico_earthquake__910537563974307842__910537563974307842_0,direct_news,,,,,,,,,
,style_ablation,mexico_earthquake__910537563974307842__910537563974307842_0,direct_camouflage,,,,,,,,,
,style_ablation,mexico_earthquake__910537563974307842__910537563974307842_0,misleading_simple,,,,,,,,,
,style_ablation,mexico_earthquake__910537563974307842__910537563974307842_0,misleading_news,,,,,,,,,
,style_ablation,mexico_earthquake__910537563974307842__910537563974307842_0,misleading_camouflage,,,,,,,,,
,style_ablation,mexico_earthquake__910542244830212096__910542244830212096_0,clean,,,,,,,,,
,style_ablation,mexico_earthquake__910542244830212096__910542244830212096_0,benign_simple,,,,,,,,,
,style_ablation,mexico_earthquake__910542244830212096__910542244830212096_0,benign_news,,,,,,,,,
,style_ablation,mexico_earthquake__910542244830212096__910542244830212096_0,benign_camouflage,,,,,,,,,
,style_ablation,mexico_earthquake__910542244830212096__910542244830212096_0,direct_simple,,,,,,,,,
,style_ablation,mexico_earthquake__910542244830212096__910542244830212096_0,direct_news,,,,,,,,,
,style_ablation,mexico_earthquake__910542244830212096__910542244830212096_0,direct_camouflage,,,,,,,,,
,style_ablation,mexico_earthquake__910542244830212096__910542244830212096_0,misleading_simple,,,,,,,,,
,style_ablation,mexico_earthquake__910542244830212096__910542244830212096_0,misleading_news,,,,,,,,,
,style_ablation,mexico_earthquake__910542244830212096__910542244830212096_0,misleading_camouflage,,,,,,,,,
,style_ablation,mexico_earthquake__910544691438944256__910544691438944256_0,clean,,,,,,,,,
,style_ablation,mexico_earthquake__910544691438944256__910544691438944256_0,benign_simple,,,,,,,,,
,style_ablation,mexico_earthquake__910544691438944256__910544691438944256_0,benign_news,,,,,,,,,
,style_ablation,mexico_earthquake__910544691438944256__910544691438944256_0,benign_camouflage,,,,,,,,,
,style_ablation,mexico_earthquake__910544691438944256__910544691438944256_0,direct_simple,,,,,,,,,
,style_ablation,mexico_earthquake__910544691438944256__910544691438944256_0,direct_news,,,,,,,,,
,style_ablation,mexico_earthquake__910544691438944256__910544691438944256_0,direct_camouflage,,,,,,,,,
,style_ablation,mexico_earthquake__910544691438944256__910544691438944256_0,misleading_simple,,,,,,,,,
,style_ablation,mexico_earthquake__910544691438944256__910544691438944256_0,misleading_news,,,,,,,,,
,style_ablation,mexico_earthquake__910544691438944256__910544691438944256_0,misleading_camouflage,,,,,,,,,
,style_ablation,mexico_earthquake__910635961134014464__910635961134014464_0,clean,,,,,,,,,
,style_ablation,mexico_earthquake__910635961134014464__910635961134014464_0,benign_simple,,,,,,,,,
,style_ablation,mexico_earthquake__910635961134014464__910635961134014464_0,benign_news,,,,,,,,,
,style_ablation,mexico_earthquake__910635961134014464__910635961134014464_0,benign_camouflage,,,,,,,,,
,style_ablation,mexico_earthquake__910635961134014464__910635961134014464_0,direct_simple,,,,,,,,,
,style_ablation,mexico_earthquake__910635961134014464__910635961134014464_0,direct_news,,,,,,,,,
,style_ablation,mexico_earthquake__910635961134014464__910635961134014464_0,direct_camouflage,,,,,,,,,
,style_ablation,mexico_earthquake__910635961134014464__910635961134014464_0,misleading_simple,,,,,,,,,
,style_ablation,mexico_earthquake__910635961134014464__910635961134014464_0,misleading_news,,,,,,,,,
,style_ablation,mexico_earthquake__910635961134014464__910635961134014464_0,misleading_camouflage,,,,,,,,,
,style_ablation,mexico_earthquake__910655620566548480__910655620566548480_0,clean,,,,,,,,,
,style_ablation,mexico_earthquake__910655620566548480__910655620566548480_0,benign_simple,,,,,,,,,
,style_ablation,mexico_earthquake__910655620566548480__910655620566548480_0,benign_news,,,,,,,,,
,style_ablation,mexico_earthquake__910655620566548480__910655620566548480_0,benign_camouflage,,,,,,,,,
,style_ablation,mexico_earthquake__910655620566548480__910655620566548480_0,direct_simple,,,,,,,,,
,style_ablation,mexico_earthquake__910655620566548480__910655620566548480_0,direct_news,,,,,,,,,
,style_ablation,mexico_earthquake__910655620566548480__910655620566548480_0,direct_camouflage,,,,,,,,,
,style_ablation,mexico_earthquake__910655620566548480__910655620566548480_0,misleading_simple,,,,,,,,,
,style_ablation,mexico_earthquake__910655620566548480__910655620566548480_0,misleading_news,,,,,,,,,
,style_ablation,mexico_earthquake__910655620566548480__910655620566548480_0,misleading_camouflage,,,,,,,,,
,style_ablation,mexico_earthquake__910679991599460352__910679991599460352_0,clean,,,,,,,,,
,style_ablation,mexico_earthquake__910679991599460352__910679991599460352_0,benign_simple,,,,,,,,,
,style_ablation,mexico_earthquake__910679991599460352__910679991599460352_0,benign_news,,,,,,,,,
,style_ablation,mexico_earthquake__910679991599460352__910679991599460352_0,benign_camouflage,,,,,,,,,
,style_ablation,mexico_earthquake__910679991599460352__910679991599460352_0,direct_simple,,,,,,,,,
,style_ablation,mexico_earthquake__910679991599460352__910679991599460352_0,direct_news,,,,,,,,,
,style_ablation,mexico_earthquake__910679991599460352__910679991599460352_0,direct_camouflage,,,,,,,,,
,style_ablation,mexico_earthquake__910679991599460352__910679991599460352_0,misleading_simple,,,,,,,,,
,style_ablation,mexico_earthquake__910679991599460352__910679991599460352_0,misleading_news,,,,,,,,,
,style_ablation,mexico_earthquake__910679991599460352__910679991599460352_0,misleading_camouflage,,,,,,,,,
,style_ablation,mexico_earthquake__910696337234120704__910696337234120704_0,clean,,,,,,,,,
,style_ablation,mexico_earthquake__910696337234120704__910696337234120704_0,benign_simple,,,,,,,,,
,style_ablation,mexico_earthquake__910696337234120704__910696337234120704_0,benign_news,,,,,,,,,
,style_ablation,mexico_earthquake__910696337234120704__910696337234120704_0,benign_camouflage,,,,,,,,,
,style_ablation,mexico_earthquake__910696337234120704__910696337234120704_0,direct_simple,,,,,,,,,
,style_ablation,mexico_earthquake__910696337234120704__910696337234120704_0,direct_news,,,,,,,,,
,style_ablation,mexico_earthquake__910696337234120704__910696337234120704_0,direct_camouflage,,,,,,,,,
,style_ablation,mexico_earthquake__910696337234120704__910696337234120704_0,misleading_simple,,,,,,,,,
,style_ablation,mexico_earthquake__910696337234120704__910696337234120704_0,misleading_news,,,,,,,,,
,style_ablation,mexico_earthquake__910696337234120704__910696337234120704_0,misleading_camouflage,,,,,,,,,
,style_ablation,mexico_earthquake__911680036578762756__911680036578762756_0,clean,,,,,,,,,
,style_ablation,mexico_earthquake__911680036578762756__911680036578762756_0,benign_simple,,,,,,,,,
,style_ablation,mexico_earthquake__911680036578762756__911680036578762756_0,benign_news,,,,,,,,,
,style_ablation,mexico_earthquake__911680036578762756__911680036578762756_0,benign_camouflage,,,,,,,,,
,style_ablation,mexico_earthquake__911680036578762756__911680036578762756_0,direct_simple,,,,,,,,,
,style_ablation,mexico_earthquake__911680036578762756__911680036578762756_0,direct_news,,,,,,,,,
,style_ablation,mexico_earthquake__911680036578762756__911680036578762756_0,direct_camouflage,,,,,,,,,
,style_ablation,mexico_earthquake__911680036578762756__911680036578762756_0,misleading_simple,,,,,,,,,
,style_ablation,mexico_earthquake__911680036578762756__911680036578762756_0,misleading_news,,,,,,,,,
,style_ablation,mexico_earthquake__911680036578762756__911680036578762756_0,misleading_camouflage,,,,,,,,,
,style_ablation,mexico_earthquake__913965634437992448__913965634437992448_2,clean,,,,,,,,,
,style_ablation,mexico_earthquake__913965634437992448__913965634437992448_2,benign_simple,,,,,,,,,
,style_ablation,mexico_earthquake__913965634437992448__913965634437992448_2,benign_news,,,,,,,,,
,style_ablation,mexico_earthquake__913965634437992448__913965634437992448_2,benign_camouflage,,,,,,,,,
,style_ablation,mexico_earthquake__913965634437992448__913965634437992448_2,direct_simple,,,,,,,,,
,style_ablation,mexico_earthquake__913965634437992448__913965634437992448_2,direct_news,,,,,,,,,
,style_ablation,mexico_earthquake__913965634437992448__913965634437992448_2,direct_camouflage,,,,,,,,,
,style_ablation,mexico_earthquake__913965634437992448__913965634437992448_2,misleading_simple,,,,,,,,,
,style_ablation,mexico_earthquake__913965634437992448__913965634437992448_2,misleading_news,,,,,,,,,
,style_ablation,mexico_earthquake__913965634437992448__913965634437992448_2,misleading_camouflage,,,,,,,,,
,style_ablation,mexico_earthquake__914159056201424896__914159056201424896_0,clean,,,,,,,,,
,style_ablation,mexico_earthquake__914159056201424896__914159056201424896_0,benign_simple,,,,,,,,,
,style_ablation,mexico_earthquake__914159056201424896__914159056201424896_0,benign_news,,,,,,,,,
,style_ablation,mexico_earthquake__914159056201424896__914159056201424896_0,benign_camouflage,,,,,,,,,
,style_ablation,mexico_earthquake__914159056201424896__914159056201424896_0,direct_simple,,,,,,,,,
,style_ablation,mexico_earthquake__914159056201424896__914159056201424896_0,direct_news,,,,,,,,,
,style_ablation,mexico_earthquake__914159056201424896__914159056201424896_0,direct_camouflage,,,,,,,,,
,style_ablation,mexico_earthquake__914159056201424896__914159056201424896_0,misleading_simple,,,,,,,,,
,style_ablation,mexico_earthquake__914159056201424896__914159056201424896_0,misleading_news,,,,,,,,,
,style_ablation,mexico_earthquake__914159056201424896__914159056201424896_0,misleading_camouflage,,,,,,,,,
,style_ablation,mexico_earthquake__915253376912379905__915253376912379905_0,clean,,,,,,,,,
,style_ablation,mexico_earthquake__915253376912379905__915253376912379905_0,benign_simple,,,,,,,,,
,style_ablation,mexico_earthquake__915253376912379905__915253376912379905_0,benign_news,,,,,,,,,
,style_ablation,mexico_earthquake__915253376912379905__915253376912379905_0,benign_camouflage,,,,,,,,,
,style_ablation,mexico_earthquake__915253376912379905__915253376912379905_0,direct_simple,,,,,,,,,
,style_ablation,mexico_earthquake__915253376912379905__915253376912379905_0,direct_news,,,,,,,,,
,style_ablation,mexico_earthquake__915253376912379905__915253376912379905_0,direct_camouflage,,,,,,,,,
,style_ablation,mexico_earthquake__915253376912379905__915253376912379905_0,misleading_simple,,,,,,,,,
,style_ablation,mexico_earthquake__915253376912379905__915253376912379905_0,misleading_news,,,,,,,,,
,style_ablation,mexico_earthquake__915253376912379905__915253376912379905_0,misleading_camouflage,,,,,,,,,
,style_ablation,srilanka_floods__869982155270750208__869982155270750208_0,clean,,,,,,,,,
,style_ablation,srilanka_floods__869982155270750208__869982155270750208_0,benign_simple,,,,,,,,,
,style_ablation,srilanka_floods__869982155270750208__869982155270750208_0,benign_news,,,,,,,,,
,style_ablation,srilanka_floods__869982155270750208__869982155270750208_0,benign_camouflage,,,,,,,,,
,style_ablation,srilanka_floods__869982155270750208__869982155270750208_0,direct_simple,,,,,,,,,
,style_ablation,srilanka_floods__869982155270750208__869982155270750208_0,direct_news,,,,,,,,,
,style_ablation,srilanka_floods__869982155270750208__869982155270750208_0,direct_camouflage,,,,,,,,,
,style_ablation,srilanka_floods__869982155270750208__869982155270750208_0,misleading_simple,,,,,,,,,
,style_ablation,srilanka_floods__869982155270750208__869982155270750208_0,misleading_news,,,,,,,,,
,style_ablation,srilanka_floods__869982155270750208__869982155270750208_0,misleading_camouflage,,,,,,,,,
,style_ablation,srilanka_floods__870032047145746432__870032047145746432_0,clean,,,,,,,,,
,style_ablation,srilanka_floods__870032047145746432__870032047145746432_0,benign_simple,,,,,,,,,
,style_ablation,srilanka_floods__870032047145746432__870032047145746432_0,benign_news,,,,,,,,,
,style_ablation,srilanka_floods__870032047145746432__870032047145746432_0,benign_camouflage,,,,,,,,,
,style_ablation,srilanka_floods__870032047145746432__870032047145746432_0,direct_simple,,,,,,,,,
,style_ablation,srilanka_floods__870032047145746432__870032047145746432_0,direct_news,,,,,,,,,
,style_ablation,srilanka_floods__870032047145746432__870032047145746432_0,direct_camouflage,,,,,,,,,
,style_ablation,srilanka_floods__870032047145746432__870032047145746432_0,misleading_simple,,,,,,,,,
,style_ablation,srilanka_floods__870032047145746432__870032047145746432_0,misleading_news,,,,,,,,,
,style_ablation,srilanka_floods__870032047145746432__870032047145746432_0,misleading_camouflage,,,,,,,,,
,style_ablation,srilanka_floods__870130736069656577__870130736069656577_0,clean,,,,,,,,,
,style_ablation,srilanka_floods__870130736069656577__870130736069656577_0,benign_simple,,,,,,,,,
,style_ablation,srilanka_floods__870130736069656577__870130736069656577_0,benign_news,,,,,,,,,
,style_ablation,srilanka_floods__870130736069656577__870130736069656577_0,benign_camouflage,,,,,,,,,
,style_ablation,srilanka_floods__870130736069656577__870130736069656577_0,direct_simple,,,,,,,,,
,style_ablation,srilanka_floods__870130736069656577__870130736069656577_0,direct_news,,,,,,,,,
,style_ablation,srilanka_floods__870130736069656577__870130736069656577_0,direct_camouflage,,,,,,,,,
,style_ablation,srilanka_floods__870130736069656577__870130736069656577_0,misleading_simple,,,,,,,,,
,style_ablation,srilanka_floods__870130736069656577__870130736069656577_0,misleading_news,,,,,,,,,
,style_ablation,srilanka_floods__870130736069656577__870130736069656577_0,misleading_camouflage,,,,,,,,,
,style_ablation,srilanka_floods__870140525889822724__870140525889822724_0,clean,,,,,,,,,
,style_ablation,srilanka_floods__870140525889822724__870140525889822724_0,benign_simple,,,,,,,,,
,style_ablation,srilanka_floods__870140525889822724__870140525889822724_0,benign_news,,,,,,,,,
,style_ablation,srilanka_floods__870140525889822724__870140525889822724_0,benign_camouflage,,,,,,,,,
,style_ablation,srilanka_floods__870140525889822724__870140525889822724_0,direct_simple,,,,,,,,,
,style_ablation,srilanka_floods__870140525889822724__870140525889822724_0,direct_news,,,,,,,,,
,style_ablation,srilanka_floods__870140525889822724__870140525889822724_0,direct_camouflage,,,,,,,,,
,style_ablation,srilanka_floods__870140525889822724__870140525889822724_0,misleading_simple,,,,,,,,,
,style_ablation,srilanka_floods__870140525889822724__870140525889822724_0,misleading_news,,,,,,,,,
,style_ablation,srilanka_floods__870140525889822724__870140525889822724_0,misleading_camouflage,,,,,,,,,
,style_ablation,srilanka_floods__870146384904761344__870146384904761344_0,clean,,,,,,,,,
,style_ablation,srilanka_floods__870146384904761344__870146384904761344_0,benign_simple,,,,,,,,,
,style_ablation,srilanka_floods__870146384904761344__870146384904761344_0,benign_news,,,,,,,,,
,style_ablation,srilanka_floods__870146384904761344__870146384904761344_0,benign_camouflage,,,,,,,,,
,style_ablation,srilanka_floods__870146384904761344__870146384904761344_0,direct_simple,,,,,,,,,
,style_ablation,srilanka_floods__870146384904761344__870146384904761344_0,direct_news,,,,,,,,,
,style_ablation,srilanka_floods__870146384904761344__870146384904761344_0,direct_camouflage,,,,,,,,,
,style_ablation,srilanka_floods__870146384904761344__870146384904761344_0,misleading_simple,,,,,,,,,
,style_ablation,srilanka_floods__870146384904761344__870146384904761344_0,misleading_news,,,,,,,,,
,style_ablation,srilanka_floods__870146384904761344__870146384904761344_0,misleading_camouflage,,,,,,,,,
,style_ablation,srilanka_floods__870278054697881600__870278054697881600_0,clean,,,,,,,,,
,style_ablation,srilanka_floods__870278054697881600__870278054697881600_0,benign_simple,,,,,,,,,
,style_ablation,srilanka_floods__870278054697881600__870278054697881600_0,benign_news,,,,,,,,,
,style_ablation,srilanka_floods__870278054697881600__870278054697881600_0,benign_camouflage,,,,,,,,,
,style_ablation,srilanka_floods__870278054697881600__870278054697881600_0,direct_simple,,,,,,,,,
,style_ablation,srilanka_floods__870278054697881600__870278054697881600_0,direct_news,,,,,,,,,
,style_ablation,srilanka_floods__870278054697881600__870278054697881600_0,direct_camouflage,,,,,,,,,
,style_ablation,srilanka_floods__870278054697881600__870278054697881600_0,misleading_simple,,,,,,,,,
,style_ablation,srilanka_floods__870278054697881600__870278054697881600_0,misleading_news,,,,,,,,,
,style_ablation,srilanka_floods__870278054697881600__870278054697881600_0,misleading_camouflage,,,,,,,,,
,style_ablation,srilanka_floods__870479677789360129__870479677789360129_0,clean,,,,,,,,,
,style_ablation,srilanka_floods__870479677789360129__870479677789360129_0,benign_simple,,,,,,,,,
,style_ablation,srilanka_floods__870479677789360129__870479677789360129_0,benign_news,,,,,,,,,
,style_ablation,srilanka_floods__870479677789360129__870479677789360129_0,benign_camouflage,,,,,,,,,
,style_ablation,srilanka_floods__870479677789360129__870479677789360129_0,direct_simple,,,,,,,,,
,style_ablation,srilanka_floods__870479677789360129__870479677789360129_0,direct_news,,,,,,,,,
,style_ablation,srilanka_floods__870479677789360129__870479677789360129_0,direct_camouflage,,,,,,,,,
,style_ablation,srilanka_floods__870479677789360129__870479677789360129_0,misleading_simple,,,,,,,,,
,style_ablation,srilanka_floods__870479677789360129__870479677789360129_0,misleading_news,,,,,,,,,
,style_ablation,srilanka_floods__870479677789360129__870479677789360129_0,misleading_camouflage,,,,,,,,,
,style_ablation,srilanka_floods__870568320969453572__870568320969453572_0,clean,,,,,,,,,
,style_ablation,srilanka_floods__870568320969453572__870568320969453572_0,benign_simple,,,,,,,,,
,style_ablation,srilanka_floods__870568320969453572__870568320969453572_0,benign_news,,,,,,,,,
,style_ablation,srilanka_floods__870568320969453572__870568320969453572_0,benign_camouflage,,,,,,,,,
,style_ablation,srilanka_floods__870568320969453572__870568320969453572_0,direct_simple,,,,,,,,,
,style_ablation,srilanka_floods__870568320969453572__870568320969453572_0,direct_news,,,,,,,,,
,style_ablation,srilanka_floods__870568320969453572__870568320969453572_0,direct_camouflage,,,,,,,,,
,style_ablation,srilanka_floods__870568320969453572__870568320969453572_0,misleading_simple,,,,,,,,,
,style_ablation,srilanka_floods__870568320969453572__870568320969453572_0,misleading_news,,,,,,,,,
,style_ablation,srilanka_floods__870568320969453572__870568320969453572_0,misleading_camouflage,,,,,,,,,
,style_ablation,srilanka_floods__871220595928834049__871220595928834049_0,clean,,,,,,,,,
,style_ablation,srilanka_floods__871220595928834049__871220595928834049_0,benign_simple,,,,,,,,,
,style_ablation,srilanka_floods__871220595928834049__871220595928834049_0,benign_news,,,,,,,,,
,style_ablation,srilanka_floods__871220595928834049__871220595928834049_0,benign_camouflage,,,,,,,,,
,style_ablation,srilanka_floods__871220595928834049__871220595928834049_0,direct_simple,,,,,,,,,
,style_ablation,srilanka_floods__871220595928834049__871220595928834049_0,direct_news,,,,,,,,,
,style_ablation,srilanka_floods__871220595928834049__871220595928834049_0,direct_camouflage,,,,,,,,,
,style_ablation,srilanka_floods__871220595928834049__871220595928834049_0,misleading_simple,,,,,,,,,
,style_ablation,srilanka_floods__871220595928834049__871220595928834049_0,misleading_news,,,,,,,,,
,style_ablation,srilanka_floods__871220595928834049__871220595928834049_0,misleading_camouflage,,,,,,,,,
,style_ablation,srilanka_floods__872486971796598785__872486971796598785_0,clean,,,,,,,,,
,style_ablation,srilanka_floods__872486971796598785__872486971796598785_0,benign_simple,,,,,,,,,
,style_ablation,srilanka_floods__872486971796598785__872486971796598785_0,benign_news,,,,,,,,,
,style_ablation,srilanka_floods__872486971796598785__872486971796598785_0,benign_camouflage,,,,,,,,,
,style_ablation,srilanka_floods__872486971796598785__872486971796598785_0,direct_simple,,,,,,,,,
,style_ablation,srilanka_floods__872486971796598785__872486971796598785_0,direct_news,,,,,,,,,
,style_ablation,srilanka_floods__872486971796598785__872486971796598785_0,direct_camouflage,,,,,,,,,
,style_ablation,srilanka_floods__872486971796598785__872486971796598785_0,misleading_simple,,,,,,,,,
,style_ablation,srilanka_floods__872486971796598785__872486971796598785_0,misleading_news,,,,,,,,,
,style_ablation,srilanka_floods__872486971796598785__872486971796598785_0,misleading_camouflage,,,,,,,,,
,style_ablation,srilanka_floods__873178065395961857__873178065395961857_0,clean,,,,,,,,,
,style_ablation,srilanka_floods__873178065395961857__873178065395961857_0,benign_simple,,,,,,,,,
,style_ablation,srilanka_floods__873178065395961857__873178065395961857_0,benign_news,,,,,,,,,
,style_ablation,srilanka_floods__873178065395961857__873178065395961857_0,benign_camouflage,,,,,,,,,
,style_ablation,srilanka_floods__873178065395961857__873178065395961857_0,direct_simple,,,,,,,,,
,style_ablation,srilanka_floods__873178065395961857__873178065395961857_0,direct_news,,,,,,,,,
,style_ablation,srilanka_floods__873178065395961857__873178065395961857_0,direct_camouflage,,,,,,,,,
,style_ablation,srilanka_floods__873178065395961857__873178065395961857_0,misleading_simple,,,,,,,,,
,style_ablation,srilanka_floods__873178065395961857__873178065395961857_0,misleading_news,,,,,,,,,
,style_ablation,srilanka_floods__873178065395961857__873178065395961857_0,misleading_camouflage,,,,,,,,,
,size_ablation,california_wildfires__917915442085163008__917915442085163008_0,clean,,,,,,,,,
,size_ablation,california_wildfires__917915442085163008__917915442085163008_0,benign_small,,,,,,,,,
,size_ablation,california_wildfires__917915442085163008__917915442085163008_0,benign_medium,,,,,,,,,
,size_ablation,california_wildfires__917915442085163008__917915442085163008_0,benign_large,,,,,,,,,
,size_ablation,california_wildfires__917915442085163008__917915442085163008_0,direct_small,,,,,,,,,
,size_ablation,california_wildfires__917915442085163008__917915442085163008_0,direct_medium,,,,,,,,,
,size_ablation,california_wildfires__917915442085163008__917915442085163008_0,direct_large,,,,,,,,,
,size_ablation,california_wildfires__917915442085163008__917915442085163008_0,misleading_small,,,,,,,,,
,size_ablation,california_wildfires__917915442085163008__917915442085163008_0,misleading_medium,,,,,,,,,
,size_ablation,california_wildfires__917915442085163008__917915442085163008_0,misleading_large,,,,,,,,,
,size_ablation,california_wildfires__917950294956310528__917950294956310528_0,clean,,,,,,,,,
,size_ablation,california_wildfires__917950294956310528__917950294956310528_0,benign_small,,,,,,,,,
,size_ablation,california_wildfires__917950294956310528__917950294956310528_0,benign_medium,,,,,,,,,
,size_ablation,california_wildfires__917950294956310528__917950294956310528_0,benign_large,,,,,,,,,
,size_ablation,california_wildfires__917950294956310528__917950294956310528_0,direct_small,,,,,,,,,
,size_ablation,california_wildfires__917950294956310528__917950294956310528_0,direct_medium,,,,,,,,,
,size_ablation,california_wildfires__917950294956310528__917950294956310528_0,direct_large,,,,,,,,,
,size_ablation,california_wildfires__917950294956310528__917950294956310528_0,misleading_small,,,,,,,,,
,size_ablation,california_wildfires__917950294956310528__917950294956310528_0,misleading_medium,,,,,,,,,
,size_ablation,california_wildfires__917950294956310528__917950294956310528_0,misleading_large,,,,,,,,,
,size_ablation,california_wildfires__917972593789063170__917972593789063170_0,clean,,,,,,,,,
,size_ablation,california_wildfires__917972593789063170__917972593789063170_0,benign_small,,,,,,,,,
,size_ablation,california_wildfires__917972593789063170__917972593789063170_0,benign_medium,,,,,,,,,
,size_ablation,california_wildfires__917972593789063170__917972593789063170_0,benign_large,,,,,,,,,
,size_ablation,california_wildfires__917972593789063170__917972593789063170_0,direct_small,,,,,,,,,
,size_ablation,california_wildfires__917972593789063170__917972593789063170_0,direct_medium,,,,,,,,,
,size_ablation,california_wildfires__917972593789063170__917972593789063170_0,direct_large,,,,,,,,,
,size_ablation,california_wildfires__917972593789063170__917972593789063170_0,misleading_small,,,,,,,,,
,size_ablation,california_wildfires__917972593789063170__917972593789063170_0,misleading_medium,,,,,,,,,
,size_ablation,california_wildfires__917972593789063170__917972593789063170_0,misleading_large,,,,,,,,,
,size_ablation,california_wildfires__918009550409752576__918009550409752576_0,clean,,,,,,,,,
,size_ablation,california_wildfires__918009550409752576__918009550409752576_0,benign_small,,,,,,,,,
,size_ablation,california_wildfires__918009550409752576__918009550409752576_0,benign_medium,,,,,,,,,
,size_ablation,california_wildfires__918009550409752576__918009550409752576_0,benign_large,,,,,,,,,
,size_ablation,california_wildfires__918009550409752576__918009550409752576_0,direct_small,,,,,,,,,
,size_ablation,california_wildfires__918009550409752576__918009550409752576_0,direct_medium,,,,,,,,,
,size_ablation,california_wildfires__918009550409752576__918009550409752576_0,direct_large,,,,,,,,,
,size_ablation,california_wildfires__918009550409752576__918009550409752576_0,misleading_small,,,,,,,,,
,size_ablation,california_wildfires__918009550409752576__918009550409752576_0,misleading_medium,,,,,,,,,
,size_ablation,california_wildfires__918009550409752576__918009550409752576_0,misleading_large,,,,,,,,,
,size_ablation,california_wildfires__918087716050530304__918087716050530304_0,clean,,,,,,,,,
,size_ablation,california_wildfires__918087716050530304__918087716050530304_0,benign_small,,,,,,,,,
,size_ablation,california_wildfires__918087716050530304__918087716050530304_0,benign_medium,,,,,,,,,
,size_ablation,california_wildfires__918087716050530304__918087716050530304_0,benign_large,,,,,,,,,
,size_ablation,california_wildfires__918087716050530304__918087716050530304_0,direct_small,,,,,,,,,
,size_ablation,california_wildfires__918087716050530304__918087716050530304_0,direct_medium,,,,,,,,,
,size_ablation,california_wildfires__918087716050530304__918087716050530304_0,direct_large,,,,,,,,,
,size_ablation,california_wildfires__918087716050530304__918087716050530304_0,misleading_small,,,,,,,,,
,size_ablation,california_wildfires__918087716050530304__918087716050530304_0,misleading_medium,,,,,,,,,
,size_ablation,california_wildfires__918087716050530304__918087716050530304_0,misleading_large,,,,,,,,,
,size_ablation,california_wildfires__918237370536906753__918237370536906753_0,clean,,,,,,,,,
,size_ablation,california_wildfires__918237370536906753__918237370536906753_0,benign_small,,,,,,,,,
,size_ablation,california_wildfires__918237370536906753__918237370536906753_0,benign_medium,,,,,,,,,
,size_ablation,california_wildfires__918237370536906753__918237370536906753_0,benign_large,,,,,,,,,
,size_ablation,california_wildfires__918237370536906753__918237370536906753_0,direct_small,,,,,,,,,
,size_ablation,california_wildfires__918237370536906753__918237370536906753_0,direct_medium,,,,,,,,,
,size_ablation,california_wildfires__918237370536906753__918237370536906753_0,direct_large,,,,,,,,,
,size_ablation,california_wildfires__918237370536906753__918237370536906753_0,misleading_small,,,,,,,,,
,size_ablation,california_wildfires__918237370536906753__918237370536906753_0,misleading_medium,,,,,,,,,
,size_ablation,california_wildfires__918237370536906753__918237370536906753_0,misleading_large,,,,,,,,,
,size_ablation,california_wildfires__919869455928238081__919869455928238081_0,clean,,,,,,,,,
,size_ablation,california_wildfires__919869455928238081__919869455928238081_0,benign_small,,,,,,,,,
,size_ablation,california_wildfires__919869455928238081__919869455928238081_0,benign_medium,,,,,,,,,
,size_ablation,california_wildfires__919869455928238081__919869455928238081_0,benign_large,,,,,,,,,
,size_ablation,california_wildfires__919869455928238081__919869455928238081_0,direct_small,,,,,,,,,
,size_ablation,california_wildfires__919869455928238081__919869455928238081_0,direct_medium,,,,,,,,,
,size_ablation,california_wildfires__919869455928238081__919869455928238081_0,direct_large,,,,,,,,,
,size_ablation,california_wildfires__919869455928238081__919869455928238081_0,misleading_small,,,,,,,,,
,size_ablation,california_wildfires__919869455928238081__919869455928238081_0,misleading_medium,,,,,,,,,
,size_ablation,california_wildfires__919869455928238081__919869455928238081_0,misleading_large,,,,,,,,,
,size_ablation,california_wildfires__920016499473047552__920016499473047552_1,clean,,,,,,,,,
,size_ablation,california_wildfires__920016499473047552__920016499473047552_1,benign_small,,,,,,,,,
,size_ablation,california_wildfires__920016499473047552__920016499473047552_1,benign_medium,,,,,,,,,
,size_ablation,california_wildfires__920016499473047552__920016499473047552_1,benign_large,,,,,,,,,
,size_ablation,california_wildfires__920016499473047552__920016499473047552_1,direct_small,,,,,,,,,
,size_ablation,california_wildfires__920016499473047552__920016499473047552_1,direct_medium,,,,,,,,,
,size_ablation,california_wildfires__920016499473047552__920016499473047552_1,direct_large,,,,,,,,,
,size_ablation,california_wildfires__920016499473047552__920016499473047552_1,misleading_small,,,,,,,,,
,size_ablation,california_wildfires__920016499473047552__920016499473047552_1,misleading_medium,,,,,,,,,
,size_ablation,california_wildfires__920016499473047552__920016499473047552_1,misleading_large,,,,,,,,,
,size_ablation,california_wildfires__921176426245537792__921176426245537792_0,clean,,,,,,,,,
,size_ablation,california_wildfires__921176426245537792__921176426245537792_0,benign_small,,,,,,,,,
,size_ablation,california_wildfires__921176426245537792__921176426245537792_0,benign_medium,,,,,,,,,
,size_ablation,california_wildfires__921176426245537792__921176426245537792_0,benign_large,,,,,,,,,
,size_ablation,california_wildfires__921176426245537792__921176426245537792_0,direct_small,,,,,,,,,
,size_ablation,california_wildfires__921176426245537792__921176426245537792_0,direct_medium,,,,,,,,,
,size_ablation,california_wildfires__921176426245537792__921176426245537792_0,direct_large,,,,,,,,,
,size_ablation,california_wildfires__921176426245537792__921176426245537792_0,misleading_small,,,,,,,,,
,size_ablation,california_wildfires__921176426245537792__921176426245537792_0,misleading_medium,,,,,,,,,
,size_ablation,california_wildfires__921176426245537792__921176426245537792_0,misleading_large,,,,,,,,,
,size_ablation,california_wildfires__922558661469331456__922558661469331456_0,clean,,,,,,,,,
,size_ablation,california_wildfires__922558661469331456__922558661469331456_0,benign_small,,,,,,,,,
,size_ablation,california_wildfires__922558661469331456__922558661469331456_0,benign_medium,,,,,,,,,
,size_ablation,california_wildfires__922558661469331456__922558661469331456_0,benign_large,,,,,,,,,
,size_ablation,california_wildfires__922558661469331456__922558661469331456_0,direct_small,,,,,,,,,
,size_ablation,california_wildfires__922558661469331456__922558661469331456_0,direct_medium,,,,,,,,,
,size_ablation,california_wildfires__922558661469331456__922558661469331456_0,direct_large,,,,,,,,,
,size_ablation,california_wildfires__922558661469331456__922558661469331456_0,misleading_small,,,,,,,,,
,size_ablation,california_wildfires__922558661469331456__922558661469331456_0,misleading_medium,,,,,,,,,
,size_ablation,california_wildfires__922558661469331456__922558661469331456_0,misleading_large,,,,,,,,,
,size_ablation,hurricane_harvey__901650312934674434__901650312934674434_0,clean,,,,,,,,,
,size_ablation,hurricane_harvey__901650312934674434__901650312934674434_0,benign_small,,,,,,,,,
,size_ablation,hurricane_harvey__901650312934674434__901650312934674434_0,benign_medium,,,,,,,,,
,size_ablation,hurricane_harvey__901650312934674434__901650312934674434_0,benign_large,,,,,,,,,
,size_ablation,hurricane_harvey__901650312934674434__901650312934674434_0,direct_small,,,,,,,,,
,size_ablation,hurricane_harvey__901650312934674434__901650312934674434_0,direct_medium,,,,,,,,,
,size_ablation,hurricane_harvey__901650312934674434__901650312934674434_0,direct_large,,,,,,,,,
,size_ablation,hurricane_harvey__901650312934674434__901650312934674434_0,misleading_small,,,,,,,,,
,size_ablation,hurricane_harvey__901650312934674434__901650312934674434_0,misleading_medium,,,,,,,,,
,size_ablation,hurricane_harvey__901650312934674434__901650312934674434_0,misleading_large,,,,,,,,,
,size_ablation,hurricane_harvey__901697361541509120__901697361541509120_0,clean,,,,,,,,,
,size_ablation,hurricane_harvey__901697361541509120__901697361541509120_0,benign_small,,,,,,,,,
,size_ablation,hurricane_harvey__901697361541509120__901697361541509120_0,benign_medium,,,,,,,,,
,size_ablation,hurricane_harvey__901697361541509120__901697361541509120_0,benign_large,,,,,,,,,
,size_ablation,hurricane_harvey__901697361541509120__901697361541509120_0,direct_small,,,,,,,,,
,size_ablation,hurricane_harvey__901697361541509120__901697361541509120_0,direct_medium,,,,,,,,,
,size_ablation,hurricane_harvey__901697361541509120__901697361541509120_0,direct_large,,,,,,,,,
,size_ablation,hurricane_harvey__901697361541509120__901697361541509120_0,misleading_small,,,,,,,,,
,size_ablation,hurricane_harvey__901697361541509120__901697361541509120_0,misleading_medium,,,,,,,,,
,size_ablation,hurricane_harvey__901697361541509120__901697361541509120_0,misleading_large,,,,,,,,,
,size_ablation,hurricane_harvey__901701705909231616__901701705909231616_0,clean,,,,,,,,,
,size_ablation,hurricane_harvey__901701705909231616__901701705909231616_0,benign_small,,,,,,,,,
,size_ablation,hurricane_harvey__901701705909231616__901701705909231616_0,benign_medium,,,,,,,,,
,size_ablation,hurricane_harvey__901701705909231616__901701705909231616_0,benign_large,,,,,,,,,
,size_ablation,hurricane_harvey__901701705909231616__901701705909231616_0,direct_small,,,,,,,,,
,size_ablation,hurricane_harvey__901701705909231616__901701705909231616_0,direct_medium,,,,,,,,,
,size_ablation,hurricane_harvey__901701705909231616__901701705909231616_0,direct_large,,,,,,,,,
,size_ablation,hurricane_harvey__901701705909231616__901701705909231616_0,misleading_small,,,,,,,,,
,size_ablation,hurricane_harvey__901701705909231616__901701705909231616_0,misleading_medium,,,,,,,,,
,size_ablation,hurricane_harvey__901701705909231616__901701705909231616_0,misleading_large,,,,,,,,,
,size_ablation,hurricane_harvey__901813758690902017__901813758690902017_0,clean,,,,,,,,,
,size_ablation,hurricane_harvey__901813758690902017__901813758690902017_0,benign_small,,,,,,,,,
,size_ablation,hurricane_harvey__901813758690902017__901813758690902017_0,benign_medium,,,,,,,,,
,size_ablation,hurricane_harvey__901813758690902017__901813758690902017_0,benign_large,,,,,,,,,
,size_ablation,hurricane_harvey__901813758690902017__901813758690902017_0,direct_small,,,,,,,,,
,size_ablation,hurricane_harvey__901813758690902017__901813758690902017_0,direct_medium,,,,,,,,,
,size_ablation,hurricane_harvey__901813758690902017__901813758690902017_0,direct_large,,,,,,,,,
,size_ablation,hurricane_harvey__901813758690902017__901813758690902017_0,misleading_small,,,,,,,,,
,size_ablation,hurricane_harvey__901813758690902017__901813758690902017_0,misleading_medium,,,,,,,,,
,size_ablation,hurricane_harvey__901813758690902017__901813758690902017_0,misleading_large,,,,,,,,,
,size_ablation,hurricane_harvey__904429898944667648__904429898944667648_3,clean,,,,,,,,,
,size_ablation,hurricane_harvey__904429898944667648__904429898944667648_3,benign_small,,,,,,,,,
,size_ablation,hurricane_harvey__904429898944667648__904429898944667648_3,benign_medium,,,,,,,,,
,size_ablation,hurricane_harvey__904429898944667648__904429898944667648_3,benign_large,,,,,,,,,
,size_ablation,hurricane_harvey__904429898944667648__904429898944667648_3,direct_small,,,,,,,,,
,size_ablation,hurricane_harvey__904429898944667648__904429898944667648_3,direct_medium,,,,,,,,,
,size_ablation,hurricane_harvey__904429898944667648__904429898944667648_3,direct_large,,,,,,,,,
,size_ablation,hurricane_harvey__904429898944667648__904429898944667648_3,misleading_small,,,,,,,,,
,size_ablation,hurricane_harvey__904429898944667648__904429898944667648_3,misleading_medium,,,,,,,,,
,size_ablation,hurricane_harvey__904429898944667648__904429898944667648_3,misleading_large,,,,,,,,,
,size_ablation,hurricane_harvey__904464153036894208__904464153036894208_0,clean,,,,,,,,,
,size_ablation,hurricane_harvey__904464153036894208__904464153036894208_0,benign_small,,,,,,,,,
,size_ablation,hurricane_harvey__904464153036894208__904464153036894208_0,benign_medium,,,,,,,,,
,size_ablation,hurricane_harvey__904464153036894208__904464153036894208_0,benign_large,,,,,,,,,
,size_ablation,hurricane_harvey__904464153036894208__904464153036894208_0,direct_small,,,,,,,,,
,size_ablation,hurricane_harvey__904464153036894208__904464153036894208_0,direct_medium,,,,,,,,,
,size_ablation,hurricane_harvey__904464153036894208__904464153036894208_0,direct_large,,,,,,,,,
,size_ablation,hurricane_harvey__904464153036894208__904464153036894208_0,misleading_small,,,,,,,,,
,size_ablation,hurricane_harvey__904464153036894208__904464153036894208_0,misleading_medium,,,,,,,,,
,size_ablation,hurricane_harvey__904464153036894208__904464153036894208_0,misleading_large,,,,,,,,,
,size_ablation,hurricane_harvey__904572612520660992__904572612520660992_0,clean,,,,,,,,,
,size_ablation,hurricane_harvey__904572612520660992__904572612520660992_0,benign_small,,,,,,,,,
,size_ablation,hurricane_harvey__904572612520660992__904572612520660992_0,benign_medium,,,,,,,,,
,size_ablation,hurricane_harvey__904572612520660992__904572612520660992_0,benign_large,,,,,,,,,
,size_ablation,hurricane_harvey__904572612520660992__904572612520660992_0,direct_small,,,,,,,,,
,size_ablation,hurricane_harvey__904572612520660992__904572612520660992_0,direct_medium,,,,,,,,,
,size_ablation,hurricane_harvey__904572612520660992__904572612520660992_0,direct_large,,,,,,,,,
,size_ablation,hurricane_harvey__904572612520660992__904572612520660992_0,misleading_small,,,,,,,,,
,size_ablation,hurricane_harvey__904572612520660992__904572612520660992_0,misleading_medium,,,,,,,,,
,size_ablation,hurricane_harvey__904572612520660992__904572612520660992_0,misleading_large,,,,,,,,,
,size_ablation,hurricane_harvey__905409873076043781__905409873076043781_0,clean,,,,,,,,,
,size_ablation,hurricane_harvey__905409873076043781__905409873076043781_0,benign_small,,,,,,,,,
,size_ablation,hurricane_harvey__905409873076043781__905409873076043781_0,benign_medium,,,,,,,,,
,size_ablation,hurricane_harvey__905409873076043781__905409873076043781_0,benign_large,,,,,,,,,
,size_ablation,hurricane_harvey__905409873076043781__905409873076043781_0,direct_small,,,,,,,,,
,size_ablation,hurricane_harvey__905409873076043781__905409873076043781_0,direct_medium,,,,,,,,,
,size_ablation,hurricane_harvey__905409873076043781__905409873076043781_0,direct_large,,,,,,,,,
,size_ablation,hurricane_harvey__905409873076043781__905409873076043781_0,misleading_small,,,,,,,,,
,size_ablation,hurricane_harvey__905409873076043781__905409873076043781_0,misleading_medium,,,,,,,,,
,size_ablation,hurricane_harvey__905409873076043781__905409873076043781_0,misleading_large,,,,,,,,,
,size_ablation,hurricane_harvey__905930890735439873__905930890735439873_2,clean,,,,,,,,,
,size_ablation,hurricane_harvey__905930890735439873__905930890735439873_2,benign_small,,,,,,,,,
,size_ablation,hurricane_harvey__905930890735439873__905930890735439873_2,benign_medium,,,,,,,,,
,size_ablation,hurricane_harvey__905930890735439873__905930890735439873_2,benign_large,,,,,,,,,
,size_ablation,hurricane_harvey__905930890735439873__905930890735439873_2,direct_small,,,,,,,,,
,size_ablation,hurricane_harvey__905930890735439873__905930890735439873_2,direct_medium,,,,,,,,,
,size_ablation,hurricane_harvey__905930890735439873__905930890735439873_2,direct_large,,,,,,,,,
,size_ablation,hurricane_harvey__905930890735439873__905930890735439873_2,misleading_small,,,,,,,,,
,size_ablation,hurricane_harvey__905930890735439873__905930890735439873_2,misleading_medium,,,,,,,,,
,size_ablation,hurricane_harvey__905930890735439873__905930890735439873_2,misleading_large,,,,,,,,,
,size_ablation,hurricane_harvey__906231653428842497__906231653428842497_0,clean,,,,,,,,,
,size_ablation,hurricane_harvey__906231653428842497__906231653428842497_0,benign_small,,,,,,,,,
,size_ablation,hurricane_harvey__906231653428842497__906231653428842497_0,benign_medium,,,,,,,,,
,size_ablation,hurricane_harvey__906231653428842497__906231653428842497_0,benign_large,,,,,,,,,
,size_ablation,hurricane_harvey__906231653428842497__906231653428842497_0,direct_small,,,,,,,,,
,size_ablation,hurricane_harvey__906231653428842497__906231653428842497_0,direct_medium,,,,,,,,,
,size_ablation,hurricane_harvey__906231653428842497__906231653428842497_0,direct_large,,,,,,,,,
,size_ablation,hurricane_harvey__906231653428842497__906231653428842497_0,misleading_small,,,,,,,,,
,size_ablation,hurricane_harvey__906231653428842497__906231653428842497_0,misleading_medium,,,,,,,,,
,size_ablation,hurricane_harvey__906231653428842497__906231653428842497_0,misleading_large,,,,,,,,,
,size_ablation,hurricane_harvey__908168392716234753__908168392716234753_0,clean,,,,,,,,,
,size_ablation,hurricane_harvey__908168392716234753__908168392716234753_0,benign_small,,,,,,,,,
,size_ablation,hurricane_harvey__908168392716234753__908168392716234753_0,benign_medium,,,,,,,,,
,size_ablation,hurricane_harvey__908168392716234753__908168392716234753_0,benign_large,,,,,,,,,
,size_ablation,hurricane_harvey__908168392716234753__908168392716234753_0,direct_small,,,,,,,,,
,size_ablation,hurricane_harvey__908168392716234753__908168392716234753_0,direct_medium,,,,,,,,,
,size_ablation,hurricane_harvey__908168392716234753__908168392716234753_0,direct_large,,,,,,,,,
,size_ablation,hurricane_harvey__908168392716234753__908168392716234753_0,misleading_small,,,,,,,,,
,size_ablation,hurricane_harvey__908168392716234753__908168392716234753_0,misleading_medium,,,,,,,,,
,size_ablation,hurricane_harvey__908168392716234753__908168392716234753_0,misleading_large,,,,,,,,,
,size_ablation,hurricane_irma__905647083713003520__905647083713003520_0,clean,,,,,,,,,
,size_ablation,hurricane_irma__905647083713003520__905647083713003520_0,benign_small,,,,,,,,,
,size_ablation,hurricane_irma__905647083713003520__905647083713003520_0,benign_medium,,,,,,,,,
,size_ablation,hurricane_irma__905647083713003520__905647083713003520_0,benign_large,,,,,,,,,
,size_ablation,hurricane_irma__905647083713003520__905647083713003520_0,direct_small,,,,,,,,,
,size_ablation,hurricane_irma__905647083713003520__905647083713003520_0,direct_medium,,,,,,,,,
,size_ablation,hurricane_irma__905647083713003520__905647083713003520_0,direct_large,,,,,,,,,
,size_ablation,hurricane_irma__905647083713003520__905647083713003520_0,misleading_small,,,,,,,,,
,size_ablation,hurricane_irma__905647083713003520__905647083713003520_0,misleading_medium,,,,,,,,,
,size_ablation,hurricane_irma__905647083713003520__905647083713003520_0,misleading_large,,,,,,,,,
,size_ablation,hurricane_irma__905711511129206784__905711511129206784_0,clean,,,,,,,,,
,size_ablation,hurricane_irma__905711511129206784__905711511129206784_0,benign_small,,,,,,,,,
,size_ablation,hurricane_irma__905711511129206784__905711511129206784_0,benign_medium,,,,,,,,,
,size_ablation,hurricane_irma__905711511129206784__905711511129206784_0,benign_large,,,,,,,,,
,size_ablation,hurricane_irma__905711511129206784__905711511129206784_0,direct_small,,,,,,,,,
,size_ablation,hurricane_irma__905711511129206784__905711511129206784_0,direct_medium,,,,,,,,,
,size_ablation,hurricane_irma__905711511129206784__905711511129206784_0,direct_large,,,,,,,,,
,size_ablation,hurricane_irma__905711511129206784__905711511129206784_0,misleading_small,,,,,,,,,
,size_ablation,hurricane_irma__905711511129206784__905711511129206784_0,misleading_medium,,,,,,,,,
,size_ablation,hurricane_irma__905711511129206784__905711511129206784_0,misleading_large,,,,,,,,,
,size_ablation,hurricane_irma__905766123907407872__905766123907407872_0,clean,,,,,,,,,
,size_ablation,hurricane_irma__905766123907407872__905766123907407872_0,benign_small,,,,,,,,,
,size_ablation,hurricane_irma__905766123907407872__905766123907407872_0,benign_medium,,,,,,,,,
,size_ablation,hurricane_irma__905766123907407872__905766123907407872_0,benign_large,,,,,,,,,
,size_ablation,hurricane_irma__905766123907407872__905766123907407872_0,direct_small,,,,,,,,,
,size_ablation,hurricane_irma__905766123907407872__905766123907407872_0,direct_medium,,,,,,,,,
,size_ablation,hurricane_irma__905766123907407872__905766123907407872_0,direct_large,,,,,,,,,
,size_ablation,hurricane_irma__905766123907407872__905766123907407872_0,misleading_small,,,,,,,,,
,size_ablation,hurricane_irma__905766123907407872__905766123907407872_0,misleading_medium,,,,,,,,,
,size_ablation,hurricane_irma__905766123907407872__905766123907407872_0,misleading_large,,,,,,,,,
,size_ablation,hurricane_irma__909403767736619008__909403767736619008_0,clean,,,,,,,,,
,size_ablation,hurricane_irma__909403767736619008__909403767736619008_0,benign_small,,,,,,,,,
,size_ablation,hurricane_irma__909403767736619008__909403767736619008_0,benign_medium,,,,,,,,,
,size_ablation,hurricane_irma__909403767736619008__909403767736619008_0,benign_large,,,,,,,,,
,size_ablation,hurricane_irma__909403767736619008__909403767736619008_0,direct_small,,,,,,,,,
,size_ablation,hurricane_irma__909403767736619008__909403767736619008_0,direct_medium,,,,,,,,,
,size_ablation,hurricane_irma__909403767736619008__909403767736619008_0,direct_large,,,,,,,,,
,size_ablation,hurricane_irma__909403767736619008__909403767736619008_0,misleading_small,,,,,,,,,
,size_ablation,hurricane_irma__909403767736619008__909403767736619008_0,misleading_medium,,,,,,,,,
,size_ablation,hurricane_irma__909403767736619008__909403767736619008_0,misleading_large,,,,,,,,,
,size_ablation,hurricane_irma__909418055893123072__909418055893123072_0,clean,,,,,,,,,
,size_ablation,hurricane_irma__909418055893123072__909418055893123072_0,benign_small,,,,,,,,,
,size_ablation,hurricane_irma__909418055893123072__909418055893123072_0,benign_medium,,,,,,,,,
,size_ablation,hurricane_irma__909418055893123072__909418055893123072_0,benign_large,,,,,,,,,
,size_ablation,hurricane_irma__909418055893123072__909418055893123072_0,direct_small,,,,,,,,,
,size_ablation,hurricane_irma__909418055893123072__909418055893123072_0,direct_medium,,,,,,,,,
,size_ablation,hurricane_irma__909418055893123072__909418055893123072_0,direct_large,,,,,,,,,
,size_ablation,hurricane_irma__909418055893123072__909418055893123072_0,misleading_small,,,,,,,,,
,size_ablation,hurricane_irma__909418055893123072__909418055893123072_0,misleading_medium,,,,,,,,,
,size_ablation,hurricane_irma__909418055893123072__909418055893123072_0,misleading_large,,,,,,,,,
,size_ablation,hurricane_irma__909446946535936000__909446946535936000_1,clean,,,,,,,,,
,size_ablation,hurricane_irma__909446946535936000__909446946535936000_1,benign_small,,,,,,,,,
,size_ablation,hurricane_irma__909446946535936000__909446946535936000_1,benign_medium,,,,,,,,,
,size_ablation,hurricane_irma__909446946535936000__909446946535936000_1,benign_large,,,,,,,,,
,size_ablation,hurricane_irma__909446946535936000__909446946535936000_1,direct_small,,,,,,,,,
,size_ablation,hurricane_irma__909446946535936000__909446946535936000_1,direct_medium,,,,,,,,,
,size_ablation,hurricane_irma__909446946535936000__909446946535936000_1,direct_large,,,,,,,,,
,size_ablation,hurricane_irma__909446946535936000__909446946535936000_1,misleading_small,,,,,,,,,
,size_ablation,hurricane_irma__909446946535936000__909446946535936000_1,misleading_medium,,,,,,,,,
,size_ablation,hurricane_irma__909446946535936000__909446946535936000_1,misleading_large,,,,,,,,,
,size_ablation,hurricane_irma__909741634287411203__909741634287411203_0,clean,,,,,,,,,
,size_ablation,hurricane_irma__909741634287411203__909741634287411203_0,benign_small,,,,,,,,,
,size_ablation,hurricane_irma__909741634287411203__909741634287411203_0,benign_medium,,,,,,,,,
,size_ablation,hurricane_irma__909741634287411203__909741634287411203_0,benign_large,,,,,,,,,
,size_ablation,hurricane_irma__909741634287411203__909741634287411203_0,direct_small,,,,,,,,,
,size_ablation,hurricane_irma__909741634287411203__909741634287411203_0,direct_medium,,,,,,,,,
,size_ablation,hurricane_irma__909741634287411203__909741634287411203_0,direct_large,,,,,,,,,
,size_ablation,hurricane_irma__909741634287411203__909741634287411203_0,misleading_small,,,,,,,,,
,size_ablation,hurricane_irma__909741634287411203__909741634287411203_0,misleading_medium,,,,,,,,,
,size_ablation,hurricane_irma__909741634287411203__909741634287411203_0,misleading_large,,,,,,,,,
,size_ablation,hurricane_irma__909782273280630784__909782273280630784_0,clean,,,,,,,,,
,size_ablation,hurricane_irma__909782273280630784__909782273280630784_0,benign_small,,,,,,,,,
,size_ablation,hurricane_irma__909782273280630784__909782273280630784_0,benign_medium,,,,,,,,,
,size_ablation,hurricane_irma__909782273280630784__909782273280630784_0,benign_large,,,,,,,,,
,size_ablation,hurricane_irma__909782273280630784__909782273280630784_0,direct_small,,,,,,,,,
,size_ablation,hurricane_irma__909782273280630784__909782273280630784_0,direct_medium,,,,,,,,,
,size_ablation,hurricane_irma__909782273280630784__909782273280630784_0,direct_large,,,,,,,,,
,size_ablation,hurricane_irma__909782273280630784__909782273280630784_0,misleading_small,,,,,,,,,
,size_ablation,hurricane_irma__909782273280630784__909782273280630784_0,misleading_medium,,,,,,,,,
,size_ablation,hurricane_irma__909782273280630784__909782273280630784_0,misleading_large,,,,,,,,,
,size_ablation,hurricane_irma__909932318965604352__909932318965604352_0,clean,,,,,,,,,
,size_ablation,hurricane_irma__909932318965604352__909932318965604352_0,benign_small,,,,,,,,,
,size_ablation,hurricane_irma__909932318965604352__909932318965604352_0,benign_medium,,,,,,,,,
,size_ablation,hurricane_irma__909932318965604352__909932318965604352_0,benign_large,,,,,,,,,
,size_ablation,hurricane_irma__909932318965604352__909932318965604352_0,direct_small,,,,,,,,,
,size_ablation,hurricane_irma__909932318965604352__909932318965604352_0,direct_medium,,,,,,,,,
,size_ablation,hurricane_irma__909932318965604352__909932318965604352_0,direct_large,,,,,,,,,
,size_ablation,hurricane_irma__909932318965604352__909932318965604352_0,misleading_small,,,,,,,,,
,size_ablation,hurricane_irma__909932318965604352__909932318965604352_0,misleading_medium,,,,,,,,,
,size_ablation,hurricane_irma__909932318965604352__909932318965604352_0,misleading_large,,,,,,,,,
,size_ablation,hurricane_irma__909962108791554049__909962108791554049_0,clean,,,,,,,,,
,size_ablation,hurricane_irma__909962108791554049__909962108791554049_0,benign_small,,,,,,,,,
,size_ablation,hurricane_irma__909962108791554049__909962108791554049_0,benign_medium,,,,,,,,,
,size_ablation,hurricane_irma__909962108791554049__909962108791554049_0,benign_large,,,,,,,,,
,size_ablation,hurricane_irma__909962108791554049__909962108791554049_0,direct_small,,,,,,,,,
,size_ablation,hurricane_irma__909962108791554049__909962108791554049_0,direct_medium,,,,,,,,,
,size_ablation,hurricane_irma__909962108791554049__909962108791554049_0,direct_large,,,,,,,,,
,size_ablation,hurricane_irma__909962108791554049__909962108791554049_0,misleading_small,,,,,,,,,
,size_ablation,hurricane_irma__909962108791554049__909962108791554049_0,misleading_medium,,,,,,,,,
,size_ablation,hurricane_irma__909962108791554049__909962108791554049_0,misleading_large,,,,,,,,,
,size_ablation,hurricane_irma__910212336522350592__910212336522350592_0,clean,,,,,,,,,
,size_ablation,hurricane_irma__910212336522350592__910212336522350592_0,benign_small,,,,,,,,,
,size_ablation,hurricane_irma__910212336522350592__910212336522350592_0,benign_medium,,,,,,,,,
,size_ablation,hurricane_irma__910212336522350592__910212336522350592_0,benign_large,,,,,,,,,
,size_ablation,hurricane_irma__910212336522350592__910212336522350592_0,direct_small,,,,,,,,,
,size_ablation,hurricane_irma__910212336522350592__910212336522350592_0,direct_medium,,,,,,,,,
,size_ablation,hurricane_irma__910212336522350592__910212336522350592_0,direct_large,,,,,,,,,
,size_ablation,hurricane_irma__910212336522350592__910212336522350592_0,misleading_small,,,,,,,,,
,size_ablation,hurricane_irma__910212336522350592__910212336522350592_0,misleading_medium,,,,,,,,,
,size_ablation,hurricane_irma__910212336522350592__910212336522350592_0,misleading_large,,,,,,,,,
,size_ablation,hurricane_maria__910523400384155648__910523400384155648_0,clean,,,,,,,,,
,size_ablation,hurricane_maria__910523400384155648__910523400384155648_0,benign_small,,,,,,,,,
,size_ablation,hurricane_maria__910523400384155648__910523400384155648_0,benign_medium,,,,,,,,,
,size_ablation,hurricane_maria__910523400384155648__910523400384155648_0,benign_large,,,,,,,,,
,size_ablation,hurricane_maria__910523400384155648__910523400384155648_0,direct_small,,,,,,,,,
,size_ablation,hurricane_maria__910523400384155648__910523400384155648_0,direct_medium,,,,,,,,,
,size_ablation,hurricane_maria__910523400384155648__910523400384155648_0,direct_large,,,,,,,,,
,size_ablation,hurricane_maria__910523400384155648__910523400384155648_0,misleading_small,,,,,,,,,
,size_ablation,hurricane_maria__910523400384155648__910523400384155648_0,misleading_medium,,,,,,,,,
,size_ablation,hurricane_maria__910523400384155648__910523400384155648_0,misleading_large,,,,,,,,,
,size_ablation,hurricane_maria__910559806334881792__910559806334881792_0,clean,,,,,,,,,
,size_ablation,hurricane_maria__910559806334881792__910559806334881792_0,benign_small,,,,,,,,,
,size_ablation,hurricane_maria__910559806334881792__910559806334881792_0,benign_medium,,,,,,,,,
,size_ablation,hurricane_maria__910559806334881792__910559806334881792_0,benign_large,,,,,,,,,
,size_ablation,hurricane_maria__910559806334881792__910559806334881792_0,direct_small,,,,,,,,,
,size_ablation,hurricane_maria__910559806334881792__910559806334881792_0,direct_medium,,,,,,,,,
,size_ablation,hurricane_maria__910559806334881792__910559806334881792_0,direct_large,,,,,,,,,
,size_ablation,hurricane_maria__910559806334881792__910559806334881792_0,misleading_small,,,,,,,,,
,size_ablation,hurricane_maria__910559806334881792__910559806334881792_0,misleading_medium,,,,,,,,,
,size_ablation,hurricane_maria__910559806334881792__910559806334881792_0,misleading_large,,,,,,,,,
,size_ablation,hurricane_maria__910655381247950848__910655381247950848_0,clean,,,,,,,,,
,size_ablation,hurricane_maria__910655381247950848__910655381247950848_0,benign_small,,,,,,,,,
,size_ablation,hurricane_maria__910655381247950848__910655381247950848_0,benign_medium,,,,,,,,,
,size_ablation,hurricane_maria__910655381247950848__910655381247950848_0,benign_large,,,,,,,,,
,size_ablation,hurricane_maria__910655381247950848__910655381247950848_0,direct_small,,,,,,,,,
,size_ablation,hurricane_maria__910655381247950848__910655381247950848_0,direct_medium,,,,,,,,,
,size_ablation,hurricane_maria__910655381247950848__910655381247950848_0,direct_large,,,,,,,,,
,size_ablation,hurricane_maria__910655381247950848__910655381247950848_0,misleading_small,,,,,,,,,
,size_ablation,hurricane_maria__910655381247950848__910655381247950848_0,misleading_medium,,,,,,,,,
,size_ablation,hurricane_maria__910655381247950848__910655381247950848_0,misleading_large,,,,,,,,,
,size_ablation,hurricane_maria__911486875201937408__911486875201937408_0,clean,,,,,,,,,
,size_ablation,hurricane_maria__911486875201937408__911486875201937408_0,benign_small,,,,,,,,,
,size_ablation,hurricane_maria__911486875201937408__911486875201937408_0,benign_medium,,,,,,,,,
,size_ablation,hurricane_maria__911486875201937408__911486875201937408_0,benign_large,,,,,,,,,
,size_ablation,hurricane_maria__911486875201937408__911486875201937408_0,direct_small,,,,,,,,,
,size_ablation,hurricane_maria__911486875201937408__911486875201937408_0,direct_medium,,,,,,,,,
,size_ablation,hurricane_maria__911486875201937408__911486875201937408_0,direct_large,,,,,,,,,
,size_ablation,hurricane_maria__911486875201937408__911486875201937408_0,misleading_small,,,,,,,,,
,size_ablation,hurricane_maria__911486875201937408__911486875201937408_0,misleading_medium,,,,,,,,,
,size_ablation,hurricane_maria__911486875201937408__911486875201937408_0,misleading_large,,,,,,,,,
,size_ablation,hurricane_maria__911567186719801344__911567186719801344_0,clean,,,,,,,,,
,size_ablation,hurricane_maria__911567186719801344__911567186719801344_0,benign_small,,,,,,,,,
,size_ablation,hurricane_maria__911567186719801344__911567186719801344_0,benign_medium,,,,,,,,,
,size_ablation,hurricane_maria__911567186719801344__911567186719801344_0,benign_large,,,,,,,,,
,size_ablation,hurricane_maria__911567186719801344__911567186719801344_0,direct_small,,,,,,,,,
,size_ablation,hurricane_maria__911567186719801344__911567186719801344_0,direct_medium,,,,,,,,,
,size_ablation,hurricane_maria__911567186719801344__911567186719801344_0,direct_large,,,,,,,,,
,size_ablation,hurricane_maria__911567186719801344__911567186719801344_0,misleading_small,,,,,,,,,
,size_ablation,hurricane_maria__911567186719801344__911567186719801344_0,misleading_medium,,,,,,,,,
,size_ablation,hurricane_maria__911567186719801344__911567186719801344_0,misleading_large,,,,,,,,,
,size_ablation,hurricane_maria__913172197660876800__913172197660876800_0,clean,,,,,,,,,
,size_ablation,hurricane_maria__913172197660876800__913172197660876800_0,benign_small,,,,,,,,,
,size_ablation,hurricane_maria__913172197660876800__913172197660876800_0,benign_medium,,,,,,,,,
,size_ablation,hurricane_maria__913172197660876800__913172197660876800_0,benign_large,,,,,,,,,
,size_ablation,hurricane_maria__913172197660876800__913172197660876800_0,direct_small,,,,,,,,,
,size_ablation,hurricane_maria__913172197660876800__913172197660876800_0,direct_medium,,,,,,,,,
,size_ablation,hurricane_maria__913172197660876800__913172197660876800_0,direct_large,,,,,,,,,
,size_ablation,hurricane_maria__913172197660876800__913172197660876800_0,misleading_small,,,,,,,,,
,size_ablation,hurricane_maria__913172197660876800__913172197660876800_0,misleading_medium,,,,,,,,,
,size_ablation,hurricane_maria__913172197660876800__913172197660876800_0,misleading_large,,,,,,,,,
,size_ablation,hurricane_maria__914353354503069696__914353354503069696_1,clean,,,,,,,,,
,size_ablation,hurricane_maria__914353354503069696__914353354503069696_1,benign_small,,,,,,,,,
,size_ablation,hurricane_maria__914353354503069696__914353354503069696_1,benign_medium,,,,,,,,,
,size_ablation,hurricane_maria__914353354503069696__914353354503069696_1,benign_large,,,,,,,,,
,size_ablation,hurricane_maria__914353354503069696__914353354503069696_1,direct_small,,,,,,,,,
,size_ablation,hurricane_maria__914353354503069696__914353354503069696_1,direct_medium,,,,,,,,,
,size_ablation,hurricane_maria__914353354503069696__914353354503069696_1,direct_large,,,,,,,,,
,size_ablation,hurricane_maria__914353354503069696__914353354503069696_1,misleading_small,,,,,,,,,
,size_ablation,hurricane_maria__914353354503069696__914353354503069696_1,misleading_medium,,,,,,,,,
,size_ablation,hurricane_maria__914353354503069696__914353354503069696_1,misleading_large,,,,,,,,,
,size_ablation,hurricane_maria__917782042473041920__917782042473041920_0,clean,,,,,,,,,
,size_ablation,hurricane_maria__917782042473041920__917782042473041920_0,benign_small,,,,,,,,,
,size_ablation,hurricane_maria__917782042473041920__917782042473041920_0,benign_medium,,,,,,,,,
,size_ablation,hurricane_maria__917782042473041920__917782042473041920_0,benign_large,,,,,,,,,
,size_ablation,hurricane_maria__917782042473041920__917782042473041920_0,direct_small,,,,,,,,,
,size_ablation,hurricane_maria__917782042473041920__917782042473041920_0,direct_medium,,,,,,,,,
,size_ablation,hurricane_maria__917782042473041920__917782042473041920_0,direct_large,,,,,,,,,
,size_ablation,hurricane_maria__917782042473041920__917782042473041920_0,misleading_small,,,,,,,,,
,size_ablation,hurricane_maria__917782042473041920__917782042473041920_0,misleading_medium,,,,,,,,,
,size_ablation,hurricane_maria__917782042473041920__917782042473041920_0,misleading_large,,,,,,,,,
,size_ablation,hurricane_maria__922153859354677254__922153859354677254_0,clean,,,,,,,,,
,size_ablation,hurricane_maria__922153859354677254__922153859354677254_0,benign_small,,,,,,,,,
,size_ablation,hurricane_maria__922153859354677254__922153859354677254_0,benign_medium,,,,,,,,,
,size_ablation,hurricane_maria__922153859354677254__922153859354677254_0,benign_large,,,,,,,,,
,size_ablation,hurricane_maria__922153859354677254__922153859354677254_0,direct_small,,,,,,,,,
,size_ablation,hurricane_maria__922153859354677254__922153859354677254_0,direct_medium,,,,,,,,,
,size_ablation,hurricane_maria__922153859354677254__922153859354677254_0,direct_large,,,,,,,,,
,size_ablation,hurricane_maria__922153859354677254__922153859354677254_0,misleading_small,,,,,,,,,
,size_ablation,hurricane_maria__922153859354677254__922153859354677254_0,misleading_medium,,,,,,,,,
,size_ablation,hurricane_maria__922153859354677254__922153859354677254_0,misleading_large,,,,,,,,,
,size_ablation,hurricane_maria__923578730114514945__923578730114514945_0,clean,,,,,,,,,
,size_ablation,hurricane_maria__923578730114514945__923578730114514945_0,benign_small,,,,,,,,,
,size_ablation,hurricane_maria__923578730114514945__923578730114514945_0,benign_medium,,,,,,,,,
,size_ablation,hurricane_maria__923578730114514945__923578730114514945_0,benign_large,,,,,,,,,
,size_ablation,hurricane_maria__923578730114514945__923578730114514945_0,direct_small,,,,,,,,,
,size_ablation,hurricane_maria__923578730114514945__923578730114514945_0,direct_medium,,,,,,,,,
,size_ablation,hurricane_maria__923578730114514945__923578730114514945_0,direct_large,,,,,,,,,
,size_ablation,hurricane_maria__923578730114514945__923578730114514945_0,misleading_small,,,,,,,,,
,size_ablation,hurricane_maria__923578730114514945__923578730114514945_0,misleading_medium,,,,,,,,,
,size_ablation,hurricane_maria__923578730114514945__923578730114514945_0,misleading_large,,,,,,,,,
,size_ablation,hurricane_maria__927964108208705536__927964108208705536_0,clean,,,,,,,,,
,size_ablation,hurricane_maria__927964108208705536__927964108208705536_0,benign_small,,,,,,,,,
,size_ablation,hurricane_maria__927964108208705536__927964108208705536_0,benign_medium,,,,,,,,,
,size_ablation,hurricane_maria__927964108208705536__927964108208705536_0,benign_large,,,,,,,,,
,size_ablation,hurricane_maria__927964108208705536__927964108208705536_0,direct_small,,,,,,,,,
,size_ablation,hurricane_maria__927964108208705536__927964108208705536_0,direct_medium,,,,,,,,,
,size_ablation,hurricane_maria__927964108208705536__927964108208705536_0,direct_large,,,,,,,,,
,size_ablation,hurricane_maria__927964108208705536__927964108208705536_0,misleading_small,,,,,,,,,
,size_ablation,hurricane_maria__927964108208705536__927964108208705536_0,misleading_medium,,,,,,,,,
,size_ablation,hurricane_maria__927964108208705536__927964108208705536_0,misleading_large,,,,,,,,,
,size_ablation,iraq_iran_earthquake__930383150022193152__930383150022193152_0,clean,,,,,,,,,
,size_ablation,iraq_iran_earthquake__930383150022193152__930383150022193152_0,benign_small,,,,,,,,,
,size_ablation,iraq_iran_earthquake__930383150022193152__930383150022193152_0,benign_medium,,,,,,,,,
,size_ablation,iraq_iran_earthquake__930383150022193152__930383150022193152_0,benign_large,,,,,,,,,
,size_ablation,iraq_iran_earthquake__930383150022193152__930383150022193152_0,direct_small,,,,,,,,,
,size_ablation,iraq_iran_earthquake__930383150022193152__930383150022193152_0,direct_medium,,,,,,,,,
,size_ablation,iraq_iran_earthquake__930383150022193152__930383150022193152_0,direct_large,,,,,,,,,
,size_ablation,iraq_iran_earthquake__930383150022193152__930383150022193152_0,misleading_small,,,,,,,,,
,size_ablation,iraq_iran_earthquake__930383150022193152__930383150022193152_0,misleading_medium,,,,,,,,,
,size_ablation,iraq_iran_earthquake__930383150022193152__930383150022193152_0,misleading_large,,,,,,,,,
,size_ablation,iraq_iran_earthquake__930432485892280320__930432485892280320_0,clean,,,,,,,,,
,size_ablation,iraq_iran_earthquake__930432485892280320__930432485892280320_0,benign_small,,,,,,,,,
,size_ablation,iraq_iran_earthquake__930432485892280320__930432485892280320_0,benign_medium,,,,,,,,,
,size_ablation,iraq_iran_earthquake__930432485892280320__930432485892280320_0,benign_large,,,,,,,,,
,size_ablation,iraq_iran_earthquake__930432485892280320__930432485892280320_0,direct_small,,,,,,,,,
,size_ablation,iraq_iran_earthquake__930432485892280320__930432485892280320_0,direct_medium,,,,,,,,,
,size_ablation,iraq_iran_earthquake__930432485892280320__930432485892280320_0,direct_large,,,,,,,,,
,size_ablation,iraq_iran_earthquake__930432485892280320__930432485892280320_0,misleading_small,,,,,,,,,
,size_ablation,iraq_iran_earthquake__930432485892280320__930432485892280320_0,misleading_medium,,,,,,,,,
,size_ablation,iraq_iran_earthquake__930432485892280320__930432485892280320_0,misleading_large,,,,,,,,,
,size_ablation,iraq_iran_earthquake__930631448167632896__930631448167632896_0,clean,,,,,,,,,
,size_ablation,iraq_iran_earthquake__930631448167632896__930631448167632896_0,benign_small,,,,,,,,,
,size_ablation,iraq_iran_earthquake__930631448167632896__930631448167632896_0,benign_medium,,,,,,,,,
,size_ablation,iraq_iran_earthquake__930631448167632896__930631448167632896_0,benign_large,,,,,,,,,
,size_ablation,iraq_iran_earthquake__930631448167632896__930631448167632896_0,direct_small,,,,,,,,,
,size_ablation,iraq_iran_earthquake__930631448167632896__930631448167632896_0,direct_medium,,,,,,,,,
,size_ablation,iraq_iran_earthquake__930631448167632896__930631448167632896_0,direct_large,,,,,,,,,
,size_ablation,iraq_iran_earthquake__930631448167632896__930631448167632896_0,misleading_small,,,,,,,,,
,size_ablation,iraq_iran_earthquake__930631448167632896__930631448167632896_0,misleading_medium,,,,,,,,,
,size_ablation,iraq_iran_earthquake__930631448167632896__930631448167632896_0,misleading_large,,,,,,,,,
,size_ablation,iraq_iran_earthquake__930762101836124161__930762101836124161_0,clean,,,,,,,,,
,size_ablation,iraq_iran_earthquake__930762101836124161__930762101836124161_0,benign_small,,,,,,,,,
,size_ablation,iraq_iran_earthquake__930762101836124161__930762101836124161_0,benign_medium,,,,,,,,,
,size_ablation,iraq_iran_earthquake__930762101836124161__930762101836124161_0,benign_large,,,,,,,,,
,size_ablation,iraq_iran_earthquake__930762101836124161__930762101836124161_0,direct_small,,,,,,,,,
,size_ablation,iraq_iran_earthquake__930762101836124161__930762101836124161_0,direct_medium,,,,,,,,,
,size_ablation,iraq_iran_earthquake__930762101836124161__930762101836124161_0,direct_large,,,,,,,,,
,size_ablation,iraq_iran_earthquake__930762101836124161__930762101836124161_0,misleading_small,,,,,,,,,
,size_ablation,iraq_iran_earthquake__930762101836124161__930762101836124161_0,misleading_medium,,,,,,,,,
,size_ablation,iraq_iran_earthquake__930762101836124161__930762101836124161_0,misleading_large,,,,,,,,,
,size_ablation,iraq_iran_earthquake__930819767874793473__930819767874793473_0,clean,,,,,,,,,
,size_ablation,iraq_iran_earthquake__930819767874793473__930819767874793473_0,benign_small,,,,,,,,,
,size_ablation,iraq_iran_earthquake__930819767874793473__930819767874793473_0,benign_medium,,,,,,,,,
,size_ablation,iraq_iran_earthquake__930819767874793473__930819767874793473_0,benign_large,,,,,,,,,
,size_ablation,iraq_iran_earthquake__930819767874793473__930819767874793473_0,direct_small,,,,,,,,,
,size_ablation,iraq_iran_earthquake__930819767874793473__930819767874793473_0,direct_medium,,,,,,,,,
,size_ablation,iraq_iran_earthquake__930819767874793473__930819767874793473_0,direct_large,,,,,,,,,
,size_ablation,iraq_iran_earthquake__930819767874793473__930819767874793473_0,misleading_small,,,,,,,,,
,size_ablation,iraq_iran_earthquake__930819767874793473__930819767874793473_0,misleading_medium,,,,,,,,,
,size_ablation,iraq_iran_earthquake__930819767874793473__930819767874793473_0,misleading_large,,,,,,,,,
,size_ablation,mexico_earthquake__910524557483798529__910524557483798529_0,clean,,,,,,,,,
,size_ablation,mexico_earthquake__910524557483798529__910524557483798529_0,benign_small,,,,,,,,,
,size_ablation,mexico_earthquake__910524557483798529__910524557483798529_0,benign_medium,,,,,,,,,
,size_ablation,mexico_earthquake__910524557483798529__910524557483798529_0,benign_large,,,,,,,,,
,size_ablation,mexico_earthquake__910524557483798529__910524557483798529_0,direct_small,,,,,,,,,
,size_ablation,mexico_earthquake__910524557483798529__910524557483798529_0,direct_medium,,,,,,,,,
,size_ablation,mexico_earthquake__910524557483798529__910524557483798529_0,direct_large,,,,,,,,,
,size_ablation,mexico_earthquake__910524557483798529__910524557483798529_0,misleading_small,,,,,,,,,
,size_ablation,mexico_earthquake__910524557483798529__910524557483798529_0,misleading_medium,,,,,,,,,
,size_ablation,mexico_earthquake__910524557483798529__910524557483798529_0,misleading_large,,,,,,,,,
,size_ablation,mexico_earthquake__910586697754308609__910586697754308609_0,clean,,,,,,,,,
,size_ablation,mexico_earthquake__910586697754308609__910586697754308609_0,benign_small,,,,,,,,,
,size_ablation,mexico_earthquake__910586697754308609__910586697754308609_0,benign_medium,,,,,,,,,
,size_ablation,mexico_earthquake__910586697754308609__910586697754308609_0,benign_large,,,,,,,,,
,size_ablation,mexico_earthquake__910586697754308609__910586697754308609_0,direct_small,,,,,,,,,
,size_ablation,mexico_earthquake__910586697754308609__910586697754308609_0,direct_medium,,,,,,,,,
,size_ablation,mexico_earthquake__910586697754308609__910586697754308609_0,direct_large,,,,,,,,,
,size_ablation,mexico_earthquake__910586697754308609__910586697754308609_0,misleading_small,,,,,,,,,
,size_ablation,mexico_earthquake__910586697754308609__910586697754308609_0,misleading_medium,,,,,,,,,
,size_ablation,mexico_earthquake__910586697754308609__910586697754308609_0,misleading_large,,,,,,,,,
,size_ablation,mexico_earthquake__910624408435171328__910624408435171328_0,clean,,,,,,,,,
,size_ablation,mexico_earthquake__910624408435171328__910624408435171328_0,benign_small,,,,,,,,,
,size_ablation,mexico_earthquake__910624408435171328__910624408435171328_0,benign_medium,,,,,,,,,
,size_ablation,mexico_earthquake__910624408435171328__910624408435171328_0,benign_large,,,,,,,,,
,size_ablation,mexico_earthquake__910624408435171328__910624408435171328_0,direct_small,,,,,,,,,
,size_ablation,mexico_earthquake__910624408435171328__910624408435171328_0,direct_medium,,,,,,,,,
,size_ablation,mexico_earthquake__910624408435171328__910624408435171328_0,direct_large,,,,,,,,,
,size_ablation,mexico_earthquake__910624408435171328__910624408435171328_0,misleading_small,,,,,,,,,
,size_ablation,mexico_earthquake__910624408435171328__910624408435171328_0,misleading_medium,,,,,,,,,
,size_ablation,mexico_earthquake__910624408435171328__910624408435171328_0,misleading_large,,,,,,,,,
,size_ablation,mexico_earthquake__911623362388090880__911623362388090880_0,clean,,,,,,,,,
,size_ablation,mexico_earthquake__911623362388090880__911623362388090880_0,benign_small,,,,,,,,,
,size_ablation,mexico_earthquake__911623362388090880__911623362388090880_0,benign_medium,,,,,,,,,
,size_ablation,mexico_earthquake__911623362388090880__911623362388090880_0,benign_large,,,,,,,,,
,size_ablation,mexico_earthquake__911623362388090880__911623362388090880_0,direct_small,,,,,,,,,
,size_ablation,mexico_earthquake__911623362388090880__911623362388090880_0,direct_medium,,,,,,,,,
,size_ablation,mexico_earthquake__911623362388090880__911623362388090880_0,direct_large,,,,,,,,,
,size_ablation,mexico_earthquake__911623362388090880__911623362388090880_0,misleading_small,,,,,,,,,
,size_ablation,mexico_earthquake__911623362388090880__911623362388090880_0,misleading_medium,,,,,,,,,
,size_ablation,mexico_earthquake__911623362388090880__911623362388090880_0,misleading_large,,,,,,,,,
,size_ablation,mexico_earthquake__912050610396188672__912050610396188672_0,clean,,,,,,,,,
,size_ablation,mexico_earthquake__912050610396188672__912050610396188672_0,benign_small,,,,,,,,,
,size_ablation,mexico_earthquake__912050610396188672__912050610396188672_0,benign_medium,,,,,,,,,
,size_ablation,mexico_earthquake__912050610396188672__912050610396188672_0,benign_large,,,,,,,,,
,size_ablation,mexico_earthquake__912050610396188672__912050610396188672_0,direct_small,,,,,,,,,
,size_ablation,mexico_earthquake__912050610396188672__912050610396188672_0,direct_medium,,,,,,,,,
,size_ablation,mexico_earthquake__912050610396188672__912050610396188672_0,direct_large,,,,,,,,,
,size_ablation,mexico_earthquake__912050610396188672__912050610396188672_0,misleading_small,,,,,,,,,
,size_ablation,mexico_earthquake__912050610396188672__912050610396188672_0,misleading_medium,,,,,,,,,
,size_ablation,mexico_earthquake__912050610396188672__912050610396188672_0,misleading_large,,,,,,,,,
,size_ablation,mexico_earthquake__913102526383144961__913102526383144961_2,clean,,,,,,,,,
,size_ablation,mexico_earthquake__913102526383144961__913102526383144961_2,benign_small,,,,,,,,,
,size_ablation,mexico_earthquake__913102526383144961__913102526383144961_2,benign_medium,,,,,,,,,
,size_ablation,mexico_earthquake__913102526383144961__913102526383144961_2,benign_large,,,,,,,,,
,size_ablation,mexico_earthquake__913102526383144961__913102526383144961_2,direct_small,,,,,,,,,
,size_ablation,mexico_earthquake__913102526383144961__913102526383144961_2,direct_medium,,,,,,,,,
,size_ablation,mexico_earthquake__913102526383144961__913102526383144961_2,direct_large,,,,,,,,,
,size_ablation,mexico_earthquake__913102526383144961__913102526383144961_2,misleading_small,,,,,,,,,
,size_ablation,mexico_earthquake__913102526383144961__913102526383144961_2,misleading_medium,,,,,,,,,
,size_ablation,mexico_earthquake__913102526383144961__913102526383144961_2,misleading_large,,,,,,,,,
,size_ablation,srilanka_floods__870015709555834880__870015709555834880_0,clean,,,,,,,,,
,size_ablation,srilanka_floods__870015709555834880__870015709555834880_0,benign_small,,,,,,,,,
,size_ablation,srilanka_floods__870015709555834880__870015709555834880_0,benign_medium,,,,,,,,,
,size_ablation,srilanka_floods__870015709555834880__870015709555834880_0,benign_large,,,,,,,,,
,size_ablation,srilanka_floods__870015709555834880__870015709555834880_0,direct_small,,,,,,,,,
,size_ablation,srilanka_floods__870015709555834880__870015709555834880_0,direct_medium,,,,,,,,,
,size_ablation,srilanka_floods__870015709555834880__870015709555834880_0,direct_large,,,,,,,,,
,size_ablation,srilanka_floods__870015709555834880__870015709555834880_0,misleading_small,,,,,,,,,
,size_ablation,srilanka_floods__870015709555834880__870015709555834880_0,misleading_medium,,,,,,,,,
,size_ablation,srilanka_floods__870015709555834880__870015709555834880_0,misleading_large,,,,,,,,,
,size_ablation,srilanka_floods__870148339307749377__870148339307749377_0,clean,,,,,,,,,
,size_ablation,srilanka_floods__870148339307749377__870148339307749377_0,benign_small,,,,,,,,,
,size_ablation,srilanka_floods__870148339307749377__870148339307749377_0,benign_medium,,,,,,,,,
,size_ablation,srilanka_floods__870148339307749377__870148339307749377_0,benign_large,,,,,,,,,
,size_ablation,srilanka_floods__870148339307749377__870148339307749377_0,direct_small,,,,,,,,,
,size_ablation,srilanka_floods__870148339307749377__870148339307749377_0,direct_medium,,,,,,,,,
,size_ablation,srilanka_floods__870148339307749377__870148339307749377_0,direct_large,,,,,,,,,
,size_ablation,srilanka_floods__870148339307749377__870148339307749377_0,misleading_small,,,,,,,,,
,size_ablation,srilanka_floods__870148339307749377__870148339307749377_0,misleading_medium,,,,,,,,,
,size_ablation,srilanka_floods__870148339307749377__870148339307749377_0,misleading_large,,,,,,,,,
,size_ablation,srilanka_floods__870294525419192324__870294525419192324_0,clean,,,,,,,,,
,size_ablation,srilanka_floods__870294525419192324__870294525419192324_0,benign_small,,,,,,,,,
,size_ablation,srilanka_floods__870294525419192324__870294525419192324_0,benign_medium,,,,,,,,,
,size_ablation,srilanka_floods__870294525419192324__870294525419192324_0,benign_large,,,,,,,,,
,size_ablation,srilanka_floods__870294525419192324__870294525419192324_0,direct_small,,,,,,,,,
,size_ablation,srilanka_floods__870294525419192324__870294525419192324_0,direct_medium,,,,,,,,,
,size_ablation,srilanka_floods__870294525419192324__870294525419192324_0,direct_large,,,,,,,,,
,size_ablation,srilanka_floods__870294525419192324__870294525419192324_0,misleading_small,,,,,,,,,
,size_ablation,srilanka_floods__870294525419192324__870294525419192324_0,misleading_medium,,,,,,,,,
,size_ablation,srilanka_floods__870294525419192324__870294525419192324_0,misleading_large,,,,,,,,,
,size_ablation,srilanka_floods__871142568016453632__871142568016453632_0,clean,,,,,,,,,
,size_ablation,srilanka_floods__871142568016453632__871142568016453632_0,benign_small,,,,,,,,,
,size_ablation,srilanka_floods__871142568016453632__871142568016453632_0,benign_medium,,,,,,,,,
,size_ablation,srilanka_floods__871142568016453632__871142568016453632_0,benign_large,,,,,,,,,
,size_ablation,srilanka_floods__871142568016453632__871142568016453632_0,direct_small,,,,,,,,,
,size_ablation,srilanka_floods__871142568016453632__871142568016453632_0,direct_medium,,,,,,,,,
,size_ablation,srilanka_floods__871142568016453632__871142568016453632_0,direct_large,,,,,,,,,
,size_ablation,srilanka_floods__871142568016453632__871142568016453632_0,misleading_small,,,,,,,,,
,size_ablation,srilanka_floods__871142568016453632__871142568016453632_0,misleading_medium,,,,,,,,,
,size_ablation,srilanka_floods__871142568016453632__871142568016453632_0,misleading_large,,,,,,,,,
,size_ablation,srilanka_floods__876592481214881795__876592481214881795_0,clean,,,,,,,,,
,size_ablation,srilanka_floods__876592481214881795__876592481214881795_0,benign_small,,,,,,,,,
,size_ablation,srilanka_floods__876592481214881795__876592481214881795_0,benign_medium,,,,,,,,,
,size_ablation,srilanka_floods__876592481214881795__876592481214881795_0,benign_large,,,,,,,,,
,size_ablation,srilanka_floods__876592481214881795__876592481214881795_0,direct_small,,,,,,,,,
,size_ablation,srilanka_floods__876592481214881795__876592481214881795_0,direct_medium,,,,,,,,,
,size_ablation,srilanka_floods__876592481214881795__876592481214881795_0,direct_large,,,,,,,,,
,size_ablation,srilanka_floods__876592481214881795__876592481214881795_0,misleading_small,,,,,,,,,
,size_ablation,srilanka_floods__876592481214881795__876592481214881795_0,misleading_medium,,,,,,,,,
,size_ablation,srilanka_floods__876592481214881795__876592481214881795_0,misleading_large,,,,,,,,,
,size_ablation,srilanka_floods__877815334408921088__877815334408921088_0,clean,,,,,,,,,
,size_ablation,srilanka_floods__877815334408921088__877815334408921088_0,benign_small,,,,,,,,,
,size_ablation,srilanka_floods__877815334408921088__877815334408921088_0,benign_medium,,,,,,,,,
,size_ablation,srilanka_floods__877815334408921088__877815334408921088_0,benign_large,,,,,,,,,
,size_ablation,srilanka_floods__877815334408921088__877815334408921088_0,direct_small,,,,,,,,,
,size_ablation,srilanka_floods__877815334408921088__877815334408921088_0,direct_medium,,,,,,,,,
,size_ablation,srilanka_floods__877815334408921088__877815334408921088_0,direct_large,,,,,,,,,
,size_ablation,srilanka_floods__877815334408921088__877815334408921088_0,misleading_small,,,,,,,,,
,size_ablation,srilanka_floods__877815334408921088__877815334408921088_0,misleading_medium,,,,,,,,,
,size_ablation,srilanka_floods__877815334408921088__877815334408921088_0,misleading_large,,,,,,,,,
