split_name,sample_id,duplicate_cluster_id,event_name,damage_label_normalized,sha256,perceptual_hash
pilot,california_wildfires__917944458523566080__917944458523566080_0,cluster_01123,california_wildfires,severe_damage,276004e6f01563d57d26b334638d4c010f5863d79d0492927b24fef378d82d8d,53536f4f37131516
pilot,california_wildfires__918077527226118144__918077527226118144_0,cluster_00383,california_wildfires,mild_damage,6200ad4f2456aae0331d9f52b3a80209379913462256d0131d4f425ffabded63,cfcfeeffebfb1be3
pilot,california_wildfires__918104972268535810__918104972268535810_0,cluster_01167,california_wildfires,severe_damage,ce6c95eaba9052f1da9228d71f549360ad25ec86e10c167bf14db211aacb40c1,250f99b9dade19ac
pilot,california_wildfires__919580937184260098__919580937184260098_0,cluster_00004,california_wildfires,little_or_no_damage,0e7762f6b526ceb366722ec12e7466f530b9c38d876c225980f1404d9f06d520,021012075edc3c46
pilot,california_wildfires__919731334368694274__919731334368694274_0,cluster_00390,california_wildfires,mild_damage,ae884542d2a3b98fc0bdbcbf1a0f1c398b2284d5172838f67a2a84723c011ebc,31311a5efef37966
pilot,california_wildfires__920034434845360133__920034434845360133_0,cluster_00009,california_wildfires,little_or_no_damage,0f6763c3b887587edc965e3c56d999625e8d14dba887ef7a9f9a730bac38fad2,5c3c1878b171ea2d
pilot,california_wildfires__920202485926637568__920202485926637568_0,cluster_00010,california_wildfires,little_or_no_damage,dc3f0bfbef9290c11b19d81cb26bbbdd2042154c7d0b7273f5468bc4a62e29d2,0707c341060f0f0f
pilot,california_wildfires__920349606717792256__920349606717792256_0,cluster_00011,california_wildfires,little_or_no_damage,bc0e27c131e6c2b7f08ecb7e6fcf373cfedb114ef5d65fc29f24038489bb5d92,c6c4c06001002339
pilot,california_wildfires__920407758603735040__920407758603735040_0,cluster_01329,california_wildfires,severe_damage,af389b18c30026674e4e22183f4c7b41dd8ed8f028a60dc0687c1bb85f63e4ad,a70a635beb636161
pilot,california_wildfires__920486171985166336__920486171985166336_0,cluster_01333,california_wildfires,severe_damage,a1c0941b882dc24786364485cb2dc0338bd9f2a335278bbdec89bbb8b1ec599c,8969ad2939232b11
pilot,california_wildfires__920635671353667586__920635671353667586_0,cluster_01340,california_wildfires,severe_damage,b04709dfee63c60e4e193ecab9988cd68cc93d04fc1b382a1f2de5f0101bf771,c0c0881c1687078f
pilot,california_wildfires__920916661519007745__920916661519007745_0,cluster_01365,california_wildfires,mild_damage,8834e0e25d73a594ab1796095a56e7dd57c112e9588f6d424e7fb72bead0b7a6,3e535a1c9e9b3b3f
pilot,california_wildfires__921571773501640709__921571773501640709_0,cluster_00012,california_wildfires,little_or_no_damage,3f21dae3ce41b66f496599f74d202dd3495f15db66d4cc0883644d7af4d7fdbb,0f1f1f1585250703
pilot,california_wildfires__923717489883693058__923717489883693058_0,cluster_00418,california_wildfires,mild_damage,3f7dcab85810b6030225ef9793c80a5d0f35324908991d400b024d4f4a23c51d,df0f87f3608c1903
pilot,hurricane_harvey__901646496713584640__901646496713584640_0,cluster_01816,hurricane_harvey,severe_damage,f15d2feab0c8bb9ced508312d9e0af90d5053fa71632b03c3b8bba7b75c42ab2,989f1fe02331243c
pilot,hurricane_harvey__901792272882294786__901792272882294786_0,cluster_00025,hurricane_harvey,little_or_no_damage,320f4e0021b7f40513e1e831ad2578a74d2b85717531d6422e1f04984fb6a2d9,c1672e060306263f
pilot,hurricane_harvey__901796238756114433__901796238756114433_0,cluster_01497,hurricane_harvey,severe_damage,15ed767529f72a005ef5a3f92ca4cc21acd0294c0e6753a2f4e60fd31af48135,9c9c9c1c1c9f9d8c
pilot,hurricane_harvey__901822598765522945__901822598765522945_0,cluster_01515,hurricane_harvey,little_or_no_damage,0d92063024ccb1a74facae017855c12eacc2ecbd10f3da213d54e4244024e28e,270f071d9c3364a6
pilot,hurricane_harvey__904623462077140993__904623462077140993_0,cluster_00036,hurricane_harvey,little_or_no_damage,0868486c980946d3b7679a897f5d9aa088a3a6807ef6bc175743ce075ce99a8c,2f37155517373f35
pilot,hurricane_harvey__904669405585457152__904669405585457152_0,cluster_00465,hurricane_harvey,mild_damage,04687e831ba7b7619aa979328de32e5282c56e5e058963082787b61bc2e4a8d9,0307070f1f0e0603
pilot,hurricane_harvey__904826427291271168__904826427291271168_0,cluster_00476,hurricane_harvey,mild_damage,12c961b175cf8406bcad6cfd36e60f5cb0c74740e5a432e3a5a27d9d2fc8a770,0494c43e3f3f3f3f
pilot,hurricane_harvey__904919183762219008__904919183762219008_0,cluster_00043,hurricane_harvey,little_or_no_damage,220860adda01fe6dbd5dcef6a20e94342c1dc2ab426185fd4b5934bceb856319,1b9b1d1d8e0e0607
pilot,hurricane_harvey__905188876968501249__905188876968501249_0,cluster_01672,hurricane_harvey,severe_damage,4f201c37bace057f3e2fa8e393fabde70e9d46399ddee330326f0cfc3edbe0e7,59ccc1c5d5f3d7d5
pilot,hurricane_harvey__906199066966667264__906199066966667264_0,cluster_01781,hurricane_harvey,severe_damage,44251a9de106c21d2baf69cf127aadf4eb1780df289909da6143959a30360ea8,3f2e6727d3e3d9e9
pilot,hurricane_harvey__906713368563556353__906713368563556353_0,cluster_00530,hurricane_harvey,mild_damage,6b0cec8f299b48276b45adc3590e44fa58126a50127b54e40f725ed65cf3d4cd,2f6df7c975371f57
pilot,hurricane_harvey__906851261881962497__906851261881962497_0,cluster_00070,hurricane_harvey,little_or_no_damage,303b147898da13b041a8ff28cd5f958633d7323d497aca84071b3232bd6e554c,9d1517130d250326
pilot,hurricane_harvey__907190244579188736__907190244579188736_0,cluster_00543,hurricane_harvey,mild_damage,7fbbfb70dddb2037c311dd12ccbaa8c8df34eaa5b7bf7aecfc64469ad7ce1359,37f7e7d3f3e37373
pilot,hurricane_harvey__908073044341673986__908073044341673986_0,cluster_00297,hurricane_harvey,little_or_no_damage,1a647061342fea564bef49c257b565c6f391a064bac518013e65cc00bcfe518d,1f1f9f736f1f3f0f
pilot,hurricane_harvey__908510389981368321__908510389981368321_0,cluster_00088,hurricane_harvey,little_or_no_damage,6ffea52f388a973db875c10c65a9b7a965660667cfe4e75ca1c07c7f5ced4020,60601460726efcf3
pilot,hurricane_harvey__908701985809068034__908701985809068034_0,cluster_00090,hurricane_harvey,little_or_no_damage,16357d2f7e90d4de5acad670270d9bb6e869ad29c23f6862e67165933913e7a5,1b9b9d1d0d8e0e0e
pilot,hurricane_harvey__908705573570478080__908705573570478080_0,cluster_00594,hurricane_harvey,mild_damage,a8637b031bfb0c9678f353a09791b2f75c1df5730746c37b08a1d7d06737192e,0d0d6e6ee7602759
pilot,hurricane_irma__905658056465199105__905658056465199105_0,cluster_01968,hurricane_irma,severe_damage,be2022eb8025daf1474bf07f0c479647efabcd17eea040e7aa7e4a07949ba131,67252f3b2a6fe5e7
pilot,hurricane_irma__905670102833446912__905670102833446912_0,cluster_00109,hurricane_irma,little_or_no_damage,f695aa405b85104a2b3ead30e4fdfc72fdefefda1bc6cc7b9007ee7e29aeb792,a6c2d3868c11004c
pilot,hurricane_irma__905715102258569216__905715102258569216_0,cluster_00115,hurricane_irma,little_or_no_damage,337f0379291d858f4c160a20fe2974fb59b8319b01338fa93fcffd7d400ec9b7,f9ce1e3eb4b0fbf9
pilot,hurricane_irma__909381728061464577__909381728061464577_0,cluster_02002,hurricane_irma,severe_damage,c49a002b4fdbc2612c35c05c50711fc2529a3d2f5593f42791af7088375b4a8f,ed2c23c1084c4953
pilot,hurricane_irma__909412901626236929__909412901626236929_0,cluster_00137,hurricane_irma,little_or_no_damage,0006b5109d8fccb02120cbb4a9633a8404dc7e302dc7a3820e8288e9d1e8275c,f671791eb2efe999
pilot,hurricane_irma__909415467655335936__909415467655335936_0,cluster_00635,hurricane_irma,mild_damage,0cb6e3ee09b2b48dc7fc6bc95109a1c9fe8b2585f32f71a2be52c651ef6678b6,7e392711bcc60c04
pilot,hurricane_irma__909431758822739969__909431758822739969_0,cluster_00144,hurricane_irma,little_or_no_damage,38c5199d16a1b60bc6bc9c1f8746d2522edb2ed63762f620a4db9789a011ca06,0f0f9f39363c4c4f
pilot,hurricane_irma__909484405214908419__909484405214908419_0,cluster_00656,hurricane_irma,mild_damage,f691602319aa7228ee9491443dfd9cd7045aadf42ac10187ab700bc4886c9fca,1b614bbb3b53e2ba
pilot,hurricane_irma__909492529854377984__909492529854377984_0,cluster_02064,hurricane_irma,severe_damage,f2044c4058710a4b4813b6b773aca647dbd1802adbbf1285ef72dfc405ea4c82,804e67773b05c5fd
pilot,hurricane_irma__909717040205828097__909717040205828097_0,cluster_00664,hurricane_irma,mild_damage,9033a928ab014f909081019f17612d95ef1c6742186889e673ac2ce4c20aa644,c2c060e48e963fb8
pilot,hurricane_irma__909739206293049344__909739206293049344_0,cluster_00672,hurricane_irma,mild_damage,10e282e1f60d0b57cd9e016e8e7a2b418aaf66e66d9f4848234358aabc677eea,0bbbb3373797174b
pilot,hurricane_irma__909796226169819140__909796226169819140_1,cluster_00192,hurricane_irma,little_or_no_damage,d99ae0ff1edfb77b1e72afc04848902ba2d04d986e0372b9b15ae923380ab6a7,edad593ba77d1c39
pilot,hurricane_irma__909839453010702338__909839453010702338_0,cluster_00211,hurricane_irma,little_or_no_damage,b692b42a1f054e7126ba1dbc255588fb8160bd9641fe58f133ab94563d4725a4,0f2bfad3cb48999d
pilot,hurricane_irma__909843612309102592__909843612309102592_0,cluster_00706,hurricane_irma,little_or_no_damage,31aaa53dd7bad6ecc5ded1669e6cd22fe9b9521b9147eb9392d3dd4892c9d22c,0145cdc9532361a1
pilot,hurricane_irma__909900385581764608__909900385581764608_0,cluster_00724,hurricane_irma,mild_damage,58e7538645466c84dbafc25a0a65fef34ec9088757828316bd1da98a891d17cd,781e8e62e171598d
pilot,hurricane_irma__909902707028316161__909902707028316161_0,cluster_00231,hurricane_irma,little_or_no_damage,e25fbc3aee0da074b1e0dab2fe0e933d1c70755218fa0042fe128c668a3c04c1,1313151f1f192781
pilot,hurricane_irma__910177644444110848__910177644444110848_1,cluster_00279,hurricane_irma,little_or_no_damage,2e4622aa894ab3691a3363feffc50cdef65a88596efb4e2f56a03737a6ce70b1,1303440240418003
pilot,hurricane_irma__910222023263084544__910222023263084544_0,cluster_02224,hurricane_irma,severe_damage,45583e21cd31c3aa1f61b81934e1c5dd383fba57c95a5f70dccfc7a47ac1e2fa,174747073f7bdbdb
pilot,hurricane_maria__911546468791709697__911546468791709697_0,cluster_00835,hurricane_maria,mild_damage,2317d08a086c4613b247dddf5ef8c63917965e50c6b0f3049226ca0834a23936,22938f8c9f9f1e33
pilot,hurricane_maria__911786535321604096__911786535321604096_0,cluster_02335,hurricane_maria,severe_damage,78d1a4833ccd60c16c347af86b066181c344c7dee821056574faee15b037e3aa,13273f23134c9393
pilot,hurricane_maria__912021033984626688__912021033984626688_0,cluster_00850,hurricane_maria,mild_damage,4f360e650f0051629f98c1a5b32edaffe7783480e9985095949be23536e5a015,465d09a109830f6d
pilot,hurricane_maria__912949692413161472__912949692413161472_0,cluster_02390,hurricane_maria,severe_damage,4a2dd20ac949b766ad159e5c95a31ca021a2e7c90317dc941589fefe8a7c9b93,03016a3c4c105322
pilot,hurricane_maria__913062398004776960__913062398004776960_0,cluster_02400,hurricane_maria,severe_damage,fbcceb9cb77e0e1747ba787fd4c1fad5a77ac60a34e394332f143609cf997e3c,f9fc4cd9191e9c8c
pilot,hurricane_maria__913795571193978880__913795571193978880_0,cluster_00327,hurricane_maria,little_or_no_damage,123d231f67874afd0bcf300ad17236045b692c62b37f0de412e36450d96f3d5a,ccc686849697b6a0
pilot,hurricane_maria__913983131262128129__913983131262128129_0,cluster_02447,hurricane_maria,severe_damage,fc4ac5ee0c94e84eb4fd0ab3ecdfe21191a5e5a1b1b19a2991b9bae2166eee03,61256b3352c7e3b3
pilot,hurricane_maria__913992284986855424__913992284986855424_0,cluster_00329,hurricane_maria,little_or_no_damage,cf9c7a83ee7e2c14ff97d669d6f23b48d813cf7b32f15eb484cc3544702b3c2c,c0d0e1849cc1e3e8
pilot,hurricane_maria__914329492830789634__914329492830789634_1,cluster_02462,hurricane_maria,mild_damage,cc56e5f40ee3f25c3c8ce490f60904ccd926b112dd42bceb4d1bbfcf2efbdfa7,99a436cf5f3d5425
pilot,hurricane_maria__914555402737668097__914555402737668097_1,cluster_00903,hurricane_maria,little_or_no_damage,4b4eb84be53feecb18b2c9e57491b9c1acfbaac2262e20d0f54d91694c7b4d26,99435b4fd969667a
pilot,hurricane_maria__921427706880954369__921427706880954369_0,cluster_00940,hurricane_maria,mild_damage,5dad325227181355f3fca18a5293dc7ad9655ccf9b2ff766ab3bba95681200fa,8db2b2f2f6b49001
pilot,hurricane_maria__922464066622377986__922464066622377986_0,cluster_00346,hurricane_maria,little_or_no_damage,c9d6531d0bff178788de38a8c3df7eb1fe8fcda7f1f560f13d38e439c706d675,f0ecec555555d5d4
pilot,hurricane_maria__922601042533007362__922601042533007362_0,cluster_00349,hurricane_maria,little_or_no_damage,3584e0e874493c537e4bec9119de290485c5676b1653b7f40edd332bd7209762,26270e0d0d0d2e2e
pilot,hurricane_maria__922969963035615233__922969963035615233_0,cluster_00353,hurricane_maria,little_or_no_damage,701b6270254f155d7d2a5d192b85045bc02cfa78b414dc262a39b5c76bd541a2,f84f4625251b1155
pilot,hurricane_maria__923670505391042561__923670505391042561_0,cluster_00984,hurricane_maria,mild_damage,a25bc75b4f6e87dcf6dc00512ae7006d772fbcc8920db693d107b9324d27ab69,1a3e3a1001111313
pilot,hurricane_maria__927192810146619393__927192810146619393_0,cluster_00360,hurricane_maria,little_or_no_damage,4a4cbe0ff12ec1895e9c217d0546fa45c6fa665ddfdbede13c6ed8f592542ecc,9a1ebce957d7ff9f
pilot,hurricane_maria__928447589287989250__928447589287989250_0,cluster_00362,hurricane_maria,little_or_no_damage,673d5b813adc698a8acf410d9d1987e42e7c81b5ae837e730f7609edd1bdc359,e3b692d0e2c9c3eb
pilot,hurricane_maria__928587264518529024__928587264518529024_0,cluster_02620,hurricane_maria,severe_damage,35768b8e884737586e691b302248a7b2f63d284eb39521d26cdd308432c22769,3fb3b319a4abe96b
pilot,iraq_iran_earthquake__929989752882806785__929989752882806785_0,cluster_02636,iraq_iran_earthquake,severe_damage,84f0849c80a81499a2354ee3e6e86aa37ca9b46279c9b187e4f45f32042bcd45,f7f0f6ec74ed0d03
pilot,iraq_iran_earthquake__929989819211681793__929989819211681793_0,cluster_02637,iraq_iran_earthquake,severe_damage,ba5c5de188787e40fbc46d51573736bce30b7b009f0c8aa1082abcb4b26245ce,79fd6ce879e1a1a0
pilot,iraq_iran_earthquake__930001778115985408__930001778115985408_0,cluster_01008,iraq_iran_earthquake,mild_damage,a21d01cb2182ad5fa5641f4d274f8b981c30ea64259398a246d527cb1e327fdc,5272caf2a29abaf0
pilot,iraq_iran_earthquake__930003223800360960__930003223800360960_0,cluster_01009,iraq_iran_earthquake,mild_damage,c443a65e400d2f1c9d3cedbdd45d0dbb17f15b771faf0f5b11a23918b8292a02,c3124a6925658f8e
pilot,iraq_iran_earthquake__930028600992165888__930028600992165888_2,cluster_02654,iraq_iran_earthquake,severe_damage,52a600c196b181a148e607cb663f9124314a4d16033667038d5fde75d2053e11,222480888b4e1b0c
pilot,iraq_iran_earthquake__930170726715404295__930170726715404295_0,cluster_02691,iraq_iran_earthquake,severe_damage,ab6ddd397205f57b3a0e8e091e614b01bd558ea2cbe6621607dfedd7303f2772,99d8449db2467e4d
pilot,iraq_iran_earthquake__930389337895776256__930389337895776256_0,cluster_01011,iraq_iran_earthquake,mild_damage,9bfbfda59c74d1cedda8c4436ad02bb2389486a098efe949817d71b001d34f33,61c4c4e2f3f3f58e
pilot,mexico_earthquake__910523983149252608__910523983149252608_0,cluster_01014,mexico_earthquake,mild_damage,245a19fda7c7e1a203cb4cf441c0e9e232d30b5d5d39128b1ffc8792d96ff9d0,a5a5b6b486f495d5
pilot,mexico_earthquake__910614931262681089__910614931262681089_0,cluster_01021,mexico_earthquake,mild_damage,0bd1c628dc748f1f469a83b2cfa15c6f1f90855a6d3f691a33c677e24da09e74,2f0f9d15178fcb1b
pilot,mexico_earthquake__910655089211142145__910655089211142145_0,cluster_01022,mexico_earthquake,mild_damage,81d948e5b6eb43a54d244c88275ca4156c23707a77f513b8d1c196f4c3975a10,a3c85466624cfd20
pilot,mexico_earthquake__910708399377080322__910708399377080322_0,cluster_02811,mexico_earthquake,severe_damage,828ab38885c24e1d1a683be070a1952f94654ba7e86edbc99f23d4998a944240,3f1b233829160c0f
pilot,mexico_earthquake__911784599163895810__911784599163895810_0,cluster_02833,mexico_earthquake,severe_damage,be4bf0abfc478929f02855b1689ad3f83bc057e01803b30c1675de56a632a7ca,e75bd97d7f3c54ce
pilot,mexico_earthquake__911827596748447744__911827596748447744_0,cluster_01028,mexico_earthquake,mild_damage,32383e7bab8cd866e760df2208b2375955e8f61e1f2e1828735737578f0d0255,0e0e0e8f0f0f0e9e
pilot,mexico_earthquake__911974797113950208__911974797113950208_0,cluster_02841,mexico_earthquake,severe_damage,35be4929b9b66b54def86587d45f3bd785fc4d75a04872c853de711690b74bd4,e9e1e5e4343435ed
pilot,mexico_earthquake__914163198177300480__914163198177300480_0,cluster_02869,mexico_earthquake,severe_damage,f3985efcd25e32fb497d72fa0630c1fb5144f7c4c01035c1b6fbb0d6fa2f6801,0f01e3bc1c1b9787
pilot,srilanka_floods__870052558928138240__870052558928138240_0,cluster_01039,srilanka_floods,mild_damage,9756163c738d7ee88064ae1de8ad71c258c6d299c28fafd86c0f69e2c989ba87,62c9c1938124195a
pilot,srilanka_floods__870209884452552705__870209884452552705_0,cluster_02895,srilanka_floods,severe_damage,947be5e6fbbac6118ba24a411716a1cd09b9affbabbbf061f539e42ebbca3537,381c1c195363c626
pilot,srilanka_floods__870347744912711680__870347744912711680_0,cluster_01045,srilanka_floods,mild_damage,9abb06ba9ce52d796d88dae3107b81d123eb87d6835fe8f002ff2134d3cb9a46,82ca424c328e1d4c
pilot,srilanka_floods__870349300185706496__870349300185706496_0,cluster_01046,srilanka_floods,mild_damage,5edbbc49c13e9936be77ce755a93f752e0602867bc30f0ed7d164eca57d4c06f,030707070d0c0f3f
pilot,srilanka_floods__870917963821535233__870917963821535233_0,cluster_02914,srilanka_floods,severe_damage,9d9f55998b54bef130f892da5f4d84c81ce4be74633afbab41abfefea5108c48,3e3c3bbb98cc0cb2
pilot,srilanka_floods__872085722575929345__872085722575929345_0,cluster_02923,srilanka_floods,severe_damage,ff8b769b6e3b6008462937e136c6dc38a1fe149895ea1c171a0e878eaee33d4b,1f6343430f971b1e
pilot,srilanka_floods__872502041255530496__872502041255530496_0,cluster_02925,srilanka_floods,severe_damage,5213f57d083ea869ac43004978541ce834c2b388c8b0df7ba87b730f723b15de,eeeede9e8fa7b777
pilot,srilanka_floods__875116643453632512__875116643453632512_2,cluster_02930,srilanka_floods,mild_damage,0f3a559e0a2796477eda7bfc8961913a9832897fb0fb2e5bcd1523e976f3f75e,c2808c89a004c400
main,california_wildfires__917794360581869569__917794360581869569_0,cluster_01060,california_wildfires,severe_damage,e9646a486e9d1cf28ee12be5f99978d4bf9e76ac18ff817af787e06d0130f399,0b03110347b76701
main,california_wildfires__917796883610820608__917796883610820608_0,cluster_01064,california_wildfires,severe_damage,4a4e177484f036485d2b73077d650d27bc197f4ea39729b05059098cf9e5304c,030303839060040a
main,california_wildfires__917797763282214913__917797763282214913_0,cluster_01331,california_wildfires,severe_damage,ca4a48de4a1b11824d6acc7f0229414771969260208302d78c594bea2b4f7767,100a2a7343535f87
main,california_wildfires__917815040962695168__917815040962695168_2,cluster_00377,california_wildfires,mild_damage,9e5d4a694e70ad6023be0818fd132902568913bcef9a38f2c01f87adefca5ec0,67e701030fd7973f
main,california_wildfires__917818995377569793__917818995377569793_0,cluster_01070,california_wildfires,severe_damage,fd26268c7aa7a09dd2b850a4a42bd7cd5b740d9ff28df0d87533cf25b7783e9c,333f387351496458
main,california_wildfires__917820061758263296__917820061758263296_0,cluster_01071,california_wildfires,severe_damage,fc8cd830886bca506213323a9a1ae553bcf6d720a5467fd971b8cc9cffd4119b,c7c70f8f9f1f1d0f
main,california_wildfires__917831909111222272__917831909111222272_0,cluster_01081,california_wildfires,severe_damage,b78218574e6a2c7f0378cf9bc77f5ee4364a11fe9ba38c2108a2d1678f0461cf,070d17332f0f0101
main,california_wildfires__917846485965959168__917846485965959168_0,cluster_00379,california_wildfires,mild_damage,0ffd2e7c9de730f86d4f2f7d8b9e218c82d2e9f30637ba50f4d8f69091592324,dfbf3e3e7effd3d2
main,california_wildfires__917847652062162944__917847652062162944_0,cluster_01094,california_wildfires,severe_damage,2c4dcfc5ed376468b0fbdf6af19169c87a02376ec78dfe4f61ce8539a62a0773,0303272787510521
main,california_wildfires__917848209661112320__917848209661112320_0,cluster_01095,california_wildfires,severe_damage,96e8f31ed110be96e277dd222b4ff72bc0abba45ff090475d73a43283cd18f20,2504222aee2e2266
main,california_wildfires__917871832467955714__917871832467955714_0,cluster_01107,california_wildfires,severe_damage,1ee6d796717db3f4383d79653d353eb30e01c489a07559eb3d6452d248fd7648,06646465654e0f0d
main,california_wildfires__917933070358941696__917933070358941696_0,cluster_01119,california_wildfires,severe_damage,5fa688987987ca14e184378be32a135a3d521eab15a4ddfb89bb61f618fbe1f0,03010084844cc740
main,california_wildfires__917956700149227520__917956700149227520_0,cluster_00381,california_wildfires,mild_damage,2eb70ded82fa7342ceac160204d800ebf17f759522e17d347d9b8253505c70ac,8307030656b60b23
main,california_wildfires__917993008456519681__917993008456519681_0,cluster_01103,california_wildfires,mild_damage,7b55edce3d9066e6ffa6569f3b98e27662aa1c7970b5ae6a729accf1aa44f87a,8e86a9d9d61445d9
main,california_wildfires__918115021661421568__918115021661421568_0,cluster_01175,california_wildfires,severe_damage,d5e778e9897d44c3101d43ce5a41178444540a9c6bc332e3a93f23262c6edbeb,cbc6c282934b8b1c
main,california_wildfires__918240774462074880__918240774462074880_0,cluster_01183,california_wildfires,severe_damage,bc2e60568ad45e94d9ac90c39fce2715e8e84326bddb71c82ae3f1e7ecd5cdb5,1f1f1f1f3d371f00
main,california_wildfires__919562679404003328__919562679404003328_2,cluster_00386,california_wildfires,mild_damage,9f88734f260b0aea2858b9c054daff5b25d302843c210b505248eb8019617441,83a72f69e86e5232
main,california_wildfires__919563091406286848__919563091406286848_0,cluster_01202,california_wildfires,severe_damage,f5e46ef5cea17eb3c09e992a1a6d1b24d83bbd67fddb0b026b221ad382db2734,838323278397278b
main,california_wildfires__919563224152006656__919563224152006656_0,cluster_01203,california_wildfires,severe_damage,72eb569762908187834314e5fa46f7f4dbfaee4932aed97939928569256fff13,9da6a0b1b360c248
main,california_wildfires__919586694478925824__919586694478925824_0,cluster_01213,california_wildfires,severe_damage,b282b9051a2f23231576916ddb756b02c4673805c1a4b3c95df470197ded428d,6a6bb5151b967477
main,california_wildfires__919602818910179328__919602818910179328_0,cluster_01218,california_wildfires,severe_damage,0071788c029e7828b94158add68fb103adcc03531d1a76e934cacb678b8c3b36,24f822f4cc872fc6
main,california_wildfires__919611976220737536__919611976220737536_0,cluster_01222,california_wildfires,severe_damage,f683f467021b8f25c176b83d7f1c79bff65e2248c651f8d03d1f84b1ca2b7f47,1713331139f38faf
main,california_wildfires__919653166974750720__919653166974750720_0,cluster_00388,california_wildfires,mild_damage,ea8f7feb36d43de572a8321b209a14dcbfeb840bbb7243547398e23f8368982e,6473131732687371
main,california_wildfires__919684475990130689__919684475990130689_0,cluster_00389,california_wildfires,mild_damage,852050745cabe4885dd4506d295c144711a6c77046cfb20e77b63b407d0f50f8,27263e3dd9d9f9c8
main,california_wildfires__919688548323864577__919688548323864577_0,cluster_01244,california_wildfires,severe_damage,076ea318aabe1a787dd67ceb7590c6e7144981528022988a31a8412034ac45e2,46c2675f9b1f499f
main,california_wildfires__919752558926802944__919752558926802944_0,cluster_00391,california_wildfires,mild_damage,3211592df24b35bcb4b9e2164ceec3d0e413846a934df58a21498956866345ef,0b1f4f4b4933332d
main,california_wildfires__919799276271800320__919799276271800320_0,cluster_00392,california_wildfires,mild_damage,0345fd32eb6a57ef63fb8aed614ad65525dbae6f8d5adacf6901233ed34e5e03,1e184e4ca7a3064c
main,california_wildfires__919836010292416512__919836010292416512_0,cluster_01257,california_wildfires,severe_damage,157800b66d80ed697fbb5cd0214ba7a63c3f9495b02f4aab026a4c5ea93a5e8b,0f46cecdd9b2a49b
main,california_wildfires__919921994245709825__919921994245709825_0,cluster_01262,california_wildfires,severe_damage,f7f9146783bc3841198caf77acf975c40b0efa6deedd50d0b00b411623e9220f,2b230b1717979797
main,california_wildfires__919934490494910464__919934490494910464_0,cluster_01268,california_wildfires,severe_damage,364bebd09d85b41813e2a02e81f89fe50c7961a714ae787054f7fc50f6b7dca7,03133a181a393958
main,california_wildfires__919943278220341249__919943278220341249_0,cluster_00395,california_wildfires,mild_damage,f40194e885865282735a23511b7fd24b6f750e7f3b6f9023ad9ffbd9a0c1b72c,18181c1c153d92a4
main,california_wildfires__919955764231278592__919955764231278592_0,cluster_01274,california_wildfires,severe_damage,d388ad1399ed973f9290ccb24f82b75ab9b97b02b173d1b2d49acc38c9a5fae1,736faebb191cb4dc
main,california_wildfires__919979544844439552__919979544844439552_0,cluster_01278,california_wildfires,severe_damage,59d1c3dc69188ad7998e7ed10e00b0c8afedc79579ae50758dca60f4cdeef98d,4121000181031337
main,california_wildfires__920013231862833152__920013231862833152_0,cluster_00399,california_wildfires,mild_damage,4b7d0c5171483305ad4c5ea04d53a185788a359a8ca9c6252b29bc85974d0847,589a9effff7e3c1a
main,california_wildfires__920035964608581632__920035964608581632_0,cluster_01285,california_wildfires,severe_damage,98d382b599ed39bca27d22e8e938dfd56d746a830b69ef78701b3e93dbb8a004,4704010f0fc57c23
main,california_wildfires__920097325996847106__920097325996847106_0,cluster_01293,california_wildfires,severe_damage,956162ad6c9d6de68e4b17730b59214d160209fb0a81bc97455b6913b29c9d41,8189c7c5dc4bc9d8
main,california_wildfires__920110234433146880__920110234433146880_0,cluster_00401,california_wildfires,mild_damage,982d0dbff417a7b61f9a379957a0afdff82b1ef9137eb919fd942bd2b0deb9d1,87070f034333a594
main,california_wildfires__920229166410108928__920229166410108928_0,cluster_01304,california_wildfires,severe_damage,c900fc610fff90dbabb520ace82fc73df437ca43bc7f29e99a09a0d32f1052e0,3c5c5132b23838d8
main,california_wildfires__920379194823053312__920379194823053312_0,cluster_01323,california_wildfires,severe_damage,48194b882dcfa991cce3dd4553ca2ebe3ed875d64ccead5520235321531fee4f,0547c766c7953536
main,california_wildfires__920550861343948800__920550861343948800_0,cluster_01241,california_wildfires,mild_damage,803020044ceffa63cf048ce355c750ebe667224e5ca22d88a875456341c8d21f,0000064440a80411
main,california_wildfires__920569455759056896__920569455759056896_0,cluster_00403,california_wildfires,mild_damage,88adbacc25183589ca15d89ce0a7a33333f69bbd64b2c2f7856e94a8d9ed4016,e1e1c34361ca5b0a
main,california_wildfires__920684183105794048__920684183105794048_0,cluster_00404,california_wildfires,mild_damage,9b0ac5d43f537d46b67c9752572393b53933662f4f5bcc71ae56b34e9e11ad70,630b465743b2d252
main,california_wildfires__920730999088017408__920730999088017408_0,cluster_01354,california_wildfires,severe_damage,9b140954ffb568d6b195e969d3da1347a5d511d575bd3a5b051e57b29fd099ab,b393933333331b0f
main,california_wildfires__920875681055113216__920875681055113216_0,cluster_01410,california_wildfires,severe_damage,955a052394e700a25187a8cc9a248258b3ba626546dbf0d64fb60f6ff16c5ac0,8d4b4b172d1e4663
main,california_wildfires__920931333848883201__920931333848883201_0,cluster_01367,california_wildfires,severe_damage,41052c15adc381f1ee2352171d3283f634bcb72c957ff80de4251a2b131f16da,e1a123266d392663
main,california_wildfires__921159449708060672__921159449708060672_0,cluster_00407,california_wildfires,mild_damage,5238e9e979147bc245ac082657db3701f28c8ccbcecd51731f2f3c8947efab5d,0f07658914870114
main,california_wildfires__921176414446960640__921176414446960640_0,cluster_00408,california_wildfires,mild_damage,e3bf5b9c8b38c1d3c084e817da8704a18b6c6ebbaa2e421922a9810a993562da,2e2f8fc767ec9985
main,california_wildfires__921425360373329920__921425360373329920_0,cluster_00409,california_wildfires,mild_damage,426073ef37c37b6d170064aa60c4867c7300dd329f6c9dbee7a7b7fea17d0957,efb73f7f7f7d3319
main,california_wildfires__921612777751539712__921612777751539712_0,cluster_01401,california_wildfires,severe_damage,6ab088f5c3319437983da06dad295c0b8eba55d3eedb4bcc1525c545892086fb,1f57c6363633f2d6
main,california_wildfires__921617294945525760__921617294945525760_0,cluster_01402,california_wildfires,severe_damage,7eebe769638fd8163e72424d12684bb7f8c9ae60c03b91274a9bcf3bda86e12d,2a2626269594322d
main,california_wildfires__921767804860235776__921767804860235776_0,cluster_01406,california_wildfires,severe_damage,f165142d142211dffb6d265207a23d723877db73e67d6a7c54f35c31f3722745,6d0c094d66c64b0d
main,california_wildfires__921975972085280769__921975972085280769_0,cluster_00412,california_wildfires,mild_damage,7c7e116b166b2db022b955a3248a14a10ac2f2ec0e058ca733fb4c9cf1bcccfd,0701b0b0884022ff
main,california_wildfires__922018534863011840__922018534863011840_0,cluster_00413,california_wildfires,mild_damage,009ccb62d16a82a74ee4b28f917978aa30631dd1d07d840d9e7ea3389a3f9b02,cd8919b3ebc99949
main,california_wildfires__922161026912669698__922161026912669698_0,cluster_00414,california_wildfires,mild_damage,fc20d16f07b1a4d805984034a4388e73aaac881de6034b8e32e54d11366e0862,38fdbdbd1feff796
main,california_wildfires__922825575181496320__922825575181496320_0,cluster_01429,california_wildfires,severe_damage,c13acc64cf222114eb1a6e6b00fdb457ff1059b85d2ab7cb2699fd5ef2be0b7f,c0e2e2c786cac757
main,california_wildfires__923407022183321600__923407022183321600_0,cluster_01439,california_wildfires,severe_damage,a9a992f905287e0a64a50c8b5343bcf2386c9e891a994f8d571e1bc11ab25926,f3f3f37110010222
main,california_wildfires__923413762018824192__923413762018824192_0,cluster_01440,california_wildfires,severe_damage,a2a192b97c29d49177b68bd6b15ef3b88b1ad14b8a8a2f34c51645925099ec19,254d17167e5b7ad3
main,hurricane_harvey__901646234880024576__901646234880024576_0,cluster_00013,hurricane_harvey,little_or_no_damage,c804511f90d1d89823e775529970876ea26861c75a22b58e52cbeb31af4ee505,337372f3b2f2f376
main,hurricane_harvey__901646559384829953__901646559384829953_0,cluster_00419,hurricane_harvey,mild_damage,19fb86040e8484d1ea83bbf89ed07c7be0cfd34fef8995e7c161c11eefaadf81,1f1f2c2c908c0c0c
main,hurricane_harvey__901650362410688513__901650362410688513_0,cluster_01460,hurricane_harvey,mild_damage,4d4961db2d7d73215bb4cdf911b7920eff770f187526977efc81707d18cce918,2f2e6a430f0f1307
main,hurricane_harvey__901650454832185344__901650454832185344_0,cluster_00420,hurricane_harvey,mild_damage,ccb126766cc2a0df44665090cb33e57f93852b69894715bcd6f85fbc084d5c6c,0d179c8eab39b9f5
main,hurricane_harvey__901650574785093632__901650574785093632_0,cluster_00421,hurricane_harvey,mild_damage,82391f743ab34ceb66992e8b47ae92077d2051f2d8f01ef0eb6aa49161f8ad31,06f6637c7c7c383d
main,hurricane_harvey__901650824530669568__901650824530669568_1,cluster_01464,hurricane_harvey,severe_damage,f0a6f1545a2e6f25fddd1bda1572a8bfb443a05c1c7239efff92663b7c063917,01176f6fff9f9d9f
main,hurricane_harvey__901659390268329988__901659390268329988_0,cluster_00423,hurricane_harvey,mild_damage,c70ba22d4a40e29a605eeb46648f106f9d0d3ad995b0e9d5ecb81e66de313afd,cd83450307e3c3d9
main,hurricane_harvey__901688029521334272__901688029521334272_3,cluster_00016,hurricane_harvey,little_or_no_damage,a5762af43d1032ae501d105b286a343ca24d460e5026afdd8445ba13fc4e532a,494383a65fe7ed79
main,hurricane_harvey__901697659613966336__901697659613966336_0,cluster_00019,hurricane_harvey,little_or_no_damage,bc481f900bcca5bd8fa6e47b3a87a0c8db1e92e89a03463c8b9f2877ce8b0378,3bb5ddfd0fce661f
main,hurricane_harvey__901701789279547392__901701789279547392_1,cluster_00427,hurricane_harvey,little_or_no_damage,350623fb89445521af89d231a778b2f740a1aeaa71d6786b4d1d3a86ec36ea2b,0c6ceec6878383c7
main,hurricane_harvey__901705136782716928__901705136782716928_1,cluster_00428,hurricane_harvey,little_or_no_damage,8c149d1293651a55f49750d0de27b2d526ce29dd1889d9e6b3f00296c4c5ce3d,a4c6cb2383cc6469
main,hurricane_harvey__901705240419938305__901705240419938305_0,cluster_00429,hurricane_harvey,mild_damage,151af56f2a5294a752d040286284524325d4dcad6732d9c5a8eb0a97bb0cc279,cbb6a6e7fcfffffe
main,hurricane_harvey__901714497332809728__901714497332809728_0,cluster_00020,hurricane_harvey,little_or_no_damage,d7439ad7a784dda3d7a4fc189f0b326bc15e27d8b2a659fc101594d4802ec429,1f0b292b2b171359
main,hurricane_harvey__901721172961890304__901721172961890304_0,cluster_01488,hurricane_harvey,severe_damage,fff508a0c51a5307fc424a8ab4056d0941c4e37684ce810b291d5209264dfcef,327305252797074f
main,hurricane_harvey__901722704767627269__901722704767627269_0,cluster_00431,hurricane_harvey,mild_damage,e4fa47ddb00f36d52b65f204fde3ee0275dae4f3a1e34e3608ca327b9ad86ee3,f2b2f35b1fcfdfdb
main,hurricane_harvey__901726788736471040__901726788736471040_0,cluster_00432,hurricane_harvey,mild_damage,b0711bd41062a6728a0ccef8be1f19fb4338b6a675b49ddcfb3700079f0d9e4f,291616151b010102
main,hurricane_harvey__901731017358139392__901731017358139392_0,cluster_00433,hurricane_harvey,mild_damage,afd3d775c52c8fec38fda6928b4e6387e3e90f368de1c97b249fe8e0c4eafce4,0102878b8a270387
main,hurricane_harvey__901741728520130560__901741728520130560_0,cluster_00021,hurricane_harvey,little_or_no_damage,0ef3f1456cfa0cc5364f661901957d0b97e3d24fbab75b6e277385754984a454,6f67c3cbf2969682
main,hurricane_harvey__901754891487600640__901754891487600640_0,cluster_00435,hurricane_harvey,mild_damage,09312088a1581ed6a9aa39f749b64d9a8e648187a51a3f4bc4fd84740a230f4e,0f0f0b1717171313
main,hurricane_harvey__901762681975304193__901762681975304193_0,cluster_01493,hurricane_harvey,severe_damage,9a7fda8672094a8681b310ca58441c219857b93f5a786eb299d762b94570cff7,1f0b000003810302
main,hurricane_harvey__901776320232701953__901776320232701953_0,cluster_00437,hurricane_harvey,mild_damage,27f793e024a7a23f469ce4f0b17c2f2280992faeb68f2a629fcbc955a73e6122,2b37f39999f8f0a1
main,hurricane_harvey__901783778602962944__901783778602962944_0,cluster_00022,hurricane_harvey,little_or_no_damage,fbf1b5dcfb53b5288351edae86111e1ccf78ea8c718838b771d18f86ec075905,ff7f0f272e3e3f2f
main,hurricane_harvey__901787699648004097__901787699648004097_1,cluster_00023,hurricane_harvey,little_or_no_damage,5783015d94df363849c10eb174000ba4327bbe12719d31b5c17b126e919197a9,0d273776c6663389
main,hurricane_harvey__901787869521555456__901787869521555456_1,cluster_00024,hurricane_harvey,little_or_no_damage,d881bd3ea557a79a88d76cac59f11161b01f67a35353e89262d9f47ea0f3f444,bab8585e7bcfc664
main,hurricane_harvey__901805448944390145__901805448944390145_0,cluster_00026,hurricane_harvey,little_or_no_damage,046afd6b83cd335b1d9753101bb2d7976dfadd4db0222e69c573986cf0601153,96161b186c3f7800
main,hurricane_harvey__901813742933073921__901813742933073921_0,cluster_01508,hurricane_harvey,little_or_no_damage,a9a10499ecb47922eb44f6935c8d8813cff56b238c1aeb21e0202d08eb320501,1b9b5b4b4b0b4b4a
main,hurricane_harvey__901817961610174464__901817961610174464_2,cluster_01512,hurricane_harvey,severe_damage,afe184db85ea2041aa337eed35c24264c35b6ac3f6ae99c62935d33db88cc527,0f4d6e460f171f0f
main,hurricane_harvey__901826639310540801__901826639310540801_0,cluster_00027,hurricane_harvey,little_or_no_damage,31de2d5576fa9c2309b58623975d25134297fe528722286ad71b59f696dbcc16,5f4e6861643c6e7f
main,hurricane_harvey__901835409440768000__901835409440768000_0,cluster_00028,hurricane_harvey,little_or_no_damage,3f6c3d98ab04848c4f876ec93d919bd36b4952decfa8e6d36acc4b02ad8042ba,184a4d2c0c8c8ebf
main,hurricane_harvey__904221258371407872__904221258371407872_0,cluster_00443,hurricane_harvey,mild_damage,9b8ba5fbca77837c279b1922e1bd6083037241fcef334b76a294efaad8166e9c,63b602521b39393d
main,hurricane_harvey__904271772840841218__904271772840841218_0,cluster_00447,hurricane_harvey,mild_damage,2e216aab768d664bfb9077e740034e0bed44d405acd8c3611fe0c47806ce423f,6361500440808183
main,hurricane_harvey__904281502539628544__904281502539628544_0,cluster_00031,hurricane_harvey,little_or_no_damage,3b04a64ad19eb363c3fdb0492318082e5c3d0bf1b668c718ddf3e5f3fece99e1,8cdd6deeb424cd87
main,hurricane_harvey__904289771421237248__904289771421237248_0,cluster_00448,hurricane_harvey,mild_damage,f71036232052ca01f7f09d4860af06544ac18ee3d65a42e65716a449fce97919,1b0f2f2f0f2f2f2f
main,hurricane_harvey__904291469409878016__904291469409878016_0,cluster_01545,hurricane_harvey,severe_damage,2c6d1fb324723a7c0c678786f34f1da87ebd18d74005835f879c1c917c37cf5d,0d011984a073e3cd
main,hurricane_harvey__904302986826014720__904302986826014720_0,cluster_00449,hurricane_harvey,mild_damage,e93ead1d00bd2f2d171156c3da07958c4f3d559e1baf77c6490a4928292602e9,e4444c8e9e993860
main,hurricane_harvey__904324002176532481__904324002176532481_3,cluster_00032,hurricane_harvey,little_or_no_damage,047d663f2f05006c991adccbd0d4cc2fdcb5ce598bdb59603cf2b0eac1631697,3c36340402000120
main,hurricane_harvey__904326884401360898__904326884401360898_0,cluster_00451,hurricane_harvey,mild_damage,e20fc15f6063d010a85afa6c211999bc5b7d035f1f8c04c6ebd72e694ca902eb,ee6d858b931b8d8d
main,hurricane_harvey__904331124339609600__904331124339609600_0,cluster_00033,hurricane_harvey,little_or_no_damage,10a5fe0605c02826aacbef20f60b9163f58898473fb3be7b9a706dce3e6c3738,753919513811d1d0
main,hurricane_harvey__904343630973992962__904343630973992962_0,cluster_01555,hurricane_harvey,severe_damage,39929814d7405c69c2439fc95a8031fd4dbb499cecd87b7de236a7838e842af7,0f2e6e67d7e7d2e2
main,hurricane_harvey__904362108531466241__904362108531466241_0,cluster_00453,hurricane_harvey,mild_damage,606de573f3c2e4d17111c2ea3b24e8c34ccb48af3045fcdb2d22804f11f2b865,6b071feecace0ee8
main,hurricane_harvey__904397952420118528__904397952420118528_0,cluster_01563,hurricane_harvey,severe_damage,87237586188afc590f427fb91cba57e6eb5b0e396d867ff37d00d7bb3f5afaf2,bcfef4bcb8ecbcb0
main,hurricane_harvey__904434023660888064__904434023660888064_0,cluster_00457,hurricane_harvey,mild_damage,58fd871d5da4a811d32a9345db23b94ddbc5a060f464a6fb87284468d133dd01,2e1a9ebe373e7aaf
main,hurricane_harvey__904453241005641728__904453241005641728_0,cluster_01571,hurricane_harvey,severe_damage,9c48c64200ebeac6dc07978f05efa16809177f951905942ade4a345a6ef30d63,17373b1b1bbebba3
main,hurricane_harvey__904464789811863552__904464789811863552_0,cluster_00034,hurricane_harvey,little_or_no_damage,78af554dc757a8da81d333ac7d33eb328057b1aa728dd7cc786f027dbefafa6b,c7433e3e10717dfc
main,hurricane_harvey__904511606612037632__904511606612037632_0,cluster_01736,hurricane_harvey,mild_damage,15f511ece63fd054182fb4d21dae02cfd79d5d7fe4764d83399d6f51814c37e7,90dad6464c4c4ec9
main,hurricane_harvey__904516911391805440__904516911391805440_0,cluster_00460,hurricane_harvey,mild_damage,3c9797250233479434dd14fcdabbe6df14b8837eb71c2908b16e42869d93091d,c7efc5e7e7cc2263
main,hurricane_harvey__904517353588744192__904517353588744192_0,cluster_00461,hurricane_harvey,mild_damage,c170fdc0b363da0ba8e82857c5806d886cce34feb6d16d4557858d5a835cb926,39c3cf3b6de95347
main,hurricane_harvey__904556347164950529__904556347164950529_0,cluster_00463,hurricane_harvey,mild_damage,98008ff2e64539eb95b4653c1b01132ad62c8f2569fbd57953b75dc825b17800,194c1c1b59517382
main,hurricane_harvey__904576825690554372__904576825690554372_0,cluster_00035,hurricane_harvey,little_or_no_damage,7ee7cd1c10400a371636dc91b1cb7684873593c054101ed6f1f89bbc8e89b6cb,8f1b09290b13a1d0
main,hurricane_harvey__904589549971570688__904589549971570688_0,cluster_01591,hurricane_harvey,severe_damage,76c90494025e3c8477fcc8d63ea3f4e70b5e903aff059d177378dcf9785f42b7,072b1b0735713e1f
main,hurricane_harvey__904670957247373312__904670957247373312_0,cluster_00037,hurricane_harvey,little_or_no_damage,4c2b9e4b649a38f885cee7a543ed9e2ab49b49e9532637c1e9cabc91a9232c44,6dcd996bebd3f1d2
main,hurricane_harvey__904677953983967233__904677953983967233_0,cluster_00466,hurricane_harvey,mild_damage,2a3d25106c86b0550119694cd7932809d69a4134323ccc88d78ba487daa54b53,ecdd9b3b9b9f950c
main,hurricane_harvey__904710459814690816__904710459814690816_0,cluster_01611,hurricane_harvey,severe_damage,aee14b705cb717ab3951e41743b588d6a6700d7a8b34ea590e1603ce85357a77,9b33233a0d959527
main,hurricane_harvey__904779114506326016__904779114506326016_0,cluster_00040,hurricane_harvey,little_or_no_damage,dff2b96ec9755a1e21dab6938c9d782ed8f4087a4903236021ba182d04ea5d7b,8335951c5e4fcb49
main,hurricane_harvey__904787823181520896__904787823181520896_0,cluster_01619,hurricane_harvey,severe_damage,3d81fb9013679a8337d1c96b2285b1f0600c44bf92025bf24540ed0fe796eed3,2f6f6f4e4e0e8e0f
main,hurricane_harvey__904802599219625985__904802599219625985_0,cluster_01622,hurricane_harvey,severe_damage,7923e461fc123d99e7efc1510918e8c489e0b7bb6477401fb3ed2c3465c30a08,87808c87c6a6b2d1
main,hurricane_harvey__904842215620583425__904842215620583425_0,cluster_00042,hurricane_harvey,little_or_no_damage,d857ddfac42e7fe108eb45c5e6d3c2465a061dfdbf444f8252dd050596232ccc,3c39b30b4feef371
main,hurricane_harvey__904853248384913408__904853248384913408_0,cluster_00477,hurricane_harvey,mild_damage,f108a0ef1d75724f6b3587d5e665014354777035400f57ceaa8c2e991d1132e7,11010342c3070101
main,hurricane_harvey__904925838839169028__904925838839169028_0,cluster_00044,hurricane_harvey,little_or_no_damage,cc2fcca36da2d4f389300919da771315a82e861124ac406f81105f9833f83bfc,c5851743ab439313
main,hurricane_harvey__904933387114340352__904933387114340352_0,cluster_00045,hurricane_harvey,little_or_no_damage,bde3d71e9f47f91f0fda4d7d757c5b4eb06f300d273b152a01b28e8a9b1925cf,6666e6c7874d4f87
main,hurricane_harvey__904947206607818753__904947206607818753_0,cluster_00046,hurricane_harvey,little_or_no_damage,4530cad9260d4d93863173b2d30193b328b9dd5c74dde42120968e4e17718438,0f0fd69afb7e7e3f
main,hurricane_harvey__904955849487126528__904955849487126528_0,cluster_00479,hurricane_harvey,mild_damage,dc8029f299f5aeef6bbd550383db5f4d37a744fee8a6d3cf606c15065e550bc3,2727d7e6e77f7bff
main,hurricane_harvey__904956036733423616__904956036733423616_0,cluster_00480,hurricane_harvey,mild_damage,2c006625b03576a8b4b6705517b39256e2449e31b36916ff4d693c1a22028e73,f88e0f3511112323
main,hurricane_harvey__904972350294171650__904972350294171650_0,cluster_00047,hurricane_harvey,little_or_no_damage,cd5efc5e0eb49c6adc0b24e475df26c95e6f74631125d3a5199d1545d643cc98,30614d168b0b460f
main,hurricane_harvey__904994908016058368__904994908016058368_0,cluster_00048,hurricane_harvey,little_or_no_damage,1b46cebe80b46d60358ecffcd23b9338503baa5a7cde1cd8abe58302744a52ff,ef6ec5138bc666e2
main,hurricane_harvey__905014427451244544__905014427451244544_0,cluster_00049,hurricane_harvey,little_or_no_damage,6b76b364c78b4fa928ee93773d25d211e057dab471c20ed32e5c782237568254,3333332222737131
main,hurricane_harvey__905015318401216512__905015318401216512_2,cluster_01648,hurricane_harvey,severe_damage,d687e6f32c46c7683623759157d22fc3ff69c6d2157ad85132bc9e234cba982a,79400cb6dc53cccd
main,hurricane_harvey__905050833687064577__905050833687064577_0,cluster_01652,hurricane_harvey,severe_damage,6e7035a2f9ce9c87aeaec5c47ea418e678fbe343cbbf75821973f69921163f6b,0d8d0d0d59996441
main,hurricane_harvey__905065364601667585__905065364601667585_0,cluster_01656,hurricane_harvey,severe_damage,c3fc139f8685f146cd478fdd0ff766684e5f7936c4b37759ade6c0f1101dc45c,de5ec686600c1633
main,hurricane_harvey__905069428341174272__905069428341174272_0,cluster_01657,hurricane_harvey,severe_damage,f72f4fb0352993b201120ae4b57eccca61e065e661c535f013f30735024f39e9,841924250d36074b
main,hurricane_harvey__905137064282378240__905137064282378240_0,cluster_00487,hurricane_harvey,mild_damage,93c2d8d3e6bd20f8d3c43d73639826a305d875d067538e3abae9d52cee0fd813,5f4959e96b3d3929
main,hurricane_harvey__905148792516866049__905148792516866049_2,cluster_01663,hurricane_harvey,severe_damage,f248a145d33d7e7d64d1dedf19809aa6ace4075fe3558d071a6ebcae40de6b26,191d1d0d4e7f7c7d
main,hurricane_harvey__905165483816648704__905165483816648704_0,cluster_01668,hurricane_harvey,severe_damage,7733b7db0e92e650a4dd97e1f71a943fd0ca278f01c5054c92b2529b3d418326,31893e03cf4e8382
main,hurricane_harvey__905195533853216769__905195533853216769_0,cluster_01673,hurricane_harvey,severe_damage,a49fc1a167feb3dc10dc0ca424a7043ea46ebf138d367d79ffe1267f88436f28,f0e8686c6656ed8c
main,hurricane_harvey__905215758917144584__905215758917144584_0,cluster_00050,hurricane_harvey,little_or_no_damage,16ee95e9c334fce75c51152cff7f2a28fb041adaee4053c57ee7ce77d89a8919,202266cecfc9cfa7
main,hurricane_harvey__905230326359891968__905230326359891968_0,cluster_01679,hurricane_harvey,little_or_no_damage,5a0a0b49e4dfc8c987bc7ab88278e4a28f6f7bae8a340418725b725e16e78332,ca9a64340ce97954
main,hurricane_harvey__905230715566006272__905230715566006272_0,cluster_01680,hurricane_harvey,severe_damage,a7fd8ef9876ea60c88e25d4a5c70e8c060bf34c4320a828efc15a0059d404a42,e6c78e1a3636a4f0
main,hurricane_harvey__905290227178229764__905290227178229764_0,cluster_00492,hurricane_harvey,mild_damage,d8cde76b66dfe16b483c8bfffffc579e37e252b2e54760741034755d9d92b867,4e6d27a5baa8b337
main,hurricane_harvey__905306602416332800__905306602416332800_0,cluster_00531,hurricane_harvey,mild_damage,135a497653217612f66d3b385fd52ed7a9b4153cb4019090f7bd1789bdd1c83a,1d3df0f0e64e4800
main,hurricane_harvey__905351240715866112__905351240715866112_0,cluster_00051,hurricane_harvey,little_or_no_damage,cd0bf9f2012b577d0a5e71576c13774fef8cd82eb2a7f94efa9542af1e2e23a0,fe13a1e7cde03886
main,hurricane_harvey__905367007092105216__905367007092105216_0,cluster_01691,hurricane_harvey,severe_damage,e5ac62b53e0e5142b6d4f2330a04872a93ddd1cad467004fb2b3382c43ce74d6,070f1f3b391c1555
main,hurricane_harvey__905400128864968706__905400128864968706_0,cluster_00052,hurricane_harvey,little_or_no_damage,8609f9b9e1bafea188754964bccc975c023f8876d6fd43f1857f1c756e20de7a,72da4b51caa66468
main,hurricane_harvey__905405070526873600__905405070526873600_0,cluster_00495,hurricane_harvey,mild_damage,ed7db9fcdc38520ea13afc06d4f3c9a5d16c09077f193062094163021b9e0182,ac2c2ca5e5c6c787
main,hurricane_harvey__905427798466207746__905427798466207746_1,cluster_00497,hurricane_harvey,little_or_no_damage,850298aa8d6d7c6e3a07b9b2898baf708b4aebf4bd6b3800c00d3458d07cb162,c2f3a3e63626d2ae
main,hurricane_harvey__905470345175556096__905470345175556096_0,cluster_00498,hurricane_harvey,mild_damage,e5be497e0a614ae75773332e9ab93b36e7be4c7508af791c7deb2db1aacfcca0,9e363357333c94c2
main,hurricane_harvey__905491119705702400__905491119705702400_1,cluster_00500,hurricane_harvey,mild_damage,19a09f99fc84aca9c6c22dbd2d81e99f407171a8f163ab19503a90fdf80e744b,189b131515114313
main,hurricane_harvey__905495596823330816__905495596823330816_0,cluster_00501,hurricane_harvey,mild_damage,09e716fc1e73b59e493fa1224abc7807cd76a0ff2ad359c04cfd9735df8dc1c7,db2c3b23333bb3b3
main,hurricane_harvey__905498554332000256__905498554332000256_3,cluster_00054,hurricane_harvey,little_or_no_damage,e1e9df295ec73907bdd51310652b5596e560c348498a08c6aa398601dc184093,c4e6f95c1e1b1d0f
main,hurricane_harvey__905534245178880001__905534245178880001_0,cluster_00055,hurricane_harvey,little_or_no_damage,73218e56b2bf0d8c6b72ec15b1814cb38a82db56cc28e6c62942b93ac402c972,ae9c3c37332f3675
main,hurricane_harvey__905545403386527745__905545403386527745_0,cluster_00502,hurricane_harvey,mild_damage,b36718d0e8c1ce65782831d3aa7d68675146addf7026d55a2d7d7c569245335e,71ede66c4544646e
main,hurricane_harvey__905548507343454208__905548507343454208_0,cluster_00056,hurricane_harvey,little_or_no_damage,cb8de632286457ded24469f8120f895d994ecd7210e3b97502a637fc58428ab7,142126264868ece6
main,hurricane_harvey__905555871069073408__905555871069073408_2,cluster_00503,hurricane_harvey,mild_damage,fd7f536993637708f83c523b5144d5440737c3971713aca192916692958277ca,f199996179abafeb
main,hurricane_harvey__905556047984824322__905556047984824322_1,cluster_01715,hurricane_harvey,little_or_no_damage,8b745729c360d3015060249afab693dd28b1dc12b94093208d61a83685ac511f,00800486867ac945
main,hurricane_harvey__905596298459574273__905596298459574273_0,cluster_00505,hurricane_harvey,mild_damage,72c65d16e76c746016f861244018d6a46c61863464e6bde0d512ac04d5d6ae7b,8d9d9d89898f0798
main,hurricane_harvey__905637549737213955__905637549737213955_0,cluster_00057,hurricane_harvey,little_or_no_damage,f8894d8fc496ebd54e199ad447f282293c526c087521ba64f07975ef89e486d9,c2848e82ac8898ad
main,hurricane_harvey__905819071849140224__905819071849140224_0,cluster_00058,hurricane_harvey,little_or_no_damage,1bcf50680381a82427932ab05634ed9aaec0e4d961328b417cfe5a6fd138b5c8,6cedc9d9d0b3f3e3
main,hurricane_harvey__905826747395870720__905826747395870720_0,cluster_00059,hurricane_harvey,little_or_no_damage,2d0ddf2174667a5ae61d5598dbad52a7c5006f089ab43cbccab953b6b7c84750,0307473969aae987
main,hurricane_harvey__905830340975058944__905830340975058944_0,cluster_00506,hurricane_harvey,mild_damage,04f01a617c14528507f087467e9f7d036f09b989d54473dc09208c86a45611be,37038f9756767e32
main,hurricane_harvey__905863374122209281__905863374122209281_0,cluster_00060,hurricane_harvey,little_or_no_damage,bd5c4b537cf05d90420bb5f87eeae23135d31cd1511d4a05bbadab88483ff54d,141e4b3d3e175588
main,hurricane_harvey__905890938832257025__905890938832257025_0,cluster_01745,hurricane_harvey,severe_damage,1d40e4685d3480047760fa8e1042ec48739182460fefc2873379bfc3bc4d136c,2f4b49c587b38300
main,hurricane_harvey__905924160056168448__905924160056168448_0,cluster_01750,hurricane_harvey,severe_damage,4f467e0f3a509c44560a4418043c7633a0543971869545c43beda2f0e2340854,02afaa8c2c368330
main,hurricane_harvey__905963555282984960__905963555282984960_0,cluster_00517,hurricane_harvey,mild_damage,644e1aa6687387c7e2d1af2666709743b9bbe981256bdcea6bcb20ded85ae7b1,96a776cbd9ede1d1
main,hurricane_harvey__906058581048479744__906058581048479744_0,cluster_00518,hurricane_harvey,mild_damage,30ac96d2c1b2de48e689ca746d2dcd74b2fcd99e31214fdd3f90471e914e514a,4271f027252f9321
main,hurricane_harvey__906062230076219392__906062230076219392_0,cluster_01766,hurricane_harvey,severe_damage,d6cec4ff9c5fcf7b710e3a76d1ed757b1d173c3ee17bbcbdd8a5af9bed4e9783,4000c222c9d91d17
main,hurricane_harvey__906199050206068737__906199050206068737_0,cluster_01780,hurricane_harvey,severe_damage,c29c0d1f2b1ab7eff854704032980038c4c7ca7674a654ac6c4b4ff579568d08,1f236267474b4b4c
main,hurricane_harvey__906238289576960000__906238289576960000_0,cluster_00520,hurricane_harvey,mild_damage,89ae556a22cf613eb05f14e56098fc58cfb69634cd0b0492a2a80185fa28c3be,98385b1b3c3aaac9
main,hurricane_harvey__906254607210475520__906254607210475520_0,cluster_00062,hurricane_harvey,little_or_no_damage,ac0c8b678be27e526de04caf4b0b18e4ff11def1e8ec25a55a26a59a2f9ba4a0,6cd2b11c0ae5d35c
main,hurricane_harvey__906306158994100225__906306158994100225_0,cluster_00063,hurricane_harvey,little_or_no_damage,a9369e62b93db6f930448c0e8dc4ceda493053548ba0be1914088a66fba0d3d9,a6c68647cfe7a53d
main,hurricane_harvey__906372211216408576__906372211216408576_0,cluster_00064,hurricane_harvey,little_or_no_damage,cc4e1f3d6eedb19e20a406d42d51510178f3ad7ef0b6f9b4f725a0bbeaf1be5e,0c1d1d374755671d
main,hurricane_harvey__906491271019036672__906491271019036672_0,cluster_01795,hurricane_harvey,severe_damage,77014e36de493bb6e6a6b17b8ae4af9ccca9a046f56fab6bfee06579b3d8ce28,1e3f33771511999b
main,hurricane_harvey__906563342189375488__906563342189375488_0,cluster_00524,hurricane_harvey,mild_damage,7cd520f47c439443edce13b143bed65ad5c28a5730b2ff734744e2cbee63563a,a0a0a41e3c4e2b4a
main,hurricane_harvey__906626877321818112__906626877321818112_0,cluster_00066,hurricane_harvey,little_or_no_damage,ab73cf81f0eb0d4071b9b5632f664e8869ee2d2d914ae2a85687a3e6d949ed6a,f37372cc6567c5c6
main,hurricane_harvey__906635791778160640__906635791778160640_2,cluster_00067,hurricane_harvey,little_or_no_damage,eb7a29f6a3dda8b381eec14f28ac4f04f350a37b7a2af75eeaa596b5e8c8c66d,bab998b87ce7177f
main,hurricane_harvey__906664753602457601__906664753602457601_0,cluster_00528,hurricane_harvey,mild_damage,616d86cf45e0ddba0cf3ad6cd71ba60af8b5078508575932b9c82b0d62f4b301,9ce77bacc6f098cf
main,hurricane_harvey__906706479440384000__906706479440384000_0,cluster_00068,hurricane_harvey,little_or_no_damage,d587080ba432ec7f9c784ddcf27f766f00373ab17e1c57c9eefe442e6af7a986,6128b83c1d0d2c6c
main,hurricane_harvey__906713843283451904__906713843283451904_0,cluster_01805,hurricane_harvey,severe_damage,620e9e35666d146db59207d42e9e58aa20f6d92b9d8c1adf0777830599a52ac4,a6a1827079f1a323
main,hurricane_harvey__906779124454354945__906779124454354945_0,cluster_00532,hurricane_harvey,mild_damage,4ca38685a9e7453e231c5b557ae31a830d1da82e2eea16a0aef62827348aee2a,3edcc9d3f3fcc000
main,hurricane_harvey__906792024094986240__906792024094986240_0,cluster_00533,hurricane_harvey,mild_damage,fcdf35a4c2d30f784a967e2cc2629a5e0a13b1c209f1fffa886d8a166e4b15a4,383830e8cbc2e0f0
main,hurricane_harvey__906919855475097600__906919855475097600_2,cluster_00536,hurricane_harvey,little_or_no_damage,184deb1089443b573a9dc8453e14ae4955337cb06f15ac1821b34cb66e109033,2e2818c0483c3460
main,hurricane_harvey__906948548356341760__906948548356341760_0,cluster_00537,hurricane_harvey,mild_damage,624ee87c9039686e1863fe51cc10e2d6278147076e571aca3d9e4409776a584c,010dec38333d3627
main,hurricane_harvey__906964197053014016__906964197053014016_0,cluster_00072,hurricane_harvey,little_or_no_damage,f3c7626685835c6f1b3286ded81cb586f98808d24def235c2f62cc9af4e41062,736612998d8c0c16
main,hurricane_harvey__906984251538776071__906984251538776071_0,cluster_00074,hurricane_harvey,little_or_no_damage,b93687425b9e2cae17a719aae211465d3e77d88642d3c3a99b3993c4e2fe1335,470f1d1d1b1a1c9f
main,hurricane_harvey__907041310518935552__907041310518935552_0,cluster_01820,hurricane_harvey,little_or_no_damage,a4b5f6356d7e3f3c282824b07b3e8f86ba4c146855d3bbaa82cd40488f61faa9,18c8c2982841da20
main,hurricane_harvey__907200075687964672__907200075687964672_1,cluster_00076,hurricane_harvey,little_or_no_damage,7c1998c568edbc6afa21620fa9e7a2b3536cdc84c9b46a48a2a4265b20958699,f8f8b1d1f3f3e0e0
main,hurricane_harvey__907257101029974016__907257101029974016_3,cluster_00547,hurricane_harvey,little_or_no_damage,e4ba52643f56f109823ed8f99a19412c1147009e13ee0c4c5dbe3f3b6e8058df,2424266609c9c181
main,hurricane_harvey__907259489728024577__907259489728024577_0,cluster_00548,hurricane_harvey,mild_damage,233d61cfc704909ff3c455432a7ea7dbd3089851eb37df13cac5fbcb9bc8269b,d8db131945472db0
main,hurricane_harvey__907260858606260224__907260858606260224_0,cluster_00077,hurricane_harvey,little_or_no_damage,3b759224ad91d915619f63a038b171bfba7925455289f3e418b5e8b6f1458db6,291939f3e0b1f3e5
main,hurricane_harvey__907272819100327936__907272819100327936_0,cluster_00549,hurricane_harvey,mild_damage,0ae94a5309a835ea38ca8226d191f8e337873218e4354805c4e29c5aa4527d39,3fdf5e1e7fef874b
main,hurricane_harvey__907272871965188096__907272871965188096_0,cluster_00550,hurricane_harvey,mild_damage,0b0f960744c1faa7723dc665b0e59ba059272f49f4221e4c09b6cd26d678484f,7d39bf2e5f3b3ffb
main,hurricane_harvey__907278081756299264__907278081756299264_0,cluster_01836,hurricane_harvey,severe_damage,8484d53e95395efce46c5bcc755d4aab8fb1011a9de2ea5ac234bf2d248e3ebf,8e0c2c0c0c0c1736
main,hurricane_harvey__907296821357289476__907296821357289476_0,cluster_00078,hurricane_harvey,little_or_no_damage,c412929aa901291f06f24fad59a946d22d539cab171fbc555a6f88b57ec54b53,6732c6a62657535b
main,hurricane_harvey__907307110307962885__907307110307962885_0,cluster_00551,hurricane_harvey,mild_damage,e6d295286e2a0091b42209eaa07ab5f0766b7751ce9e0c84e1428eb6d5bac8a3,8a44716060f0c0c2
main,hurricane_harvey__907307308211982336__907307308211982336_0,cluster_00079,hurricane_harvey,little_or_no_damage,31b13692049d97edaf4cebdff10649fa9da0bf3bcbb5a7456b9dab244b69e152,5b3b2d247670ac98
main,hurricane_harvey__907345772823408642__907345772823408642_0,cluster_00554,hurricane_harvey,mild_damage,5993a0866985bb4eade86581073881c17d5124c0ac75912b9a8172f2de949e96,9808899d0d0d8486
main,hurricane_harvey__907351036393914368__907351036393914368_0,cluster_00081,hurricane_harvey,little_or_no_damage,c11b1ced8444de3c2b898439e952f067151199e68e702bdfff9e4dc4edfd3fc8,1f1f3f2cc767e4bf
main,hurricane_harvey__907370190182199297__907370190182199297_0,cluster_00555,hurricane_harvey,mild_damage,574245dc7ad30e67e9f45a65c664bd9cc26bd22d61c3de01961a04b23ab53447,336c2d8b8b8adbd9
main,hurricane_harvey__907383711246770176__907383711246770176_0,cluster_00082,hurricane_harvey,little_or_no_damage,264e888b129b99fa2ed64ac2f3b7e01011f76408bcc623c72c4b63e2c1ed2ea6,9cc1c080c8c0e2e2
main,hurricane_harvey__907393512630611969__907393512630611969_0,cluster_00083,hurricane_harvey,little_or_no_damage,7981fa97725c0fcc53d40c6fedd25ebcfd9ce30a0bb13ec4b9d919495f7785e6,a666b2e193939f8e
main,hurricane_harvey__907435657882226689__907435657882226689_0,cluster_00558,hurricane_harvey,mild_damage,37c30af9acf8a300292104a2f90176834f23981f43c475c76a12a1ecc95d6491,041c7ae7e76b2d0d
main,hurricane_harvey__907638987438874624__907638987438874624_0,cluster_00085,hurricane_harvey,little_or_no_damage,f3946ae4da081633970b379afa05242a240a09ef376818d057bbc92dfadc4cd5,381da9851d0dc7cd
main,hurricane_harvey__907648877460955137__907648877460955137_0,cluster_00086,hurricane_harvey,little_or_no_damage,1a3e7aa905ecffb4b3d92f26fe583b328f4456d0138ba73bc2a9a1c86a22d73a,737296cf43fc7f27
main,hurricane_harvey__907735778914058241__907735778914058241_0,cluster_00566,hurricane_harvey,mild_damage,86e88c7f987c59228cd878cdec8c9d3fec791a3b79c474b9ba460319a5971e33,6f41c24b3db47e7f
main,hurricane_harvey__907772978116653056__907772978116653056_0,cluster_00568,hurricane_harvey,mild_damage,f5f4423b962e88ebe0bd0cf91660e93610463f700627dd9566cea3471dbac6a8,8f8f09c545090f07
main,hurricane_harvey__907786118225121280__907786118225121280_0,cluster_00569,hurricane_harvey,mild_damage,e87ce2bfff8d30a61a8446251b4fd053a16f31fabd038ac8ddf442de9989620e,0339718d2b616c72
main,hurricane_harvey__907967554789847041__907967554789847041_0,cluster_00572,hurricane_harvey,mild_damage,966dc90121bee88cb347b3d7e1ea9d7a64d7d1c4fbbf75aeff849143066148ae,0707431912023505
main,hurricane_harvey__907992015299690496__907992015299690496_0,cluster_02115,hurricane_harvey,severe_damage,b89956508aa963fed4b2704c7204f9fd199308980b26376714281083f88bc0f4,8b2b6565d57331f3
main,hurricane_harvey__908007709399756801__908007709399756801_0,cluster_00574,hurricane_harvey,mild_damage,6c778e9e35989f31a7280ec5c2a64d9a861e9c215d692ec704ba01802163d3ed,9cfca79f97a7d0f2
main,hurricane_harvey__908100423667548161__908100423667548161_0,cluster_01887,hurricane_harvey,severe_damage,150f10a1d420021fbb99f007b28589727a3dd6a1654a826a1fd63d2eb1063ec6,3958082e0e1e1e1a
main,hurricane_harvey__908111834418466816__908111834418466816_0,cluster_01889,hurricane_harvey,little_or_no_damage,35062bc7016df616f1a2de74104a457b09cd2b2cb25f6740c7f52f6ba0c76944,af5f5e673b5f3f2b
main,hurricane_harvey__908118102587539456__908118102587539456_0,cluster_01892,hurricane_harvey,severe_damage,92233d9d9370c4d6ce196c13d860296a0c49252bb38c3afe17b34dbb6a8d1589,e8d1c536767633c1
main,hurricane_harvey__908124692753506305__908124692753506305_0,cluster_00576,hurricane_harvey,mild_damage,8d580a0b0efea0075276f6e04b50d204a9c3fdc32819b695378c505f6eab784e,f1b5a5b3eedbd3f7
main,hurricane_harvey__908130612225167360__908130612225167360_0,cluster_00087,hurricane_harvey,little_or_no_damage,e93b4b99adb3fbb39eafc1781300fabd75cb2415cb9c9791805ed6148b179382,6f631b066773b0f0
main,hurricane_harvey__908344663698001922__908344663698001922_3,cluster_00578,hurricane_harvey,mild_damage,a5551fb92e84b39136046aed7af3e7c87d18fe1f5fe28928536875d7d1b8889e,43c381c3d393bdbf
main,hurricane_harvey__908372808564056064__908372808564056064_0,cluster_00579,hurricane_harvey,mild_damage,b1c19d5bac182edfe54bd2923f188fddeae758fc06e730c543b85f6dbc885ff7,7c6c1c9ccc8cb030
main,hurricane_harvey__908390896084897793__908390896084897793_0,cluster_01906,hurricane_harvey,severe_damage,7568a4f56e283bdd75fda1412e6f9a73dc08412ddb94870b935160f35db2c33c,71e660f39ba5236d
main,hurricane_harvey__908413488376238080__908413488376238080_0,cluster_00581,hurricane_harvey,mild_damage,20fb068e94c356881caa0f184b43cb6954794fb1d4c9621bf746941c1a0d5d20,860c262666563dc7
main,hurricane_harvey__908566528898895872__908566528898895872_2,cluster_01916,hurricane_harvey,little_or_no_damage,67e5fc946608890c66cca8c2dc160cfc75ab45c21d53ddd7b19b6ffc597cd36b,8d1993e3e30d5353
main,hurricane_harvey__908578895695368192__908578895695368192_0,cluster_01917,hurricane_harvey,severe_damage,5ff6e651deab4ad180eb8c7bb3f8a1df2ee45957c7086ddeb359b1f6f7da901a,1b1bbb5e4a2a2c25
main,hurricane_harvey__908631770538610688__908631770538610688_0,cluster_00591,hurricane_harvey,mild_damage,05685ea5117842acb561e89750d6d1e6c5cfbe2c4fb778f9443fcca4be9735e0,01010181c7030403
main,hurricane_harvey__908674197328670721__908674197328670721_0,cluster_00592,hurricane_harvey,mild_damage,1d65ded1428ad1e34013a9a0b48d1bc3ab930c6f08c7358fe85a8d031a5d81f8,1e1e1e0e4f4f8d8e
main,hurricane_harvey__908677187359850497__908677187359850497_0,cluster_00593,hurricane_harvey,mild_damage,31db1d4fb398bb6ab2ddf2a4b72fbb20c706387846481e537d2a2c390b0ade2b,0809270c1f0879ed
main,hurricane_harvey__908709128297644032__908709128297644032_0,cluster_00595,hurricane_harvey,mild_damage,01ce7056162ffb24ebd63e382d26d09bea860346d9a1d424ea74fd335a03b477,08999e87a332381c
main,hurricane_harvey__908723853798641664__908723853798641664_0,cluster_00091,hurricane_harvey,little_or_no_damage,32413ac33f350c5f536c43afec9c0a18041f919fb100a2870a0fbf0c49d4998e,c0a1a3e3918d71a9
main,hurricane_harvey__908772392159387648__908772392159387648_2,cluster_00092,hurricane_harvey,little_or_no_damage,6b33e458d0d3aaf65a95c34344ab47bf94962c61a579f3027e9562d9040c0323,392d3d2d2d040307
main,hurricane_harvey__908774437461229568__908774437461229568_0,cluster_00598,hurricane_harvey,mild_damage,0ac99adeaa1694e832e4d6fdc97cb0897223455ff91af2226727f019feb6c209,8727357587874f27
main,hurricane_harvey__908854000518234113__908854000518234113_0,cluster_00093,hurricane_harvey,little_or_no_damage,a928006a76ca449a16f7271901c8c8453ca9d5a77a93457a9ae23fb55c51dd3b,c0ce8ec6c1c1c9c9
main,hurricane_harvey__908862255512657920__908862255512657920_0,cluster_00094,hurricane_harvey,little_or_no_damage,e20ceb67a74bb9afac42605ed46d8f9afd5bfa57b5dc56c777719e6ddd661505,1a9ab4b4d4d1d89a
main,hurricane_harvey__908905314342367232__908905314342367232_0,cluster_01924,hurricane_harvey,severe_damage,1fae0d8029650c8c045a9b5d85e2f73aa502e3d18b32b6ca2bd883fed72a1c60,61bf0f0fb731bb07
main,hurricane_harvey__909128086985338880__909128086985338880_0,cluster_01928,hurricane_harvey,mild_damage,deb2c96e3d90da4510104023aac5ea1268ce724ffba6b0c60967e5a7d489ae6e,040361632325d95c
main,hurricane_harvey__909135905063026688__909135905063026688_0,cluster_00601,hurricane_harvey,mild_damage,979e6b525cc4003625cccc94d1a955c1ea20f63b9d000640e67a44eeb89519aa,256507335d5a1834
main,hurricane_harvey__909142245554532352__909142245554532352_0,cluster_00095,hurricane_harvey,little_or_no_damage,3e21958103e25c8bb51de168459414a84de9b1f83852165d039db84af9486f3d,7e3e1e1e3e3e8e9e
main,hurricane_harvey__909157252518563840__909157252518563840_0,cluster_00096,hurricane_harvey,little_or_no_damage,ee557b302cde90eef51189e47279c9a1593ce264cf6d2521a18838ede95d74c8,4327030e063e3f0f
main,hurricane_harvey__909259117801410560__909259117801410560_0,cluster_00098,hurricane_harvey,little_or_no_damage,2d3d84719a6b0578d7ab395dbff926058f53d69d9ce7271b2eac34ae0c088fbb,faf22c189c59591e
main,hurricane_harvey__909477113199316997__909477113199316997_0,cluster_01933,hurricane_harvey,severe_damage,e40c114d417b60dfac8f870db94cc338d1bb0daf3371bf9a4ab87539b9aaf792,8cc072f2f6d3981e
main,hurricane_harvey__909820533419671555__909820533419671555_0,cluster_01939,hurricane_harvey,mild_damage,b26fee7cc86befede0b0c031b139be885bd30c1431997176fb692947f02ee7b0,e0a0301818b8f0f2
main,hurricane_harvey__909830129538490368__909830129538490368_0,cluster_01940,hurricane_harvey,severe_damage,298899aa43caa61d4de6fe6075c0f459f89385de74896482f1a46e904902d8ea,9bdd220a68073f5c
main,hurricane_harvey__909922362589454336__909922362589454336_0,cluster_00607,hurricane_harvey,mild_damage,de0918b1eb23d25a2daf4473bf9bc49e69797d531b31fed9d189cfd1b402d12d,008089999a1a8ee4
main,hurricane_harvey__909938076423675905__909938076423675905_0,cluster_00099,hurricane_harvey,little_or_no_damage,bf74a994b16e40ef1cc23141a755db6f6294622b4cdd578b769a3060eba14a1a,f6f6f67276dad8e4
main,hurricane_harvey__909977356546318336__909977356546318336_3,cluster_01949,hurricane_harvey,little_or_no_damage,6708747dc2a1b32d386869b374518fd387a3e24cb95269137684241813f321cb,c0c05c3c1c1dc0f2
main,hurricane_harvey__910156535011135488__910156535011135488_0,cluster_00100,hurricane_harvey,little_or_no_damage,e9a5f16609eac49bdb655448a6b04062a28584913396fee0c9310dce3afab8ad,80800018191e1200
main,hurricane_harvey__910261798569472003__910261798569472003_0,cluster_00101,hurricane_harvey,little_or_no_damage,f3971be8ce9763cec64939a8d68978ada7b18924e8d5caca3153f06f9e177d94,336d6df333135377
main,hurricane_irma__905631022540357632__905631022540357632_0,cluster_01960,hurricane_irma,severe_damage,5ba3280be3b1b765fdddca8806534d97a52717b9da266912143f07224b2cb276,391979382303e2a7
main,hurricane_irma__905636384576335872__905636384576335872_0,cluster_00103,hurricane_irma,little_or_no_damage,1cda1fda76b63a5f3d8251f251d98596ba0f558528f08692fa530e0f791309f8,64450d2b3f878f84
main,hurricane_irma__905636651447328768__905636651447328768_2,cluster_01961,hurricane_irma,little_or_no_damage,8e81e808c285bb2a8fc5ec7cb08ae592506643214b34022b5d3f4775a140657e,000002d1b693c524
main,hurricane_irma__905636943630884865__905636943630884865_0,cluster_01965,hurricane_irma,severe_damage,16d58189b0d71f9a92d8d2dd993baf5edb6254bd7ce244b31cfcb2d70faa0cf3,e34caeb2a3c1ddb3
main,hurricane_irma__905647872175104001__905647872175104001_0,cluster_00106,hurricane_irma,little_or_no_damage,584c8d25f2bcf9283c642f1882fc8f5c3d8c112e4fd9e68b2e419a86cf7be24b,8d8d0d0d0919393d
main,hurricane_irma__905658298082267140__905658298082267140_0,cluster_00107,hurricane_irma,little_or_no_damage,850717b9e6ee9a4c68ac76f30c5b447645bfa18b5a21ed813a075257f26dcac7,0cbd86888d800303
main,hurricane_irma__905658650877763584__905658650877763584_0,cluster_00108,hurricane_irma,little_or_no_damage,982572caeed174c3711feb0f2950b3c8fb05f162fd91844d5bc970760b640f07,df9a334b6964878f
main,hurricane_irma__905669119231459330__905669119231459330_0,cluster_01972,hurricane_irma,severe_damage,481a0bbe86146c527a6e79d186687473688e27c7e302e90c218697686a250973,3a1e0c4c8e86e631
main,hurricane_irma__905675466492837888__905675466492837888_0,cluster_00110,hurricane_irma,little_or_no_damage,5e6a8987d26a163073bf1a8747a2f7c75e798cfaf4aeaf0560142d970fac5a1b,2dd8d89014ae3f1f
main,hurricane_irma__905702343735422976__905702343735422976_0,cluster_00112,hurricane_irma,little_or_no_damage,df37f9e9d0854feabf1f02659d27b9d7c78195f72150c1e5f49ab14c33e38385,48193971e2f1f3e7
main,hurricane_irma__905711015572250632__905711015572250632_0,cluster_00113,hurricane_irma,little_or_no_damage,c3851220a84b00e1aa7a9b3d5e3ea06cede189a2d497cdcaad3c92679e33c72c,3372647c5ddd6d4f
main,hurricane_irma__905712012965142529__905712012965142529_0,cluster_00616,hurricane_irma,little_or_no_damage,7568187c7a614b2c8fc504ea5057e17fd3a3375ae3693dc6ba468e5e3bfa0851,18181d1d09070f0f
main,hurricane_irma__905720120642650112__905720120642650112_0,cluster_01984,hurricane_irma,severe_damage,d3ed8ddc5fd549f6c2e62ee8673d7fd028d25ee3be87806dd7df58f01828f2f8,a63432662d818a1e
main,hurricane_irma__905723534730641408__905723534730641408_0,cluster_00116,hurricane_irma,little_or_no_damage,df1d7c5f584dc842e95504edf01367908ca7bf03056a1d706c166ca829282567,3839b29236b4242c
main,hurricane_irma__905740321966891008__905740321966891008_0,cluster_00119,hurricane_irma,little_or_no_damage,bb9283d16d7cb3656a8c7c9635cb615f18ba0a6448af583bfb81034e0bfb9ede,3b4bc4cc98695b4b
main,hurricane_irma__905745716575838208__905745716575838208_0,cluster_00120,hurricane_irma,little_or_no_damage,04ed6538214af48849c38001987b92fd2d0c5fcd41b71b889b751f1398414f61,33327e70389b4519
main,hurricane_irma__905755713984765954__905755713984765954_0,cluster_00121,hurricane_irma,little_or_no_damage,74c1f6e157bf6944b9e7e92ba86fd6cf352e4d11abba1f7e83ec05d0980a0365,3838781939392020
main,hurricane_irma__905756573280198656__905756573280198656_0,cluster_00620,hurricane_irma,mild_damage,8d4d1ecd1ce107320178022e376890c51155f09e9489187e6fb09d7192802611,001b293c07cdeb33
main,hurricane_irma__905761990823600129__905761990823600129_0,cluster_00122,hurricane_irma,little_or_no_damage,dd0541b637eeef8eb44c05d0eb7d5571d872fb05f9d02fcbe0d8b79b033acafa,a2022a220a4a6228
main,hurricane_irma__905762184105472000__905762184105472000_0,cluster_01992,hurricane_irma,severe_damage,21e76abed679705624ae5624529b699f8bdebf06fff706a39629c52ed66786b0,c2cc24ea5aed3cb0
main,hurricane_irma__906927857393430533__906927857393430533_0,cluster_01995,hurricane_irma,severe_damage,064ac37774b6a5eecfeebb42df83779f956a7d936618de7514d2b2275f151936,eee973e3868cf9f3
main,hurricane_irma__906927885226737671__906927885226737671_0,cluster_00124,hurricane_irma,little_or_no_damage,0df693fc9bafafc26d7db598ed2983cceef9d76246ceeb7e5ee5a379e5b66454,0703033d3e3b1f1f
main,hurricane_irma__906927887454011394__906927887454011394_0,cluster_00125,hurricane_irma,little_or_no_damage,526660c57aa1ac008dd82cbc7877d4db3fc43da02ae0706152cafe8bd72d5202,060e56f2e8e8e8ec
main,hurricane_irma__906927950938873856__906927950938873856_0,cluster_00126,hurricane_irma,little_or_no_damage,13286534a4ae50502160d185d1bf14bd78ed27f8811046567bd710526b7d7079,8b830323030d4d79
main,hurricane_irma__906927969171656705__906927969171656705_0,cluster_00621,hurricane_irma,mild_damage,528088883507d5ecba5722b4bf8cb8d2866958c9ff85144ecf91b7dec8a953c0,262e3ce87c0007ff
main,hurricane_irma__906928042865504261__906928042865504261_0,cluster_00127,hurricane_irma,little_or_no_damage,3d968efcde911c9b09082d8b39ce2fe47c151fe467c019f2a1f2c8b96ab01d4f,070f0f170f87b747
main,hurricane_irma__909377896996892672__909377896996892672_0,cluster_00622,hurricane_irma,mild_damage,5ebe00c2e9280faf56db7c79621e1e10627e04527f697f38468f47a117236270,d6ded96c4d5b379f
main,hurricane_irma__909378784519966721__909378784519966721_0,cluster_00623,hurricane_irma,mild_damage,fd82ae0c25dbc40ea57adcce1cacd2c9cb7e67900b1042cae62479db5ba20865,cede7970e4fe1e43
main,hurricane_irma__909382743141822466__909382743141822466_0,cluster_00129,hurricane_irma,little_or_no_damage,b6258c3c41693864b5d8e0b21ab4f79b24cc619fd1c56380ce7b03dd099b4407,29a9c9cc4543092a
main,hurricane_irma__909393303052935168__909393303052935168_2,cluster_00131,hurricane_irma,little_or_no_damage,f6bb3099404ae31194c03bec73b02ab8a9a9f8c56f6ada9a5467aa2ac1c98a1c,13020d4d460e4604
main,hurricane_irma__909394219235672064__909394219235672064_0,cluster_00629,hurricane_irma,mild_damage,8f7d6d7b99a2db0b50d80e51eaa77d0e69cb3a7ed67a2cec6c1e171daac589a2,1f1f0dafab63210e
main,hurricane_irma__909396357718343680__909396357718343680_0,cluster_02015,hurricane_irma,severe_damage,918fbd25701f87c86104278934b1385484764a32b17e2007da4a67ddc7286adc,131f8babae3f3b1b
main,hurricane_irma__909397079138689024__909397079138689024_0,cluster_00132,hurricane_irma,little_or_no_damage,1859fdfd5e38ab1bee9bddec9bd75a87c72062a22cc3959fa25f6c20d02779d6,ebe3256d69e6a928
main,hurricane_irma__909397777792118784__909397777792118784_0,cluster_00133,hurricane_irma,little_or_no_damage,7f1322323223e4aa61d2ef8ed7a9a465735f938e7ff02caec693802657589039,0040e3e4e0a3c0c0
main,hurricane_irma__909398796928303104__909398796928303104_1,cluster_00631,hurricane_irma,mild_damage,436d67eb7f8f0d812d8b871f3f9e2add00f3b0e0d7164f5db0b9666f68513248,2f24444c5c76d653
main,hurricane_irma__909403359123210240__909403359123210240_0,cluster_02018,hurricane_irma,severe_damage,1c76ae983a9e0f5943bdabbc55ebb485296ea556eee2d32d0409f35983eedea0,470686e765641dac
main,hurricane_irma__909410693102948352__909410693102948352_0,cluster_02022,hurricane_irma,severe_damage,b91417bb9ab2d65f5e1f3de0cc778410129af7d83e081d61c87d83ebfb4bc7f3,2000001a7b194996
main,hurricane_irma__909411047039229953__909411047039229953_0,cluster_00632,hurricane_irma,mild_damage,0a69a61487f4443b595891ff7d842ad4ebc7f31eaba1135ecefc6c79660f57e3,9e0c8dce4644dcdc
main,hurricane_irma__909412920160804864__909412920160804864_0,cluster_00633,hurricane_irma,mild_damage,85b1ec9510d3550609046030b4ad052b4c38ad0c4abd17ca658c6af2ef26664a,1f33323232385cd7
main,hurricane_irma__909418331618373632__909418331618373632_0,cluster_00139,hurricane_irma,little_or_no_damage,b82f84eaec81217a78c29d61d8420f983ba3a0f464312cb5665c647674617717,7ef6eedcd8f141c1
main,hurricane_irma__909418882213060608__909418882213060608_0,cluster_02025,hurricane_irma,severe_damage,f707886d626fb5be33b50e3c1570b0d32cfa26705cbce1b288ca47536908a021,59d476b45eef7416
main,hurricane_irma__909419255229304833__909419255229304833_0,cluster_02026,hurricane_irma,severe_damage,ad1f6aa3d5d8910d078c44da2069e03165f8f979e84b7c0272f4372c95502b53,61ffae2763cec33b
main,hurricane_irma__909420245881782272__909420245881782272_0,cluster_00140,hurricane_irma,little_or_no_damage,f14f19334f5e9192949c311b728c021a083c10cd9f34ce75e8395b514fe04192,6c6eecee1eb9e070
main,hurricane_irma__909421107396186112__909421107396186112_0,cluster_00638,hurricane_irma,mild_damage,d61cc77f1e21d9ca0a43b8003d2c226e02ef470459a08732162511f32cbd83b2,2c29484537636161
main,hurricane_irma__909421699778715648__909421699778715648_0,cluster_00141,hurricane_irma,little_or_no_damage,ffd543d182cf155f8588896ecb8ee6a3b62c62ad21ee8444032d06f643be8b12,eba3838309188187
main,hurricane_irma__909423458810871809__909423458810871809_0,cluster_00627,hurricane_irma,little_or_no_damage,cc16caba9002239693a136ffeb7439664fc5f7ed486c918336874e34e415440c,160e4d0f0f860f0b
main,hurricane_irma__909424536705265664__909424536705265664_0,cluster_00640,hurricane_irma,mild_damage,9064fd164f4506ad4ee69059e585663ad21248f4c541aa47f71ce102379b848d,daece464689cb4fb
main,hurricane_irma__909432584333078528__909432584333078528_0,cluster_00145,hurricane_irma,little_or_no_damage,7099793af9f04408ce72a72da6dd24bb6ab7ca129e62f204c27edd54bf2c20a2,f79fcf676dfd0f4b
main,hurricane_irma__909436630267760641__909436630267760641_2,cluster_00641,hurricane_irma,little_or_no_damage,6245c61c23ca619fd8cfb6ea80cdf72bf52a0b7d116141443c9568c6eda97c4a,16643c877176c747
main,hurricane_irma__909438308253601795__909438308253601795_0,cluster_00147,hurricane_irma,little_or_no_damage,539f8fc8a8486d15559c27b285ee433820b5559a4f19460e60b43ea970fb5f93,e5efdffc69733138
main,hurricane_irma__909439327779852288__909439327779852288_0,cluster_00642,hurricane_irma,mild_damage,9539e2cce88d774aa2808a9c5962bb99f5a22d1bd8999bfadbfcafde0e06f036,440e0f4e363e271a
main,hurricane_irma__909441515839266816__909441515839266816_1,cluster_02040,hurricane_irma,severe_damage,9caec69b8be16f7184908b85d2f04b76be500f456e603df07484dbec43d5e83d,8323030607070363
main,hurricane_irma__909442846654001152__909442846654001152_0,cluster_00643,hurricane_irma,mild_damage,df1a9c9634782287cd5b31159a4919c09a29d15e174eb7ac17761ca04908dd14,4c020b031e5b9909
main,hurricane_irma__909447024801705986__909447024801705986_0,cluster_00645,hurricane_irma,mild_damage,9fb1027a4d10706e55ead18580bca1176bcc11e2e263e4b892eec61516c2e46c,8fcf4b63729d6caa
main,hurricane_irma__909447517565325312__909447517565325312_0,cluster_00150,hurricane_irma,little_or_no_damage,d915b0a6737b6ee2fc1dbc2a30b4f37f7353dfe6eea784c0347313b44e8609f3,5f797d36be8f091a
main,hurricane_irma__909448877790695424__909448877790695424_0,cluster_00151,hurricane_irma,little_or_no_damage,1eb9d27a14c2c6adf65d519f7d4e702ad59928bb64527d0c2b4148ef9a176569,150307c760403138
main,hurricane_irma__909459854305091585__909459854305091585_0,cluster_00648,hurricane_irma,mild_damage,58cf7d90797e35ef3e744d3f569526b3374c4feda50e43e44db7ba1fdb295add,c1100d83b39c8891
main,hurricane_irma__909468250953658369__909468250953658369_0,cluster_00651,hurricane_irma,mild_damage,acd8a2970676b56e646d32520347f1c700c71b895426200f06cf3c1c0c939529,ffdf1e0e8f8f870f
main,hurricane_irma__909470735168655365__909470735168655365_0,cluster_00155,hurricane_irma,little_or_no_damage,81cad41efb6dd2936d901c1161c2cd4b8b6b5b4c3effef2fd670c3edda41f03c,eb9f5fcbe86976de
main,hurricane_irma__909474049079889920__909474049079889920_0,cluster_00652,hurricane_irma,mild_damage,8dc828cee2e348ee849f94ab3d379fa57555b31acba2534a2c6e3f1e87a2e10a,dfdfd79189419b12
main,hurricane_irma__909474605873602560__909474605873602560_0,cluster_02056,hurricane_irma,severe_damage,eaed38f614e1501e4d333ebb56bc8e717731dd9d3883ad914d6c9486de589001,3b3b6d35ae5e797b
main,hurricane_irma__909475803628412928__909475803628412928_0,cluster_00654,hurricane_irma,mild_damage,e5f65bb0c8708b7ca600aac638a4863a3331c1b5d974209aa40333be633001cf,0f4767379f8e0723
main,hurricane_irma__909475867587436544__909475867587436544_0,cluster_00157,hurricane_irma,little_or_no_damage,a94f3a601405e4db006e8d33e0e074c754144e53597e0fc26630c30401a813a7,84955e1ced7e3787
main,hurricane_irma__909480878895779840__909480878895779840_0,cluster_00158,hurricane_irma,little_or_no_damage,466d3d101a931613bf63ccea7e400b4af1308c2871afef7717f31867daa86723,0e2ce5b8b0f1e9e8
main,hurricane_irma__909486244689825792__909486244689825792_0,cluster_00160,hurricane_irma,little_or_no_damage,fe77d70e42ad0c28a20e68ec8cd8f7fc8221028fddd5aa4bf915977330030d98,c2e2c1e9e6e4f010
main,hurricane_irma__909490457603919872__909490457603919872_1,cluster_00658,hurricane_irma,mild_damage,0de1d1bd3e50e58de81cda9c141b6aa4e9c28f132a49fac248c4af8ea2cbf707,8f8d8b9b1b1f1f0f
main,hurricane_irma__909493095422726144__909493095422726144_0,cluster_02065,hurricane_irma,severe_damage,a8a693e4ae8a22998acbfb7b805c481c2604a485d186c3d92253e4ca842fda1d,0a1e3e1a47676565
main,hurricane_irma__909494205390651397__909494205390651397_0,cluster_00162,hurricane_irma,little_or_no_damage,0b856c5a3255ec274325016aec5722a31d07765f881f3c97e6977b11263baf4a,dc4cc5ddececdcdb
main,hurricane_irma__909701027879882752__909701027879882752_0,cluster_00165,hurricane_irma,little_or_no_damage,eba3c9263028173e095525c0453d766d2cad702ce3f5d68b2b41d3b81083d56f,8e9c7048c31f7fc4
main,hurricane_irma__909703315910402049__909703315910402049_0,cluster_00662,hurricane_irma,mild_damage,86f770945a220e8e06418edaaa6a19e17ea29174513f01ed45207b2f8dd0061d,870e0d831888b084
main,hurricane_irma__909704222156959745__909704222156959745_0,cluster_00166,hurricane_irma,little_or_no_damage,b1c5023d7280607f2674cf2765ef8c4933181f8e41aa9b0c01e134af4c32efbe,8c44462e2e46c727
main,hurricane_irma__909705256078016513__909705256078016513_0,cluster_00663,hurricane_irma,mild_damage,2c5ec271330206842859d982e5ec4458d674c1768e28a76990f44868963c0e6a,91706ea683666442
main,hurricane_irma__909710844811993088__909710844811993088_0,cluster_00167,hurricane_irma,little_or_no_damage,c2cc5f071be180e37ba3f6dfc63b4cd8f1d3c1e1730d5786f0aa2c5caa961498,cfcfe7e6ceaf2f1f
main,hurricane_irma__909715026872762368__909715026872762368_1,cluster_00169,hurricane_irma,little_or_no_damage,19b10bd82034824c1b002d71ef15427b101cc716128ef3203e23e55a727c103c,180e842c2f7def6f
main,hurricane_irma__909718820968833030__909718820968833030_0,cluster_00171,hurricane_irma,little_or_no_damage,52ff019b5de95fbf4603b1ddd0be7cc3ff18ab7ab926134c36f4516ac5008e65,92d218391913bf2f
main,hurricane_irma__909723445289799680__909723445289799680_0,cluster_00666,hurricane_irma,mild_damage,ecdce7719db939ca17a33100016dd626a098f8bc2adaae232e333ba8896e84c4,060e4d0f860f0810
main,hurricane_irma__909725842225410048__909725842225410048_0,cluster_00667,hurricane_irma,mild_damage,9c117a089d4e6662a31ee2da5ca111336eadf9005e6d74d9aca01089a5a32f44,8e1c0c8e4d9b9f0d
main,hurricane_irma__909734318716616704__909734318716616704_0,cluster_00670,hurricane_irma,mild_damage,89c537ef0782156491eae742c815f3a79d05eb0d73e080fb6dbaad709683abb8,98b8e4d6dcdc583d
main,hurricane_irma__909737054447259648__909737054447259648_0,cluster_00172,hurricane_irma,little_or_no_damage,9f56b954b05bbd506d6dc9e6932d93ed75a6143d6dcd015f0e74f2a39bf946d5,87878786ab8888a8
main,hurricane_irma__909738182031413248__909738182031413248_0,cluster_00671,hurricane_irma,mild_damage,4c4deca2e2970d70a446a735f6c18ef838bcc4041fa80bec2b960ebe622ca59e,3b0b177dc888eaf2
main,hurricane_irma__909748542666887173__909748542666887173_0,cluster_00177,hurricane_irma,little_or_no_damage,28521690fb1069bf8eea2f44d7aaa540e42461c32585ea718d2274876401bed9,93c3ca63c3c3c703
main,hurricane_irma__909754364989923328__909754364989923328_0,cluster_00179,hurricane_irma,little_or_no_damage,dbbd4f6e353c95272970ab41f4162ef363ec342832ee1cf61425671463948ad6,2723237b6b29cccc
main,hurricane_irma__909760233886638080__909760233886638080_0,cluster_00681,hurricane_irma,mild_damage,8a98fda25f0e5cd5c139bb85ff4d2d961aa2b8a5a4895edf191fb69482fbbb57,3ca6333333333333
main,hurricane_irma__909761243145109505__909761243145109505_0,cluster_00180,hurricane_irma,little_or_no_damage,1faee1e616307a469530d632664428ff8ea855e1318be33ea632174c4e7efa28,0707070f2f2f2d05
main,hurricane_irma__909761253006020613__909761253006020613_3,cluster_00181,hurricane_irma,little_or_no_damage,e2a7ca9fbef35c734f35b343086039d2b1913c31e2cdb7d9f28946c54568d0b0,01c1e1b0f072183c
main,hurricane_irma__909766700853338112__909766700853338112_0,cluster_00683,hurricane_irma,mild_damage,4da33831acc8564424126ea866eb88a73e0d6a51fe7433afdd2c735c5bde8ded,850e8e0c540e3930
main,hurricane_irma__909770637249536000__909770637249536000_0,cluster_00183,hurricane_irma,little_or_no_damage,66f983e85e441526cb6fc5d768080206f1a0dbca67bc08da4523ae7bec4b805e,ac875340641c0808
main,hurricane_irma__909771963958267904__909771963958267904_0,cluster_00686,hurricane_irma,mild_damage,0492534073a9b6fa77d13e2c4986ed9e5b95134bbce903c93b2b40350f629a3a,b393d2cfcb1e6fcf
main,hurricane_irma__909773761951551488__909773761951551488_0,cluster_00687,hurricane_irma,mild_damage,e5c761d6c98a069a16780096f9605b7d5b69c6aa7483604b1910da1bffe7a446,8ba7a797961e76f3
main,hurricane_irma__909774149698179072__909774149698179072_2,cluster_02092,hurricane_irma,little_or_no_damage,5b506ab018338088f4d71de25db90155a51dfb2b27711f3935573552465ef180,37171f153c3027a6
main,hurricane_irma__909778959189016578__909778959189016578_0,cluster_00184,hurricane_irma,little_or_no_damage,5e75bf0995095e126e35c70cc6662a6bc4fc050723039930c90ab00c3d965fdc,989d6f2f2d2cbeaf
main,hurricane_irma__909779022644727808__909779022644727808_1,cluster_00692,hurricane_irma,little_or_no_damage,d6e99aec1675c6723fd5e86657f25c4b6ec5aaf0018ef9b6a4f02e77925b32e9,589484868c96a200
main,hurricane_irma__909779060158554113__909779060158554113_0,cluster_02094,hurricane_irma,severe_damage,66e8d1e913f0240b3763563d5760678c85aa93cb772906852670d61d8e8e34aa,71737271c1c3a323
main,hurricane_irma__909779240689848320__909779240689848320_0,cluster_02095,hurricane_irma,severe_damage,4c5db6031b096f9329f6703d3a381369f0d77357abdc356030d6dd1104e01b81,848cacece1f09484
main,hurricane_irma__909780895137193984__909780895137193984_0,cluster_00186,hurricane_irma,little_or_no_damage,7968699afbc8335a0cc4c4cb7280a33f008c0c730109d53396a027287af4441f,e7e6a82cec6575e7
main,hurricane_irma__909781597569847296__909781597569847296_0,cluster_00187,hurricane_irma,little_or_no_damage,f70d64ddf6f1463d9f00dabc6ab6720768d519a84c96e95bb947f21c15c97546,1c1c61e287034185
main,hurricane_irma__909795962700419074__909795962700419074_0,cluster_02104,hurricane_irma,severe_damage,bfb760e94762c768a33d38a1b0ff61c7249dc7519d915ffaae2986bd12f35bd4,1898a323470f1636
main,hurricane_irma__909797659795427334__909797659795427334_0,cluster_00193,hurricane_irma,little_or_no_damage,cbd943c6ab5369710471c1f7ed13aebc4567fb4747955e0dda100f3813abd03d,369557272747c5e0
main,hurricane_irma__909798840471080961__909798840471080961_0,cluster_00194,hurricane_irma,little_or_no_damage,88409e903ff480507f91a90c949c62c4eb4c53019cc5a3db22902f124e213426,2f3b091b1b8db549
main,hurricane_irma__909801844637085697__909801844637085697_0,cluster_00195,hurricane_irma,little_or_no_damage,37f014d6d120f59940e9cd8575ce7cebe5c24999dad164fabea698e03cffab75,9fc7755717274687
main,hurricane_irma__909806996878061568__909806996878061568_0,cluster_00197,hurricane_irma,little_or_no_damage,1a78574347c1ec4a709f193010905461329710c0c95c61300fc80f041e3d7c94,90c49c8cd00844cf
main,hurricane_irma__909811915987267585__909811915987267585_0,cluster_00199,hurricane_irma,little_or_no_damage,db1110cf301e3cb4dd3373cafdbe79dc3bb466024fd2f81b63b6206ffd37c819,0c3c6f6f5c747b2f
main,hurricane_irma__909813175671037954__909813175671037954_0,cluster_00679,hurricane_irma,little_or_no_damage,b70aa906d23086a80cca95e9b6d8f805553385a67c817e4d8fab8a4e2551d724,6c886cc13273e34a
main,hurricane_irma__909813776236650496__909813776236650496_0,cluster_00200,hurricane_irma,little_or_no_damage,b3120135c39a5e246ee529c7cbd30eec35d835d2348266327802ff17ab1a6bb4,9db57c2d0d0d5dcd
main,hurricane_irma__909820472258383872__909820472258383872_1,cluster_00201,hurricane_irma,little_or_no_damage,2be972f8420d87c30471f3ef932fb2d139be7e6f18c08585cfe4fa1ef137530d,6c6d8c0b0f0e0f4f
main,hurricane_irma__909820592941031424__909820592941031424_0,cluster_00700,hurricane_irma,mild_damage,ab4fe0e7b9a9cf0de89758a29b0de5409857dbdc0f82d161e738388206c995ea,956f4e38682c6271
main,hurricane_irma__909823209641521152__909823209641521152_0,cluster_02119,hurricane_irma,severe_damage,875bf345598b9bb493f6509b4ece0e35a5dc99ea5961ceb0e51b88b66be564ec,e81f9e38599a9831
main,hurricane_irma__909829094854062082__909829094854062082_0,cluster_00696,hurricane_irma,little_or_no_damage,8ab46085c424b4e061701ecfe3efd53a139cc02dc206c38a7ac06deb36f5e464,35b49cb5bbc27318
main,hurricane_irma__909833386927251456__909833386927251456_0,cluster_00205,hurricane_irma,little_or_no_damage,cf443156ed187e28f9973456045b567356bb6a8859b8c9a20786f52c1de177f3,86444643c8d8b939
main,hurricane_irma__909835088044580864__909835088044580864_1,cluster_00207,hurricane_irma,little_or_no_damage,6e80327f9c255dbc9ab1c6b6721d81aff78b69fb7d60a3f71d81a752f0c1cde1,3133f7f3f2fbfe3f
main,hurricane_irma__909835505747054592__909835505747054592_0,cluster_00208,hurricane_irma,little_or_no_damage,c96006fb0336e93405cf4d20a15cce2a0f047a2210286d447c37f4ef9c3eb705,2f4bc58c4d66753d
main,hurricane_irma__909838007397740545__909838007397740545_0,cluster_00209,hurricane_irma,little_or_no_damage,d46eb5bac3c79a599114fc14712511154a212f98523402ffdeb8c8e2cd6865fb,3646221272765054
main,hurricane_irma__909839700231208960__909839700231208960_0,cluster_02128,hurricane_irma,severe_damage,35a01553ddfa6b02010d26b84faf1d0d44ffdb2bb5fe5592d8c705af07fbe9c3,11141391a7071b09
main,hurricane_irma__909839832066686978__909839832066686978_1,cluster_00212,hurricane_irma,little_or_no_damage,ec8f278f3f36feec1bcc6f18af4f40fcfd37ff9bac8025914d81ef2f89ba8730,332363ccc8dcd858
main,hurricane_irma__909845244648284160__909845244648284160_0,cluster_00707,hurricane_irma,mild_damage,ad839d65e2c2699f5dbcde66827b7694416597d43be6a76be92c63f7f49bf4e1,88ccadb59296a7f7
main,hurricane_irma__909849328751058950__909849328751058950_0,cluster_00214,hurricane_irma,little_or_no_damage,1730a86bd4d1c4cdae3eacd8ddeced810beb32a1a8fd22930fbbedf248e6c6ab,e7c56443573baba7
main,hurricane_irma__909853195064823808__909853195064823808_0,cluster_02132,hurricane_irma,severe_damage,4ca625736be37771ae3ee6222812a4e4d6b26bd84db562059ea26ebf17e9751d,0e07070619292e0f
main,hurricane_irma__909854830725910528__909854830725910528_0,cluster_00215,hurricane_irma,little_or_no_damage,aeb9fe29487764e2ed4902fa417f4faa9822af3dc0a1784ded20d15c4827c7ca,75595bd2c63070e1
main,hurricane_irma__909854852603367424__909854852603367424_0,cluster_00710,hurricane_irma,mild_damage,b1ce11cd316661127f0bbb621bacb7b81bdc6263d0167fc712d0bf6033d9cf36,227dc4c6525bdec7
main,hurricane_irma__909856334165581824__909856334165581824_0,cluster_02041,hurricane_irma,mild_damage,7e5adccb79b86b252a2f80d7b5da06887cdbb575350733a02fdbd2aa661072f0,1313133333b20310
main,hurricane_irma__909862843947868160__909862843947868160_0,cluster_00216,hurricane_irma,little_or_no_damage,383e5e5c9a420d4a290c6dd8d6864ceff07ba188d0b802730f14cdbcae324a61,3135343139383939
main,hurricane_irma__909864932719685632__909864932719685632_0,cluster_00711,hurricane_irma,mild_damage,fd098812a340a7c7e1adf113c04f3f1d8dd9c4ab39a291b0fdcc0d3a9023aefb,307061690f2f09a5
main,hurricane_irma__909868408493236224__909868408493236224_0,cluster_00219,hurricane_irma,little_or_no_damage,bcb52bef3417fbbdf38de88ed91e34e5bd2602c9c6e857314b12f1f760e9303b,143f7e6e7efef0e4
main,hurricane_irma__909868816695545857__909868816695545857_0,cluster_00774,hurricane_irma,mild_damage,e5578b98767776b7f1ea046ea88abf8e7eb647d0caa69c4e60afb2672def3aa7,ce4c674bc6aee767
main,hurricane_irma__909869946070605825__909869946070605825_1,cluster_02140,hurricane_irma,little_or_no_damage,def8d3c85b053f2bef32728244f8451cddfe5dc324aa74d64d50bd440deb2ad8,d6d6ccf7939d9dde
main,hurricane_irma__909871727932473345__909871727932473345_0,cluster_00220,hurricane_irma,little_or_no_damage,8a11c9440659b1ce02f74940808eb4548fa807aff3ce83a053c549cf08012c5e,e04c3e3e1e1adacb
main,hurricane_irma__909873185226674176__909873185226674176_0,cluster_00222,hurricane_irma,little_or_no_damage,dad76b2f833edd1592da36e97117b46dc7fcbaa0ccc7d106e008743c0a1112a0,948e9793d9adb9dc
main,hurricane_irma__909879652306575360__909879652306575360_0,cluster_00223,hurricane_irma,little_or_no_damage,525386e0276de74ee492569c16830bddbac29d1278191c40c9525d404a214ad6,7878bcfc7c2f3120
main,hurricane_irma__909879689610743810__909879689610743810_0,cluster_00224,hurricane_irma,little_or_no_damage,fc38a6034e9f182a626f5280b97d8df9639f7d9dd84643f83d1e4835f8653141,493b99bade8c0503
main,hurricane_irma__909880224631857152__909880224631857152_0,cluster_00225,hurricane_irma,little_or_no_damage,8e9c3e5e9ec9f12dc9973b1e34f9267a5390a384faab352758fa6c704fb96266,31e7e66674f7e5ed
main,hurricane_irma__909883810367582208__909883810367582208_0,cluster_00226,hurricane_irma,little_or_no_damage,90a437f8da36c7cacd4d7da77eb95eaa238a7f67a464d2d8bff12020958891cc,e0e0e0f0f8f0f0e0
main,hurricane_irma__909884900739870727__909884900739870727_0,cluster_00717,hurricane_irma,mild_damage,790f797e0107ef70965cf3b5fb17b3e9f39a3a3bd97fc1b2dcdfd0d253627de0,a6a8b2e3dbebe6e7
main,hurricane_irma__909885632582787072__909885632582787072_0,cluster_02144,hurricane_irma,severe_damage,15a09c30c979cb169c1d5b89bea2505cc3c973b72f00dfe4fc296ba10480560c,03160705841e2e28
main,hurricane_irma__909886240614486018__909886240614486018_0,cluster_00227,hurricane_irma,little_or_no_damage,ea4628d5bbf3c3727f5f43466b0b0d1745330814b7a88dec1b1e6e38252ad8cb,de1c3da56762dbcd
main,hurricane_irma__909887340524589061__909887340524589061_1,cluster_02145,hurricane_irma,severe_damage,95a0c05529d48d66f0914aff62dce6c330ad96c6b41edbd2160145c797a24feb,c4c806e6d3472fad
main,hurricane_irma__909888420905930754__909888420905930754_1,cluster_00719,hurricane_irma,mild_damage,4a6ddd0541f48e44b6b3690dbf05d25d003b6edd56b666090a943d6b7ead6d01,25294c2c53732911
main,hurricane_irma__909890385098440706__909890385098440706_0,cluster_00721,hurricane_irma,mild_damage,56ac89d11a2c42cb973f59d82626bee16da7bc8db65d88e7b8cdd9dde9725b08,000f5d7e726577d1
main,hurricane_irma__909890549318144005__909890549318144005_0,cluster_00228,hurricane_irma,little_or_no_damage,45ef97c2ba76bc2bb1530fbbc0341b1bef45b91183086d5faa5b19ea1d539a84,e0c0404090c9c0e0
main,hurricane_irma__909897753148485632__909897753148485632_0,cluster_00723,hurricane_irma,mild_damage,445bcc68fa58e75d7519e7a7e12f6f5a6d507a706753374d06093c7b3f68e321,0071373961053100
main,hurricane_irma__909907796958830592__909907796958830592_2,cluster_00233,hurricane_irma,little_or_no_damage,86e218affe042c0a1ca48f072b42cee31d04118ba42b948ecae3497810f06ee0,cb1f13c3cb9995cc
main,hurricane_irma__909910016295034881__909910016295034881_0,cluster_00728,hurricane_irma,mild_damage,85752daa927ccf1adfcb48572190bd9aafb599be0f33b71113b96c4e96fa7797,ca936f4f07470323
main,hurricane_irma__909912459640700930__909912459640700930_2,cluster_00729,hurricane_irma,little_or_no_damage,19c0f8ebadcee6de5eb32d38ea143bf39d6f4397feb7862c29e88e9d8815fd7e,1e87cc0f7f3cf8f0
main,hurricane_irma__909913791865004033__909913791865004033_0,cluster_00234,hurricane_irma,little_or_no_damage,f3f3265874edf24604bd1837c1b99e21bbc973132b82bc9056fc70109c82305e,63de3b9531677250
main,hurricane_irma__909914818504781826__909914818504781826_0,cluster_00731,hurricane_irma,mild_damage,8f35b5fae1bae30f5c78cbd86a1de43cbcdb4eed6f1a5599906b5badf000c3fb,b7d296991b4b0f13
main,hurricane_irma__909919362299043841__909919362299043841_0,cluster_00236,hurricane_irma,little_or_no_damage,4ad13efa4164c359630df27528dc5b0b90fe954ba22c1f1817a08a93279f46e2,d3191e93a12bbc88
main,hurricane_irma__909924036779630592__909924036779630592_1,cluster_00237,hurricane_irma,little_or_no_damage,068493816f3a9456c5393d0b4caff8f50359aac6087e1cd33fc46ad589abe77c,1f1fff1807430107
main,hurricane_irma__909927770624593920__909927770624593920_0,cluster_00238,hurricane_irma,little_or_no_damage,a35cdab54c1fdebdb673e95e4b0e5e0efd76582c225f211f2fff0e2d499c2d71,3c5c5d27e64d6d7e
main,hurricane_irma__909940694625726464__909940694625726464_0,cluster_00240,hurricane_irma,little_or_no_damage,90f43543ae2de4d8ca605d4304ede7f691d9a77f79278da3bfa585ba69175452,193a3a3b1c5e5c00
main,hurricane_irma__909943803943030785__909943803943030785_0,cluster_00241,hurricane_irma,little_or_no_damage,ea3101e21c1596e70bac8d996421d47d07f5fa249fa78e1e2cde15e667b3cc00,211f1f5733333b77
main,hurricane_irma__909946398300409856__909946398300409856_0,cluster_00739,hurricane_irma,mild_damage,3310684ec9eb5ebdfecac0c2cb06b1f1929f4b53fdb43e3492e0e319ea8a27d2,7673c1e1b3d8e0f3
main,hurricane_irma__909946459692392448__909946459692392448_0,cluster_00242,hurricane_irma,little_or_no_damage,4c75beb9fb60a3213079e942fe084ece2d23acd705ebb191eae0f45911e1bd32,07e74393d393131b
main,hurricane_irma__909956489397317632__909956489397317632_0,cluster_00243,hurricane_irma,little_or_no_damage,2323612fa92771df91eb75edd186d2957d5dff852db6087220eb9767ab980887,1f1b04a8a90d1f79
main,hurricane_irma__909957227842232320__909957227842232320_0,cluster_02162,hurricane_irma,severe_damage,7055f1b7446b352d608fda8aafebe2b5307afb6782f150d9d98c4f9a7a06ae1b,3573f17827359d8b
main,hurricane_irma__909968982362517504__909968982362517504_0,cluster_00742,hurricane_irma,little_or_no_damage,6fc756a971fa30cac4bfdf07d93e866e2b1da558b7ad9036fcf5f0b293b6e252,070109086c1c8040
main,hurricane_irma__909971209290440706__909971209290440706_2,cluster_00743,hurricane_irma,mild_damage,4dc64b161b5b07768b02cd3849b66faf034a32bb32bb8fb088a7e81becd16a1b,c6473f3f3a7c3d0c
main,hurricane_irma__909975544036458497__909975544036458497_0,cluster_00245,hurricane_irma,little_or_no_damage,c3ab22e271d79c24d436aad50bda797d62827cfd6e0c76af0a295dbecb14386b,1f5fcfdbf368828a
main,hurricane_irma__909988214240305152__909988214240305152_1,cluster_00744,hurricane_irma,mild_damage,16353f1064d7f0cd102f532a1601d6beb8edaf5da45a84705fc43343e6728396,9e9f9fb3f7e4f5b5
main,hurricane_irma__909992667106496517__909992667106496517_0,cluster_00247,hurricane_irma,little_or_no_damage,87648e402ed41fb8972a6a8b7d1379f6289c5aaccbb36f0dd5eec6b70a3bcbf4,acb4c46e36b6b616
main,hurricane_irma__909994032436191232__909994032436191232_0,cluster_00746,hurricane_irma,mild_damage,fd30f2f62de27310c176316f22ce24d3c4a56541da0f150f3ad27423608be42c,e723696163e1b3a1
main,hurricane_irma__910042181741793281__910042181741793281_0,cluster_00248,hurricane_irma,little_or_no_damage,2abe637912355ad1431fc505aa47a034bdfc90996e5540dd3605cc9de3bbf45b,d121b1cbc1d1d999
main,hurricane_irma__910048648469319680__910048648469319680_0,cluster_00249,hurricane_irma,little_or_no_damage,0a9671f75013960b893765cd9ed62202db8c636e08ac65bcbac9dc77c3b20af4,0f1f1b3b3237f7ef
main,hurricane_irma__910051877982756864__910051877982756864_0,cluster_00250,hurricane_irma,little_or_no_damage,c0c928864818a9dd9bee5d26cb6909234b5d871d1a07dc8f6adfe0f45d15b0ce,eccccf9e39f0e060
main,hurricane_irma__910070947725692928__910070947725692928_0,cluster_00751,hurricane_irma,mild_damage,219df5778749e7a38dc13ba83d2979c582e64a18295e12f562b3c5269acef4b9,2f0b63130f6f0b0f
main,hurricane_irma__910073512202731520__910073512202731520_0,cluster_02174,hurricane_irma,severe_damage,611697bdd1fd21a6937a491d8c43688e1989f178fec5e648aa63d58e895a7c05,058747c787071317
main,hurricane_irma__910080834153123841__910080834153123841_0,cluster_02175,hurricane_irma,severe_damage,367890f2a23116b7a2a05309286ec6addbf1713593e69d57f28bbd5c0ff70b1a,5f574f0f0f1f0f0f
main,hurricane_irma__910082914343305216__910082914343305216_0,cluster_02177,hurricane_irma,severe_damage,fe39b7ff05c3a4fbe316cc5aef7e5287318a2e13c777ec9dd64bf433b1b57bae,333b3f17a7858d9d
main,hurricane_irma__910084566328766464__910084566328766464_0,cluster_00251,hurricane_irma,little_or_no_damage,657ee7d36d419340f2c8f55de61d52bb8751e1e39fb3f45d5edebfa6e86b47ba,ecccbcb0d0c1c989
main,hurricane_irma__910095089489383430__910095089489383430_0,cluster_00253,hurricane_irma,little_or_no_damage,58a5b8e9211bb55738fc2aca8968767e68b23c9999c122b855500fe5156e919c,272707c6ce0b5051
main,hurricane_irma__910100808049451008__910100808049451008_0,cluster_02181,hurricane_irma,severe_damage,2e5691611df099db144b19381fc18a249717a52cb79fb5bea648b23ef74c29f2,665656291bb0ecdc
main,hurricane_irma__910102466204770304__910102466204770304_0,cluster_02182,hurricane_irma,severe_damage,7999168fa2cf609724675d38a474000a8e79804d53fecbf7f96f71b28e65f3b0,0f1b13371f9f1e96
main,hurricane_irma__910110509852184576__910110509852184576_0,cluster_00255,hurricane_irma,little_or_no_damage,07512f8ee9fd281442ccbec8d565b66038d54c9e47d7ebadaecba0a8f9d34454,cce061c1982c2c3f
main,hurricane_irma__910117311943708672__910117311943708672_0,cluster_00257,hurricane_irma,little_or_no_damage,415e49266e06c84e761898a16c27b799cd4a57a29178846c0e71d1839b967927,70451d8d82c60c89
main,hurricane_irma__910118463884185600__910118463884185600_0,cluster_02185,hurricane_irma,severe_damage,ae0b18f9ed40a4e364f32b473a5e3edcc6cea3c762ddcfd7a9e3145eb8ebc217,ccd8d9ccc7d33c9b
main,hurricane_irma__910118787080441857__910118787080441857_0,cluster_00758,hurricane_irma,mild_damage,012042fcf5aa0e39cf7fb6593aebcea8e7d32ee8c93e54ad6cb3b59214ae3d6c,3c3d393939312dbc
main,hurricane_irma__910118839081472000__910118839081472000_0,cluster_00258,hurricane_irma,little_or_no_damage,d5e9e5f2e06185623b74e5ca855bfa368e1a6d6e617358e6dc48eb088fe53a7f,e0e2c0c0c0c0a101
main,hurricane_irma__910122015993995264__910122015993995264_3,cluster_00760,hurricane_irma,little_or_no_damage,2eaec23da1ac456fa8caed057f4501ca395812c82ca8697c0402b0553be2b4b9,9b9a9f1ec9cc1e33
main,hurricane_irma__910123451792289792__910123451792289792_0,cluster_02187,hurricane_irma,severe_damage,b5679bb8ab1f91a363725e41c00f212ea4fc04eb136036aae139e2f74523d04b,fdfe5abe32ebcfc4
main,hurricane_irma__910124040584667136__910124040584667136_1,cluster_00762,hurricane_irma,mild_damage,fe59a4b8d7a824757dc3d7f15f7e19cc139e8df028c2fd932064615b7d89cfec,3b343cf84bc17a0d
main,hurricane_irma__910124932775989248__910124932775989248_0,cluster_00763,hurricane_irma,mild_damage,a508eccc7a568f24ffefe02f732f1d1e36253343c5afc7a0101e4f4a7430ba7f,07139b9fe9e96365
main,hurricane_irma__910128100083724288__910128100083724288_0,cluster_00261,hurricane_irma,little_or_no_damage,f467500f7a17954dbaff1b6f99ca5deed9af5c4d31f750a52e0a0c3f4a21da0f,23325a497273b3bb
main,hurricane_irma__910128655023534080__910128655023534080_0,cluster_00262,hurricane_irma,little_or_no_damage,384e29fed0166dbe5389d20c83ea76c7aa47cf7e9964f5adfe53d409b10334c9,330f2d25644687ae
main,hurricane_irma__910129616353992704__910129616353992704_0,cluster_00766,hurricane_irma,mild_damage,958c52ae899efcf6de1257c7a4255e7c4cc9efc71a395a68e92b44f920184afd,666a0c06a33be364
main,hurricane_irma__910136681713537024__910136681713537024_0,cluster_00768,hurricane_irma,mild_damage,c9d3638a24feac33826cd951a54b53e9ef8deefb8d812c31b1270fac3d8dfbf3,7df57ce0434d5515
main,hurricane_irma__910136946147573761__910136946147573761_0,cluster_00769,hurricane_irma,mild_damage,9d2ea5cce485a24e7bbf5c6bc0a1e8d5078c636ae39705df751c10a1ffeae2a8,0f0f2b0b2f27751f
main,hurricane_irma__910141087926378496__910141087926378496_0,cluster_00265,hurricane_irma,little_or_no_damage,62ffa4b77f26637d1414e3fa3a8fb283369c457bdb23d64128a33a22b8b1334c,8964e4c878608e8e
main,hurricane_irma__910141442907131904__910141442907131904_0,cluster_02192,hurricane_irma,severe_damage,7ad04954a2efc542fc89e1b31636a4d27349b8ad5ce1d223a23e469a9bcb2871,393d9d9fcccc0d8e
main,hurricane_irma__910144212288589825__910144212288589825_0,cluster_00771,hurricane_irma,mild_damage,669a465799217d5e4dc145fbfd2cf2c5fc769b1594e4a708528c0baa5f8dcf24,a3231a198f27253d
main,hurricane_irma__910145127376703488__910145127376703488_0,cluster_00772,hurricane_irma,mild_damage,92942865b0fce4b01840237126bf263a9174b66f6837f36cb17092185521c0ff,616545c5839605e5
main,hurricane_irma__910147498873950208__910147498873950208_0,cluster_00773,hurricane_irma,mild_damage,a460b03410c4d3bca459b83fe6e8dc77ff5c8c24d8bfff5f6dbf0ddad6dc11f4,383c13d30c38e202
main,hurricane_irma__910149200410791936__910149200410791936_1,cluster_00266,hurricane_irma,little_or_no_damage,87a2d0bd1f6861098071975f00543d12727c5537ab5ac2d96ad727c084bafba5,3e0ee6ec60c148ce
main,hurricane_irma__910155666899292160__910155666899292160_0,cluster_00267,hurricane_irma,little_or_no_damage,74231ac04b920b3b8134d7d44358da8333fbed59e15a8cb98c58875123f871e8,dddffffbfb8bc9e8
main,hurricane_irma__910156250368888832__910156250368888832_1,cluster_00268,hurricane_irma,little_or_no_damage,b7cc8be5a75e7a8e7eda38e55b054f88df55a7affb149227dcbfe1a277964f58,0181311181b3b13b
main,hurricane_irma__910156911403782144__910156911403782144_0,cluster_00270,hurricane_irma,little_or_no_damage,3d39825be271e1c5c4489b258da5604737843946d1c6dd9be1bbe58958d999d2,6e26aec7872ffc78
main,hurricane_irma__910160326737281025__910160326737281025_0,cluster_00776,hurricane_irma,mild_damage,ed72395adec3606e8dd87c4c608c8b731f9648a7382b03d62e52a89260b18215,6361234b69676365
main,hurricane_irma__910162402108477440__910162402108477440_0,cluster_00271,hurricane_irma,little_or_no_damage,b35a1071fed582e31bf07a001d57b9fb753cc4f1f94766a0b70f519f362c8454,9ebe5e3e9ecdff36
main,hurricane_irma__910166284624711681__910166284624711681_0,cluster_00777,hurricane_irma,mild_damage,87df97336b8cfd5c45558697be88cd2c02bc484d47fd148f7bc4dbeb9a8e40f1,4809c98d878d9939
main,hurricane_irma__910168623175557120__910168623175557120_0,cluster_00273,hurricane_irma,little_or_no_damage,71951fcc35107d57aa2b3917c9078b7e4b48d2dcdb3ac670811852d3d45d8aa8,199990811a524000
main,hurricane_irma__910169542718091265__910169542718091265_1,cluster_00274,hurricane_irma,little_or_no_damage,cd9060439fa51aeccc39705f3b09d0fa9c8eb47478c974f4cf7497c082670bf4,5555576636c08246
main,hurricane_irma__910184448469164032__910184448469164032_0,cluster_00782,hurricane_irma,mild_damage,beb0de68293caebacdcd3cae68db1c13fdd691ff03a20af41a24bdc818f3e507,7737d97fabb3ab63
main,hurricane_irma__910189290642173953__910189290642173953_0,cluster_00785,hurricane_irma,mild_damage,4be2f84e7cc3bf7ca143a9b9e744f1cfa657e4d557b3272042790bf2e649baac,187e2eee9b0f1727
main,hurricane_irma__910191453019758592__910191453019758592_0,cluster_00281,hurricane_irma,little_or_no_damage,078b2124331041b0cabbae069b6f99421eda3b87aeb8f79f8a9e3e395e186653,ad6cc8c0606c2c28
main,hurricane_irma__910191733962616833__910191733962616833_0,cluster_00282,hurricane_irma,little_or_no_damage,50868897e6b7f3783b7891c0499a9306e5a255131b009c8c12da54004b0747c5,1c6c4f6f534f5cc0
main,hurricane_irma__910192971492012032__910192971492012032_0,cluster_00283,hurricane_irma,little_or_no_damage,73b65a2dfb9d3f07a69151b58802344003552f46cec0cfbb9b6e22645935a6c2,999c989a98d81809
main,hurricane_irma__910195055180234753__910195055180234753_0,cluster_00285,hurricane_irma,little_or_no_damage,b7e6f1f59a4b985902f94433021224b45a8f828f7e85b04a019783ba041847dd,f464a4240288ec32
main,hurricane_irma__910198059316981761__910198059316981761_0,cluster_00286,hurricane_irma,little_or_no_damage,e86e8defd6b2c2d3370bc4e685e49bd04d8541920865a8e8b513a5b4de65e59e,07070121636d134e
main,hurricane_irma__910198450347810817__910198450347810817_0,cluster_00787,hurricane_irma,mild_damage,49a6e0396628752e7bf22f42dca9a9256ea86130cc5c7d764251e3131ba5650a,92b696b4b6060c0c
main,hurricane_irma__910198598054367237__910198598054367237_0,cluster_00788,hurricane_irma,mild_damage,04b0c48cea56ae1f1a26d616ba84334c3b5b95d7d9c370b54dcddef221788181,4eae8cb7121e4f1e
main,hurricane_irma__910199693132599297__910199693132599297_0,cluster_00790,hurricane_irma,mild_damage,627610bf1688d068dcbda0d740595aeb1f709f4a0a4d534dcc9592568fb7cdfc,4b0f0d0d15cd935b
main,hurricane_irma__910201716934574081__910201716934574081_2,cluster_00791,hurricane_irma,little_or_no_damage,a420be22e6b40d91c408e5b9d88376460de96fb5a9bee341702fd0b3b3deee93,06c6c7c6ba32b033
main,hurricane_irma__910202655733112833__910202655733112833_0,cluster_00792,hurricane_irma,mild_damage,f2a5ba28b9dceeb49851b5e0e9079fe558f0c5e39ada8d25e9560945e31c00de,0f0f0f2f270f0f0f
main,hurricane_irma__910205368394964992__910205368394964992_0,cluster_02215,hurricane_irma,severe_damage,702fd29016977d49089d31c95ddc1671b5773baec9226925887ae76e9c622aff,9cdadbdb51d9cb1b
main,hurricane_irma__910207622896287744__910207622896287744_3,cluster_00289,hurricane_irma,little_or_no_damage,4cbc76fe4061b387a55ef856646d1e7d2e0fc551209b5091f0ab244e3572263d,c8ccc48ccaceaf7e
main,hurricane_irma__910211201182789632__910211201182789632_0,cluster_00292,hurricane_irma,little_or_no_damage,0e76f88ff29fe10ba6d46288ac81cd52a8547fbb524bb325f87a0ceb0f88cb00,8e3a31838185d93c
main,hurricane_irma__910216576464510976__910216576464510976_0,cluster_00294,hurricane_irma,little_or_no_damage,66a4d9b14a296b5b136fbbe8a99b12ecaa3c30a9648c04d9e7840be839f5b9a1,e1c15a061c3c2c0c
main,hurricane_irma__910217243514036224__910217243514036224_0,cluster_02220,hurricane_irma,severe_damage,e1a99f88bc97a15d635fcfc1afedb6721f9cc9528caf867c39c5e14b5ecc7f53,11839393869793b3
main,hurricane_irma__910220699658342402__910220699658342402_0,cluster_00796,hurricane_irma,mild_damage,ce10630042a002480b3100a60056ea946dd4fbab117dcdb505abf33831e5fd5a,09196b0e9e843f3f
main,hurricane_irma__910222049569673216__910222049569673216_0,cluster_02225,hurricane_irma,severe_damage,4cad7ef3404136a7063640f018db3c2d9f853bb7c89794082f783cf4fd0f8556,1d37c6dcd9874243
main,hurricane_irma__910225185176997895__910225185176997895_0,cluster_02228,hurricane_irma,severe_damage,fdf241375a0995ba75d3345b5649c932e345bd256a9fd2426ba2984915d7caf3,070706060e2e7e38
main,hurricane_irma__910228258146353152__910228258146353152_0,cluster_00797,hurricane_irma,mild_damage,b5326cbc994b0744245adc418ad50c4155550e1f17ca3d528c29cfbc44685d5f,f9fdbd350ca2b436
main,hurricane_irma__910237972141891585__910237972141891585_0,cluster_00799,hurricane_irma,mild_damage,3d9243448683897e78dffebe6f7830fe893de2e4d7406015d9e0b46c36075341,2c0c4ece13070f4f
main,hurricane_irma__910242368158277632__910242368158277632_0,cluster_00800,hurricane_irma,mild_damage,0c0c3c167b112437d33cd6225abaff079abef4df78ae23d355b0178c0119f664,baa7654bcec6c606
main,hurricane_irma__910243501232685056__910243501232685056_0,cluster_00801,hurricane_irma,mild_damage,cb8b2ad96759cdf4c5acb87ae26501f3a48f617e2cf558a41098b4e7bbf24c3f,6f6f37349113079a
main,hurricane_irma__910243544551628800__910243544551628800_1,cluster_02231,hurricane_irma,severe_damage,3ce9f8e17ac5d0017a92e7b70fd0cbd6624b58a715af52082d484559f57e4088,1f864e7965f88bc7
main,hurricane_irma__910246138564943872__910246138564943872_0,cluster_00802,hurricane_irma,mild_damage,810b394ca74fc4916bc97b76da2be198266dfba6af833455682b2a8761233f0b,6f6d7b6a2a3c267f
main,hurricane_irma__910247140441632768__910247140441632768_0,cluster_00300,hurricane_irma,little_or_no_damage,0b026b6b84e030054363029c4d532742cc8fb3a7b5ccbdfb38c23ccf0fb6e8ef,4e2e45caad4e1b1d
main,hurricane_irma__910247213900730368__910247213900730368_0,cluster_00803,hurricane_irma,mild_damage,06ccdf2d86f4da26a472099b4272a03b94b97a770e7b64bc0e7bb3844f782538,1b8f0b83a2b33930
main,hurricane_irma__910255214946422784__910255214946422784_0,cluster_00806,hurricane_irma,mild_damage,6a4691b5dcc819b331b0c0ac8e8613f9f06af9f9fd3e881a782ee256aadc6af7,0d35b43c0e0b494c
main,hurricane_irma__910260755131285504__910260755131285504_0,cluster_00302,hurricane_irma,little_or_no_damage,d5ba1c45fc03d74b3c53b4d1d667a826ded00e06bb3df6d25adbc62bd73a3f35,21a28c84c595b492
main,hurricane_irma__910266304476667906__910266304476667906_0,cluster_00304,hurricane_irma,little_or_no_damage,e9ac783f0cbea7dd48f2188a84bf87fac869333fa68f0511927cd58200cec338,6ce56325676b5719
main,hurricane_irma__910270036861886465__910270036861886465_0,cluster_00306,hurricane_irma,little_or_no_damage,23baf4afc731c6c894a1637cd45cf40419cf045ede84cfbe4eb9fd381df7224c,079b9595591e9e97
main,hurricane_maria__910538720117391360__910538720117391360_1,cluster_02384,hurricane_maria,mild_damage,9ae870592c7afaee15fa515bb26e3a8009aa5025c41bcf4136b2a691b87541d5,d3c8c0cc098b0908
main,hurricane_maria__910542863150202886__910542863150202886_0,cluster_00813,hurricane_maria,mild_damage,1bef9f6262ddce7eb5eea6e804819c8e8cfb100026c0cad420724a70798dfe01,df5f77d3dadc3e3f
main,hurricane_maria__910543811184660481__910543811184660481_0,cluster_00856,hurricane_maria,mild_damage,91fcf5ef068f2761a7f831d45b6e1bdc5d86bea14cdb64c28e2e502e92a8ec51,b43c5c45969c0d5f
main,hurricane_maria__910545522133528576__910545522133528576_0,cluster_02299,hurricane_maria,mild_damage,c0dc1f540f3f3b1becf2c6454e9bcb20fa65309de4143fb4f6e883253d55a3c6,0f8f8f2c241c181b
main,hurricane_maria__910549146360311808__910549146360311808_0,cluster_00308,hurricane_maria,little_or_no_damage,50963c4ffb31bac5130055c2a63c66af26562bc0904a8fae84be677bbf12e222,4b4b235313080b85
main,hurricane_maria__910566731273433091__910566731273433091_0,cluster_00310,hurricane_maria,little_or_no_damage,03992baa8d5a752c6a6972e9377daaadedf629fd516cec8c2b30a85a3f631381,c99190908092b292
main,hurricane_maria__910571114803363840__910571114803363840_2,cluster_02252,hurricane_maria,severe_damage,f4c624ce2f480a3630cc7b64bdd8887f724d1135d31fc795c215985fd3860377,0307cadfcfebf969
main,hurricane_maria__910586721246486528__910586721246486528_0,cluster_00818,hurricane_maria,mild_damage,43a18e2e4cfcc52a2b63abeab0f3adeeb21d123269ef635173be2054e9347b6c,343e560e1944c2b6
main,hurricane_maria__910618892904546304__910618892904546304_0,cluster_00821,hurricane_maria,mild_damage,9bef9a054f52e5f971cb98a93cd486bb470a292a956719da0ec5afd91330ae43,c303270707132303
main,hurricane_maria__910619516979306496__910619516979306496_0,cluster_02266,hurricane_maria,severe_damage,545e067524fa453a20d144203ceecd4d135667522c0d4574a89e9fc1463ab01e,1d1959111371644d
main,hurricane_maria__910625419161780224__910625419161780224_0,cluster_00823,hurricane_maria,mild_damage,ba26c2cdd986976bf4c0b13843cb741f59030b5bc828091f5a2d17c9ea65cd1f,2636347c1c15154d
main,hurricane_maria__910627521732972544__910627521732972544_0,cluster_00311,hurricane_maria,little_or_no_damage,ed04888a6280f0e2f073f0797f9332b58c46b300b79144f8f1f5a0489aed089c,07cf5f4c0e0f0f0f
main,hurricane_maria__910628198307819522__910628198307819522_0,cluster_00312,hurricane_maria,little_or_no_damage,0d7a24194d6493369e9048fcc6eeab3a19690bc41374d33b55df9fa18c0a5df5,86159d6d6e99e1c4
main,hurricane_maria__910639249283829760__910639249283829760_0,cluster_02276,hurricane_maria,mild_damage,06fc15d5040e29516ce8f961e79f09688d3bc8bdce18c0afafb9222c0bc4d825,1f9f8f879f1d0f0f
main,hurricane_maria__910644212517019648__910644212517019648_0,cluster_02273,hurricane_maria,severe_damage,74a2427d3d30c1f2f4a6790c3b4a2014888f41a722fa09a202e07d412b2c7d48,8cf2b23667cc56db
main,hurricane_maria__910647323260342272__910647323260342272_0,cluster_00313,hurricane_maria,little_or_no_damage,bc0ee420ff705b283c24abe188ebf647f1178c5e8dc7f90abb01d568e490be45,0302814000104090
main,hurricane_maria__910657158290853888__910657158290853888_0,cluster_02275,hurricane_maria,severe_damage,50a34796a89608fb89d3869acf5a8212746ec74bce0840c305f2a51d372262af,9c988889514d0d19
main,hurricane_maria__910699932704796672__910699932704796672_0,cluster_00314,hurricane_maria,little_or_no_damage,bec786857e4bbf5fad3072f4f7b06366cf951aece04649c04131056c93035c49,7971f85bdbb86c03
main,hurricane_maria__910704791550136320__910704791550136320_1,cluster_00315,hurricane_maria,little_or_no_damage,2571bd50e09316fc525b377b61e53b1ea72ef7707bf5711353e12d312e6192f9,00003f0733030000
main,hurricane_maria__910739972440944640__910739972440944640_0,cluster_02280,hurricane_maria,severe_damage,16b3a1b3acf13b16d9e8f765446c3121d84bcb4d19e7746778237a5c575f5c90,4f1b272fa78f431f
main,hurricane_maria__910763300186505216__910763300186505216_0,cluster_00316,hurricane_maria,little_or_no_damage,89c6f9b2a4a84972e1bf0d6c0d63d4126bb249dbfb1b4ee83d4581c0007ebc2b,4185a697070d0d2e
main,hurricane_maria__910779239615598592__910779239615598592_0,cluster_02282,hurricane_maria,severe_damage,6b5f5b7eb1cf56cbcdfcb2c50e8987eda258ebc116012d2a58cfdb9892ddf7cb,8b83a3a331313998
main,hurricane_maria__910785863197626368__910785863197626368_0,cluster_00830,hurricane_maria,mild_damage,37c18783c539e1c1de29e7d9b743de062f7d2cda8b6b7835d91063195dd570a7,16bba3070723293d
main,hurricane_maria__910807137202393089__910807137202393089_0,cluster_02288,hurricane_maria,severe_damage,80c1d721a027fa954a5ff2b8c71635286f799bd57e3e6d6cbaca657ac63b8c21,b47d5c4d049c0c4d
main,hurricane_maria__911502698310246400__911502698310246400_2,cluster_00834,hurricane_maria,mild_damage,805c630eae60ff97ecf6be7641bd9624f9c92448a3e8fb9f1c266e3f7f5bb936,1506a6262d67d184
main,hurricane_maria__911558845834629120__911558845834629120_0,cluster_02300,hurricane_maria,severe_damage,da1320a8f8f68255e0caf81eeb9c589c677648d4c735af5a8be08fe76ed44d1a,0f4b1b1f171d791d
main,hurricane_maria__911584878172540929__911584878172540929_0,cluster_02306,hurricane_maria,mild_damage,6187978593501c66e7e31bf96ccb721cca5aca186983c2f228c99ed3cf7056f9,e5370f1f9f39f9d9
main,hurricane_maria__911584945470099456__911584945470099456_0,cluster_00318,hurricane_maria,little_or_no_damage,68981d6181ee58e3c8edb8d1cb79c1b3bec8ec30abce6e7d4d1945c251b5f15b,453637134f4d5d15
main,hurricane_maria__911588822768586753__911588822768586753_0,cluster_00837,hurricane_maria,mild_damage,5244a4565015690fcd376de9b569fb8c94ca890272819adf61ce30d4160030d9,0f03f5333337379f
main,hurricane_maria__911623411117334528__911623411117334528_0,cluster_02311,hurricane_maria,severe_damage,39964c9ae7f67f4e9d164700c002c853f7a5bd48299dbc12424f4cf9ad689397,8f0f17070b0d1705
main,hurricane_maria__911655568779235329__911655568779235329_0,cluster_02315,hurricane_maria,severe_damage,1fb37f611e6a7575a31c325ac63f1d8d8857863f88d8cf85c21cc25fe14dff3c,a121c7f7b3a7736f
main,hurricane_maria__911711789246693377__911711789246693377_0,cluster_00320,hurricane_maria,little_or_no_damage,a55fdd44d5bd8e301a89662d09eea8ed6406de03c18fb1a80696a720569458a0,250a60701c99d3db
main,hurricane_maria__911718588360175616__911718588360175616_0,cluster_02325,hurricane_maria,severe_damage,d72766f902134b4475ac6b25bb19b48d43296caa569b725aecd9918eded5c620,33317a9f87020707
main,hurricane_maria__911746042634182656__911746042634182656_0,cluster_02327,hurricane_maria,severe_damage,4405d7d92ee1e3b6dc3e05e244be416aeb41fc1e465f67ee97cdcd4279424bad,d8d9c1d5984c8c1d
main,hurricane_maria__911784420734115840__911784420734115840_0,cluster_02333,hurricane_maria,severe_damage,7ba4aeec8dfaf75cec6e29688d60f84d3960444840852ad793920ea7f841c9b2,841818939b7ef399
main,hurricane_maria__911789292116217856__911789292116217856_0,cluster_00843,hurricane_maria,mild_damage,7c7b8c0d631cc0d5885d2fc20c37ab2dc7cd09d50cc4e4c82e672f8133945ae2,0fc9cc9607464e2f
main,hurricane_maria__911818109123747846__911818109123747846_0,cluster_02336,hurricane_maria,mild_damage,252b09255277c51874caaaede436bd630a70bf4ab9f7af8dc6bdb93cc454d2a3,1e2f6f632fbbeb3d
main,hurricane_maria__911874137542578176__911874137542578176_0,cluster_02340,hurricane_maria,severe_damage,625fa3d5b096bf12bd727a127aab1cb3b393e9574f235322f2379096f3d9314c,3347165b07070d1f
main,hurricane_maria__911892515321733120__911892515321733120_0,cluster_00321,hurricane_maria,little_or_no_damage,2d9b3ca1ad4be01c113808425d5e2f155a7be6392b4960099aadc119720b12a0,2143330686332747
main,hurricane_maria__911907090112798720__911907090112798720_0,cluster_00845,hurricane_maria,mild_damage,00786c9cc5bff70992ddfbc0f245e0f256b7e68db3735b517d6a23e03da738ab,3c3e3e1e1c3b3c2e
main,hurricane_maria__911913161703424001__911913161703424001_0,cluster_02341,hurricane_maria,severe_damage,9e9a8d11bb29deac749f2193a93b933ca9aa610502f655344d14bd4a905e9f88,f3161a1b9a39189a
main,hurricane_maria__911927354934611968__911927354934611968_1,cluster_00846,hurricane_maria,mild_damage,f86c53f1db39a83d47638866d8297e87f95b12cbc8644456ba1d44458c678a31,531f1e9e9f8ec311
main,hurricane_maria__911935529905684481__911935529905684481_0,cluster_00847,hurricane_maria,mild_damage,725a25fa8ea1c909d031ae0dce2a28dd7377adf4e7ff12448f50c69f9967bee0,c382c6c34063d13c
main,hurricane_maria__912022246008541191__912022246008541191_0,cluster_02348,hurricane_maria,mild_damage,89983886c840b1f3328842bf8021819299457071aad2f7db6983b82734a6b348,3d9b8b262435f3c3
main,hurricane_maria__912023404030525440__912023404030525440_0,cluster_02349,hurricane_maria,severe_damage,d1e8cd682e54cda8bbdbf33f4d3022ac1b9e3a351413a5692c55a54747980420,291e0c26360f8d95
main,hurricane_maria__912065374929264640__912065374929264640_1,cluster_02351,hurricane_maria,little_or_no_damage,d1a8bdf411eb644961ceb9586dcdf26ea5c1fea95e13c9811df769d5952add24,cfc3e2e6e4e6e601
main,hurricane_maria__912075698617102340__912075698617102340_3,cluster_02352,hurricane_maria,mild_damage,eb54c51b3d84091c7a9c2468d3ddba36e64dc04af790ab59c799ce5b1be60644,007f636babc179ed
main,hurricane_maria__912075982164643840__912075982164643840_0,cluster_00852,hurricane_maria,mild_damage,2334bf937276269c086b5175e0747f5e8939bb89d90d912a1c258029e0649eae,0f4d8d8dcfcf8f0f
main,hurricane_maria__912114770710581248__912114770710581248_0,cluster_00853,hurricane_maria,mild_damage,72c0052945db2958c056db623f243ed8ec5e8191a85a2a7f3d87d20558c7f00b,1d757133c7cd4dc7
main,hurricane_maria__912286834595688448__912286834595688448_1,cluster_02363,hurricane_maria,mild_damage,dd4839e25100c1d681d21df77b5405982e88721121fe46f19a003ecd07c73c83,c48692c71ea13819
main,hurricane_maria__912305236928339968__912305236928339968_0,cluster_02366,hurricane_maria,severe_damage,a8ed247708d5dc3f9895c1313f4f3a387bb47adb2c276c02a0349c0b8e413fbb,0343634343b1bd37
main,hurricane_maria__912322653578461186__912322653578461186_0,cluster_00323,hurricane_maria,little_or_no_damage,182fc94cefe77f553a8864e4c8c9a141338abc7f12961df85d62cb40642f5b22,c04949480899c800
main,hurricane_maria__912350540763484161__912350540763484161_0,cluster_00861,hurricane_maria,mild_damage,d8668723a4fb532b61da21e5ff2cbabee9448556892b44c747c3ab3e1e03c56e,8b93860f40058312
main,hurricane_maria__912376048842665984__912376048842665984_3,cluster_02379,hurricane_maria,little_or_no_damage,7c01f97bf9349b23282c5f03c81c48162dcd090857ce6593feb29fdb2ab68446,fffff7c53de3a383
main,hurricane_maria__912443382525460480__912443382525460480_0,cluster_00866,hurricane_maria,mild_damage,648c0e554ec0d880a954fd2892807c4d1c9e55cbaed50cdda947f91d1261dc00,9c52524a6c4d0907
main,hurricane_maria__912463510461992960__912463510461992960_1,cluster_02547,hurricane_maria,little_or_no_damage,ca7af5695bbc22c094700ad8cc9f23a8e1df3284f010ed888d495aca66be7180,62620e8c0e8c4e2a
main,hurricane_maria__912952239471382529__912952239471382529_0,cluster_00868,hurricane_maria,mild_damage,72c04da25e502014286ab5ba17261ccd8d8c9c87fa1af1930ea6bebf2428a527,6e8e44229a953c9f
main,hurricane_maria__912959167417192448__912959167417192448_0,cluster_00869,hurricane_maria,mild_damage,bd0b65511fe939f014e9a2a909f28f54791d84bd0d9c05019724b349ca1bfdcc,2f0f9d371722ea66
main,hurricane_maria__913051514419269632__913051514419269632_0,cluster_02396,hurricane_maria,little_or_no_damage,6a93f290cc09f45f7214ec12e1e18e3bd4c6a8ba8bea2a7aba04d891b7a79472,070d093829201808
main,hurricane_maria__913054270236135434__913054270236135434_0,cluster_02397,hurricane_maria,severe_damage,ebcd9b02dd41c4b66c3aee6df3e3bce8fc422677c1a07aecb3909f5ffbdc895e,b6a7a2ce62f2383a
main,hurricane_maria__913066714560126977__913066714560126977_0,cluster_00871,hurricane_maria,mild_damage,2cb0ecdba4ac3e1a55fa938aa0de29b1312339c7fc05ac929172669c389477c4,370c98c5dd591c0c
main,hurricane_maria__913070687501344768__913070687501344768_0,cluster_02403,hurricane_maria,severe_damage,b1c5192680a62056c8e05189ed5f84c0ef9d374cb855031cd9ad49907d337ed2,0028c03e3ecc4600
main,hurricane_maria__913087531750711297__913087531750711297_0,cluster_00872,hurricane_maria,mild_damage,e5da26d31a8535059b199fe659f7b4f14b180cd5b207a7f5af2192c72b10e416,96c8ca8acac8c81a
main,hurricane_maria__913129126881570816__913129126881570816_0,cluster_02410,hurricane_maria,severe_damage,f0339e8517d22b1f9366e257d92332b63ad58b26982c2069ac858499d12abd8d,f3f1f1e1e1b8e2cb
main,hurricane_maria__913236041397669888__913236041397669888_0,cluster_00879,hurricane_maria,mild_damage,d4570e5fe772a5196050af48a917788605edc41c670d6fd1312db5ba76265f15,f3e3e7d8c9ebe666
main,hurricane_maria__913380968769228802__913380968769228802_0,cluster_00881,hurricane_maria,mild_damage,f64418b2b7ebf81fd68ee11b9907efcd677535e77530d5e95fab4b03ce246675,328c482907939cb8
main,hurricane_maria__913392166533201920__913392166533201920_0,cluster_00326,hurricane_maria,little_or_no_damage,13081087bd26306c9e8da317851e3737a25a6fc94f5a410c93a03e6c2b926a67,cbcdc7030a8c222c
main,hurricane_maria__913416972129509377__913416972129509377_1,cluster_00882,hurricane_maria,mild_damage,18b73069c2c44807db75f9de50fea022a31d80a86db8e003764eb74de6834d4f,098b4f571e071393
main,hurricane_maria__913459230400745472__913459230400745472_0,cluster_00884,hurricane_maria,mild_damage,0db7f4d34ce22fbaec92b54d80d381a2aab275b7a9040211d3a697767ff7544d,bc3f7b7a39389d1f
main,hurricane_maria__913478597331050496__913478597331050496_0,cluster_02456,hurricane_maria,severe_damage,703c40eed5953dea5320bc910a90ca0592f5baa3a9a54c28065e6cab62366731,d492981bf09c1727
main,hurricane_maria__913549726083141632__913549726083141632_2,cluster_00885,hurricane_maria,little_or_no_damage,3d349cacb8226eb7acfcc4962b554191847c27d8d708083d44930a0a4e39850a,0b0bcbc98d8544f8
main,hurricane_maria__913575477498884097__913575477498884097_2,cluster_00886,hurricane_maria,mild_damage,0b6f4edb3754c87132c59e1a6ab503bdddf7de2180d7ef39bc2e6dad1887e1d7,8f4f4e071f3f1372
main,hurricane_maria__913706630453264384__913706630453264384_0,cluster_02434,hurricane_maria,severe_damage,731282d2a7e674e6b6ed361b58e9679df5a35d509a102cffcfd67ec5dade3777,494306151c3072c3
main,hurricane_maria__913735106371735553__913735106371735553_0,cluster_00888,hurricane_maria,mild_damage,ad8cf4496218dad60f5a46243f8bb409ec8a78ddc55e10c3e08254c78b798ca1,46210b0749e8d801
main,hurricane_maria__913867524705538048__913867524705538048_0,cluster_00891,hurricane_maria,mild_damage,9e944282c123e6e1700e5c337e6e095d98849d70cc90c7128c898f0689fe230e,c7575333a71a3a09
main,hurricane_maria__913901444662808576__913901444662808576_0,cluster_02570,hurricane_maria,severe_damage,1da4be94583c4b59fe55af263418745a3756e76d3c374d778ac02ae4e9c76f39,6fcf880f8d870f0e
main,hurricane_maria__913903407718690816__913903407718690816_0,cluster_00894,hurricane_maria,mild_damage,44a1893d362655c2c29cce57ab2239c1e7e9f3d559ed0b820ae588283dd8f1ad,0200030340649a34
main,hurricane_maria__913934298243305473__913934298243305473_1,cluster_02445,hurricane_maria,mild_damage,e045f75c710a3e607c437a311d0db913826b527bc8bb85564acf2df86c2296d5,fd0903276b3b8f07
main,hurricane_maria__914113249934811136__914113249934811136_1,cluster_00330,hurricane_maria,little_or_no_damage,30b7a4f301431e17150ad7fd941bafa0cece37df1057c53237f706bcd0f45b9e,07e1781a898c9e98
main,hurricane_maria__914159348267540482__914159348267540482_0,cluster_00331,hurricane_maria,little_or_no_damage,98fcf86482377f314f5094ffeac92bc1bb99e877eef718b3508ebfeedc12d186,8981c9818789d9e5
main,hurricane_maria__914188148623671296__914188148623671296_0,cluster_00899,hurricane_maria,mild_damage,6032e50eb3bb9980ab6f6ccd937f3566aa2df1f1d1bfdfd3e460e261cc7f7cb6,1f3f6f5fc7d79f1d
main,hurricane_maria__914206873032720384__914206873032720384_0,cluster_02457,hurricane_maria,severe_damage,99cc2cb77713423b716bbf6eb0fe7363beba4b1b2db5e818edea322f40c3ec98,2b8bb3bc6b632120
main,hurricane_maria__914262901350961153__914262901350961153_0,cluster_00900,hurricane_maria,mild_damage,90f856a412b9b4a77deae0f21233d07ffcdc9890a6d3c553c90df8958d0a5c88,1f1f83309e1c0323
main,hurricane_maria__914271884253986817__914271884253986817_0,cluster_00901,hurricane_maria,mild_damage,f2caa7f689e7f89ba3b0501bae2ce7137d060fd4cc437600e35d34f63a416205,cdc486c5c5e6a6c4
main,hurricane_maria__914540213875200000__914540213875200000_3,cluster_00902,hurricane_maria,mild_damage,a4cf5513556dcde86c95b0224bb4ee2209a74eaf18517986133c844f140edea8,25210080d4c5ec80
main,hurricane_maria__914928771865694209__914928771865694209_0,cluster_00908,hurricane_maria,little_or_no_damage,353a7f59fc2fe6566fa3e0686db382f0b2a4b2ac47fc758f7a72215573450f7e,30312731b3e11b3d
main,hurricane_maria__915173788119109633__915173788119109633_0,cluster_00334,hurricane_maria,little_or_no_damage,3c79f67aad33a38907ac199c1162b327741a2f627a22cc6f16fbcfe625a5bc11,0393b7260d6dc09a
main,hurricane_maria__915215052176789504__915215052176789504_0,cluster_00911,hurricane_maria,little_or_no_damage,dd55c399ea3f0a10882a72220ec1bbfbba706b5dd4f2db60a52d1862c43745d6,ba7ac9cf4f6ef632
main,hurricane_maria__915251009227776001__915251009227776001_1,cluster_00912,hurricane_maria,mild_damage,ca815b34021c7c882d55ad7741b6a44177f43963bba353e60e902b15e564bd58,ecc2d1e6fb7f1f0f
main,hurricane_maria__915256404742688769__915256404742688769_1,cluster_02475,hurricane_maria,mild_damage,ce36f4c5c46087b6c8839505cbed9d0788a473c7b4dbc10a00327774c0732c5b,006062e0c0d0c247
main,hurricane_maria__915294511579897857__915294511579897857_0,cluster_00896,hurricane_maria,little_or_no_damage,59e8f4753130eff706e279684d92b3796e2c0fadf10d05fa7c174acd58cef010,17971723af439f07
main,hurricane_maria__915313036214325248__915313036214325248_0,cluster_00914,hurricane_maria,mild_damage,ccef8c0692518323ff8f283ec7d1c6c68968da1d9ed32fdcaff39859001817d6,0b0f3d3d4d551d3d
main,hurricane_maria__915320338187243520__915320338187243520_0,cluster_02480,hurricane_maria,severe_damage,29855f0c6e4ec361385ca63d6ddd2c1137e89c009cd6467bdd9bd7d5480a29c0,0707075d4d2f3f2f
main,hurricane_maria__915995595923435520__915995595923435520_0,cluster_00917,hurricane_maria,mild_damage,37ec702aa03e9a437fc812bbc999d97bd109256e408554ac87b95964d7ec1aaf,1d1d9c3c3323b434
main,hurricane_maria__915995949662576645__915995949662576645_1,cluster_02483,hurricane_maria,mild_damage,48402357c5d7904ccb8a5352933834f37321a5ff052d4e4cdbc2832839907981,375f87013b1b0f05
main,hurricane_maria__916027872212656129__916027872212656129_2,cluster_02487,hurricane_maria,little_or_no_damage,2282d7c8d68a7111193332c237d54bf8c81ea82f83c1ce6a7e09b423af72bd95,168f47060c0f86ef
main,hurricane_maria__916085953084710914__916085953084710914_0,cluster_00919,hurricane_maria,mild_damage,da0dcb7bd41a86c6c9b341a1f977d37ea6196d42272b5b6fd1b3367ec3e1f992,444492925ede8440
main,hurricane_maria__916114156058763264__916114156058763264_0,cluster_00921,hurricane_maria,mild_damage,69e973492339c97a66bef3aa5fb434de2ba2315214af57e2248654b683afc9b2,d95be9b194e3694d
main,hurricane_maria__916134570759802880__916134570759802880_0,cluster_00335,hurricane_maria,little_or_no_damage,c90dedf02614ad5786a837a5256b1ce1b574b970fa8685aa3c657b5603140d26,8d256631b497144c
main,hurricane_maria__916148763105943552__916148763105943552_0,cluster_00922,hurricane_maria,mild_damage,09b9dfd311c29fde12c2a603036d074ada22dd12d7809aebbe8c593315203ab8,3f1e373b1bce9e1f
main,hurricane_maria__916262585552556032__916262585552556032_0,cluster_00336,hurricane_maria,little_or_no_damage,bf5845e8ae5dae7d0328af4e547e5a320a5559c1985256b85f9010e45cc9a898,94a8a6f2b2b48805
main,hurricane_maria__916310521661591552__916310521661591552_0,cluster_00337,hurricane_maria,little_or_no_damage,d6a6334f844f8ed0b8144b72be6b9cb63e9d9b57ce2fc9bfef53302aca8911ac,8696921b9e264b9e
main,hurricane_maria__921306645833175040__921306645833175040_0,cluster_00929,hurricane_maria,mild_damage,f791f5b9c70193de793105331d957d354c4d1c51e9a21369a7f5a60af04e831c,1c9798c1c32e070f
main,hurricane_maria__921316214441463808__921316214441463808_1,cluster_02506,hurricane_maria,mild_damage,396f291c0236ea2beb743bcddbf27f09444192405a2f8d9fabfcb1e5ff5d32e3,33979624356dac9f
main,hurricane_maria__921317041365245952__921317041365245952_0,cluster_00930,hurricane_maria,mild_damage,7967b4dd649545f60797d01020c8225dd49f0d3f1d8c66507812bae7b73b091a,b7b3939753670707
main,hurricane_maria__921364937661976576__921364937661976576_0,cluster_02508,hurricane_maria,severe_damage,ef4ee4bc5442d61b7923008e3744af3cd0425198fc2d59b889d698b8546dcc8d,0e8e0c1446418e95
main,hurricane_maria__921382178625335296__921382178625335296_0,cluster_00933,hurricane_maria,mild_damage,cf9e4448228ebca61b602356d77daf72a327efd40c4a6cb9b91f5cf6656a5d40,7e67471b4b4b0b23
main,hurricane_maria__921385789635944448__921385789635944448_0,cluster_00944,hurricane_maria,little_or_no_damage,f7081fad85853b905a024e9471e6ec1eaf3d63ba6d855eada1848a06e1dba63c,56163646425c264b
main,hurricane_maria__921390909031354368__921390909031354368_0,cluster_00935,hurricane_maria,mild_damage,d1900ca01cdc182772dc033cef13af82a29025efb7d49ca6d7ab6e0fd3eaa863,624ddb210d89cfc3
main,hurricane_maria__921433090177863680__921433090177863680_0,cluster_02517,hurricane_maria,severe_damage,22f4784b0439c686434b7a1e30cb89dfdc8dc2614f7387f3ca34e750d772b596,bdbcbdb1b471b196
main,hurricane_maria__921443803457781766__921443803457781766_1,cluster_00338,hurricane_maria,little_or_no_damage,4b335e47c978d064fd7d509fffe01b0dbae01c98429355799515ec9e5e12428a,0508c0301422d49f
main,hurricane_maria__921542604801626112__921542604801626112_0,cluster_00943,hurricane_maria,mild_damage,ee7a21cf70121902c9fbe58305528d10eedec202e7077020839845d8ceacb7bf,464e441ccb999452
main,hurricane_maria__921756266531143680__921756266531143680_0,cluster_00946,hurricane_maria,mild_damage,075ad719cd43e7b4eeff7ab920afeb1e37f851e262c0bbb1dd73ce2302790984,0e07050f0f3f1f0f
main,hurricane_maria__921780671760171008__921780671760171008_0,cluster_00947,hurricane_maria,mild_damage,8a2941e9f8364c625a12302e13e6d99b1edf4cf95024964e9453ae9b81801d21,0b1b1b9b1d078367
main,hurricane_maria__921785922005250048__921785922005250048_0,cluster_00948,hurricane_maria,mild_damage,fc020a9dcd4fc6ab82797f4ee2f8c6e3185f799b5b733269380aaaf47d8652db,fffe7eddcfc747cd
main,hurricane_maria__921873063628730368__921873063628730368_0,cluster_00342,hurricane_maria,little_or_no_damage,d85e72f086333fb07aadaae5905cdf438da2e54e81f89555d4c0128dbd64152d,1f3f27090f0edf35
main,hurricane_maria__921914898665394176__921914898665394176_0,cluster_00949,hurricane_maria,mild_damage,ac87e444381fd5891b851a5dad2aee01509c2c71709b9be6d96e06263814c790,8381e06a23010199
main,hurricane_maria__922004023439511552__922004023439511552_0,cluster_02529,hurricane_maria,severe_damage,255beeba06b41885e029af2163dae9c6d0ea5dd3e1c1b7b88a86c4c8741cd577,06063d3d79737317
main,hurricane_maria__922015756140843008__922015756140843008_2,cluster_00950,hurricane_maria,mild_damage,a6a96e512776caf58321e0c159befcc41d5a539153d5ba7af3725e8995796b2c,2166c4940d0dcd4d
main,hurricane_maria__922371089078026240__922371089078026240_0,cluster_02535,hurricane_maria,severe_damage,72c99efe0da3473a97760cbc7490a9a2cb2ccca59d7f4280b7dea46ebe1ef175,3323276b472f251b
main,hurricane_maria__922474905538564096__922474905538564096_0,cluster_00347,hurricane_maria,little_or_no_damage,413558f0bbb74afdddb864c1f840832dd60cf70457c0d7d89962a06c198ea616,ef0f3b39b9b57736
main,hurricane_maria__922496274129129473__922496274129129473_0,cluster_00348,hurricane_maria,little_or_no_damage,fdbbf072b9ff66f0d17970ba9654c61356c8464047fd5faa7e3257eb63ebdf5a,971e0741434fa727
main,hurricane_maria__922515469399134208__922515469399134208_0,cluster_02546,hurricane_maria,severe_damage,6aedffa2e9dab7d4616dfaba7174216d49ee17d4abb44508320854322348b5f7,6f4f8c0b8fcd070f
main,hurricane_maria__922610290281402368__922610290281402368_1,cluster_02551,hurricane_maria,little_or_no_damage,33cdc1b554b7ae059552b9078042326b62d472a7b7f0e6734eab21b1f7686818,60d8c8404de56d4c
main,hurricane_maria__922675551835508736__922675551835508736_0,cluster_00358,hurricane_maria,little_or_no_damage,f2f4311ffac30e46a5a4fefe027823e86cd3e175f9452a6be945a9f176f5bea1,0707236307270f4f
main,hurricane_maria__922881031463755776__922881031463755776_0,cluster_00351,hurricane_maria,little_or_no_damage,56584d46b91863e33f2e243a15be413be926e7cf42de6155323d33aed82364b5,cbc505a5860e0e36
main,hurricane_maria__922915653887049729__922915653887049729_0,cluster_00963,hurricane_maria,mild_damage,2f3cb53b967ed2beaab8ffe9ef68608beb3853fe80aa3f98c2334ab271204bec,1e3e260727670727
main,hurricane_maria__922977569732988928__922977569732988928_0,cluster_02562,hurricane_maria,severe_damage,1beb2c6cac80cc6315eb37b2bb1dbc5c313e31a2d4249b7ca8e425a75e542109,379d2e2cb9f1f2ed
main,hurricane_maria__923035424838254592__923035424838254592_0,cluster_02564,hurricane_maria,severe_damage,afe06f9f467abd3352cea4916c38a6e7827efab87e7c07db27ad9ed999712c80,1e41030333610c25
main,hurricane_maria__923133826171154432__923133826171154432_0,cluster_00354,hurricane_maria,little_or_no_damage,c562998373672290ccb306b198e820711a05688f9225367259c913e345a9ee6b,36b6e6c460606060
main,hurricane_maria__923193683196887040__923193683196887040_0,cluster_02571,hurricane_maria,severe_damage,e0c0dbc912316860dbfd76d2b0d9f9d4fba635cdedc020e74755147abee04b4f,0f1f3f2e2e0d0f0f
main,hurricane_maria__923212089774063616__923212089774063616_0,cluster_00970,hurricane_maria,mild_damage,e3ea652033bb590924e6a6a87ed02f3334c55ddc1c1cfa38a7cdbd8d4223e5ae,11431393721b89a1
main,hurricane_maria__923262755246878720__923262755246878720_0,cluster_00355,hurricane_maria,little_or_no_damage,850fc7b2f966b1df1995b1ca7450db68cdebdfe62ff9bea7837f491feefca2e2,19406171f1b4a403
main,hurricane_maria__923262758992465920__923262758992465920_3,cluster_02573,hurricane_maria,mild_damage,e427f86f1968865dcb893da885107fa89842df8b09be3eddd8f5e8f6769cb112,0e1e3e96894ce6c6
main,hurricane_maria__923285999777669120__923285999777669120_0,cluster_00356,hurricane_maria,little_or_no_damage,85bdf51990be7359eef7127d2e27b033da001159d573f2724bb76b9ea9c4f943,c1c505a5948e1e06
main,hurricane_maria__923368626035576832__923368626035576832_0,cluster_00357,hurricane_maria,little_or_no_damage,7b6c242e0f99ae330c04a9bbd30dfb4243d40f7fe6cad4754184a432494db093,41034a96163236b6
main,hurricane_maria__923612432324616192__923612432324616192_0,cluster_00983,hurricane_maria,mild_damage,7eeb6d7ef7bf646fa209f130b185e969fed497696b430ed0c690b292f17ea4e7,0eccc656c9a66bdb
main,hurricane_maria__923808047495090176__923808047495090176_0,cluster_00986,hurricane_maria,mild_damage,e9aad2d0f24ca6648a84fcd9f1589ba3482d8b83f291abaae4c00f84ee2c0184,c7dd1d6c3816e9e5
main,hurricane_maria__927131866523676673__927131866523676673_0,cluster_00987,hurricane_maria,mild_damage,a1f40515dd0a63079faf768dc922662f92ff38bdf1db23cbed210b84991581ce,83c3d766cdcec6c6
main,hurricane_maria__927234307583815680__927234307583815680_0,cluster_00988,hurricane_maria,mild_damage,03f391fa8809fe88ea23c642e1cc0ad3c919afa060f49ebed955f869c68c6161,1f0f0f12170f0f07
main,hurricane_maria__927480823296733184__927480823296733184_0,cluster_02601,hurricane_maria,severe_damage,b6e111ff7c7d93e06943badb033050a643aa0f56c0431760f76a490fee7334b1,0733171f1773330f
main,hurricane_maria__927929692249878529__927929692249878529_0,cluster_00991,hurricane_maria,mild_damage,fa68244296bede70edd4cd4818c5571fafd2bc39e650905bebd0e663416d8c4b,11313527470f0737
main,hurricane_maria__927964130488848384__927964130488848384_0,cluster_00995,hurricane_maria,mild_damage,3e7030f6f60eb5c935cffcbfbf6d57d45bf9ca909326e2bad1e96701316372e5,c637d7cf2d9b2936
main,hurricane_maria__927998178636587008__927998178636587008_0,cluster_02610,hurricane_maria,severe_damage,59338badece22977942df5c73ed67871db0b47102e3b83b5ca6feaeffdc6376b,8e80a78dc8c9f894
main,hurricane_maria__928378477866340353__928378477866340353_0,cluster_00998,hurricane_maria,mild_damage,1d3c308470067c8fc1b02bb9a3f00c6acc0b9bbd59a2680817dd24e4e9b00f04,271f8f0e1a030307
main,hurricane_maria__929033551885959169__929033551885959169_0,cluster_00364,hurricane_maria,little_or_no_damage,b6e29f4cb1ac1b2a839f65272be763b5aa08524720c76111eb28052007fc80fe,d8508c280d000000
main,hurricane_maria__929059311501881344__929059311501881344_0,cluster_01007,hurricane_maria,mild_damage,c11e32ad4533ae45763642644a9f67db91a39246b8c1e08dd77dc05a8f469a8f,0f47088886532334
main,hurricane_maria__929359950542983169__929359950542983169_0,cluster_02631,hurricane_maria,severe_damage,166d23919464aa595f92039263fbeeaddd76e4770b0e563dafa775c56b4eb973,5ccc616340504244
main,iraq_iran_earthquake__930002028365049856__930002028365049856_0,cluster_02646,iraq_iran_earthquake,severe_damage,1476e4b9b980baabf5bad120c570b187efe4fa041abf7653f1b779cc643c6de6,240515ccc61292ab
main,iraq_iran_earthquake__930010119332679682__930010119332679682_0,cluster_02658,iraq_iran_earthquake,severe_damage,d11e5b0022c899924ba1a7a7c91a96de1f7e2bab4dd7197270bf65abe2870d2a,1405152ce6c24b43
main,iraq_iran_earthquake__930021249807417344__930021249807417344_0,cluster_02668,iraq_iran_earthquake,severe_damage,1c619ba4df28e5735b85fa12b8a57e67f09672f5a0d7ec387caa31966d921597,172df5d70e2a291a
main,iraq_iran_earthquake__930029482152550400__930029482152550400_0,cluster_02655,iraq_iran_earthquake,severe_damage,675292966e04cb655bdfc8ae5d102e98306b05a63da3a0c502a8746645ca4869,5545c7771d4d0913
main,iraq_iran_earthquake__930032829244805120__930032829244805120_0,cluster_02656,iraq_iran_earthquake,severe_damage,109e26b460389bc5ddc8010a8fc325c211674ccc5dce75645eefedea12f2e52f,c0808081443a7873
main,iraq_iran_earthquake__930039853097607169__930039853097607169_0,cluster_02659,iraq_iran_earthquake,severe_damage,ecaff0c3f5f356d8069a77ed03069ab980b224d35abead3c14fcc7336731353f,2637393b193b1313
main,iraq_iran_earthquake__930044157699280896__930044157699280896_0,cluster_02660,iraq_iran_earthquake,severe_damage,41cac46535d6dfaecf2bead6dca6f2d5c3942bb6be3031f33a3cfa24e02e0a8f,70313169410d09a3
main,iraq_iran_earthquake__930050908582563840__930050908582563840_0,cluster_02663,iraq_iran_earthquake,severe_damage,abd0ecffbbe4957558528b299194a79ce658b852ea4f6b742b57a15a69b0c958,8b636a7b1b4bc747
main,iraq_iran_earthquake__930054026133213186__930054026133213186_0,cluster_02665,iraq_iran_earthquake,severe_damage,73996f90f49423114d7543c48ce69972b599cd64686b3f550aef715f4273b151,829c9ca82b263f19
main,iraq_iran_earthquake__930064975304966145__930064975304966145_0,cluster_02670,iraq_iran_earthquake,severe_damage,9b430b4f2388d369d7ed22062993633c5480539e61af8844125d7737149bd2dd,075796165f3d3b01
main,iraq_iran_earthquake__930071199157293056__930071199157293056_0,cluster_02672,iraq_iran_earthquake,severe_damage,a19a20a0da358969e2d9112c411bff4607640d43c4ff578ac0d51c1dc8710e19,c557c5771d4d0313
main,iraq_iran_earthquake__930092444288536582__930092444288536582_0,cluster_02675,iraq_iran_earthquake,severe_damage,8e6eb2743425c92257be1aba6bc44115ae5603a2a091afe12e6c366fce04159e,f864e4b0f0bd8c27
main,iraq_iran_earthquake__930095399213428736__930095399213428736_0,cluster_02676,iraq_iran_earthquake,severe_damage,16e7dbe86f9a88053c72508a5632be18e2a415c2df2684c81f8034bc73236ed8,061e385590237317
main,iraq_iran_earthquake__930102201825091585__930102201825091585_0,cluster_02679,iraq_iran_earthquake,severe_damage,bb41722928a4727ea1e47d62252d751f082a005efd2cfc65927e47bb263fbb42,464646c74ec6c5c7
main,iraq_iran_earthquake__930106568116441094__930106568116441094_0,cluster_02680,iraq_iran_earthquake,severe_damage,465a3969f3cdd762cf88d5fe334034399abafe08a76cdc1f6da6af33d61798fb,0a0a129291cccd0d
main,iraq_iran_earthquake__930109831595417600__930109831595417600_0,cluster_02681,iraq_iran_earthquake,severe_damage,2745bf810684a32aef4bf8093bfcf44d3307a1f49d45a7b9a5725de93af95800,3ba7b1acfc4d2f19
main,iraq_iran_earthquake__930133906107617280__930133906107617280_0,cluster_02686,iraq_iran_earthquake,severe_damage,ef8e1628fcc4fcdae0dba26a935522c04a1f8602d151714e2494462c64f216a4,c7414966d57b5e5e
main,iraq_iran_earthquake__930136678488043522__930136678488043522_0,cluster_02687,iraq_iran_earthquake,severe_damage,e5361aa5e65fd3d7cd7caabbd96ad938d5f5cf997cf083ff6723b31dfb7af994,1b66160e07156d46
main,iraq_iran_earthquake__930147282028072960__930147282028072960_0,cluster_02689,iraq_iran_earthquake,severe_damage,cfe427d68d2e0283f17353cd117ad9427a814b38caaeb25a227bcab138cf2635,b9a9baa9eb3233cb
main,iraq_iran_earthquake__930180706709499905__930180706709499905_0,cluster_02693,iraq_iran_earthquake,severe_damage,1a6ef029702006742c4955081efb098a647c6725dbfbfd7050e90c7718f56766,4cb4920a8c8dd5c6
main,iraq_iran_earthquake__930191093785698304__930191093785698304_0,cluster_02695,iraq_iran_earthquake,severe_damage,b82fe1c25b5a328262952bc933f7cba206009d71c5bf9f4d497f9f748e944aa1,f8f8f7e5f379693e
main,iraq_iran_earthquake__930197285417443329__930197285417443329_0,cluster_02698,iraq_iran_earthquake,severe_damage,0f4342117e7b0ac322de5179c3129ed9ede2d47d674cfb53d2f6c118a88ac913,05fc0ececf3b0069
main,iraq_iran_earthquake__930209629589721088__930209629589721088_0,cluster_02699,iraq_iran_earthquake,severe_damage,d4c6a7f3ce8789ae3416fd6b30df27d9ffd11af8fecb78c5d3672736b0dea94e,136f6333052d6c2d
main,iraq_iran_earthquake__930272493947850752__930272493947850752_0,cluster_02702,iraq_iran_earthquake,severe_damage,af141ad39a57831297b5303b7b4e80a6a452d40c63c52711305558f0eed2322a,0391191c1b1a1e06
main,iraq_iran_earthquake__930324417783017472__930324417783017472_0,cluster_02707,iraq_iran_earthquake,severe_damage,eb89f187f0a33216879e641595b162c84bcb07e9970290a1d8db6da8e2546fbe,72724a5a72b2d053
main,iraq_iran_earthquake__930444320095789057__930444320095789057_1,cluster_02720,iraq_iran_earthquake,severe_damage,d59e563eb16e064e90c682b057a8d38b73e487ecfd647311c36f644e43dfdcf9,d084cd43babe9f01
main,iraq_iran_earthquake__930539345043341312__930539345043341312_0,cluster_02725,iraq_iran_earthquake,severe_damage,b243cc95b97db8eaee75c1816b2c75edf0ff51874f38f080fc1cb6acfe6a9dae,5c04400133f33332
main,iraq_iran_earthquake__930566146281091075__930566146281091075_0,cluster_02726,iraq_iran_earthquake,severe_damage,b8e34c7b829c32b0fb40bd7e56f9710a45169182a47f449e1b9fa1a8f8d8148e,38307359757c7464
main,iraq_iran_earthquake__930652773116534784__930652773116534784_0,cluster_02729,iraq_iran_earthquake,severe_damage,c18c1343006a686735370ae655fda890b4e64487c078d33703899c37b9036dda,2c6c212766b5d170
main,iraq_iran_earthquake__930712268416753664__930712268416753664_0,cluster_02732,iraq_iran_earthquake,severe_damage,5b394c3ff67e9578e082e6849e689c878f894ea52c114e7e8e0d793b14ea7dc7,3d1d1c3c3d6a2229
main,iraq_iran_earthquake__930992584347938818__930992584347938818_0,cluster_02738,iraq_iran_earthquake,severe_damage,20674df585090b9a18130ceed56f87e6eb85f935ba61f5a2e819d8379fa310db,57d5d7565b4c0111
main,iraq_iran_earthquake__931087356001685504__931087356001685504_0,cluster_02740,iraq_iran_earthquake,severe_damage,6d95b2b278e1e93f2b83d786c3c0545ef6a866a7f78419c9e165bfc11e986bbc,7c72c2e7c3e454f0
main,iraq_iran_earthquake__931159934154223618__931159934154223618_0,cluster_02743,iraq_iran_earthquake,severe_damage,3a0ee4a56cde9b628657daf18a135f89c9cd55a41c46143d6226febf0c06fc8d,1e1f1b9a8b6e0f1f
main,iraq_iran_earthquake__931366109583958016__931366109583958016_0,cluster_02748,iraq_iran_earthquake,severe_damage,629cc76f5dfd0b21d02677852be6f66387ebdf344a9884d6e966c2186c0673ae,9e8e8c9c3565632f
main,iraq_iran_earthquake__931535497679294464__931535497679294464_0,cluster_02752,iraq_iran_earthquake,severe_damage,9fa36022ae3d6cdd77ff28673680e742eed100c54799255a7f673a18d3856265,1616cee667da7265
main,iraq_iran_earthquake__932000082072948736__932000082072948736_0,cluster_02757,iraq_iran_earthquake,severe_damage,85cfa1db0e01b5ebca90ae9012c397d3390ea61a32311d3942358ea1c5a55d61,1b1b1b298884120a
main,mexico_earthquake__910524679777001472__910524679777001472_0,cluster_02761,mexico_earthquake,severe_damage,8e25742c5aa18ba2fa05aba81231001be3e7dfbaa416f5d4ffce56d75f505b0b,de7c6a6571f9c98e
main,mexico_earthquake__910532465415954433__910532465415954433_0,cluster_02766,mexico_earthquake,severe_damage,ecbc4adb68441241e171e2bbdaab07acb94b29aaaec981e0f770de9a50ef57fc,3a3347cbaab59199
main,mexico_earthquake__910536209180626946__910536209180626946_0,cluster_02791,mexico_earthquake,severe_damage,82b1c2a881f4b761fb54dcf543c314cdbebfe4c2e84b95fd845bae287bd44ee3,157c7a7a7bc93919
main,mexico_earthquake__910537194237870085__910537194237870085_0,cluster_02767,mexico_earthquake,severe_damage,a43c763b8e7a8fd6a98247b89e3a5633b3f47aaf495219d302795ade5ded79f8,d1c2e1713373f7ef
main,mexico_earthquake__910541745007427587__910541745007427587_0,cluster_02771,mexico_earthquake,severe_damage,91440e189ce5127385a064a33987bb6f2ceb0673268a7964f979a6f09ace2182,a5a5b4b4a6b4d574
main,mexico_earthquake__910549160742539266__910549160742539266_0,cluster_02775,mexico_earthquake,severe_damage,53496383d2d935ad8943bc1dc4b7316181f2bd773ead4d6193047b89cf25a90d,0f1f3f0f0e3f7f27
main,mexico_earthquake__910563191700185088__910563191700185088_2,cluster_02815,mexico_earthquake,severe_damage,466b378a38fe50264c5356e2ac763c8bc200bf1c869a07329b3237368b42edd9,e1e0ec6832423c6f
main,mexico_earthquake__910572320338485248__910572320338485248_0,cluster_02781,mexico_earthquake,severe_damage,7d56970134a2e9190ed7e7aed31ecdb5c5096dfb8850d7f4114f096f00af58eb,938f6f4333330e05
main,mexico_earthquake__910609555821858816__910609555821858816_0,cluster_02785,mexico_earthquake,severe_damage,904f1a4965b06990fbaa114f166019c7d2c23554aa8bfd0c41438e2d43f11ada,1a1a13950cc56d2a
main,mexico_earthquake__910631928423964672__910631928423964672_0,cluster_02792,mexico_earthquake,severe_damage,450b33da59d37cf7329f03d5e5ecb0c56bc9211ce072ea91c599b47cdfefa1cf,6ce1f2b8d832d1e4
main,mexico_earthquake__910647834688462848__910647834688462848_0,cluster_02794,mexico_earthquake,severe_damage,8c5385682a2d16ba712929c842a17c57f41eb4034064bf8ec0c81ddc97d5d7f7,878303772fa1b9b9
main,mexico_earthquake__910653901539594240__910653901539594240_0,cluster_02795,mexico_earthquake,severe_damage,fd9d3d5deba8fc123889b7459133b43453986239904d78c10e62d2f365bb5892,19cdd7130c208221
main,mexico_earthquake__910658421338275845__910658421338275845_0,cluster_02796,mexico_earthquake,severe_damage,801eb2a16bda08f78d747495505012ee719e1c94990c8762aadac639f7696e84,83c7e7337f6ac8e8
main,mexico_earthquake__910681807858810880__910681807858810880_0,cluster_02802,mexico_earthquake,severe_damage,806712552228789b605d91046d8f3150f42e58db4e85d44ea16827f28daf721a,686869ecb6743434
main,mexico_earthquake__910682398907617280__910682398907617280_2,cluster_02803,mexico_earthquake,severe_damage,bd6ec334f18cb4010e7e21febb817ee454691c155c9ab49b6f594667c653b4dc,1f430a3d1733212b
main,mexico_earthquake__910694845949366272__910694845949366272_0,cluster_02805,mexico_earthquake,severe_damage,c14ed909eb29cc31c7e91ce00b33af69038ddd042bbb87044f534c670fcb791d,808187a12312c62f
main,mexico_earthquake__910698946514771969__910698946514771969_0,cluster_02807,mexico_earthquake,severe_damage,6e1dc86664df0f89cd13f46a055e61239801031d15500ae5e42861ca23257de8,77b1c18f0d456d4b
main,mexico_earthquake__910700764808564736__910700764808564736_0,cluster_02808,mexico_earthquake,severe_damage,1113391d1e05d19632a922f02376a09fbdd832c6ca21c679fc9762eb67636f02,07071f1d3f5f995f
main,mexico_earthquake__910708925548384256__910708925548384256_0,cluster_02812,mexico_earthquake,severe_damage,2ed4d803770dba431fa20f96fe661dad2d9b1d3e48384ea04a042e9812a54478,19039379b438ecca
main,mexico_earthquake__910734118165590016__910734118165590016_0,cluster_02814,mexico_earthquake,severe_damage,25b01fb014757bc65864d5e722f6c2faf07c6bec85f366dbbc353710b3219a3d,7f9b80945d2d242c
main,mexico_earthquake__910764633811816449__910764633811816449_0,cluster_02825,mexico_earthquake,severe_damage,a6941d3dab169848f3ccb6d2773bbd966d3810c7417f94541b867b398b37c255,d9dbc3c5d34d4dcd
main,mexico_earthquake__910803599680327681__910803599680327681_0,cluster_02876,mexico_earthquake,severe_damage,33e5f063678284e641ff8b4cadd610863c9e28c230a07897c6b417cf35c70c8a,0fa773e2e4202515
main,mexico_earthquake__911622599452409856__911622599452409856_0,cluster_02824,mexico_earthquake,severe_damage,ba0ec818ad19bacccd061b04fbe5f55421228bab74ced74274fb82dcc3b5fa14,1949591c9494b4b3
main,mexico_earthquake__911683426595590144__911683426595590144_0,cluster_02829,mexico_earthquake,severe_damage,38de343b47a192fd162aefe6d0d20a723d93ff3dcefbcdcb4eb5b8a80228e497,080dae2714832393
main,mexico_earthquake__911773444978675712__911773444978675712_0,cluster_01027,mexico_earthquake,mild_damage,04b55770938a62d7764439b99697fc027e2d3f4040a812f26fc6b368265fa5b0,93430b8b1b2d2d27
main,mexico_earthquake__911801561780699137__911801561780699137_0,cluster_02834,mexico_earthquake,severe_damage,cc25a15132850495f5fb4ea450062243b6c25bdc5cf1e5bd7d0bb150d479e2c5,40401a0c8c8c044d
main,mexico_earthquake__912111866595471360__912111866595471360_1,cluster_02845,mexico_earthquake,severe_damage,38870e4d4799f7e00933d47759b0b7f43c4e1106a471c715a7776e9ce64ab5d5,0f1f0e2f3b335a12
main,mexico_earthquake__912163228716814337__912163228716814337_0,cluster_02846,mexico_earthquake,severe_damage,1355e8ac770524b4b5f4c25febffd452f26326d02137afed5bf12df5bfe73763,bf6e4e4f573e4fcc
main,mexico_earthquake__912331848478609409__912331848478609409_0,cluster_02848,mexico_earthquake,severe_damage,87d3c89ce73da12f14f49cb9f2da6fe89bd80a332d940a1a52697bc9a34c6c6f,800042301c1c9818
main,mexico_earthquake__912466758602313728__912466758602313728_0,cluster_02853,mexico_earthquake,severe_damage,f55eb82e457d654c0eb7f85764d3ce03ee90a74d7aeac206cdbcfdca519feec2,73673d6c49094d6c
main,mexico_earthquake__912982510518247424__912982510518247424_0,cluster_02867,mexico_earthquake,severe_damage,da2ea6236283c17257981da0f9c39c3f7796121e84e8149ae9e7cf6fa0e7da4b,06436161fcb0e0e2
main,mexico_earthquake__913002540119330816__913002540119330816_0,cluster_02856,mexico_earthquake,severe_damage,1b21ba6990f5d31b2d369223645c6d22b38ba18062b5b3cc0dd07405c73062ab,2b0b9b8f0e41c1d8
main,mexico_earthquake__913044211611652097__913044211611652097_0,cluster_02857,mexico_earthquake,severe_damage,99da1fbe3891ca26b1de1e7bc540b236729a7a9c8895fe5c4432ea6907a900e7,2f27c0cc65331333
main,mexico_earthquake__913355330100301829__913355330100301829_0,cluster_02861,mexico_earthquake,severe_damage,15d1b3b50e6f1dd42e161f82f8c2e14576e0a15c5c0ed11773788722f8ac6e08,0636044ac4c1434e
main,mexico_earthquake__913806954023325697__913806954023325697_0,cluster_02864,mexico_earthquake,severe_damage,f14e3e48350bed9222fe683993a929fa7fb8df350d488a3fa70362dfd832ef63,1747e7031b8f484a
main,mexico_earthquake__914104822131040256__914104822131040256_0,cluster_01031,mexico_earthquake,mild_damage,5a69e51b846bdcdcec74be01a96e7ae3918deff5888702c1ffd9cb589bc88e3d,adaa2b8aaaae8eac
main,mexico_earthquake__914823897601605632__914823897601605632_0,cluster_02870,mexico_earthquake,severe_damage,1e34b5e2012d72dc5d69b38c39f3f09e359983c8d26de83342c5a2b34760c8fe,333736282c313615
main,mexico_earthquake__914952139209891852__914952139209891852_1,cluster_02872,mexico_earthquake,mild_damage,c988a4efab5252f27c72fe192b0d0418720508d632e07de4efe08285ceedbf28,161b0e0e2b16160b
main,mexico_earthquake__915079996900827136__915079996900827136_0,cluster_02873,mexico_earthquake,severe_damage,7800cdc476d6af119280895b8575b3524257e34a5d43a07f43413b6db2685ed2,7363694a161b2a4a
main,srilanka_floods__869954479524691968__869954479524691968_0,cluster_02877,srilanka_floods,severe_damage,869d11a3d5afd1580a1293a52e2559ca40c7fc1f4bd80ef4bfe0f1d9db71e7cf,9d09e4ccf6332b63
main,srilanka_floods__869957051547435008__869957051547435008_0,cluster_02878,srilanka_floods,severe_damage,e3eeecd8b92b7325a2efdf9c4fab2844781ac0f6fed161b77432c05f96e86537,0a8a9a034f393317
main,srilanka_floods__869967714948849664__869967714948849664_0,cluster_02880,srilanka_floods,severe_damage,669ec999b27b223290bf3024b9db7a941b76a119596f88a02a6433e09dcc8636,736b29247c343499
main,srilanka_floods__869984832364756992__869984832364756992_0,cluster_02913,srilanka_floods,severe_damage,c8ce297f5ea23bfea378e08f70619478dd57490a9ffc7cffb67edf9ad057b149,9f531b0907879f2f
main,srilanka_floods__869999741165109248__869999741165109248_0,cluster_02882,srilanka_floods,severe_damage,8c4ca721a9d137159f6b58606d187b4648013d20b55bf7db31f79fa5da4d37b5,737370585849da4a
main,srilanka_floods__870003422514208768__870003422514208768_0,cluster_02883,srilanka_floods,severe_damage,d1b2b829861e20bfbe2a7b17ba0e0a8f9d7a4e4046ba5a76dd920c5a4fd2d8a4,5917320429227070
main,srilanka_floods__870013706935119872__870013706935119872_0,cluster_01036,srilanka_floods,mild_damage,f08e635360e432d8e27fd35503ab9239f71d2ef0d7e03c782b09eb92fb5b999c,dddcf8a9c9c9d499
main,srilanka_floods__870043559076007936__870043559076007936_0,cluster_01038,srilanka_floods,mild_damage,8e03ce72e113f4faeb3745143bcade2a81b7e5b17b39d40bd06a871299a8d952,1919b98d8d8c2219
main,srilanka_floods__870061681493155844__870061681493155844_0,cluster_02887,srilanka_floods,severe_damage,f0a656aba775cdda506281325bfa6b2444d0aff8189d168a4dad646f09d882b5,d37b0f0f2bfbffff
main,srilanka_floods__870134495650906112__870134495650906112_0,cluster_02889,srilanka_floods,severe_damage,2a3b9a5a32b8f84c37ed216f8367fce668de31b4135fb06dd5a5fd9082af22e8,000358d89b9a52e1
main,srilanka_floods__870140216656502784__870140216656502784_0,cluster_02890,srilanka_floods,severe_damage,17754497525054caed8772b9dfacb6818d8230af710454661c3f1a584c517c0b,54d0808909600910
main,srilanka_floods__870182877706715139__870182877706715139_2,cluster_02893,srilanka_floods,severe_damage,1eb0865d5c2ae7b2fda7ce9b0282012c4b54501f0a5ac478daa6d72abc541510,3c361e9d1c0c1e0e
main,srilanka_floods__870283105151668224__870283105151668224_0,cluster_02899,srilanka_floods,mild_damage,7ea4ac07dbb644a00ff28462967a323816e76f168bce4923f747431e3fa0f07d,8e4e4e8d93938326
main,srilanka_floods__870331956415909890__870331956415909890_1,cluster_02900,srilanka_floods,mild_damage,ff9cc0dbd30e3a6c5d88e267068ebc469e9435c081b1af1723884fb3c82039fb,7e7ff7f06068e5cf
main,srilanka_floods__870528490184908800__870528490184908800_0,cluster_02903,srilanka_floods,severe_damage,9337f937ebefd2f8cfe0e1a7d25389004b20799ac51e85bed43d3ce17f74dc88,7cdeca4dbb3f8f1a
main,srilanka_floods__870539388001722368__870539388001722368_0,cluster_01048,srilanka_floods,mild_damage,39465ff14f21fb3cd9599f3739a0ef2347aee5df908c5effff2a050df2c8ede9,030f8d2f0f0f0b48
main,srilanka_floods__870552370744315905__870552370744315905_0,cluster_02904,srilanka_floods,severe_damage,a4f03a062b27d181d6f168b102868308cd1930ce5ac634f9353ebd955071030b,8c38300e5ae472d8
main,srilanka_floods__870559283880112128__870559283880112128_0,cluster_02906,srilanka_floods,severe_damage,d75d33a38de943b45f754d1101711298070b882d5220734f7a772cc4d5190185,1a9e891d9f0f4b4b
main,srilanka_floods__870570338723086337__870570338723086337_0,cluster_02907,srilanka_floods,severe_damage,1470bacf133f38984e56ac3089b4d16b2c4950a7a83dc4aa5d80377d81a391db,070d4fc3429c0c0c
main,srilanka_floods__870605057548443648__870605057548443648_0,cluster_02909,srilanka_floods,severe_damage,c15f7a65d366c580b34fe3cc17ab1c21e2333a215daccf25e353a512dbb73aa6,2b260e991979daa5
main,srilanka_floods__870635993661091840__870635993661091840_0,cluster_02910,srilanka_floods,severe_damage,41c59a9755978502dffd02197fd1fd0c1574073df197379ea0a4df4d5cdb425d,2f3747c58d8d010b
main,srilanka_floods__870678906940129280__870678906940129280_0,cluster_02912,srilanka_floods,severe_damage,b7e1bab87b7e8afa3845acf6465d526d13d63b7d0f53f40399b79c57c82fde80,ca4afb46cbe7ede6
main,srilanka_floods__871260385252343808__871260385252343808_0,cluster_02917,srilanka_floods,severe_damage,f6d18881183e8cb158dc3964e1a9be316f26620dfb20ee01dc320b74984af476,6c69196f4f4e6a62
main,srilanka_floods__871328241956597761__871328241956597761_0,cluster_02918,srilanka_floods,severe_damage,59400f684e743b5c3d4d786b6440708af8df459f7a6a8b1b7fb4ad4d4dda2a0b,e3631b195821331b
main,srilanka_floods__871494277951508482__871494277951508482_0,cluster_02919,srilanka_floods,severe_damage,9abc3781c657edb70550e20544cc2d1209cc45ba21b4bc40e1265afb8144d852,3b9590c20f3948c0
main,srilanka_floods__872044691885305858__872044691885305858_0,cluster_02921,srilanka_floods,severe_damage,0b016247b4bf4a939752356f336e145f8f400c22789ad72c82e587de974f653e,361e0e8e1ec6e737
main,srilanka_floods__872076035726204929__872076035726204929_0,cluster_02922,srilanka_floods,severe_damage,5cd003460756b0f0c1e2aae7b000c208d5edad536928723207166ade529e38d1,450f7feb0dcde75d
main,srilanka_floods__873663464774017024__873663464774017024_0,cluster_02928,srilanka_floods,severe_damage,1b3e7b2ad463d64885f6ff827b1eae349173806d259b3f680608e2e5c31475e5,3f5b13a5ac6e9e9e
main,srilanka_floods__875502695922139137__875502695922139137_0,cluster_02931,srilanka_floods,severe_damage,cd82dfa510a3f4dee1bc34079605f11edbf8f24581481c536de59f906c7de8fc,2342c360210eb4f6
style_ablation,california_wildfires__917828328475680768__917828328475680768_0,cluster_00378,california_wildfires,mild_damage,6bf4741d9f30c51935709ffdc5886f2b2f523fd0d8802ed72f285d2b8900f7c7,19193f3e9fdfcd48
style_ablation,california_wildfires__917994406732615681__917994406732615681_0,cluster_00382,california_wildfires,mild_damage,27398a4cc4f247994e8e4bac17b2bc2b0367433ae2338cdb0139dd4711ef22bd,6f4f0f0f8e2e3d05
style_ablation,california_wildfires__918090018190655488__918090018190655488_0,cluster_01162,california_wildfires,severe_damage,e02f5cc677104829a3530620b1280c52a1fc8392dc5ab94255580b93302e36da,04095bc9945c4d8d
style_ablation,california_wildfires__918106736019591169__918106736019591169_0,cluster_01170,california_wildfires,severe_damage,32cf1000472e1e302b040be128b707399a723bb5dd910de84be45b0ccd45c1cd,ce7b3b17070e9789
style_ablation,california_wildfires__918237552271872001__918237552271872001_0,cluster_01180,california_wildfires,severe_damage,287b88b3c6cd812782f5f1eaa24ce2b781397caa0217f2ad18114f3b89eb7c3a,1f0f2f37679195dc
style_ablation,california_wildfires__919937237676040192__919937237676040192_0,cluster_00394,california_wildfires,mild_damage,2d72fe97b74a8e052bd8be255f7f58cf484d909533d5cdfd7c45447d5095bf2e,074f031d30b09183
style_ablation,california_wildfires__919975227953762304__919975227953762304_0,cluster_00398,california_wildfires,mild_damage,0bdc6b0604407cd5739f8f37551a87b8ee1809fc2e4d439f0f27ccb2c345f145,0bc7730314060009
style_ablation,california_wildfires__920045440594268160__920045440594268160_0,cluster_01287,california_wildfires,severe_damage,88af8fd5612feb65f49c761ce9aace8add2ef763dc30e5b92781ff7111bc6c71,0747474f0f0f0f8e
style_ablation,california_wildfires__920382328618278912__920382328618278912_0,cluster_01326,california_wildfires,severe_damage,1f918600f72599df6ce2818e37c55a08c1e97fd734bde8417c9d1557a8a6fd98,434d587373228400
style_ablation,california_wildfires__921089830074929153__921089830074929153_0,cluster_00406,california_wildfires,mild_damage,f189f5c15734f3ca7e1df87477e8dfeae8ea0dbc30c0f1fa86e90e127acc7236,23696969293b594c
style_ablation,california_wildfires__921116100527521792__921116100527521792_0,cluster_01382,california_wildfires,severe_damage,db249a51660d961b8572910df9fde5e38700caf69348a2c04e44f6f63bbb3055,3631343777771909
style_ablation,california_wildfires__921528721563095041__921528721563095041_0,cluster_00411,california_wildfires,mild_damage,160b33b3be4ca5b0209f5206d6cec5299668cb19e0fef73fb482e113fe15d62d,c81949d2d24c554d
style_ablation,california_wildfires__922468220388429824__922468220388429824_0,cluster_00416,california_wildfires,mild_damage,167c8d89267a7230c81419372c5a3eef6c4c916bc5895534cf5b4c7fabd360b2,322b2eac2666c98c
style_ablation,hurricane_harvey__901692835698798592__901692835698798592_0,cluster_00017,hurricane_harvey,little_or_no_damage,1ab5c3e6c4d8dcc93c856a12e07fc46a7327f59f41b1434de5335fdbf06bb762,7c3f173fecae3938
style_ablation,hurricane_harvey__901776373177561088__901776373177561088_0,cluster_00438,hurricane_harvey,mild_damage,319289a005e115a8939e048287a4cf7497722ff91bfc412de267e5421a548c83,0f2f1f3e3b3b7b53
style_ablation,hurricane_harvey__904211400360427520__904211400360427520_0,cluster_00029,hurricane_harvey,little_or_no_damage,0bbcdae528413f0aa201a2abea0ad152a1c35313999a198caa6db228c0670547,0c0c2d3616561617
style_ablation,hurricane_harvey__904322912206950401__904322912206950401_0,cluster_00450,hurricane_harvey,mild_damage,73d4627888fdea9658f64f8f565b2bf4a1d2d70eefb88772919d75e2f79bc4fa,a7c7e5af9301a478
style_ablation,hurricane_harvey__904606118525239296__904606118525239296_0,cluster_01596,hurricane_harvey,severe_damage,83615a4f60b5b39ca3b632f04bc3105ca2cbfa3b3afba7c4114d1c04e3947cb5,401160e616162d69
style_ablation,hurricane_harvey__904728264614133761__904728264614133761_0,cluster_01614,hurricane_harvey,severe_damage,e690774e6c61a9a795a545796429996a754094b554d9cf56ef81e1c471874785,6f8eeede3cacfc3c
style_ablation,hurricane_harvey__904755214879678464__904755214879678464_0,cluster_00039,hurricane_harvey,little_or_no_damage,838c87a64e1b15d9dde2ad468bb8a16ed3e810aa943e0ede54f5db2d6e83fa24,274fd67a1d0d272f
style_ablation,hurricane_harvey__904830090386735105__904830090386735105_0,cluster_00041,hurricane_harvey,little_or_no_damage,c67a0e0779022e0a1e4cb2469387f165590e8fd16fa74a735e09fe2a0772d5a3,86c4ece8aeaa8d8b
style_ablation,hurricane_harvey__904849577450160128__904849577450160128_0,cluster_01630,hurricane_harvey,severe_damage,ea5fc85f7c3bead9770e9d1d7aef23fa130ada96892b890e80a382c7266bf870,7d3b51d5d9373641
style_ablation,hurricane_harvey__905420310081675267__905420310081675267_0,cluster_00053,hurricane_harvey,little_or_no_damage,5218ab130b6bf3bb1aa20df405dab4c984d6af4eb06abc4012241b068578fdb7,4969389e8c181d08
style_ablation,hurricane_harvey__905479907920277504__905479907920277504_0,cluster_01703,hurricane_harvey,severe_damage,8446f981066917bd99a2f6c0259330934f0d837de1155b03fe3039d26c3fac87,4c00938731b13027
style_ablation,hurricane_harvey__905852739716075521__905852739716075521_0,cluster_00507,hurricane_harvey,mild_damage,32d784d9754c35748a3f8e62554b6d1f04a2b14b5d359b1f92d0208dec8730bc,7595d53333313133
style_ablation,hurricane_harvey__905897170007711744__905897170007711744_0,cluster_00061,hurricane_harvey,little_or_no_damage,cf6a2a2c571ecd47583a0c67c8d5fe5003759f55eb5645261f739ca943a16ba9,a9696949150c1f1f
style_ablation,hurricane_harvey__906002921350979584__906002921350979584_0,cluster_01759,hurricane_harvey,severe_damage,6662737070fca1ef2d7dcad01aa3dc1e095beac917cf3e5a4f4121c4b4ad225f,9e3769068a684c4c
style_ablation,hurricane_harvey__906200820961693697__906200820961693697_0,cluster_01831,hurricane_harvey,little_or_no_damage,1a27972ec1eccb1c7f995fea8d3bee335b02a68ee013c2ed238c16f4c5351bce,690a25e3869b13c1
style_ablation,hurricane_harvey__906242339861037056__906242339861037056_0,cluster_00521,hurricane_harvey,mild_damage,138c8a6e5eb97b511d781f8f5eacbac502c82f210e555132b9fcca36f2c96802,a7a6383f8b8dc572
style_ablation,hurricane_harvey__906801256127254529__906801256127254529_0,cluster_00069,hurricane_harvey,little_or_no_damage,2bfcbb37cf63b90074291915b58b72dbc9cb9741cc6f760771449159060ba9a0,ffeecfc2e2d3d8d0
style_ablation,hurricane_harvey__906918192550948865__906918192550948865_0,cluster_00535,hurricane_harvey,mild_damage,2093982f363fa245ddfd0f239d9d68a5a1e36742d0cc1de5247be491ae4e72b6,1999181a1b1b1e1f
style_ablation,hurricane_harvey__907086785599213568__907086785599213568_0,cluster_00541,hurricane_harvey,mild_damage,194a52894015580c1ddfc2b456bb2967a72c7dbc6c48b5fd01f94fb376ad4077,7a4da1b18ab63434
style_ablation,hurricane_harvey__907153066864136193__907153066864136193_0,cluster_00075,hurricane_harvey,little_or_no_damage,a57af33b6b2081bb6318aacdbe7b64b517b409d4e22cb542891cf37e39c06abd,0003050d03430303
style_ablation,hurricane_harvey__907315724275695616__907315724275695616_0,cluster_00080,hurricane_harvey,little_or_no_damage,dd60f4047134698bea2d8fa9c28bb03aab8d687b23ce099b4553cc3d8086a202,874d0f8f0700f8f0
style_ablation,hurricane_harvey__907398192567930882__907398192567930882_0,cluster_00084,hurricane_harvey,little_or_no_damage,9d4e523d8538ae83fd05b74a9f9db63351ec830221d6e547c61a056337c4ba17,0e8cfdd96b3bd2c2
style_ablation,hurricane_harvey__908584190446264320__908584190446264320_0,cluster_00089,hurricane_harvey,little_or_no_damage,56dbf579ba658cd58e3e6f7dafbce7d5594001394e9caae6a9a8b20cf8551eda,246060941e1ebc7e
style_ablation,hurricane_harvey__908912388002459648__908912388002459648_0,cluster_01925,hurricane_harvey,severe_damage,7983c1fd0128ddf9d9536d338eb3f196e31527034feba4a6f5748f91d67180e6,17954d03e5674200
style_ablation,hurricane_harvey__909220520461180928__909220520461180928_0,cluster_00097,hurricane_harvey,little_or_no_damage,e846f0bd927398bab7ef251aba9f68b9509a3d8043f93419dcb2d80919ea2120,cf6a68e4e1eb6971
style_ablation,hurricane_harvey__909819421606141953__909819421606141953_0,cluster_00603,hurricane_harvey,mild_damage,3dbe7eb616acb4d20acce3ba44c230be198f180592934f316a2abd72786a3b91,5858c8a82caca42c
style_ablation,hurricane_irma__905701933339566080__905701933339566080_0,cluster_00111,hurricane_irma,little_or_no_damage,be1747a9399323af7c2c7d2466c737d771203d35fe4db11470a7687918aabf39,1c9931b02a4cc88a
style_ablation,hurricane_irma__909384142768492544__909384142768492544_0,cluster_02005,hurricane_irma,severe_damage,b36cb5a8515c34fb06693061e7761cbb4da73f6f2f234cec8c67cb8e4ffb4ae9,628a0c3c0c64cc1c
style_ablation,hurricane_irma__909385864500989952__909385864500989952_0,cluster_02007,hurricane_irma,severe_damage,0edd8e21d1b687987b71c90607b3cc9a161ebc2d57c1b60f66abd35d316bde7a,c01b4ce18a1c7b07
style_ablation,hurricane_irma__909409487030771712__909409487030771712_0,cluster_00136,hurricane_irma,little_or_no_damage,9460fb272af8dc86be930840195ecc8ab439dc6c2a823dfd2e0bb9e1d042a92a,f8f8bdb766449595
style_ablation,hurricane_irma__909418648996999168__909418648996999168_3,cluster_00637,hurricane_irma,little_or_no_damage,434f31afe4e521a399ed777f0bb8ec9f115fa2e9bfddfe8c467ae84cb0520ed6,f880210101073e80
style_ablation,hurricane_irma__909421586893070338__909421586893070338_0,cluster_00639,hurricane_irma,mild_damage,191a145d7108b3077ccca3d3c423ac37b57f7f8276b6048cae904117b616a10c,5b539772f1194f6b
style_ablation,hurricane_irma__909451341067677696__909451341067677696_0,cluster_00152,hurricane_irma,little_or_no_damage,c690e32fe2ab21be52983522ef2cd5c04d7ce9fbd614e410a7a8728ae50de522,9f038294dc350313
style_ablation,hurricane_irma__909466733173465088__909466733173465088_0,cluster_00650,hurricane_irma,mild_damage,41d64a62d2e2586eea7c34d4912da5174dacfed20c729ba07cf6fb6a5d281898,4f4f733b77477b57
style_ablation,hurricane_irma__909481301274587136__909481301274587136_2,cluster_00655,hurricane_irma,little_or_no_damage,bd63b366293d3a1948fdbb0c025b68ada0741df6e38fcdfed9a9e58430bfa010,70610e8222e6d6e3
style_ablation,hurricane_irma__909714323156733952__909714323156733952_0,cluster_00168,hurricane_irma,little_or_no_damage,acd9ad649bb06c177b57023b1bd1609dfbb2d3dbec58eb19dc2b2a653f5889d7,9585050319090d0d
style_ablation,hurricane_irma__909742125662789632__909742125662789632_0,cluster_00174,hurricane_irma,little_or_no_damage,a41ba350dc35a5e4cad4ba262656efbeb4b1c7f79f5d027e65c6064d339f8df6,859edacda92b2a62
style_ablation,hurricane_irma__909841216413429760__909841216413429760_0,cluster_02129,hurricane_irma,severe_damage,c47a3a7070647c66fa8cd752c6a2292d70f4ad5cc4c42cb4dd824a4f0550d7c7,9dadb4b9a6f376a6
style_ablation,hurricane_irma__909874417425149952__909874417425149952_0,cluster_00713,hurricane_irma,mild_damage,8725e1885151a656babc6c45638a5a6c675467e6eccbf0fb29401dc43c4ffc8e,13038b0b0e0e0200
style_ablation,hurricane_irma__909927931316703233__909927931316703233_0,cluster_00239,hurricane_irma,little_or_no_damage,91f905203901f0f505528e498f89c4867a94c5a9a09bfab8dfb7f38dd1989091,0f0f0f050f49d0cd
style_ablation,hurricane_irma__909974100419911680__909974100419911680_0,cluster_02165,hurricane_irma,severe_damage,15268cad5dc3c7c5a1f423b11505a2621846b7d5298111fd8ed559b54423363d,bab2a8d4de36b6d7
style_ablation,hurricane_irma__910066988596305922__910066988596305922_0,cluster_00750,hurricane_irma,mild_damage,f8677e7761c30e2ccb03a800308d917bce54ba3ecd183ecb9e4e7fbb74412ffc,c449cb8e0e0f9799
style_ablation,hurricane_irma__910140800658497537__910140800658497537_0,cluster_00264,hurricane_irma,little_or_no_damage,8d438eef9ff4a50c6381f984748594d99b2e8ad0b40712d583e698a1baad45f6,5d4de9f170f96307
style_ablation,hurricane_irma__910149254097850368__910149254097850368_0,cluster_02197,hurricane_irma,severe_damage,f50366b8b24b120ac335906f76d4ae91ff7185cb5587dca7f2beacea51028804,9283cb4f6763d94f
style_ablation,hurricane_irma__910170497689759744__910170497689759744_0,cluster_00275,hurricane_irma,little_or_no_damage,7a458866f218b3ce89830ccd4892dd1719ef531e14a9050b6b1aca0435652ebe,3bfe5b49b0735b7a
style_ablation,hurricane_irma__910192887723413505__910192887723413505_0,cluster_02211,hurricane_irma,severe_damage,74624cd54e5f82f7e0b68a0650f08650e788043823ea5513e67d35f88a8d9c8f,0f0f249765d89bff
style_ablation,hurricane_irma__910194740905353216__910194740905353216_0,cluster_00284,hurricane_irma,little_or_no_damage,7a8cc551db977fb9ab641b377d2ed14326bf194789164e1c31fdc8d2bb2ba599,99999b034317b7a0
style_ablation,hurricane_irma__910198685685944321__910198685685944321_0,cluster_00789,hurricane_irma,mild_damage,3e5b30f28f7c27f7d57018e9dcfcab597203754c45af0db70f673d8d9c5fd68b,1e0727270f1f0f0f
style_ablation,hurricane_irma__910199425972211713__910199425972211713_0,cluster_00287,hurricane_irma,little_or_no_damage,ea40253125e01f3015b096752a541d9830920ad9feb8acbc0fb057001baf6407,3638317372a02092
style_ablation,hurricane_irma__910244526392008704__910244526392008704_0,cluster_00299,hurricane_irma,little_or_no_damage,4a985ed00db2da2799bc53370052dde3d67bbd23828aea854ca1d2cd383dc48b,02082063e57c315b
style_ablation,hurricane_irma__910247377105297413__910247377105297413_0,cluster_00804,hurricane_irma,mild_damage,c0ab2248dc02b5cdf202d6430749c503159c853bccb94f6f1792593587dd2411,fa5c73711d08013f
style_ablation,hurricane_irma__910255847346987009__910255847346987009_0,cluster_00807,hurricane_irma,mild_damage,363615b6b330860aa479c067f8405639dd4e80f99c15c53489bdd7b311aa80b6,cdc4c2101c9a0303
style_ablation,hurricane_irma__910260829324324864__910260829324324864_0,cluster_00303,hurricane_irma,little_or_no_damage,8f142d9d8cdd4fffd12c70c102704c0bd95d187eada4c99fc6f7a758c0ac0dba,4d4e8c8c1cb3b276
style_ablation,hurricane_maria__910624383978192898__910624383978192898_0,cluster_00822,hurricane_maria,mild_damage,5cb2fb1c1a72c12b1166dcd5b4a0c7d3d18dd4e4ff5c8930f44a7d5b4bda8d35,158d971bdb171716
style_ablation,hurricane_maria__910782807324057600__910782807324057600_0,cluster_00829,hurricane_maria,mild_damage,964efd10ec36b6c8cefd0c1b316442bc924348f03950d7079bad2482dcda686c,c2c8a8868e8a920f
style_ablation,hurricane_maria__911554774008500224__911554774008500224_0,cluster_02298,hurricane_maria,severe_damage,45fbd187d3148f266f538700061a2509b011a3d5c52d5f7a9d66144fb87f3a8f,0343711117014343
style_ablation,hurricane_maria__911634445035278337__911634445035278337_0,cluster_00838,hurricane_maria,mild_damage,0fa222e3facd6c8a9a99182af5e16716b2de40b9ec8e73e06e9ebbb1eb617d5e,9f8fa79bc7511333
style_ablation,hurricane_maria__911646715073171456__911646715073171456_0,cluster_00319,hurricane_maria,little_or_no_damage,789039d46913cf739f5cc8ea967f692b18e63334cb2d69fc818967b2e0315cfc,c73357e7860f8e8e
style_ablation,hurricane_maria__911753146757795842__911753146757795842_2,cluster_02331,hurricane_maria,severe_damage,a8bc8a566e7778d48715d790c44b3e04aefbd603c55e4d60edadf5a4dab06665,6d35259cd6861925
style_ablation,hurricane_maria__911881820559544320__911881820559544320_3,cluster_00844,hurricane_maria,little_or_no_damage,506e023929a4a7cbd5fbf52c2ee4ae83586e5210778e4b4caf9ac5d7c6c1f45e,87078726020f0d2d
style_ablation,hurricane_maria__912424696163028999__912424696163028999_0,cluster_02386,hurricane_maria,severe_damage,7d7c255afb6fb2946546694e1e7cea2a4d585becfac0c52d9cf034459835cd46,c3a0b6b23c9a53b4
style_ablation,hurricane_maria__912460997603999744__912460997603999744_0,cluster_00324,hurricane_maria,little_or_no_damage,86cd3ad62018fc44eac60632032c564bf95305a0a54ae44fba26ed3bb67b570b,0f07170f1f3dffcf
style_ablation,hurricane_maria__913101371246878726__913101371246878726_0,cluster_00874,hurricane_maria,mild_damage,f0bb02a4a6e053d7307d9e807622de0ea7ebbfb6f10eebbe5e3a6d25d506d658,c89cb09886071f3e
style_ablation,hurricane_maria__913379706556338176__913379706556338176_0,cluster_00880,hurricane_maria,mild_damage,9868b6bb3c763b15b85c427dba4a45b3d1f9fc01d782eead32704afbceabbecb,3b3fff5d4f8f8fcd
style_ablation,hurricane_maria__914372204787355648__914372204787355648_0,cluster_00332,hurricane_maria,little_or_no_damage,f2da38815f1c9c383791130dca0bb395b8e56a7f7748882076516ed1e8a73363,92fe2e0e0e4c7c64
style_ablation,hurricane_maria__921419527489032192__921419527489032192_0,cluster_02513,hurricane_maria,severe_damage,156d21447316d70ed1dd551e46bd7dbfa4af4fe88449b987bd6c958d52729ed5,0f2735311f173b38
style_ablation,hurricane_maria__921723467631939585__921723467631939585_0,cluster_00945,hurricane_maria,mild_damage,437615713c5be704335ebf05f8f0512237f9d639001bbf639601f086633552a0,7ddb9d67672f0f0f
style_ablation,hurricane_maria__921853322570731520__921853322570731520_1,cluster_00341,hurricane_maria,little_or_no_damage,33f1c1deb02b2c603fab7021bc754635ed3a7ffb545ba73efdd220205a86d25e,381a326062336647
style_ablation,hurricane_maria__922132997326991360__922132997326991360_0,cluster_00343,hurricane_maria,little_or_no_damage,5dd9c2791d74d572b83d3cf671abf01dc62ed272ef94ec0716bca01ca316a265,53118caccc8f8828
style_ablation,hurricane_maria__922438575991459840__922438575991459840_1,cluster_00345,hurricane_maria,little_or_no_damage,23aae306d7f8e46e4190ed5a948212749995452d842072759c354d310ff78388,33365d010633c2c0
style_ablation,hurricane_maria__922664032187793408__922664032187793408_0,cluster_02553,hurricane_maria,severe_damage,d0b535b8808efa78dd2767684169eead2985c0ff3ae27f18e66a5494c031722a,b8385247a7aca4c2
style_ablation,hurricane_maria__922734674832756737__922734674832756737_0,cluster_00350,hurricane_maria,little_or_no_damage,d0482afa2c601c258bb3b31e3bd5ea533897030aaf6fa04f0570d036a22d9b44,1d1f3b08682c6c6d
style_ablation,hurricane_maria__922889146997211136__922889146997211136_0,cluster_00352,hurricane_maria,little_or_no_damage,f2c9ab62dd60f50f53659883f2ab7067a537496953532f1e22755e479fb71bf8,70f0a8a8f9b19ad2
style_ablation,hurricane_maria__923101448279175170__923101448279175170_0,cluster_00968,hurricane_maria,little_or_no_damage,776904a68d4567e7977f2c7bf2c4550af65fa1243ebdf70375a310e016fc34ba,32b373674624851b
style_ablation,hurricane_maria__923545034691145728__923545034691145728_0,cluster_00359,hurricane_maria,little_or_no_damage,7f0061b8eb66689f3c838b52f54ee21109c86ed37d7f956f70f4aaec30d118bd,4d66d39739717570
style_ablation,hurricane_maria__923577268965912577__923577268965912577_0,cluster_02582,hurricane_maria,severe_damage,8d90715cbd2b37829bf7b86bf12f1c4006df5e27c521e9f9d79cbe1e03b59531,5a1b1f2f6e33bf57
style_ablation,hurricane_maria__927562775815012352__927562775815012352_0,cluster_00990,hurricane_maria,mild_damage,dc6f3dcae9afd623e3c7ed289d1b8cfa84b574ef66d893c10c867c9d2e1f1d27,9397f7e1e9c85091
style_ablation,hurricane_maria__928651782946947072__928651782946947072_0,cluster_00363,hurricane_maria,little_or_no_damage,5aea8167fcd65fc79c56a1357ab1953da4c4c110d8d132784d10dd64838f275d,f0b9ec969613366c
style_ablation,hurricane_maria__929456086737854464__929456086737854464_3,cluster_00365,hurricane_maria,little_or_no_damage,193189fcb4fd4d2d00fa8500d9f302a49b4a186e7e28d94f34b2a330932ab8cb,0d1d1c1a56170746
style_ablation,iraq_iran_earthquake__930015299017105408__930015299017105408_1,cluster_02650,iraq_iran_earthquake,severe_damage,2a8f2a92aa1a8a424a675e780e064ce3dc898761f093be5c23cbd1ac9327524f,07073737771d1707
style_ablation,iraq_iran_earthquake__930079107873783808__930079107873783808_0,cluster_02673,iraq_iran_earthquake,severe_damage,89f1e4d6fe43216abdac0098a83771e6bac62b274c0eae843692118ca88bc884,d919094868696849
style_ablation,iraq_iran_earthquake__930360981259141120__930360981259141120_0,cluster_02710,iraq_iran_earthquake,severe_damage,acc2d7b2a2b56bea34a5851f202bb5ec10a5c3a5fd324e5de76a0f8578b83cb1,44042d69d8dcf67a
style_ablation,iraq_iran_earthquake__930810047835398144__930810047835398144_0,cluster_02734,iraq_iran_earthquake,severe_damage,5af9289628035d5c4cdd55113403d241b93ccde00765097e5c0980bfc9386af2,0d1d30797c7463bb
style_ablation,iraq_iran_earthquake__931103180741595136__931103180741595136_0,cluster_02742,iraq_iran_earthquake,severe_damage,6635b001e1ca572b133f68792d99401f13ddb52f36aab64dd0f3007eb3d8b040,d9d9d95fdd496231
style_ablation,mexico_earthquake__910524364327718919__910524364327718919_0,cluster_02759,mexico_earthquake,severe_damage,709bb57d5be4d47d9ff8e8bd4fe3a8d1f5e852c378f0b115a2b459cd550486fe,3b3f273b3d171b27
style_ablation,mexico_earthquake__910537563974307842__910537563974307842_0,cluster_02768,mexico_earthquake,severe_damage,5b571eba339a75ca8f24f9c7918125f888b355ecf7c3e05d52ee9514cf8f0e51,398084d0f0b19393
style_ablation,mexico_earthquake__910542244830212096__910542244830212096_0,cluster_01017,mexico_earthquake,mild_damage,b64b69ad6053c5708d00be34a007005fc60763a50052401fd6028403a612dab5,139399cf44174f8e
style_ablation,mexico_earthquake__910544691438944256__910544691438944256_0,cluster_01019,mexico_earthquake,mild_damage,5ecba9fe20c4ed7a96834fef8b8e4fdb8e626871bc256475130f058a146d9562,1e0fcecfcefd7dff
style_ablation,mexico_earthquake__910635961134014464__910635961134014464_0,cluster_02793,mexico_earthquake,severe_damage,40e222062e353cde3907a0be62929b32ed1aa91d0265a249d62b9bf82a113112,beb747c3b836d351
style_ablation,mexico_earthquake__910655620566548480__910655620566548480_0,cluster_01023,mexico_earthquake,mild_damage,aa3b1fff9b881a9ce62442f3063ae5dbd718b618dc58a7f9e84678ef0568b362,0307c70c591e0f11
style_ablation,mexico_earthquake__910679991599460352__910679991599460352_0,cluster_01024,mexico_earthquake,mild_damage,0c980d3ab668d34d101c652cf047fc07efcd20513f753144fd84e60f40dc4763,c1dc434a04f2d4d4
style_ablation,mexico_earthquake__910696337234120704__910696337234120704_0,cluster_02806,mexico_earthquake,severe_damage,a0a7595ff8f0f12bd15f477e62e687f1eeedebcf1936f77abeee04c68415e8e1,0f0f0f07091d5153
style_ablation,mexico_earthquake__911680036578762756__911680036578762756_0,cluster_01026,mexico_earthquake,mild_damage,ced4338f6ba1224dfcfffe395ff17384f2fac356a92dac09ec94ddda011d7a17,a6ae7f3717531713
style_ablation,mexico_earthquake__913965634437992448__913965634437992448_2,cluster_02866,mexico_earthquake,severe_damage,760b5994f7baeb56b7b95674fe7c10a3eddbcb4aee3041f0149d70b743beebe8,131307a4a22e3c7c
style_ablation,mexico_earthquake__914159056201424896__914159056201424896_0,cluster_02868,mexico_earthquake,severe_damage,26c45819b3857e20569df071cdf46f57ba5fb12537698719736245e423579192,8c8c8985dae56d1a
style_ablation,mexico_earthquake__915253376912379905__915253376912379905_0,cluster_01033,mexico_earthquake,mild_damage,1c2b00ad64c8d7c89c753aebca0332b5eae80599841d00813578c51781298d7b,070b4d4d65654d4f
style_ablation,srilanka_floods__869982155270750208__869982155270750208_0,cluster_02881,srilanka_floods,severe_damage,22ead70a83f30c74833768d06ffc0e11164be957a554199d7051e0d490471c6e,17531f0927832627
style_ablation,srilanka_floods__870032047145746432__870032047145746432_0,cluster_02886,srilanka_floods,severe_damage,7504528852b585f897ddeeae120cbf8bc493610fb57c386284f4bed61d93d270,621450c089080911
style_ablation,srilanka_floods__870130736069656577__870130736069656577_0,cluster_01040,srilanka_floods,mild_damage,dbcf577e88478e53b23b500bdb2a7ecf7f756a27b636ec433ee347c510ca7df0,47374e9755cf2747
style_ablation,srilanka_floods__870140525889822724__870140525889822724_0,cluster_01041,srilanka_floods,mild_damage,7ee58803d160265fa466b077ae98a43386f3322bcf9432cbc7680be49c2ef245,8b878d9f95bbf7e3
style_ablation,srilanka_floods__870146384904761344__870146384904761344_0,cluster_02891,srilanka_floods,severe_damage,336f5f6e44ebfb365d649ad8fc835a0963814036fc47982288b79b16d8c0cd31,aca8186e61440c1c
style_ablation,srilanka_floods__870278054697881600__870278054697881600_0,cluster_01044,srilanka_floods,mild_damage,38003016736919cb7c6a5428ee5a24f5e9566ddbad7224f47f300e68a4dcc319,a0c49c9909888987
style_ablation,srilanka_floods__870479677789360129__870479677789360129_0,cluster_01047,srilanka_floods,mild_damage,040d8839501765de153fd1b1dd8bcb7e42a95cdf5cfe8aee0a178b46f2a5176a,0b0b2b929695cc48
style_ablation,srilanka_floods__870568320969453572__870568320969453572_0,cluster_01049,srilanka_floods,mild_damage,65d4686fd52f413ab83d3a164737d80126e9702a48359acd61b9c74108fa6ad4,82829f27e347cfa1
style_ablation,srilanka_floods__871220595928834049__871220595928834049_0,cluster_01052,srilanka_floods,mild_damage,78e51a76eb0776d6d3e18fa9bab337944fc7156d71bc877e7a8f6cee1b93b841,232c4c362d2d3919
style_ablation,srilanka_floods__872486971796598785__872486971796598785_0,cluster_02924,srilanka_floods,severe_damage,5ca49b6ac77dfb3bd60fb2fdd3d5ecd78b805dfe2d06b1f7b4d8602105e71146,613f7fab1dcdc77d
style_ablation,srilanka_floods__873178065395961857__873178065395961857_0,cluster_02927,srilanka_floods,severe_damage,6cda030434cdc65c39e3b778c56499b721288d999c40774403c520bf29b91175,106261631b982b20
size_ablation,california_wildfires__917915442085163008__917915442085163008_0,cluster_01109,california_wildfires,severe_damage,62ac979ddac3cd19532cffdf66009802186d23fbc22a518f655ce8d9865100eb,47c7474f474d162d
size_ablation,california_wildfires__917950294956310528__917950294956310528_0,cluster_01129,california_wildfires,severe_damage,6a39307ff271cb139ec06c402abfb72c6d0ade700e187e2a9281a40d9a99d9e4,0f1f0f0f4f070b53
size_ablation,california_wildfires__917972593789063170__917972593789063170_0,cluster_00001,california_wildfires,little_or_no_damage,4724ffa0c291ce163af2cf0590bb59c416468e3c624b31484ee66e041285e073,2e2765e5c3dfdfdb
size_ablation,california_wildfires__918009550409752576__918009550409752576_0,cluster_01122,california_wildfires,mild_damage,8f40f810fa7c87302ca29fb5973a84e32318a3b54b13f33c27611a315d171068,0c0c1e1b1b1f0203
size_ablation,california_wildfires__918087716050530304__918087716050530304_0,cluster_00002,california_wildfires,little_or_no_damage,23a6776c237456aba33d09a246d7a938490f2b058eb86364ba6e6aade10ca4c0,333baf2f331f0c66
size_ablation,california_wildfires__918237370536906753__918237370536906753_0,cluster_00003,california_wildfires,little_or_no_damage,6db95ef3632e36d083af8c395f2c5d288448e6ef9b227cba73ac6e0271014f08,0f8d8fc747335307
size_ablation,california_wildfires__919869455928238081__919869455928238081_0,cluster_00393,california_wildfires,mild_damage,8a3e8fc8e875b045a0f8057b3f5d600549d82a02a3ec15f938702c1421edd2eb,03070747672b080e
size_ablation,california_wildfires__920016499473047552__920016499473047552_1,cluster_00400,california_wildfires,little_or_no_damage,d334ae15121f7a18230f4783ef0fd25dfb95ef5662da36447d9b8927fca8267d,efe7656763e3e3d3
size_ablation,california_wildfires__921176426245537792__921176426245537792_0,cluster_01385,california_wildfires,severe_damage,5b6c9c0eec13bfc3f5b561500b63e92acf6ff2ded58ee3fe1f3c9e885d7bbcb1,990e8c8d10004cd0
size_ablation,california_wildfires__922558661469331456__922558661469331456_0,cluster_00417,california_wildfires,mild_damage,fe5300a31c68929504ead4fd83d2b53e8374a8a56796eeb5b65cc862d0fc182d,7c7c737377414b17
size_ablation,hurricane_harvey__901650312934674434__901650312934674434_0,cluster_00014,hurricane_harvey,little_or_no_damage,4cc19e703ad31371cae23a47219e7a220cf8fdfe47c11f2513c1e6c9085934bb,1b370e1e8c888623
size_ablation,hurricane_harvey__901697361541509120__901697361541509120_0,cluster_00018,hurricane_harvey,little_or_no_damage,75a009312e456f6989dace7dced717afad4a9a351a7a29b96aa6a5d322f5dd77,1a1a36161e1e7ebf
size_ablation,hurricane_harvey__901701705909231616__901701705909231616_0,cluster_00426,hurricane_harvey,mild_damage,acd88982a15d5b74cb0fc81be24e26d029a02b132dc964c48ddcfa0ce7f9dafc,898b840464609a18
size_ablation,hurricane_harvey__901813758690902017__901813758690902017_0,cluster_01509,hurricane_harvey,severe_damage,09c5e9e31ab283fa74a5536201d69f298fd0f60c389f975ad371cf250cffde17,81014993071b9b8a
size_ablation,hurricane_harvey__904429898944667648__904429898944667648_3,cluster_01567,hurricane_harvey,little_or_no_damage,3ca651fff4e193fd45d264f5f2f6b8776b6fcfd2084257bd4818577eca635a38,fff53595f5f1e0e0
size_ablation,hurricane_harvey__904464153036894208__904464153036894208_0,cluster_01575,hurricane_harvey,severe_damage,3b2f7645c5cfe2cafb6aaa8cb53f62eb287ecd40c0a4f0135ca6e38611fa9745,004060714cdf8386
size_ablation,hurricane_harvey__904572612520660992__904572612520660992_0,cluster_00464,hurricane_harvey,mild_damage,13bd9784e2a98875ece55f142a497de65268607ed1b7685d7daadc9f4150d2d5,af8787a7ede9e99b
size_ablation,hurricane_harvey__905409873076043781__905409873076043781_0,cluster_00496,hurricane_harvey,mild_damage,9da3736d0a729ea40d1ac6aed1cae1d66657af85ab9dedee0d9a4edf66d6c7b9,c6ce868ec6878686
size_ablation,hurricane_harvey__905930890735439873__905930890735439873_2,cluster_00515,hurricane_harvey,little_or_no_damage,e360ee8e8f99b489737d2404bb39896d678d13d43ffd8df8e2ae4bb9a25e4be1,2b38321b0f673710
size_ablation,hurricane_harvey__906231653428842497__906231653428842497_0,cluster_01787,hurricane_harvey,severe_damage,fb2044661850b9a799717e67bd8a8fe5a264e9b08d8364ae1a78d20993200763,80410a088c8c5030
size_ablation,hurricane_harvey__908168392716234753__908168392716234753_0,cluster_00512,hurricane_harvey,little_or_no_damage,8d0ac0c0f8d18b103525ad204d388c4e53f3ab2077f8260d4c43ec745859a967,9475530e2e43610e
size_ablation,hurricane_irma__905647083713003520__905647083713003520_0,cluster_00105,hurricane_irma,little_or_no_damage,7abc0462ed060c1cbd82d33f5e5e672fa4dbe6f8372f7306b37b712195930493,c70787279fcd0c0d
size_ablation,hurricane_irma__905711511129206784__905711511129206784_0,cluster_00114,hurricane_irma,little_or_no_damage,7a86679339dca742639b17ecd311ff64835cfbc16907ede9c748d60d21af2e06,46493971e2f1f32d
size_ablation,hurricane_irma__905766123907407872__905766123907407872_0,cluster_01993,hurricane_irma,severe_damage,59be2f3bd4ada3be27880af2d69b6c7be916136e14e00694e0cb90757a18218c,93b6528bcd496c89
size_ablation,hurricane_irma__909403767736619008__909403767736619008_0,cluster_02019,hurricane_irma,severe_damage,3a4d35d0cd5a0eb10015c40e75f81ae779e64c57aff4446582b7d56b352e4ad4,6228353172e2899c
size_ablation,hurricane_irma__909418055893123072__909418055893123072_0,cluster_00138,hurricane_irma,little_or_no_damage,fe1de70c607f1119216643ee9b5cd0128abbbc783303f3534a02e9147707dbf4,64e1e1d1d9ed7532
size_ablation,hurricane_irma__909446946535936000__909446946535936000_1,cluster_00148,hurricane_irma,little_or_no_damage,45808ffed4676f110cd73c4ef5fe1aea21e08688dfda1539327920003188d891,76b0889084f2de7e
size_ablation,hurricane_irma__909741634287411203__909741634287411203_0,cluster_00674,hurricane_irma,mild_damage,a4063d2c7e2c2843a616cb83570fd0cbc4c6866f004136932359675b9efc50c1,83838f6e27276111
size_ablation,hurricane_irma__909782273280630784__909782273280630784_0,cluster_00188,hurricane_irma,little_or_no_damage,c1652583a254d8bc3f996c5a76395df31f9ec1110d6dc6f92a0a3054a2163c64,2a9913f3f6c6a1c3
size_ablation,hurricane_irma__909932318965604352__909932318965604352_0,cluster_00735,hurricane_irma,mild_damage,5ccaa7c1cdebd00541ed57ca905bf4818b128ab3194db300b1ffcf5b886a5b43,befffec9b31303cb
size_ablation,hurricane_irma__909962108791554049__909962108791554049_0,cluster_00740,hurricane_irma,mild_damage,ca684c67012eb954ac5ff9b480904c37954221b11a130d6b51f330d8a8ff4e87,6560410105033324
size_ablation,hurricane_irma__910212336522350592__910212336522350592_0,cluster_02219,hurricane_irma,severe_damage,60e21a707c8aee274f761c3c5a348ee375e80058d370108e7e113b0a77976fbb,b3cbf03939190817
size_ablation,hurricane_maria__910523400384155648__910523400384155648_0,cluster_02240,hurricane_maria,severe_damage,88a20107895e4db4f6d86340b8ad9ddaef2ca74109f16be875a32492a5290409,d91b2b2b69c284ac
size_ablation,hurricane_maria__910559806334881792__910559806334881792_0,cluster_00309,hurricane_maria,little_or_no_damage,a4a95fd17c5497811355c73566324926cf2ff5a9d32707a13bb22ecca7984adf,2b233319195b4b0f
size_ablation,hurricane_maria__910655381247950848__910655381247950848_0,cluster_00826,hurricane_maria,mild_damage,a90bcff3f74dc2f2a909159751526dc574cbaa67655eb8b3a039dd2417faedd8,76bda9bdbd830b1b
size_ablation,hurricane_maria__911486875201937408__911486875201937408_0,cluster_02290,hurricane_maria,severe_damage,4945a35d8da335d6d630b7c335209efa8689d8673cc19ace2728e0a785639460,6f37370d2cb0b535
size_ablation,hurricane_maria__911567186719801344__911567186719801344_0,cluster_00317,hurricane_maria,little_or_no_damage,d180485f23361454583f835429147fe7b56d6acd20f804734238ca6fc8cce190,478b1b9c84040d0c
size_ablation,hurricane_maria__913172197660876800__913172197660876800_0,cluster_00877,hurricane_maria,mild_damage,9b373a224db49c5de5ad7a8e96ce71faf5f0508fa053d72fda92ef8885c3093f,8cabe3b3afb79b3c
size_ablation,hurricane_maria__914353354503069696__914353354503069696_1,cluster_02463,hurricane_maria,little_or_no_damage,7bc68269d2d0fc882c3fdc442116ec5efc1a90dd2c9f79968072761393ed1125,88ee366246bff273
size_ablation,hurricane_maria__917782042473041920__917782042473041920_0,cluster_02502,hurricane_maria,severe_damage,1bccfc6c1b9281d5e7c82a28aab03924b99bc529881c4346925d973e7e539cca,0f75513d4f5f6c2c
size_ablation,hurricane_maria__922153859354677254__922153859354677254_0,cluster_00344,hurricane_maria,little_or_no_damage,60bba3d100bd27adbd65281b8ac4c3a975539e928382ab4186e25dd965d55799,0b97878d8dc60b2b
size_ablation,hurricane_maria__923578730114514945__923578730114514945_0,cluster_00978,hurricane_maria,mild_damage,cac2f9995e65ec11b7b3a83da6d82f8142fd68a5214be7ae27dd19fbe26bd0aa,873e3a1a1d9d9d2c
size_ablation,hurricane_maria__927964108208705536__927964108208705536_0,cluster_00361,hurricane_maria,little_or_no_damage,214cf3153522d02d5faf136c9d62cb32c6031e49e7fec77afb8ad4f6999c38db,1c0983a7e7c22666
size_ablation,iraq_iran_earthquake__930383150022193152__930383150022193152_0,cluster_02714,iraq_iran_earthquake,severe_damage,e965758d3580fd314194976aa6f49a5fa6e068960944d4b7da08f912a3658e81,36165c39b1332df9
size_ablation,iraq_iran_earthquake__930432485892280320__930432485892280320_0,cluster_02718,iraq_iran_earthquake,severe_damage,1f06b7d1f9fdc0357909abe98c030e354e87b9e046c33d17a5299c86765fd646,e1404060f27270e0
size_ablation,iraq_iran_earthquake__930631448167632896__930631448167632896_0,cluster_02728,iraq_iran_earthquake,severe_damage,e3f27a6eaa8b4cf0bfba3ad99ad98d70ca275192587bc7d6bb662d6c175dbdee,141c1e9412b12939
size_ablation,iraq_iran_earthquake__930762101836124161__930762101836124161_0,cluster_01012,iraq_iran_earthquake,mild_damage,c7df94fd423d0a1655c0c90ba53424a73965e5467bb9c4df1618fc58eb3a17e2,f6e86048484c429a
size_ablation,iraq_iran_earthquake__930819767874793473__930819767874793473_0,cluster_01013,iraq_iran_earthquake,mild_damage,294f2c413f6ef04c243967b9ecd7985eaf068629a53ff1280aaf21f057c9fc4f,1f9d98cacb2b2c65
size_ablation,mexico_earthquake__910524557483798529__910524557483798529_0,cluster_02760,mexico_earthquake,severe_damage,7af9f5aa64305338a616fe846ff1d611b2efb009197a51076a14f6b754d1a02b,f2e6cd1d0c291b99
size_ablation,mexico_earthquake__910586697754308609__910586697754308609_0,cluster_01020,mexico_earthquake,mild_damage,b0a9b8482e8cc0aeb353f7e9c9bea7195fa0283ed5ebc09528bd10971394523d,66666666aead8009
size_ablation,mexico_earthquake__910624408435171328__910624408435171328_0,cluster_02789,mexico_earthquake,severe_damage,3333961ea1f20ab12652f77769f1f1167b603ef3b8380ea93dcaf5c6389a7dce,000004080c9c1c1f
size_ablation,mexico_earthquake__911623362388090880__911623362388090880_0,cluster_01025,mexico_earthquake,mild_damage,eeaa3a0de71e73c5974ed37db0948e9599593bab65f8b5964eab096412cccfa3,3337733333737303
size_ablation,mexico_earthquake__912050610396188672__912050610396188672_0,cluster_02843,mexico_earthquake,severe_damage,e6e93d4578b5489854f01ec2a76765e5012699072290bac65c1ef513255ab8b5,0e1a2b2b390b2b19
size_ablation,mexico_earthquake__913102526383144961__913102526383144961_2,cluster_02859,mexico_earthquake,mild_damage,d90a37171897631e5a8d722fa2a42322fc22a649f523582345b16673e53a000e,03c313010950d159
size_ablation,srilanka_floods__870015709555834880__870015709555834880_0,cluster_01037,srilanka_floods,mild_damage,beca749bfae509f0dff425a293184e70973330aa1d67ee741948b36cdf0477cc,8bc879d31b1d1f87
size_ablation,srilanka_floods__870148339307749377__870148339307749377_0,cluster_02892,srilanka_floods,severe_damage,c0b43afba07e14eb8fac41512d9e921f132a4557b7fb703fad708fe5b74d0ce0,5b1f094da7833f2f
size_ablation,srilanka_floods__870294525419192324__870294525419192324_0,cluster_00374,srilanka_floods,little_or_no_damage,bef930fe9e818dee6670d922886c9b5649f94ac15ccd4bfc6df62c84b2536140,737b1909b9acacec
size_ablation,srilanka_floods__871142568016453632__871142568016453632_0,cluster_01051,srilanka_floods,mild_damage,5f7723b29f303daa871125ef6a69c2bc3d4163cad1790953b07cfdccbbd3ec4a,430f96cfad341498
size_ablation,srilanka_floods__876592481214881795__876592481214881795_0,cluster_01053,srilanka_floods,mild_damage,0facb4720a4d4206f845550f6fed2f497f03bcc53d4568138a5d356937efec99,67161658eca20458
size_ablation,srilanka_floods__877815334408921088__877815334408921088_0,cluster_02932,srilanka_floods,severe_damage,919452fa2096744dc87a93bceca6425c773493465632c25d35b81457124c90bb,d67633333e9f1c0e
