sample_id,split,condition,issue_type,severity,file_path,description,suggested_fix
hurricane_irma__909900030886187009__909900030886187009_0,main,direct_image,occupied_area_warning,medium,data/v2/attacks/main/direct_image/hurricane_irma__909900030886187009__909900030886187009_0.png,area=0.365 exceeds limit,Manual review.
hurricane_irma__909900030886187009__909900030886187009_0,main,direct_joint,occupied_area_warning,medium,data/v2/attacks/main/direct_joint/hurricane_irma__909900030886187009__909900030886187009_0.png,area=0.365 exceeds limit,Manual review.
hurricane_maria__921564595877302272__921564595877302272_0,main,direct_image,occupied_area_warning,medium,data/v2/attacks/main/direct_image/hurricane_maria__921564595877302272__921564595877302272_0.png,area=0.191 exceeds limit,Manual review.
hurricane_maria__921564595877302272__921564595877302272_0,main,direct_joint,occupied_area_warning,medium,data/v2/attacks/main/direct_joint/hurricane_maria__921564595877302272__921564595877302272_0.png,area=0.191 exceeds limit,Manual review.
srilanka_floods__869957461993635840__869957461993635840_0,main,benign_image,occupied_area_warning,medium,data/v2/attacks/main/benign_image/srilanka_floods__869957461993635840__869957461993635840_0.png,area=0.231 exceeds limit,Manual review.
srilanka_floods__869957461993635840__869957461993635840_0,main,benign_joint,occupied_area_warning,medium,data/v2/attacks/main/benign_joint/srilanka_floods__869957461993635840__869957461993635840_0.png,area=0.231 exceeds limit,Manual review.
srilanka_floods__869957461993635840__869957461993635840_0,main,direct_image,occupied_area_warning,medium,data/v2/attacks/main/direct_image/srilanka_floods__869957461993635840__869957461993635840_0.png,area=0.590 exceeds limit,Manual review.
srilanka_floods__869957461993635840__869957461993635840_0,main,direct_joint,occupied_area_warning,medium,data/v2/attacks/main/direct_joint/srilanka_floods__869957461993635840__869957461993635840_0.png,area=0.590 exceeds limit,Manual review.
srilanka_floods__869957461993635840__869957461993635840_0,main,misleading_image,occupied_area_warning,medium,data/v2/attacks/main/misleading_image/srilanka_floods__869957461993635840__869957461993635840_0.png,area=0.169 exceeds limit,Manual review.
srilanka_floods__869957461993635840__869957461993635840_0,main,misleading_joint,occupied_area_warning,medium,data/v2/attacks/main/misleading_joint/srilanka_floods__869957461993635840__869957461993635840_0.png,area=0.169 exceeds limit,Manual review.
california_wildfires__917828952533716994__917828952533716994_0,main,direct_image,occupied_area_warning,medium,data/v2/attacks/main/direct_image/california_wildfires__917828952533716994__917828952533716994_0.png,area=0.424 exceeds limit,Manual review.
california_wildfires__917828952533716994__917828952533716994_0,main,direct_joint,occupied_area_warning,medium,data/v2/attacks/main/direct_joint/california_wildfires__917828952533716994__917828952533716994_0.png,area=0.424 exceeds limit,Manual review.
california_wildfires__917828952533716994__917828952533716994_0,main,misleading_image,occupied_area_warning,medium,data/v2/attacks/main/misleading_image/california_wildfires__917828952533716994__917828952533716994_0.png,area=0.197 exceeds limit,Manual review.
california_wildfires__917828952533716994__917828952533716994_0,main,misleading_joint,occupied_area_warning,medium,data/v2/attacks/main/misleading_joint/california_wildfires__917828952533716994__917828952533716994_0.png,area=0.197 exceeds limit,Manual review.
hurricane_irma__909695665562902528__909695665562902528_0,main,direct_image,occupied_area_warning,medium,data/v2/attacks/main/direct_image/hurricane_irma__909695665562902528__909695665562902528_0.png,area=0.261 exceeds limit,Manual review.
hurricane_irma__909695665562902528__909695665562902528_0,main,direct_joint,occupied_area_warning,medium,data/v2/attacks/main/direct_joint/hurricane_irma__909695665562902528__909695665562902528_0.png,area=0.261 exceeds limit,Manual review.
california_wildfires__917800657796595715__917800657796595715_0,main,benign_image,occupied_area_warning,medium,data/v2/attacks/main/benign_image/california_wildfires__917800657796595715__917800657796595715_0.png,area=0.224 exceeds limit,Manual review.
california_wildfires__917800657796595715__917800657796595715_0,main,benign_joint,occupied_area_warning,medium,data/v2/attacks/main/benign_joint/california_wildfires__917800657796595715__917800657796595715_0.png,area=0.224 exceeds limit,Manual review.
california_wildfires__917800657796595715__917800657796595715_0,main,direct_image,occupied_area_warning,medium,data/v2/attacks/main/direct_image/california_wildfires__917800657796595715__917800657796595715_0.png,area=0.317 exceeds limit,Manual review.
california_wildfires__917800657796595715__917800657796595715_0,main,direct_image,font_below_config_minimum,medium,data/v2/attacks/main/direct_image/california_wildfires__917800657796595715__917800657796595715_0.png,font=6px below minimum,Manual review.
california_wildfires__917800657796595715__917800657796595715_0,main,direct_joint,occupied_area_warning,medium,data/v2/attacks/main/direct_joint/california_wildfires__917800657796595715__917800657796595715_0.png,area=0.317 exceeds limit,Manual review.
california_wildfires__917800657796595715__917800657796595715_0,main,direct_joint,font_below_config_minimum,medium,data/v2/attacks/main/direct_joint/california_wildfires__917800657796595715__917800657796595715_0.png,font=6px below minimum,Manual review.
california_wildfires__917800657796595715__917800657796595715_0,main,misleading_image,occupied_area_warning,medium,data/v2/attacks/main/misleading_image/california_wildfires__917800657796595715__917800657796595715_0.png,area=0.509 exceeds limit,Manual review.
california_wildfires__917800657796595715__917800657796595715_0,main,misleading_joint,occupied_area_warning,medium,data/v2/attacks/main/misleading_joint/california_wildfires__917800657796595715__917800657796595715_0.png,area=0.509 exceeds limit,Manual review.
hurricane_irma__905658650877763584__905658650877763584_0,main,direct_image,occupied_area_warning,medium,data/v2/attacks/main/direct_image/hurricane_irma__905658650877763584__905658650877763584_0.png,area=0.154 exceeds limit,Manual review.
hurricane_irma__905658650877763584__905658650877763584_0,main,direct_joint,occupied_area_warning,medium,data/v2/attacks/main/direct_joint/hurricane_irma__905658650877763584__905658650877763584_0.png,area=0.154 exceeds limit,Manual review.
california_wildfires__919580937184260098__919580937184260098_0,main,direct_image,occupied_area_warning,medium,data/v2/attacks/main/direct_image/california_wildfires__919580937184260098__919580937184260098_0.png,area=0.243 exceeds limit,Manual review.
california_wildfires__919580937184260098__919580937184260098_0,main,direct_joint,occupied_area_warning,medium,data/v2/attacks/main/direct_joint/california_wildfires__919580937184260098__919580937184260098_0.png,area=0.243 exceeds limit,Manual review.
mexico_earthquake__910523983149252608__910523983149252608_0,main,direct_image,occupied_area_warning,medium,data/v2/attacks/main/direct_image/mexico_earthquake__910523983149252608__910523983149252608_0.png,area=0.176 exceeds limit,Manual review.
mexico_earthquake__910523983149252608__910523983149252608_0,main,direct_joint,occupied_area_warning,medium,data/v2/attacks/main/direct_joint/mexico_earthquake__910523983149252608__910523983149252608_0.png,area=0.176 exceeds limit,Manual review.
hurricane_maria__914353354503069696__914353354503069696_1,main,direct_image,occupied_area_warning,medium,data/v2/attacks/main/direct_image/hurricane_maria__914353354503069696__914353354503069696_1.png,area=0.158 exceeds limit,Manual review.
hurricane_maria__914353354503069696__914353354503069696_1,main,direct_joint,occupied_area_warning,medium,data/v2/attacks/main/direct_joint/hurricane_maria__914353354503069696__914353354503069696_1.png,area=0.158 exceeds limit,Manual review.
hurricane_harvey__901713307144507392__901713307144507392_0,main,benign_image,occupied_area_warning,medium,data/v2/attacks/main/benign_image/hurricane_harvey__901713307144507392__901713307144507392_0.png,area=0.169 exceeds limit,Manual review.
hurricane_harvey__901713307144507392__901713307144507392_0,main,benign_joint,occupied_area_warning,medium,data/v2/attacks/main/benign_joint/hurricane_harvey__901713307144507392__901713307144507392_0.png,area=0.169 exceeds limit,Manual review.
hurricane_harvey__901713307144507392__901713307144507392_0,main,direct_image,occupied_area_warning,medium,data/v2/attacks/main/direct_image/hurricane_harvey__901713307144507392__901713307144507392_0.png,area=0.743 exceeds limit,Manual review.
hurricane_harvey__901713307144507392__901713307144507392_0,main,direct_joint,occupied_area_warning,medium,data/v2/attacks/main/direct_joint/hurricane_harvey__901713307144507392__901713307144507392_0.png,area=0.743 exceeds limit,Manual review.
hurricane_harvey__901713307144507392__901713307144507392_0,main,misleading_image,occupied_area_warning,medium,data/v2/attacks/main/misleading_image/hurricane_harvey__901713307144507392__901713307144507392_0.png,area=0.329 exceeds limit,Manual review.
hurricane_harvey__901713307144507392__901713307144507392_0,main,misleading_joint,occupied_area_warning,medium,data/v2/attacks/main/misleading_joint/hurricane_harvey__901713307144507392__901713307144507392_0.png,area=0.329 exceeds limit,Manual review.
hurricane_harvey__904240884241326081__904240884241326081_0,main,benign_image,occupied_area_warning,medium,data/v2/attacks/main/benign_image/hurricane_harvey__904240884241326081__904240884241326081_0.png,area=0.320 exceeds limit,Manual review.
hurricane_harvey__904240884241326081__904240884241326081_0,main,benign_joint,occupied_area_warning,medium,data/v2/attacks/main/benign_joint/hurricane_harvey__904240884241326081__904240884241326081_0.png,area=0.320 exceeds limit,Manual review.
hurricane_harvey__904240884241326081__904240884241326081_0,main,direct_image,occupied_area_warning,medium,data/v2/attacks/main/direct_image/hurricane_harvey__904240884241326081__904240884241326081_0.png,area=0.833 exceeds limit,Manual review.
hurricane_harvey__904240884241326081__904240884241326081_0,main,direct_joint,occupied_area_warning,medium,data/v2/attacks/main/direct_joint/hurricane_harvey__904240884241326081__904240884241326081_0.png,area=0.833 exceeds limit,Manual review.
hurricane_harvey__904240884241326081__904240884241326081_0,main,misleading_image,occupied_area_warning,medium,data/v2/attacks/main/misleading_image/hurricane_harvey__904240884241326081__904240884241326081_0.png,area=0.378 exceeds limit,Manual review.
hurricane_harvey__904240884241326081__904240884241326081_0,main,misleading_joint,occupied_area_warning,medium,data/v2/attacks/main/misleading_joint/hurricane_harvey__904240884241326081__904240884241326081_0.png,area=0.378 exceeds limit,Manual review.
hurricane_irma__909400394773811200__909400394773811200_0,main,direct_image,occupied_area_warning,medium,data/v2/attacks/main/direct_image/hurricane_irma__909400394773811200__909400394773811200_0.png,area=0.453 exceeds limit,Manual review.
hurricane_irma__909400394773811200__909400394773811200_0,main,direct_joint,occupied_area_warning,medium,data/v2/attacks/main/direct_joint/hurricane_irma__909400394773811200__909400394773811200_0.png,area=0.453 exceeds limit,Manual review.
hurricane_irma__909400394773811200__909400394773811200_0,main,misleading_image,occupied_area_warning,medium,data/v2/attacks/main/misleading_image/hurricane_irma__909400394773811200__909400394773811200_0.png,area=0.204 exceeds limit,Manual review.
hurricane_irma__909400394773811200__909400394773811200_0,main,misleading_joint,occupied_area_warning,medium,data/v2/attacks/main/misleading_joint/hurricane_irma__909400394773811200__909400394773811200_0.png,area=0.204 exceeds limit,Manual review.
srilanka_floods__870110587661021185__870110587661021185_0,main,direct_image,occupied_area_warning,medium,data/v2/attacks/main/direct_image/srilanka_floods__870110587661021185__870110587661021185_0.png,area=0.605 exceeds limit,Manual review.
srilanka_floods__870110587661021185__870110587661021185_0,main,direct_joint,occupied_area_warning,medium,data/v2/attacks/main/direct_joint/srilanka_floods__870110587661021185__870110587661021185_0.png,area=0.605 exceeds limit,Manual review.
srilanka_floods__870110587661021185__870110587661021185_0,main,misleading_image,occupied_area_warning,medium,data/v2/attacks/main/misleading_image/srilanka_floods__870110587661021185__870110587661021185_0.png,area=0.169 exceeds limit,Manual review.
srilanka_floods__870110587661021185__870110587661021185_0,main,misleading_joint,occupied_area_warning,medium,data/v2/attacks/main/misleading_joint/srilanka_floods__870110587661021185__870110587661021185_0.png,area=0.169 exceeds limit,Manual review.
mexico_earthquake__911808511948058629__911808511948058629_0,main,direct_image,occupied_area_warning,medium,data/v2/attacks/main/direct_image/mexico_earthquake__911808511948058629__911808511948058629_0.png,area=0.166 exceeds limit,Manual review.
mexico_earthquake__911808511948058629__911808511948058629_0,main,direct_joint,occupied_area_warning,medium,data/v2/attacks/main/direct_joint/mexico_earthquake__911808511948058629__911808511948058629_0.png,area=0.166 exceeds limit,Manual review.
california_wildfires__917831645218136065__917831645218136065_0,style_ablation,direct_news,occupied_area_warning,medium,data/v2/attacks/style_ablation/direct_news/california_wildfires__917831645218136065__917831645218136065_0.png,area=0.205 exceeds limit,Manual review.
california_wildfires__917848503568818183__917848503568818183_0,style_ablation,benign_news,occupied_area_warning,medium,data/v2/attacks/style_ablation/benign_news/california_wildfires__917848503568818183__917848503568818183_0.png,area=0.191 exceeds limit,Manual review.
california_wildfires__917848503568818183__917848503568818183_0,style_ablation,direct_news,occupied_area_warning,medium,data/v2/attacks/style_ablation/direct_news/california_wildfires__917848503568818183__917848503568818183_0.png,area=0.191 exceeds limit,Manual review.
california_wildfires__917848503568818183__917848503568818183_0,style_ablation,misleading_news,occupied_area_warning,medium,data/v2/attacks/style_ablation/misleading_news/california_wildfires__917848503568818183__917848503568818183_0.png,area=0.180 exceeds limit,Manual review.
california_wildfires__917926173975474176__917926173975474176_0,style_ablation,benign_simple,font_below_config_minimum,medium,data/v2/attacks/style_ablation/benign_simple/california_wildfires__917926173975474176__917926173975474176_0.png,font=6px below minimum,Manual review.
california_wildfires__917926173975474176__917926173975474176_0,style_ablation,benign_news,occupied_area_warning,medium,data/v2/attacks/style_ablation/benign_news/california_wildfires__917926173975474176__917926173975474176_0.png,area=0.368 exceeds limit,Manual review.
california_wildfires__917926173975474176__917926173975474176_0,style_ablation,benign_camouflage,font_below_config_minimum,medium,data/v2/attacks/style_ablation/benign_camouflage/california_wildfires__917926173975474176__917926173975474176_0.png,font=10px below minimum,Manual review.
california_wildfires__917926173975474176__917926173975474176_0,style_ablation,direct_simple,occupied_area_warning,medium,data/v2/attacks/style_ablation/direct_simple/california_wildfires__917926173975474176__917926173975474176_0.png,area=0.167 exceeds limit,Manual review.
california_wildfires__917926173975474176__917926173975474176_0,style_ablation,direct_simple,font_below_config_minimum,medium,data/v2/attacks/style_ablation/direct_simple/california_wildfires__917926173975474176__917926173975474176_0.png,font=6px below minimum,Manual review.
california_wildfires__917926173975474176__917926173975474176_0,style_ablation,direct_news,occupied_area_warning,medium,data/v2/attacks/style_ablation/direct_news/california_wildfires__917926173975474176__917926173975474176_0.png,area=1.029 exceeds limit,Manual review.
california_wildfires__917926173975474176__917926173975474176_0,style_ablation,direct_camouflage,font_below_config_minimum,medium,data/v2/attacks/style_ablation/direct_camouflage/california_wildfires__917926173975474176__917926173975474176_0.png,font=5px below minimum,Manual review.
california_wildfires__917926173975474176__917926173975474176_0,style_ablation,misleading_simple,font_below_config_minimum,medium,data/v2/attacks/style_ablation/misleading_simple/california_wildfires__917926173975474176__917926173975474176_0.png,font=6px below minimum,Manual review.
california_wildfires__917926173975474176__917926173975474176_0,style_ablation,misleading_news,occupied_area_warning,medium,data/v2/attacks/style_ablation/misleading_news/california_wildfires__917926173975474176__917926173975474176_0.png,area=0.603 exceeds limit,Manual review.
california_wildfires__917926173975474176__917926173975474176_0,style_ablation,misleading_camouflage,font_below_config_minimum,medium,data/v2/attacks/style_ablation/misleading_camouflage/california_wildfires__917926173975474176__917926173975474176_0.png,font=7px below minimum,Manual review.
california_wildfires__918090018190655488__918090018190655488_0,style_ablation,direct_news,occupied_area_warning,medium,data/v2/attacks/style_ablation/direct_news/california_wildfires__918090018190655488__918090018190655488_0.png,area=0.203 exceeds limit,Manual review.
california_wildfires__918095867218817026__918095867218817026_0,style_ablation,direct_news,occupied_area_warning,medium,data/v2/attacks/style_ablation/direct_news/california_wildfires__918095867218817026__918095867218817026_0.png,area=0.193 exceeds limit,Manual review.
california_wildfires__919592657785114624__919592657785114624_0,style_ablation,direct_simple,occupied_area_warning,medium,data/v2/attacks/style_ablation/direct_simple/california_wildfires__919592657785114624__919592657785114624_0.png,area=0.176 exceeds limit,Manual review.
california_wildfires__919592657785114624__919592657785114624_0,style_ablation,direct_news,occupied_area_warning,medium,data/v2/attacks/style_ablation/direct_news/california_wildfires__919592657785114624__919592657785114624_0.png,area=0.201 exceeds limit,Manual review.
california_wildfires__919660981462228992__919660981462228992_0,style_ablation,direct_news,occupied_area_warning,medium,data/v2/attacks/style_ablation/direct_news/california_wildfires__919660981462228992__919660981462228992_0.png,area=0.202 exceeds limit,Manual review.
california_wildfires__920273016243851264__920273016243851264_0,style_ablation,direct_news,occupied_area_warning,medium,data/v2/attacks/style_ablation/direct_news/california_wildfires__920273016243851264__920273016243851264_0.png,area=0.203 exceeds limit,Manual review.
california_wildfires__922425403746242561__922425403746242561_0,style_ablation,direct_news,occupied_area_warning,medium,data/v2/attacks/style_ablation/direct_news/california_wildfires__922425403746242561__922425403746242561_0.png,area=0.186 exceeds limit,Manual review.
california_wildfires__922948121939927040__922948121939927040_2,style_ablation,direct_news,occupied_area_warning,medium,data/v2/attacks/style_ablation/direct_news/california_wildfires__922948121939927040__922948121939927040_2.png,area=0.164 exceeds limit,Manual review.
hurricane_harvey__901646074527535105__901646074527535105_2,style_ablation,direct_news,occupied_area_warning,medium,data/v2/attacks/style_ablation/direct_news/hurricane_harvey__901646074527535105__901646074527535105_2.png,area=0.178 exceeds limit,Manual review.
hurricane_harvey__901650312934674434__901650312934674434_0,style_ablation,direct_news,occupied_area_warning,medium,data/v2/attacks/style_ablation/direct_news/hurricane_harvey__901650312934674434__901650312934674434_0.png,area=0.178 exceeds limit,Manual review.
hurricane_harvey__901655045355208704__901655045355208704_0,style_ablation,direct_news,occupied_area_warning,medium,data/v2/attacks/style_ablation/direct_news/hurricane_harvey__901655045355208704__901655045355208704_0.png,area=0.183 exceeds limit,Manual review.
hurricane_harvey__901663058388504576__901663058388504576_0,style_ablation,direct_news,occupied_area_warning,medium,data/v2/attacks/style_ablation/direct_news/hurricane_harvey__901663058388504576__901663058388504576_0.png,area=0.178 exceeds limit,Manual review.
hurricane_harvey__901684409182638080__901684409182638080_0,style_ablation,direct_news,occupied_area_warning,medium,data/v2/attacks/style_ablation/direct_news/hurricane_harvey__901684409182638080__901684409182638080_0.png,area=0.203 exceeds limit,Manual review.
hurricane_harvey__901805456213102593__901805456213102593_0,style_ablation,direct_news,occupied_area_warning,medium,data/v2/attacks/style_ablation/direct_news/hurricane_harvey__901805456213102593__901805456213102593_0.png,area=0.165 exceeds limit,Manual review.
hurricane_harvey__901813742933073921__901813742933073921_0,style_ablation,direct_news,occupied_area_warning,medium,data/v2/attacks/style_ablation/direct_news/hurricane_harvey__901813742933073921__901813742933073921_0.png,area=0.181 exceeds limit,Manual review.
hurricane_harvey__904248609641603072__904248609641603072_0,style_ablation,direct_simple,occupied_area_warning,medium,data/v2/attacks/style_ablation/direct_simple/hurricane_harvey__904248609641603072__904248609641603072_0.png,area=0.151 exceeds limit,Manual review.
hurricane_harvey__904248609641603072__904248609641603072_0,style_ablation,direct_news,occupied_area_warning,medium,data/v2/attacks/style_ablation/direct_news/hurricane_harvey__904248609641603072__904248609641603072_0.png,area=0.176 exceeds limit,Manual review.
hurricane_harvey__904253626457174016__904253626457174016_0,style_ablation,direct_news,occupied_area_warning,medium,data/v2/attacks/style_ablation/direct_news/hurricane_harvey__904253626457174016__904253626457174016_0.png,area=0.182 exceeds limit,Manual review.
hurricane_harvey__904389811854823426__904389811854823426_0,style_ablation,direct_news,occupied_area_warning,medium,data/v2/attacks/style_ablation/direct_news/hurricane_harvey__904389811854823426__904389811854823426_0.png,area=0.186 exceeds limit,Manual review.
hurricane_harvey__904449476458414080__904449476458414080_0,style_ablation,direct_news,occupied_area_warning,medium,data/v2/attacks/style_ablation/direct_news/hurricane_harvey__904449476458414080__904449476458414080_0.png,area=0.183 exceeds limit,Manual review.
hurricane_harvey__904623462077140993__904623462077140993_0,style_ablation,direct_news,occupied_area_warning,medium,data/v2/attacks/style_ablation/direct_news/hurricane_harvey__904623462077140993__904623462077140993_0.png,area=0.191 exceeds limit,Manual review.
hurricane_harvey__904623845704744960__904623845704744960_0,style_ablation,direct_news,occupied_area_warning,medium,data/v2/attacks/style_ablation/direct_news/hurricane_harvey__904623845704744960__904623845704744960_0.png,area=0.193 exceeds limit,Manual review.
hurricane_harvey__904755214879678464__904755214879678464_0,style_ablation,direct_news,occupied_area_warning,medium,data/v2/attacks/style_ablation/direct_news/hurricane_harvey__904755214879678464__904755214879678464_0.png,area=0.189 exceeds limit,Manual review.
hurricane_harvey__904826427291271168__904826427291271168_0,style_ablation,direct_news,occupied_area_warning,medium,data/v2/attacks/style_ablation/direct_news/hurricane_harvey__904826427291271168__904826427291271168_0.png,area=0.194 exceeds limit,Manual review.
hurricane_harvey__904901981042507776__904901981042507776_0,style_ablation,benign_simple,font_below_config_minimum,medium,data/v2/attacks/style_ablation/benign_simple/hurricane_harvey__904901981042507776__904901981042507776_0.png,font=10px below minimum,Manual review.
hurricane_harvey__904901981042507776__904901981042507776_0,style_ablation,direct_simple,occupied_area_warning,medium,data/v2/attacks/style_ablation/direct_simple/hurricane_harvey__904901981042507776__904901981042507776_0.png,area=0.158 exceeds limit,Manual review.
hurricane_harvey__904901981042507776__904901981042507776_0,style_ablation,direct_simple,font_below_config_minimum,medium,data/v2/attacks/style_ablation/direct_simple/hurricane_harvey__904901981042507776__904901981042507776_0.png,font=10px below minimum,Manual review.
hurricane_harvey__904901981042507776__904901981042507776_0,style_ablation,direct_news,occupied_area_warning,medium,data/v2/attacks/style_ablation/direct_news/hurricane_harvey__904901981042507776__904901981042507776_0.png,area=0.222 exceeds limit,Manual review.
hurricane_harvey__904901981042507776__904901981042507776_0,style_ablation,misleading_simple,font_below_config_minimum,medium,data/v2/attacks/style_ablation/misleading_simple/hurricane_harvey__904901981042507776__904901981042507776_0.png,font=10px below minimum,Manual review.
hurricane_harvey__904993803911790592__904993803911790592_0,style_ablation,direct_news,occupied_area_warning,medium,data/v2/attacks/style_ablation/direct_news/hurricane_harvey__904993803911790592__904993803911790592_0.png,area=0.203 exceeds limit,Manual review.
hurricane_harvey__904994908016058368__904994908016058368_0,style_ablation,direct_news,occupied_area_warning,medium,data/v2/attacks/style_ablation/direct_news/hurricane_harvey__904994908016058368__904994908016058368_0.png,area=0.205 exceeds limit,Manual review.
hurricane_harvey__905161654521913344__905161654521913344_3,style_ablation,benign_news,occupied_area_warning,medium,data/v2/attacks/style_ablation/benign_news/hurricane_harvey__905161654521913344__905161654521913344_3.png,area=0.155 exceeds limit,Manual review.
hurricane_harvey__905161654521913344__905161654521913344_3,style_ablation,direct_news,occupied_area_warning,medium,data/v2/attacks/style_ablation/direct_news/hurricane_harvey__905161654521913344__905161654521913344_3.png,area=0.155 exceeds limit,Manual review.
hurricane_harvey__905230715566006272__905230715566006272_0,style_ablation,benign_news,occupied_area_warning,medium,data/v2/attacks/style_ablation/benign_news/hurricane_harvey__905230715566006272__905230715566006272_0.png,area=0.160 exceeds limit,Manual review.
hurricane_harvey__905230715566006272__905230715566006272_0,style_ablation,direct_news,occupied_area_warning,medium,data/v2/attacks/style_ablation/direct_news/hurricane_harvey__905230715566006272__905230715566006272_0.png,area=0.162 exceeds limit,Manual review.
hurricane_harvey__905367007092105216__905367007092105216_0,style_ablation,benign_news,occupied_area_warning,medium,data/v2/attacks/style_ablation/benign_news/hurricane_harvey__905367007092105216__905367007092105216_0.png,area=0.157 exceeds limit,Manual review.
hurricane_harvey__905367007092105216__905367007092105216_0,style_ablation,direct_news,occupied_area_warning,medium,data/v2/attacks/style_ablation/direct_news/hurricane_harvey__905367007092105216__905367007092105216_0.png,area=0.158 exceeds limit,Manual review.
hurricane_harvey__905495596823330816__905495596823330816_0,style_ablation,direct_news,occupied_area_warning,medium,data/v2/attacks/style_ablation/direct_news/hurricane_harvey__905495596823330816__905495596823330816_0.png,area=0.189 exceeds limit,Manual review.
hurricane_harvey__905823062167232512__905823062167232512_0,style_ablation,benign_news,occupied_area_warning,medium,data/v2/attacks/style_ablation/benign_news/hurricane_harvey__905823062167232512__905823062167232512_0.png,area=0.154 exceeds limit,Manual review.
hurricane_harvey__905823062167232512__905823062167232512_0,style_ablation,direct_news,occupied_area_warning,medium,data/v2/attacks/style_ablation/direct_news/hurricane_harvey__905823062167232512__905823062167232512_0.png,area=0.156 exceeds limit,Manual review.
hurricane_harvey__905826747395870720__905826747395870720_0,style_ablation,direct_news,occupied_area_warning,medium,data/v2/attacks/style_ablation/direct_news/hurricane_harvey__905826747395870720__905826747395870720_0.png,area=0.207 exceeds limit,Manual review.
hurricane_harvey__906478412281401344__906478412281401344_0,style_ablation,direct_news,occupied_area_warning,medium,data/v2/attacks/style_ablation/direct_news/hurricane_harvey__906478412281401344__906478412281401344_0.png,area=0.192 exceeds limit,Manual review.
hurricane_harvey__906948548356341760__906948548356341760_0,style_ablation,direct_news,occupied_area_warning,medium,data/v2/attacks/style_ablation/direct_news/hurricane_harvey__906948548356341760__906948548356341760_0.png,area=0.210 exceeds limit,Manual review.
hurricane_harvey__907041310518935552__907041310518935552_0,style_ablation,direct_news,occupied_area_warning,medium,data/v2/attacks/style_ablation/direct_news/hurricane_harvey__907041310518935552__907041310518935552_0.png,area=0.183 exceeds limit,Manual review.
hurricane_harvey__907153066864136193__907153066864136193_0,style_ablation,direct_news,occupied_area_warning,medium,data/v2/attacks/style_ablation/direct_news/hurricane_harvey__907153066864136193__907153066864136193_0.png,area=0.189 exceeds limit,Manual review.
hurricane_harvey__907190244579188736__907190244579188736_0,style_ablation,direct_news,occupied_area_warning,medium,data/v2/attacks/style_ablation/direct_news/hurricane_harvey__907190244579188736__907190244579188736_0.png,area=0.214 exceeds limit,Manual review.
hurricane_harvey__907237196435881989__907237196435881989_0,style_ablation,direct_news,occupied_area_warning,medium,data/v2/attacks/style_ablation/direct_news/hurricane_harvey__907237196435881989__907237196435881989_0.png,area=0.200 exceeds limit,Manual review.
hurricane_harvey__907237374144512000__907237374144512000_0,style_ablation,direct_news,occupied_area_warning,medium,data/v2/attacks/style_ablation/direct_news/hurricane_harvey__907237374144512000__907237374144512000_0.png,area=0.210 exceeds limit,Manual review.
hurricane_harvey__907345772823408642__907345772823408642_0,style_ablation,benign_news,occupied_area_warning,medium,data/v2/attacks/style_ablation/benign_news/hurricane_harvey__907345772823408642__907345772823408642_0.png,area=0.152 exceeds limit,Manual review.
hurricane_harvey__907345772823408642__907345772823408642_0,style_ablation,direct_news,occupied_area_warning,medium,data/v2/attacks/style_ablation/direct_news/hurricane_harvey__907345772823408642__907345772823408642_0.png,area=0.155 exceeds limit,Manual review.
hurricane_harvey__907633664128946177__907633664128946177_0,style_ablation,direct_news,occupied_area_warning,medium,data/v2/attacks/style_ablation/direct_news/hurricane_harvey__907633664128946177__907633664128946177_0.png,area=0.207 exceeds limit,Manual review.
hurricane_harvey__907704019266785280__907704019266785280_0,style_ablation,direct_news,occupied_area_warning,medium,data/v2/attacks/style_ablation/direct_news/hurricane_harvey__907704019266785280__907704019266785280_0.png,area=0.207 exceeds limit,Manual review.
hurricane_harvey__907928859064061953__907928859064061953_0,style_ablation,direct_news,occupied_area_warning,medium,data/v2/attacks/style_ablation/direct_news/hurricane_harvey__907928859064061953__907928859064061953_0.png,area=0.189 exceeds limit,Manual review.
hurricane_harvey__908077717219954688__908077717219954688_0,style_ablation,direct_news,occupied_area_warning,medium,data/v2/attacks/style_ablation/direct_news/hurricane_harvey__908077717219954688__908077717219954688_0.png,area=0.207 exceeds limit,Manual review.
hurricane_harvey__908168392716234753__908168392716234753_0,style_ablation,direct_news,occupied_area_warning,medium,data/v2/attacks/style_ablation/direct_news/hurricane_harvey__908168392716234753__908168392716234753_0.png,area=0.185 exceeds limit,Manual review.
hurricane_harvey__908344663698001922__908344663698001922_3,style_ablation,direct_simple,occupied_area_warning,medium,data/v2/attacks/style_ablation/direct_simple/hurricane_harvey__908344663698001922__908344663698001922_3.png,area=0.165 exceeds limit,Manual review.
hurricane_harvey__908344663698001922__908344663698001922_3,style_ablation,direct_news,occupied_area_warning,medium,data/v2/attacks/style_ablation/direct_news/hurricane_harvey__908344663698001922__908344663698001922_3.png,area=0.200 exceeds limit,Manual review.
hurricane_harvey__908566528898895872__908566528898895872_2,style_ablation,direct_news,occupied_area_warning,medium,data/v2/attacks/style_ablation/direct_news/hurricane_harvey__908566528898895872__908566528898895872_2.png,area=0.178 exceeds limit,Manual review.
hurricane_harvey__908723853798641664__908723853798641664_0,style_ablation,direct_news,occupied_area_warning,medium,data/v2/attacks/style_ablation/direct_news/hurricane_harvey__908723853798641664__908723853798641664_0.png,area=0.189 exceeds limit,Manual review.
hurricane_harvey__908774437461229568__908774437461229568_0,style_ablation,direct_news,occupied_area_warning,medium,data/v2/attacks/style_ablation/direct_news/hurricane_harvey__908774437461229568__908774437461229568_0.png,area=0.154 exceeds limit,Manual review.
hurricane_harvey__908825244269404160__908825244269404160_0,style_ablation,direct_simple,occupied_area_warning,medium,data/v2/attacks/style_ablation/direct_simple/hurricane_harvey__908825244269404160__908825244269404160_0.png,area=0.152 exceeds limit,Manual review.
hurricane_harvey__908825244269404160__908825244269404160_0,style_ablation,direct_news,occupied_area_warning,medium,data/v2/attacks/style_ablation/direct_news/hurricane_harvey__908825244269404160__908825244269404160_0.png,area=0.179 exceeds limit,Manual review.
hurricane_harvey__908871077660692480__908871077660692480_0,style_ablation,direct_news,occupied_area_warning,medium,data/v2/attacks/style_ablation/direct_news/hurricane_harvey__908871077660692480__908871077660692480_0.png,area=0.207 exceeds limit,Manual review.
hurricane_harvey__909157252518563840__909157252518563840_0,style_ablation,direct_news,occupied_area_warning,medium,data/v2/attacks/style_ablation/direct_news/hurricane_harvey__909157252518563840__909157252518563840_0.png,area=0.210 exceeds limit,Manual review.
hurricane_harvey__909728995159113728__909728995159113728_0,style_ablation,benign_news,occupied_area_warning,medium,data/v2/attacks/style_ablation/benign_news/hurricane_harvey__909728995159113728__909728995159113728_0.png,area=0.151 exceeds limit,Manual review.
hurricane_harvey__909728995159113728__909728995159113728_0,style_ablation,direct_news,occupied_area_warning,medium,data/v2/attacks/style_ablation/direct_news/hurricane_harvey__909728995159113728__909728995159113728_0.png,area=0.153 exceeds limit,Manual review.
hurricane_harvey__909871885780955137__909871885780955137_0,style_ablation,direct_news,occupied_area_warning,medium,data/v2/attacks/style_ablation/direct_news/hurricane_harvey__909871885780955137__909871885780955137_0.png,area=0.165 exceeds limit,Manual review.
hurricane_harvey__909938076423675905__909938076423675905_2,style_ablation,direct_news,occupied_area_warning,medium,data/v2/attacks/style_ablation/direct_news/hurricane_harvey__909938076423675905__909938076423675905_2.png,area=0.183 exceeds limit,Manual review.
hurricane_harvey__910156535011135488__910156535011135488_0,style_ablation,direct_news,occupied_area_warning,medium,data/v2/attacks/style_ablation/direct_news/hurricane_harvey__910156535011135488__910156535011135488_0.png,area=0.193 exceeds limit,Manual review.
hurricane_irma__905630591437197313__905630591437197313_0,style_ablation,direct_news,occupied_area_warning,medium,data/v2/attacks/style_ablation/direct_news/hurricane_irma__905630591437197313__905630591437197313_0.png,area=0.209 exceeds limit,Manual review.
hurricane_irma__905636651447328768__905636651447328768_0,style_ablation,direct_news,occupied_area_warning,medium,data/v2/attacks/style_ablation/direct_news/hurricane_irma__905636651447328768__905636651447328768_0.png,area=0.174 exceeds limit,Manual review.
hurricane_irma__905669119231459330__905669119231459330_0,style_ablation,direct_news,occupied_area_warning,medium,data/v2/attacks/style_ablation/direct_news/hurricane_irma__905669119231459330__905669119231459330_0.png,area=0.154 exceeds limit,Manual review.
hurricane_irma__905675466492837888__905675466492837888_0,style_ablation,direct_news,occupied_area_warning,medium,data/v2/attacks/style_ablation/direct_news/hurricane_irma__905675466492837888__905675466492837888_0.png,area=0.192 exceeds limit,Manual review.
hurricane_irma__905697160519442432__905697160519442432_0,style_ablation,direct_news,occupied_area_warning,medium,data/v2/attacks/style_ablation/direct_news/hurricane_irma__905697160519442432__905697160519442432_0.png,area=0.179 exceeds limit,Manual review.
hurricane_irma__905714574128644096__905714574128644096_0,style_ablation,direct_news,occupied_area_warning,medium,data/v2/attacks/style_ablation/direct_news/hurricane_irma__905714574128644096__905714574128644096_0.png,area=0.207 exceeds limit,Manual review.
hurricane_irma__905762090178289664__905762090178289664_0,style_ablation,benign_news,occupied_area_warning,medium,data/v2/attacks/style_ablation/benign_news/hurricane_irma__905762090178289664__905762090178289664_0.png,area=0.153 exceeds limit,Manual review.
hurricane_irma__905762090178289664__905762090178289664_0,style_ablation,direct_news,occupied_area_warning,medium,data/v2/attacks/style_ablation/direct_news/hurricane_irma__905762090178289664__905762090178289664_0.png,area=0.153 exceeds limit,Manual review.
hurricane_irma__906927887454011394__906927887454011394_0,style_ablation,direct_simple,occupied_area_warning,medium,data/v2/attacks/style_ablation/direct_simple/hurricane_irma__906927887454011394__906927887454011394_0.png,area=0.178 exceeds limit,Manual review.
hurricane_irma__906927887454011394__906927887454011394_0,style_ablation,direct_news,occupied_area_warning,medium,data/v2/attacks/style_ablation/direct_news/hurricane_irma__906927887454011394__906927887454011394_0.png,area=0.260 exceeds limit,Manual review.
hurricane_irma__909421107396186112__909421107396186112_0,style_ablation,direct_news,occupied_area_warning,medium,data/v2/attacks/style_ablation/direct_news/hurricane_irma__909421107396186112__909421107396186112_0.png,area=0.185 exceeds limit,Manual review.
hurricane_irma__909428988719886337__909428988719886337_0,style_ablation,direct_news,occupied_area_warning,medium,data/v2/attacks/style_ablation/direct_news/hurricane_irma__909428988719886337__909428988719886337_0.png,area=0.173 exceeds limit,Manual review.
hurricane_irma__909431758822739969__909431758822739969_0,style_ablation,direct_news,occupied_area_warning,medium,data/v2/attacks/style_ablation/direct_news/hurricane_irma__909431758822739969__909431758822739969_0.png,area=0.189 exceeds limit,Manual review.
hurricane_irma__909432584333078528__909432584333078528_0,style_ablation,direct_simple,occupied_area_warning,medium,data/v2/attacks/style_ablation/direct_simple/hurricane_irma__909432584333078528__909432584333078528_0.png,area=0.158 exceeds limit,Manual review.
hurricane_irma__909432584333078528__909432584333078528_0,style_ablation,direct_news,occupied_area_warning,medium,data/v2/attacks/style_ablation/direct_news/hurricane_irma__909432584333078528__909432584333078528_0.png,area=0.260 exceeds limit,Manual review.
hurricane_irma__909480878895779840__909480878895779840_0,style_ablation,direct_news,occupied_area_warning,medium,data/v2/attacks/style_ablation/direct_news/hurricane_irma__909480878895779840__909480878895779840_0.png,area=0.180 exceeds limit,Manual review.
hurricane_irma__909760375381512192__909760375381512192_0,style_ablation,direct_news,occupied_area_warning,medium,data/v2/attacks/style_ablation/direct_news/hurricane_irma__909760375381512192__909760375381512192_0.png,area=0.208 exceeds limit,Manual review.
hurricane_irma__909769085721956352__909769085721956352_0,style_ablation,benign_news,occupied_area_warning,medium,data/v2/attacks/style_ablation/benign_news/hurricane_irma__909769085721956352__909769085721956352_0.png,area=0.154 exceeds limit,Manual review.
hurricane_irma__909769085721956352__909769085721956352_0,style_ablation,direct_news,occupied_area_warning,medium,data/v2/attacks/style_ablation/direct_news/hurricane_irma__909769085721956352__909769085721956352_0.png,area=0.156 exceeds limit,Manual review.
hurricane_irma__909774325305225216__909774325305225216_0,style_ablation,benign_news,occupied_area_warning,medium,data/v2/attacks/style_ablation/benign_news/hurricane_irma__909774325305225216__909774325305225216_0.png,area=0.172 exceeds limit,Manual review.
hurricane_irma__909774325305225216__909774325305225216_0,style_ablation,direct_news,occupied_area_warning,medium,data/v2/attacks/style_ablation/direct_news/hurricane_irma__909774325305225216__909774325305225216_0.png,area=0.176 exceeds limit,Manual review.
hurricane_irma__909774325305225216__909774325305225216_0,style_ablation,misleading_news,occupied_area_warning,medium,data/v2/attacks/style_ablation/misleading_news/hurricane_irma__909774325305225216__909774325305225216_0.png,area=0.160 exceeds limit,Manual review.
hurricane_irma__909779079213305864__909779079213305864_1,style_ablation,direct_news,occupied_area_warning,medium,data/v2/attacks/style_ablation/direct_news/hurricane_irma__909779079213305864__909779079213305864_1.png,area=0.183 exceeds limit,Manual review.
hurricane_irma__909780742787432452__909780742787432452_0,style_ablation,direct_news,occupied_area_warning,medium,data/v2/attacks/style_ablation/direct_news/hurricane_irma__909780742787432452__909780742787432452_0.png,area=0.186 exceeds limit,Manual review.
hurricane_irma__909784591724089344__909784591724089344_0,style_ablation,direct_news,occupied_area_warning,medium,data/v2/attacks/style_ablation/direct_news/hurricane_irma__909784591724089344__909784591724089344_0.png,area=0.189 exceeds limit,Manual review.
hurricane_irma__909785832273465344__909785832273465344_0,style_ablation,direct_news,occupied_area_warning,medium,data/v2/attacks/style_ablation/direct_news/hurricane_irma__909785832273465344__909785832273465344_0.png,area=0.189 exceeds limit,Manual review.
hurricane_irma__909791620857581568__909791620857581568_2,style_ablation,direct_news,occupied_area_warning,medium,data/v2/attacks/style_ablation/direct_news/hurricane_irma__909791620857581568__909791620857581568_2.png,area=0.183 exceeds limit,Manual review.
hurricane_irma__909797659795427334__909797659795427334_0,style_ablation,direct_news,occupied_area_warning,medium,data/v2/attacks/style_ablation/direct_news/hurricane_irma__909797659795427334__909797659795427334_0.png,area=0.203 exceeds limit,Manual review.
hurricane_irma__909797688278908933__909797688278908933_0,style_ablation,direct_news,occupied_area_warning,medium,data/v2/attacks/style_ablation/direct_news/hurricane_irma__909797688278908933__909797688278908933_0.png,area=0.189 exceeds limit,Manual review.
hurricane_irma__909820472258383872__909820472258383872_1,style_ablation,direct_news,occupied_area_warning,medium,data/v2/attacks/style_ablation/direct_news/hurricane_irma__909820472258383872__909820472258383872_1.png,area=0.204 exceeds limit,Manual review.
hurricane_irma__909833411598209024__909833411598209024_2,style_ablation,direct_news,occupied_area_warning,medium,data/v2/attacks/style_ablation/direct_news/hurricane_irma__909833411598209024__909833411598209024_2.png,area=0.183 exceeds limit,Manual review.
hurricane_irma__909839598196543488__909839598196543488_0,style_ablation,direct_news,occupied_area_warning,medium,data/v2/attacks/style_ablation/direct_news/hurricane_irma__909839598196543488__909839598196543488_0.png,area=0.206 exceeds limit,Manual review.
hurricane_irma__909839832066686978__909839832066686978_0,style_ablation,direct_news,occupied_area_warning,medium,data/v2/attacks/style_ablation/direct_news/hurricane_irma__909839832066686978__909839832066686978_0.png,area=0.183 exceeds limit,Manual review.
hurricane_irma__909854712731750402__909854712731750402_0,style_ablation,benign_news,occupied_area_warning,medium,data/v2/attacks/style_ablation/benign_news/hurricane_irma__909854712731750402__909854712731750402_0.png,area=0.173 exceeds limit,Manual review.
hurricane_irma__909854712731750402__909854712731750402_0,style_ablation,direct_news,occupied_area_warning,medium,data/v2/attacks/style_ablation/direct_news/hurricane_irma__909854712731750402__909854712731750402_0.png,area=0.175 exceeds limit,Manual review.
hurricane_irma__909854712731750402__909854712731750402_0,style_ablation,misleading_news,occupied_area_warning,medium,data/v2/attacks/style_ablation/misleading_news/hurricane_irma__909854712731750402__909854712731750402_0.png,area=0.162 exceeds limit,Manual review.
hurricane_irma__909868408493236224__909868408493236224_0,style_ablation,direct_news,occupied_area_warning,medium,data/v2/attacks/style_ablation/direct_news/hurricane_irma__909868408493236224__909868408493236224_0.png,area=0.182 exceeds limit,Manual review.
hurricane_irma__909868816695545857__909868816695545857_0,style_ablation,direct_news,occupied_area_warning,medium,data/v2/attacks/style_ablation/direct_news/hurricane_irma__909868816695545857__909868816695545857_0.png,area=0.192 exceeds limit,Manual review.
hurricane_irma__909873185226674176__909873185226674176_0,style_ablation,direct_news,occupied_area_warning,medium,data/v2/attacks/style_ablation/direct_news/hurricane_irma__909873185226674176__909873185226674176_0.png,area=0.166 exceeds limit,Manual review.
hurricane_irma__909879652306575360__909879652306575360_0,style_ablation,direct_simple,occupied_area_warning,medium,data/v2/attacks/style_ablation/direct_simple/hurricane_irma__909879652306575360__909879652306575360_0.png,area=0.167 exceeds limit,Manual review.
hurricane_irma__909879652306575360__909879652306575360_0,style_ablation,direct_news,occupied_area_warning,medium,data/v2/attacks/style_ablation/direct_news/hurricane_irma__909879652306575360__909879652306575360_0.png,area=0.207 exceeds limit,Manual review.
hurricane_irma__909886240614486018__909886240614486018_0,style_ablation,direct_news,occupied_area_warning,medium,data/v2/attacks/style_ablation/direct_news/hurricane_irma__909886240614486018__909886240614486018_0.png,area=0.210 exceeds limit,Manual review.
hurricane_irma__909888420905930754__909888420905930754_2,style_ablation,direct_news,occupied_area_warning,medium,data/v2/attacks/style_ablation/direct_news/hurricane_irma__909888420905930754__909888420905930754_2.png,area=0.204 exceeds limit,Manual review.
hurricane_irma__909897041576329216__909897041576329216_0,style_ablation,direct_news,occupied_area_warning,medium,data/v2/attacks/style_ablation/direct_news/hurricane_irma__909897041576329216__909897041576329216_0.png,area=0.183 exceeds limit,Manual review.
hurricane_irma__909916266911150080__909916266911150080_0,style_ablation,direct_news,occupied_area_warning,medium,data/v2/attacks/style_ablation/direct_news/hurricane_irma__909916266911150080__909916266911150080_0.png,area=0.165 exceeds limit,Manual review.
hurricane_irma__909919362299043841__909919362299043841_0,style_ablation,direct_news,occupied_area_warning,medium,data/v2/attacks/style_ablation/direct_news/hurricane_irma__909919362299043841__909919362299043841_0.png,area=0.177 exceeds limit,Manual review.
hurricane_irma__909927931316703233__909927931316703233_0,style_ablation,direct_news,occupied_area_warning,medium,data/v2/attacks/style_ablation/direct_news/hurricane_irma__909927931316703233__909927931316703233_0.png,area=0.208 exceeds limit,Manual review.
hurricane_irma__909957227842232320__909957227842232320_0,style_ablation,direct_news,occupied_area_warning,medium,data/v2/attacks/style_ablation/direct_news/hurricane_irma__909957227842232320__909957227842232320_0.png,area=0.191 exceeds limit,Manual review.
hurricane_irma__909968982362517504__909968982362517504_3,style_ablation,direct_news,occupied_area_warning,medium,data/v2/attacks/style_ablation/direct_news/hurricane_irma__909968982362517504__909968982362517504_3.png,area=0.183 exceeds limit,Manual review.
hurricane_irma__909992667106496517__909992667106496517_0,style_ablation,direct_news,occupied_area_warning,medium,data/v2/attacks/style_ablation/direct_news/hurricane_irma__909992667106496517__909992667106496517_0.png,area=0.163 exceeds limit,Manual review.
hurricane_irma__910042181741793281__910042181741793281_0,style_ablation,direct_news,occupied_area_warning,medium,data/v2/attacks/style_ablation/direct_news/hurricane_irma__910042181741793281__910042181741793281_0.png,area=0.178 exceeds limit,Manual review.
hurricane_irma__910082914343305216__910082914343305216_0,style_ablation,direct_news,occupied_area_warning,medium,data/v2/attacks/style_ablation/direct_news/hurricane_irma__910082914343305216__910082914343305216_0.png,area=0.207 exceeds limit,Manual review.
hurricane_irma__910084566328766464__910084566328766464_0,style_ablation,direct_news,occupied_area_warning,medium,data/v2/attacks/style_ablation/direct_news/hurricane_irma__910084566328766464__910084566328766464_0.png,area=0.188 exceeds limit,Manual review.
hurricane_irma__910096270609534977__910096270609534977_0,style_ablation,direct_news,occupied_area_warning,medium,data/v2/attacks/style_ablation/direct_news/hurricane_irma__910096270609534977__910096270609534977_0.png,area=0.158 exceeds limit,Manual review.
hurricane_irma__910110509852184576__910110509852184576_0,style_ablation,direct_news,occupied_area_warning,medium,data/v2/attacks/style_ablation/direct_news/hurricane_irma__910110509852184576__910110509852184576_0.png,area=0.183 exceeds limit,Manual review.
hurricane_irma__910116242232549376__910116242232549376_0,style_ablation,direct_simple,occupied_area_warning,medium,data/v2/attacks/style_ablation/direct_simple/hurricane_irma__910116242232549376__910116242232549376_0.png,area=0.165 exceeds limit,Manual review.
hurricane_irma__910116242232549376__910116242232549376_0,style_ablation,direct_news,occupied_area_warning,medium,data/v2/attacks/style_ablation/direct_news/hurricane_irma__910116242232549376__910116242232549376_0.png,area=0.203 exceeds limit,Manual review.
hurricane_irma__910117311943708672__910117311943708672_0,style_ablation,direct_simple,occupied_area_warning,medium,data/v2/attacks/style_ablation/direct_simple/hurricane_irma__910117311943708672__910117311943708672_0.png,area=0.174 exceeds limit,Manual review.
hurricane_irma__910117311943708672__910117311943708672_0,style_ablation,direct_news,occupied_area_warning,medium,data/v2/attacks/style_ablation/direct_news/hurricane_irma__910117311943708672__910117311943708672_0.png,area=0.260 exceeds limit,Manual review.
hurricane_irma__910122015993995264__910122015993995264_3,style_ablation,direct_news,occupied_area_warning,medium,data/v2/attacks/style_ablation/direct_news/hurricane_irma__910122015993995264__910122015993995264_3.png,area=0.183 exceeds limit,Manual review.
hurricane_irma__910150747228172288__910150747228172288_0,style_ablation,direct_news,occupied_area_warning,medium,data/v2/attacks/style_ablation/direct_news/hurricane_irma__910150747228172288__910150747228172288_0.png,area=0.192 exceeds limit,Manual review.
hurricane_irma__910168623175557120__910168623175557120_0,style_ablation,direct_news,occupied_area_warning,medium,data/v2/attacks/style_ablation/direct_news/hurricane_irma__910168623175557120__910168623175557120_0.png,area=0.180 exceeds limit,Manual review.
hurricane_irma__910169542718091265__910169542718091265_1,style_ablation,direct_news,occupied_area_warning,medium,data/v2/attacks/style_ablation/direct_news/hurricane_irma__910169542718091265__910169542718091265_1.png,area=0.210 exceeds limit,Manual review.
hurricane_irma__910194740905353216__910194740905353216_0,style_ablation,direct_simple,occupied_area_warning,medium,data/v2/attacks/style_ablation/direct_simple/hurricane_irma__910194740905353216__910194740905353216_0.png,area=0.165 exceeds limit,Manual review.
hurricane_irma__910194740905353216__910194740905353216_0,style_ablation,direct_news,occupied_area_warning,medium,data/v2/attacks/style_ablation/direct_news/hurricane_irma__910194740905353216__910194740905353216_0.png,area=0.203 exceeds limit,Manual review.
hurricane_irma__910195055180234753__910195055180234753_0,style_ablation,direct_news,occupied_area_warning,medium,data/v2/attacks/style_ablation/direct_news/hurricane_irma__910195055180234753__910195055180234753_0.png,area=0.207 exceeds limit,Manual review.
hurricane_irma__910198059316981761__910198059316981761_0,style_ablation,direct_news,occupied_area_warning,medium,data/v2/attacks/style_ablation/direct_news/hurricane_irma__910198059316981761__910198059316981761_0.png,area=0.192 exceeds limit,Manual review.
hurricane_irma__910199425972211713__910199425972211713_0,style_ablation,direct_simple,occupied_area_warning,medium,data/v2/attacks/style_ablation/direct_simple/hurricane_irma__910199425972211713__910199425972211713_0.png,area=0.175 exceeds limit,Manual review.
hurricane_irma__910199425972211713__910199425972211713_0,style_ablation,direct_news,occupied_area_warning,medium,data/v2/attacks/style_ablation/direct_news/hurricane_irma__910199425972211713__910199425972211713_0.png,area=0.210 exceeds limit,Manual review.
hurricane_irma__910207417345908736__910207417345908736_0,style_ablation,direct_news,occupied_area_warning,medium,data/v2/attacks/style_ablation/direct_news/hurricane_irma__910207417345908736__910207417345908736_0.png,area=0.183 exceeds limit,Manual review.
hurricane_irma__910207622896287744__910207622896287744_2,style_ablation,direct_news,occupied_area_warning,medium,data/v2/attacks/style_ablation/direct_news/hurricane_irma__910207622896287744__910207622896287744_2.png,area=0.178 exceeds limit,Manual review.
hurricane_irma__910213017681281024__910213017681281024_0,style_ablation,direct_news,occupied_area_warning,medium,data/v2/attacks/style_ablation/direct_news/hurricane_irma__910213017681281024__910213017681281024_0.png,area=0.155 exceeds limit,Manual review.
hurricane_irma__910218504380538881__910218504380538881_0,style_ablation,direct_news,occupied_area_warning,medium,data/v2/attacks/style_ablation/direct_news/hurricane_irma__910218504380538881__910218504380538881_0.png,area=0.203 exceeds limit,Manual review.
hurricane_irma__910255847346987009__910255847346987009_0,style_ablation,direct_news,occupied_area_warning,medium,data/v2/attacks/style_ablation/direct_news/hurricane_irma__910255847346987009__910255847346987009_0.png,area=0.180 exceeds limit,Manual review.
hurricane_irma__910259542763634688__910259542763634688_1,style_ablation,direct_news,occupied_area_warning,medium,data/v2/attacks/style_ablation/direct_news/hurricane_irma__910259542763634688__910259542763634688_1.png,area=0.183 exceeds limit,Manual review.
hurricane_irma__910261122187583490__910261122187583490_0,style_ablation,direct_news,occupied_area_warning,medium,data/v2/attacks/style_ablation/direct_news/hurricane_irma__910261122187583490__910261122187583490_0.png,area=0.188 exceeds limit,Manual review.
hurricane_maria__910532027107172353__910532027107172353_0,style_ablation,direct_news,occupied_area_warning,medium,data/v2/attacks/style_ablation/direct_news/hurricane_maria__910532027107172353__910532027107172353_0.png,area=0.193 exceeds limit,Manual review.
hurricane_maria__910538720117391360__910538720117391360_1,style_ablation,direct_news,occupied_area_warning,medium,data/v2/attacks/style_ablation/direct_news/hurricane_maria__910538720117391360__910538720117391360_1.png,area=0.174 exceeds limit,Manual review.
hurricane_maria__910542863150202886__910542863150202886_0,style_ablation,direct_news,occupied_area_warning,medium,data/v2/attacks/style_ablation/direct_news/hurricane_maria__910542863150202886__910542863150202886_0.png,area=0.203 exceeds limit,Manual review.
hurricane_maria__910558451067117568__910558451067117568_3,style_ablation,direct_news,occupied_area_warning,medium,data/v2/attacks/style_ablation/direct_news/hurricane_maria__910558451067117568__910558451067117568_3.png,area=0.178 exceeds limit,Manual review.
hurricane_maria__910571114803363840__910571114803363840_1,style_ablation,direct_simple,occupied_area_warning,medium,data/v2/attacks/style_ablation/direct_simple/hurricane_maria__910571114803363840__910571114803363840_1.png,area=0.180 exceeds limit,Manual review.
hurricane_maria__910571114803363840__910571114803363840_1,style_ablation,direct_news,occupied_area_warning,medium,data/v2/attacks/style_ablation/direct_news/hurricane_maria__910571114803363840__910571114803363840_1.png,area=0.255 exceeds limit,Manual review.
hurricane_maria__910616491799834628__910616491799834628_0,style_ablation,direct_news,occupied_area_warning,medium,data/v2/attacks/style_ablation/direct_news/hurricane_maria__910616491799834628__910616491799834628_0.png,area=0.150 exceeds limit,Manual review.
hurricane_maria__910699932704796672__910699932704796672_0,style_ablation,direct_news,occupied_area_warning,medium,data/v2/attacks/style_ablation/direct_news/hurricane_maria__910699932704796672__910699932704796672_0.png,area=0.210 exceeds limit,Manual review.
hurricane_maria__911634445035278337__911634445035278337_0,style_ablation,direct_news,occupied_area_warning,medium,data/v2/attacks/style_ablation/direct_news/hurricane_maria__911634445035278337__911634445035278337_0.png,area=0.217 exceeds limit,Manual review.
hurricane_maria__911650692368158721__911650692368158721_3,style_ablation,direct_news,occupied_area_warning,medium,data/v2/attacks/style_ablation/direct_news/hurricane_maria__911650692368158721__911650692368158721_3.png,area=0.184 exceeds limit,Manual review.
hurricane_maria__911818109123747846__911818109123747846_3,style_ablation,direct_news,occupied_area_warning,medium,data/v2/attacks/style_ablation/direct_news/hurricane_maria__911818109123747846__911818109123747846_3.png,area=0.207 exceeds limit,Manual review.
hurricane_maria__911881820559544320__911881820559544320_3,style_ablation,direct_news,occupied_area_warning,medium,data/v2/attacks/style_ablation/direct_news/hurricane_maria__911881820559544320__911881820559544320_3.png,area=0.189 exceeds limit,Manual review.
hurricane_maria__912279176895451136__912279176895451136_0,style_ablation,direct_news,occupied_area_warning,medium,data/v2/attacks/style_ablation/direct_news/hurricane_maria__912279176895451136__912279176895451136_0.png,area=0.199 exceeds limit,Manual review.
hurricane_maria__912286223930134530__912286223930134530_0,style_ablation,benign_simple,font_below_config_minimum,medium,data/v2/attacks/style_ablation/benign_simple/hurricane_maria__912286223930134530__912286223930134530_0.png,font=6px below minimum,Manual review.
hurricane_maria__912286223930134530__912286223930134530_0,style_ablation,benign_news,occupied_area_warning,medium,data/v2/attacks/style_ablation/benign_news/hurricane_maria__912286223930134530__912286223930134530_0.png,area=0.475 exceeds limit,Manual review.
hurricane_maria__912286223930134530__912286223930134530_0,style_ablation,benign_camouflage,font_below_config_minimum,medium,data/v2/attacks/style_ablation/benign_camouflage/hurricane_maria__912286223930134530__912286223930134530_0.png,font=10px below minimum,Manual review.
hurricane_maria__912286223930134530__912286223930134530_0,style_ablation,direct_simple,occupied_area_warning,medium,data/v2/attacks/style_ablation/direct_simple/hurricane_maria__912286223930134530__912286223930134530_0.png,area=0.223 exceeds limit,Manual review.
hurricane_maria__912286223930134530__912286223930134530_0,style_ablation,direct_simple,font_below_config_minimum,medium,data/v2/attacks/style_ablation/direct_simple/hurricane_maria__912286223930134530__912286223930134530_0.png,font=6px below minimum,Manual review.
hurricane_maria__912286223930134530__912286223930134530_0,style_ablation,direct_news,occupied_area_warning,medium,data/v2/attacks/style_ablation/direct_news/hurricane_maria__912286223930134530__912286223930134530_0.png,area=0.863 exceeds limit,Manual review.
hurricane_maria__912286223930134530__912286223930134530_0,style_ablation,direct_camouflage,font_below_config_minimum,medium,data/v2/attacks/style_ablation/direct_camouflage/hurricane_maria__912286223930134530__912286223930134530_0.png,font=4px below minimum,Manual review.
hurricane_maria__912286223930134530__912286223930134530_0,style_ablation,misleading_simple,font_below_config_minimum,medium,data/v2/attacks/style_ablation/misleading_simple/hurricane_maria__912286223930134530__912286223930134530_0.png,font=6px below minimum,Manual review.
hurricane_maria__912286223930134530__912286223930134530_0,style_ablation,misleading_news,occupied_area_warning,medium,data/v2/attacks/style_ablation/misleading_news/hurricane_maria__912286223930134530__912286223930134530_0.png,area=0.512 exceeds limit,Manual review.
hurricane_maria__912286223930134530__912286223930134530_0,style_ablation,misleading_camouflage,font_below_config_minimum,medium,data/v2/attacks/style_ablation/misleading_camouflage/hurricane_maria__912286223930134530__912286223930134530_0.png,font=6px below minimum,Manual review.
hurricane_maria__912357558484058112__912357558484058112_0,style_ablation,direct_news,occupied_area_warning,medium,data/v2/attacks/style_ablation/direct_news/hurricane_maria__912357558484058112__912357558484058112_0.png,area=0.189 exceeds limit,Manual review.
hurricane_maria__912393267387478016__912393267387478016_0,style_ablation,direct_news,occupied_area_warning,medium,data/v2/attacks/style_ablation/direct_news/hurricane_maria__912393267387478016__912393267387478016_0.png,area=0.210 exceeds limit,Manual review.
hurricane_maria__913047030225915904__913047030225915904_1,style_ablation,direct_news,occupied_area_warning,medium,data/v2/attacks/style_ablation/direct_news/hurricane_maria__913047030225915904__913047030225915904_1.png,area=0.189 exceeds limit,Manual review.
hurricane_maria__913338746342379521__913338746342379521_0,style_ablation,direct_news,occupied_area_warning,medium,data/v2/attacks/style_ablation/direct_news/hurricane_maria__913338746342379521__913338746342379521_0.png,area=0.186 exceeds limit,Manual review.
hurricane_maria__913459230400745472__913459230400745472_0,style_ablation,direct_news,occupied_area_warning,medium,data/v2/attacks/style_ablation/direct_news/hurricane_maria__913459230400745472__913459230400745472_0.png,area=0.187 exceeds limit,Manual review.
hurricane_maria__915313106473103360__915313106473103360_0,style_ablation,benign_simple,font_below_config_minimum,medium,data/v2/attacks/style_ablation/benign_simple/hurricane_maria__915313106473103360__915313106473103360_0.png,font=6px below minimum,Manual review.
hurricane_maria__915313106473103360__915313106473103360_0,style_ablation,benign_news,occupied_area_warning,medium,data/v2/attacks/style_ablation/benign_news/hurricane_maria__915313106473103360__915313106473103360_0.png,area=0.475 exceeds limit,Manual review.
hurricane_maria__915313106473103360__915313106473103360_0,style_ablation,benign_camouflage,font_below_config_minimum,medium,data/v2/attacks/style_ablation/benign_camouflage/hurricane_maria__915313106473103360__915313106473103360_0.png,font=10px below minimum,Manual review.
hurricane_maria__915313106473103360__915313106473103360_0,style_ablation,direct_simple,occupied_area_warning,medium,data/v2/attacks/style_ablation/direct_simple/hurricane_maria__915313106473103360__915313106473103360_0.png,area=0.223 exceeds limit,Manual review.
hurricane_maria__915313106473103360__915313106473103360_0,style_ablation,direct_simple,font_below_config_minimum,medium,data/v2/attacks/style_ablation/direct_simple/hurricane_maria__915313106473103360__915313106473103360_0.png,font=6px below minimum,Manual review.
hurricane_maria__915313106473103360__915313106473103360_0,style_ablation,direct_news,occupied_area_warning,medium,data/v2/attacks/style_ablation/direct_news/hurricane_maria__915313106473103360__915313106473103360_0.png,area=0.863 exceeds limit,Manual review.
hurricane_maria__915313106473103360__915313106473103360_0,style_ablation,direct_camouflage,font_below_config_minimum,medium,data/v2/attacks/style_ablation/direct_camouflage/hurricane_maria__915313106473103360__915313106473103360_0.png,font=4px below minimum,Manual review.
hurricane_maria__915313106473103360__915313106473103360_0,style_ablation,misleading_simple,font_below_config_minimum,medium,data/v2/attacks/style_ablation/misleading_simple/hurricane_maria__915313106473103360__915313106473103360_0.png,font=6px below minimum,Manual review.
hurricane_maria__915313106473103360__915313106473103360_0,style_ablation,misleading_news,occupied_area_warning,medium,data/v2/attacks/style_ablation/misleading_news/hurricane_maria__915313106473103360__915313106473103360_0.png,area=0.637 exceeds limit,Manual review.
hurricane_maria__915313106473103360__915313106473103360_0,style_ablation,misleading_camouflage,font_below_config_minimum,medium,data/v2/attacks/style_ablation/misleading_camouflage/hurricane_maria__915313106473103360__915313106473103360_0.png,font=4px below minimum,Manual review.
hurricane_maria__916028011023126529__916028011023126529_0,style_ablation,direct_news,occupied_area_warning,medium,data/v2/attacks/style_ablation/direct_news/hurricane_maria__916028011023126529__916028011023126529_0.png,area=0.190 exceeds limit,Manual review.
hurricane_maria__916070325019987969__916070325019987969_0,style_ablation,direct_news,occupied_area_warning,medium,data/v2/attacks/style_ablation/direct_news/hurricane_maria__916070325019987969__916070325019987969_0.png,area=0.187 exceeds limit,Manual review.
hurricane_maria__916292237700497408__916292237700497408_1,style_ablation,direct_news,occupied_area_warning,medium,data/v2/attacks/style_ablation/direct_news/hurricane_maria__916292237700497408__916292237700497408_1.png,area=0.166 exceeds limit,Manual review.
hurricane_maria__917920718603673601__917920718603673601_0,style_ablation,direct_news,occupied_area_warning,medium,data/v2/attacks/style_ablation/direct_news/hurricane_maria__917920718603673601__917920718603673601_0.png,area=0.205 exceeds limit,Manual review.
hurricane_maria__921756266531143680__921756266531143680_0,style_ablation,direct_news,occupied_area_warning,medium,data/v2/attacks/style_ablation/direct_news/hurricane_maria__921756266531143680__921756266531143680_0.png,area=0.186 exceeds limit,Manual review.
hurricane_maria__922115365387358208__922115365387358208_0,style_ablation,direct_news,occupied_area_warning,medium,data/v2/attacks/style_ablation/direct_news/hurricane_maria__922115365387358208__922115365387358208_0.png,area=0.187 exceeds limit,Manual review.
hurricane_maria__922322835896287232__922322835896287232_0,style_ablation,direct_news,occupied_area_warning,medium,data/v2/attacks/style_ablation/direct_news/hurricane_maria__922322835896287232__922322835896287232_0.png,area=0.207 exceeds limit,Manual review.
hurricane_maria__923142857837465600__923142857837465600_0,style_ablation,direct_news,occupied_area_warning,medium,data/v2/attacks/style_ablation/direct_news/hurricane_maria__923142857837465600__923142857837465600_0.png,area=0.201 exceeds limit,Manual review.
hurricane_maria__923556137286406145__923556137286406145_0,style_ablation,direct_news,occupied_area_warning,medium,data/v2/attacks/style_ablation/direct_news/hurricane_maria__923556137286406145__923556137286406145_0.png,area=0.185 exceeds limit,Manual review.
hurricane_maria__923577268965912577__923577268965912577_0,style_ablation,benign_news,occupied_area_warning,medium,data/v2/attacks/style_ablation/benign_news/hurricane_maria__923577268965912577__923577268965912577_0.png,area=0.167 exceeds limit,Manual review.
hurricane_maria__923577268965912577__923577268965912577_0,style_ablation,direct_news,occupied_area_warning,medium,data/v2/attacks/style_ablation/direct_news/hurricane_maria__923577268965912577__923577268965912577_0.png,area=0.176 exceeds limit,Manual review.
hurricane_maria__923577268965912577__923577268965912577_0,style_ablation,misleading_news,occupied_area_warning,medium,data/v2/attacks/style_ablation/misleading_news/hurricane_maria__923577268965912577__923577268965912577_0.png,area=0.165 exceeds limit,Manual review.
hurricane_maria__928128643733139456__928128643733139456_0,style_ablation,benign_news,occupied_area_warning,medium,data/v2/attacks/style_ablation/benign_news/hurricane_maria__928128643733139456__928128643733139456_0.png,area=0.160 exceeds limit,Manual review.
hurricane_maria__928128643733139456__928128643733139456_0,style_ablation,direct_news,occupied_area_warning,medium,data/v2/attacks/style_ablation/direct_news/hurricane_maria__928128643733139456__928128643733139456_0.png,area=0.162 exceeds limit,Manual review.
hurricane_maria__928596376660905984__928596376660905984_1,style_ablation,direct_simple,occupied_area_warning,medium,data/v2/attacks/style_ablation/direct_simple/hurricane_maria__928596376660905984__928596376660905984_1.png,area=0.174 exceeds limit,Manual review.
hurricane_maria__928596376660905984__928596376660905984_1,style_ablation,direct_news,occupied_area_warning,medium,data/v2/attacks/style_ablation/direct_news/hurricane_maria__928596376660905984__928596376660905984_1.png,area=0.260 exceeds limit,Manual review.
hurricane_maria__928596376660905984__928596376660905984_1,style_ablation,misleading_news,occupied_area_warning,medium,data/v2/attacks/style_ablation/misleading_news/hurricane_maria__928596376660905984__928596376660905984_1.png,area=0.160 exceeds limit,Manual review.
iraq_iran_earthquake__930050951020531712__930050951020531712_0,style_ablation,direct_news,occupied_area_warning,medium,data/v2/attacks/style_ablation/direct_news/iraq_iran_earthquake__930050951020531712__930050951020531712_0.png,area=0.209 exceeds limit,Manual review.
iraq_iran_earthquake__931100946721136642__931100946721136642_0,style_ablation,direct_news,occupied_area_warning,medium,data/v2/attacks/style_ablation/direct_news/iraq_iran_earthquake__931100946721136642__931100946721136642_0.png,area=0.195 exceeds limit,Manual review.
mexico_earthquake__910572320338485248__910572320338485248_0,style_ablation,direct_news,occupied_area_warning,medium,data/v2/attacks/style_ablation/direct_news/mexico_earthquake__910572320338485248__910572320338485248_0.png,area=0.217 exceeds limit,Manual review.
mexico_earthquake__913002540119330816__913002540119330816_0,style_ablation,direct_news,occupied_area_warning,medium,data/v2/attacks/style_ablation/direct_news/mexico_earthquake__913002540119330816__913002540119330816_0.png,area=0.207 exceeds limit,Manual review.
srilanka_floods__870283105151668224__870283105151668224_1,style_ablation,direct_news,occupied_area_warning,medium,data/v2/attacks/style_ablation/direct_news/srilanka_floods__870283105151668224__870283105151668224_1.png,area=0.174 exceeds limit,Manual review.
california_wildfires__917794580728295424__917794580728295424_0,size_ablation,direct_large,occupied_area_warning,medium,data/v2/attacks/size_ablation/direct_large/california_wildfires__917794580728295424__917794580728295424_0.png,area=0.208 exceeds limit,Manual review.
california_wildfires__917842481575841792__917842481575841792_0,size_ablation,direct_large,occupied_area_warning,medium,data/v2/attacks/size_ablation/direct_large/california_wildfires__917842481575841792__917842481575841792_0.png,area=0.195 exceeds limit,Manual review.
california_wildfires__917847652062162944__917847652062162944_0,size_ablation,benign_small,font_below_config_minimum,medium,data/v2/attacks/size_ablation/benign_small/california_wildfires__917847652062162944__917847652062162944_0.png,font=6px below minimum,Manual review.
california_wildfires__917847652062162944__917847652062162944_0,size_ablation,benign_medium,font_below_config_minimum,medium,data/v2/attacks/size_ablation/benign_medium/california_wildfires__917847652062162944__917847652062162944_0.png,font=9px below minimum,Manual review.
california_wildfires__917847652062162944__917847652062162944_0,size_ablation,direct_small,font_below_config_minimum,medium,data/v2/attacks/size_ablation/direct_small/california_wildfires__917847652062162944__917847652062162944_0.png,font=6px below minimum,Manual review.
california_wildfires__917847652062162944__917847652062162944_0,size_ablation,direct_medium,font_below_config_minimum,medium,data/v2/attacks/size_ablation/direct_medium/california_wildfires__917847652062162944__917847652062162944_0.png,font=9px below minimum,Manual review.
california_wildfires__917847652062162944__917847652062162944_0,size_ablation,direct_large,occupied_area_warning,medium,data/v2/attacks/size_ablation/direct_large/california_wildfires__917847652062162944__917847652062162944_0.png,area=0.151 exceeds limit,Manual review.
california_wildfires__917847652062162944__917847652062162944_0,size_ablation,misleading_small,font_below_config_minimum,medium,data/v2/attacks/size_ablation/misleading_small/california_wildfires__917847652062162944__917847652062162944_0.png,font=6px below minimum,Manual review.
california_wildfires__917847652062162944__917847652062162944_0,size_ablation,misleading_medium,font_below_config_minimum,medium,data/v2/attacks/size_ablation/misleading_medium/california_wildfires__917847652062162944__917847652062162944_0.png,font=9px below minimum,Manual review.
california_wildfires__918242189607444480__918242189607444480_0,size_ablation,direct_large,occupied_area_warning,medium,data/v2/attacks/size_ablation/direct_large/california_wildfires__918242189607444480__918242189607444480_0.png,area=0.205 exceeds limit,Manual review.
california_wildfires__919836010292416512__919836010292416512_0,size_ablation,direct_medium,occupied_area_warning,medium,data/v2/attacks/size_ablation/direct_medium/california_wildfires__919836010292416512__919836010292416512_0.png,area=0.166 exceeds limit,Manual review.
california_wildfires__919836010292416512__919836010292416512_0,size_ablation,direct_large,occupied_area_warning,medium,data/v2/attacks/size_ablation/direct_large/california_wildfires__919836010292416512__919836010292416512_0.png,area=0.335 exceeds limit,Manual review.
california_wildfires__919836010292416512__919836010292416512_0,size_ablation,misleading_large,occupied_area_warning,medium,data/v2/attacks/size_ablation/misleading_large/california_wildfires__919836010292416512__919836010292416512_0.png,area=0.182 exceeds limit,Manual review.
california_wildfires__920307211666116608__920307211666116608_0,size_ablation,direct_large,occupied_area_warning,medium,data/v2/attacks/size_ablation/direct_large/california_wildfires__920307211666116608__920307211666116608_0.png,area=0.214 exceeds limit,Manual review.
california_wildfires__920535960772857856__920535960772857856_0,size_ablation,direct_large,occupied_area_warning,medium,data/v2/attacks/size_ablation/direct_large/california_wildfires__920535960772857856__920535960772857856_0.png,area=0.203 exceeds limit,Manual review.
california_wildfires__920670466121125890__920670466121125890_0,size_ablation,direct_large,occupied_area_warning,medium,data/v2/attacks/size_ablation/direct_large/california_wildfires__920670466121125890__920670466121125890_0.png,area=0.178 exceeds limit,Manual review.
california_wildfires__922785728928665600__922785728928665600_2,size_ablation,benign_small,font_below_config_minimum,medium,data/v2/attacks/size_ablation/benign_small/california_wildfires__922785728928665600__922785728928665600_2.png,font=6px below minimum,Manual review.
california_wildfires__922785728928665600__922785728928665600_2,size_ablation,benign_medium,font_below_config_minimum,medium,data/v2/attacks/size_ablation/benign_medium/california_wildfires__922785728928665600__922785728928665600_2.png,font=7px below minimum,Manual review.
california_wildfires__922785728928665600__922785728928665600_2,size_ablation,direct_small,font_below_config_minimum,medium,data/v2/attacks/size_ablation/direct_small/california_wildfires__922785728928665600__922785728928665600_2.png,font=6px below minimum,Manual review.
california_wildfires__922785728928665600__922785728928665600_2,size_ablation,direct_medium,font_below_config_minimum,medium,data/v2/attacks/size_ablation/direct_medium/california_wildfires__922785728928665600__922785728928665600_2.png,font=7px below minimum,Manual review.
california_wildfires__922785728928665600__922785728928665600_2,size_ablation,direct_large,occupied_area_warning,medium,data/v2/attacks/size_ablation/direct_large/california_wildfires__922785728928665600__922785728928665600_2.png,area=0.218 exceeds limit,Manual review.
california_wildfires__922785728928665600__922785728928665600_2,size_ablation,misleading_small,font_below_config_minimum,medium,data/v2/attacks/size_ablation/misleading_small/california_wildfires__922785728928665600__922785728928665600_2.png,font=6px below minimum,Manual review.
california_wildfires__922785728928665600__922785728928665600_2,size_ablation,misleading_medium,font_below_config_minimum,medium,data/v2/attacks/size_ablation/misleading_medium/california_wildfires__922785728928665600__922785728928665600_2.png,font=7px below minimum,Manual review.
california_wildfires__923342705303924736__923342705303924736_0,size_ablation,direct_large,occupied_area_warning,medium,data/v2/attacks/size_ablation/direct_large/california_wildfires__923342705303924736__923342705303924736_0.png,area=0.159 exceeds limit,Manual review.
california_wildfires__923594355222425601__923594355222425601_0,size_ablation,direct_large,occupied_area_warning,medium,data/v2/attacks/size_ablation/direct_large/california_wildfires__923594355222425601__923594355222425601_0.png,area=0.246 exceeds limit,Manual review.
hurricane_harvey__901692349289566210__901692349289566210_0,size_ablation,direct_large,occupied_area_warning,medium,data/v2/attacks/size_ablation/direct_large/hurricane_harvey__901692349289566210__901692349289566210_0.png,area=0.246 exceeds limit,Manual review.
hurricane_harvey__901783778602962944__901783778602962944_0,size_ablation,direct_large,occupied_area_warning,medium,data/v2/attacks/size_ablation/direct_large/hurricane_harvey__901783778602962944__901783778602962944_0.png,area=0.224 exceeds limit,Manual review.
hurricane_harvey__901814219191943168__901814219191943168_0,size_ablation,benign_small,font_below_config_minimum,medium,data/v2/attacks/size_ablation/benign_small/hurricane_harvey__901814219191943168__901814219191943168_0.png,font=8px below minimum,Manual review.
hurricane_harvey__901814219191943168__901814219191943168_0,size_ablation,direct_small,font_below_config_minimum,medium,data/v2/attacks/size_ablation/direct_small/hurricane_harvey__901814219191943168__901814219191943168_0.png,font=8px below minimum,Manual review.
hurricane_harvey__901814219191943168__901814219191943168_0,size_ablation,direct_large,occupied_area_warning,medium,data/v2/attacks/size_ablation/direct_large/hurricane_harvey__901814219191943168__901814219191943168_0.png,area=0.209 exceeds limit,Manual review.
hurricane_harvey__901814219191943168__901814219191943168_0,size_ablation,misleading_small,font_below_config_minimum,medium,data/v2/attacks/size_ablation/misleading_small/hurricane_harvey__901814219191943168__901814219191943168_0.png,font=8px below minimum,Manual review.
hurricane_harvey__904335509723467777__904335509723467777_0,size_ablation,direct_large,occupied_area_warning,medium,data/v2/attacks/size_ablation/direct_large/hurricane_harvey__904335509723467777__904335509723467777_0.png,area=0.216 exceeds limit,Manual review.
hurricane_harvey__904802599219625985__904802599219625985_0,size_ablation,benign_small,font_below_config_minimum,medium,data/v2/attacks/size_ablation/benign_small/hurricane_harvey__904802599219625985__904802599219625985_0.png,font=7px below minimum,Manual review.
hurricane_harvey__904802599219625985__904802599219625985_0,size_ablation,direct_small,font_below_config_minimum,medium,data/v2/attacks/size_ablation/direct_small/hurricane_harvey__904802599219625985__904802599219625985_0.png,font=7px below minimum,Manual review.
hurricane_harvey__904802599219625985__904802599219625985_0,size_ablation,direct_large,occupied_area_warning,medium,data/v2/attacks/size_ablation/direct_large/hurricane_harvey__904802599219625985__904802599219625985_0.png,area=0.196 exceeds limit,Manual review.
hurricane_harvey__904802599219625985__904802599219625985_0,size_ablation,misleading_small,font_below_config_minimum,medium,data/v2/attacks/size_ablation/misleading_small/hurricane_harvey__904802599219625985__904802599219625985_0.png,font=7px below minimum,Manual review.
hurricane_harvey__904925838839169028__904925838839169028_0,size_ablation,benign_small,font_below_config_minimum,medium,data/v2/attacks/size_ablation/benign_small/hurricane_harvey__904925838839169028__904925838839169028_0.png,font=10px below minimum,Manual review.
hurricane_harvey__904925838839169028__904925838839169028_0,size_ablation,direct_small,font_below_config_minimum,medium,data/v2/attacks/size_ablation/direct_small/hurricane_harvey__904925838839169028__904925838839169028_0.png,font=10px below minimum,Manual review.
hurricane_harvey__904925838839169028__904925838839169028_0,size_ablation,direct_large,occupied_area_warning,medium,data/v2/attacks/size_ablation/direct_large/hurricane_harvey__904925838839169028__904925838839169028_0.png,area=0.208 exceeds limit,Manual review.
hurricane_harvey__904925838839169028__904925838839169028_0,size_ablation,misleading_small,font_below_config_minimum,medium,data/v2/attacks/size_ablation/misleading_small/hurricane_harvey__904925838839169028__904925838839169028_0.png,font=10px below minimum,Manual review.
hurricane_harvey__904955849487126528__904955849487126528_0,size_ablation,direct_medium,occupied_area_warning,medium,data/v2/attacks/size_ablation/direct_medium/hurricane_harvey__904955849487126528__904955849487126528_0.png,area=0.175 exceeds limit,Manual review.
hurricane_harvey__904955849487126528__904955849487126528_0,size_ablation,direct_large,occupied_area_warning,medium,data/v2/attacks/size_ablation/direct_large/hurricane_harvey__904955849487126528__904955849487126528_0.png,area=0.358 exceeds limit,Manual review.
hurricane_harvey__905467541534978050__905467541534978050_0,size_ablation,benign_small,font_below_config_minimum,medium,data/v2/attacks/size_ablation/benign_small/hurricane_harvey__905467541534978050__905467541534978050_0.png,font=11px below minimum,Manual review.
hurricane_harvey__905467541534978050__905467541534978050_0,size_ablation,direct_small,font_below_config_minimum,medium,data/v2/attacks/size_ablation/direct_small/hurricane_harvey__905467541534978050__905467541534978050_0.png,font=11px below minimum,Manual review.
hurricane_harvey__905467541534978050__905467541534978050_0,size_ablation,direct_large,occupied_area_warning,medium,data/v2/attacks/size_ablation/direct_large/hurricane_harvey__905467541534978050__905467541534978050_0.png,area=0.210 exceeds limit,Manual review.
hurricane_harvey__905467541534978050__905467541534978050_0,size_ablation,misleading_small,font_below_config_minimum,medium,data/v2/attacks/size_ablation/misleading_small/hurricane_harvey__905467541534978050__905467541534978050_0.png,font=11px below minimum,Manual review.
hurricane_harvey__905491728345554945__905491728345554945_0,size_ablation,direct_large,occupied_area_warning,medium,data/v2/attacks/size_ablation/direct_large/hurricane_harvey__905491728345554945__905491728345554945_0.png,area=0.157 exceeds limit,Manual review.
hurricane_harvey__905852980376866816__905852980376866816_1,size_ablation,direct_large,occupied_area_warning,medium,data/v2/attacks/size_ablation/direct_large/hurricane_harvey__905852980376866816__905852980376866816_1.png,area=0.196 exceeds limit,Manual review.
hurricane_harvey__906254513480372225__906254513480372225_0,size_ablation,direct_large,occupied_area_warning,medium,data/v2/attacks/size_ablation/direct_large/hurricane_harvey__906254513480372225__906254513480372225_0.png,area=0.222 exceeds limit,Manual review.
hurricane_harvey__906713368563556353__906713368563556353_0,size_ablation,direct_large,occupied_area_warning,medium,data/v2/attacks/size_ablation/direct_large/hurricane_harvey__906713368563556353__906713368563556353_0.png,area=0.214 exceeds limit,Manual review.
hurricane_harvey__907413526175784960__907413526175784960_0,size_ablation,direct_large,occupied_area_warning,medium,data/v2/attacks/size_ablation/direct_large/hurricane_harvey__907413526175784960__907413526175784960_0.png,area=0.201 exceeds limit,Manual review.
hurricane_harvey__908854000518234113__908854000518234113_0,size_ablation,direct_large,occupied_area_warning,medium,data/v2/attacks/size_ablation/direct_large/hurricane_harvey__908854000518234113__908854000518234113_0.png,area=0.151 exceeds limit,Manual review.
hurricane_harvey__909135905063026688__909135905063026688_0,size_ablation,direct_large,occupied_area_warning,medium,data/v2/attacks/size_ablation/direct_large/hurricane_harvey__909135905063026688__909135905063026688_0.png,area=0.203 exceeds limit,Manual review.
hurricane_harvey__910162829461860352__910162829461860352_0,size_ablation,direct_large,occupied_area_warning,medium,data/v2/attacks/size_ablation/direct_large/hurricane_harvey__910162829461860352__910162829461860352_0.png,area=0.220 exceeds limit,Manual review.
hurricane_irma__905636651447328768__905636651447328768_2,size_ablation,benign_large,occupied_area_warning,medium,data/v2/attacks/size_ablation/benign_large/hurricane_irma__905636651447328768__905636651447328768_2.png,area=0.154 exceeds limit,Manual review.
hurricane_irma__905636651447328768__905636651447328768_2,size_ablation,direct_medium,occupied_area_warning,medium,data/v2/attacks/size_ablation/direct_medium/hurricane_irma__905636651447328768__905636651447328768_2.png,area=0.164 exceeds limit,Manual review.
hurricane_irma__905636651447328768__905636651447328768_2,size_ablation,direct_large,occupied_area_warning,medium,data/v2/attacks/size_ablation/direct_large/hurricane_irma__905636651447328768__905636651447328768_2.png,area=0.356 exceeds limit,Manual review.
hurricane_irma__905636901306163200__905636901306163200_3,size_ablation,direct_large,occupied_area_warning,medium,data/v2/attacks/size_ablation/direct_large/hurricane_irma__905636901306163200__905636901306163200_3.png,area=0.214 exceeds limit,Manual review.
hurricane_irma__905658298082267140__905658298082267140_0,size_ablation,benign_small,font_below_config_minimum,medium,data/v2/attacks/size_ablation/benign_small/hurricane_irma__905658298082267140__905658298082267140_0.png,font=11px below minimum,Manual review.
hurricane_irma__905658298082267140__905658298082267140_0,size_ablation,direct_small,font_below_config_minimum,medium,data/v2/attacks/size_ablation/direct_small/hurricane_irma__905658298082267140__905658298082267140_0.png,font=11px below minimum,Manual review.
hurricane_irma__905658298082267140__905658298082267140_0,size_ablation,direct_large,occupied_area_warning,medium,data/v2/attacks/size_ablation/direct_large/hurricane_irma__905658298082267140__905658298082267140_0.png,area=0.206 exceeds limit,Manual review.
hurricane_irma__905658298082267140__905658298082267140_0,size_ablation,misleading_small,font_below_config_minimum,medium,data/v2/attacks/size_ablation/misleading_small/hurricane_irma__905658298082267140__905658298082267140_0.png,font=11px below minimum,Manual review.
hurricane_irma__905712012965142529__905712012965142529_0,size_ablation,direct_large,occupied_area_warning,medium,data/v2/attacks/size_ablation/direct_large/hurricane_irma__905712012965142529__905712012965142529_0.png,area=0.158 exceeds limit,Manual review.
hurricane_irma__909383948563869696__909383948563869696_0,size_ablation,direct_large,occupied_area_warning,medium,data/v2/attacks/size_ablation/direct_large/hurricane_irma__909383948563869696__909383948563869696_0.png,area=0.214 exceeds limit,Manual review.
hurricane_irma__909397777792118784__909397777792118784_0,size_ablation,direct_large,occupied_area_warning,medium,data/v2/attacks/size_ablation/direct_large/hurricane_irma__909397777792118784__909397777792118784_0.png,area=0.200 exceeds limit,Manual review.
hurricane_irma__909418648996999168__909418648996999168_3,size_ablation,benign_large,occupied_area_warning,medium,data/v2/attacks/size_ablation/benign_large/hurricane_irma__909418648996999168__909418648996999168_3.png,area=0.150 exceeds limit,Manual review.
hurricane_irma__909418648996999168__909418648996999168_3,size_ablation,direct_medium,occupied_area_warning,medium,data/v2/attacks/size_ablation/direct_medium/hurricane_irma__909418648996999168__909418648996999168_3.png,area=0.165 exceeds limit,Manual review.
hurricane_irma__909418648996999168__909418648996999168_3,size_ablation,direct_large,occupied_area_warning,medium,data/v2/attacks/size_ablation/direct_large/hurricane_irma__909418648996999168__909418648996999168_3.png,area=0.349 exceeds limit,Manual review.
hurricane_irma__909418648996999168__909418648996999168_3,size_ablation,misleading_large,occupied_area_warning,medium,data/v2/attacks/size_ablation/misleading_large/hurricane_irma__909418648996999168__909418648996999168_3.png,area=0.210 exceeds limit,Manual review.
hurricane_irma__909423458810871809__909423458810871809_0,size_ablation,direct_large,occupied_area_warning,medium,data/v2/attacks/size_ablation/direct_large/hurricane_irma__909423458810871809__909423458810871809_0.png,area=0.195 exceeds limit,Manual review.
hurricane_irma__909424532708085760__909424532708085760_0,size_ablation,direct_large,occupied_area_warning,medium,data/v2/attacks/size_ablation/direct_large/hurricane_irma__909424532708085760__909424532708085760_0.png,area=0.159 exceeds limit,Manual review.
hurricane_irma__909470735168655365__909470735168655365_0,size_ablation,direct_large,occupied_area_warning,medium,data/v2/attacks/size_ablation/direct_large/hurricane_irma__909470735168655365__909470735168655365_0.png,area=0.213 exceeds limit,Manual review.
hurricane_irma__909475803628412928__909475803628412928_0,size_ablation,direct_large,occupied_area_warning,medium,data/v2/attacks/size_ablation/direct_large/hurricane_irma__909475803628412928__909475803628412928_0.png,area=0.200 exceeds limit,Manual review.
hurricane_irma__909715026872762368__909715026872762368_3,size_ablation,direct_large,occupied_area_warning,medium,data/v2/attacks/size_ablation/direct_large/hurricane_irma__909715026872762368__909715026872762368_3.png,area=0.159 exceeds limit,Manual review.
hurricane_irma__909717040205828097__909717040205828097_0,size_ablation,direct_large,occupied_area_warning,medium,data/v2/attacks/size_ablation/direct_large/hurricane_irma__909717040205828097__909717040205828097_0.png,area=0.174 exceeds limit,Manual review.
hurricane_irma__909723445289799680__909723445289799680_0,size_ablation,direct_large,occupied_area_warning,medium,data/v2/attacks/size_ablation/direct_large/hurricane_irma__909723445289799680__909723445289799680_0.png,area=0.197 exceeds limit,Manual review.
hurricane_irma__909734318716616704__909734318716616704_0,size_ablation,benign_small,font_below_config_minimum,medium,data/v2/attacks/size_ablation/benign_small/hurricane_irma__909734318716616704__909734318716616704_0.png,font=10px below minimum,Manual review.
hurricane_irma__909734318716616704__909734318716616704_0,size_ablation,direct_small,font_below_config_minimum,medium,data/v2/attacks/size_ablation/direct_small/hurricane_irma__909734318716616704__909734318716616704_0.png,font=10px below minimum,Manual review.
hurricane_irma__909734318716616704__909734318716616704_0,size_ablation,direct_large,occupied_area_warning,medium,data/v2/attacks/size_ablation/direct_large/hurricane_irma__909734318716616704__909734318716616704_0.png,area=0.176 exceeds limit,Manual review.
hurricane_irma__909734318716616704__909734318716616704_0,size_ablation,misleading_small,font_below_config_minimum,medium,data/v2/attacks/size_ablation/misleading_small/hurricane_irma__909734318716616704__909734318716616704_0.png,font=10px below minimum,Manual review.
hurricane_irma__909738079916838914__909738079916838914_0,size_ablation,direct_large,occupied_area_warning,medium,data/v2/attacks/size_ablation/direct_large/hurricane_irma__909738079916838914__909738079916838914_0.png,area=0.216 exceeds limit,Manual review.
hurricane_irma__909761243145109505__909761243145109505_0,size_ablation,benign_small,font_below_config_minimum,medium,data/v2/attacks/size_ablation/benign_small/hurricane_irma__909761243145109505__909761243145109505_0.png,font=6px below minimum,Manual review.
hurricane_irma__909761243145109505__909761243145109505_0,size_ablation,benign_medium,font_below_config_minimum,medium,data/v2/attacks/size_ablation/benign_medium/hurricane_irma__909761243145109505__909761243145109505_0.png,font=8px below minimum,Manual review.
hurricane_irma__909761243145109505__909761243145109505_0,size_ablation,direct_small,font_below_config_minimum,medium,data/v2/attacks/size_ablation/direct_small/hurricane_irma__909761243145109505__909761243145109505_0.png,font=6px below minimum,Manual review.
hurricane_irma__909761243145109505__909761243145109505_0,size_ablation,direct_medium,font_below_config_minimum,medium,data/v2/attacks/size_ablation/direct_medium/hurricane_irma__909761243145109505__909761243145109505_0.png,font=8px below minimum,Manual review.
hurricane_irma__909761243145109505__909761243145109505_0,size_ablation,direct_large,occupied_area_warning,medium,data/v2/attacks/size_ablation/direct_large/hurricane_irma__909761243145109505__909761243145109505_0.png,area=0.198 exceeds limit,Manual review.
hurricane_irma__909761243145109505__909761243145109505_0,size_ablation,misleading_small,font_below_config_minimum,medium,data/v2/attacks/size_ablation/misleading_small/hurricane_irma__909761243145109505__909761243145109505_0.png,font=6px below minimum,Manual review.
hurricane_irma__909761243145109505__909761243145109505_0,size_ablation,misleading_medium,font_below_config_minimum,medium,data/v2/attacks/size_ablation/misleading_medium/hurricane_irma__909761243145109505__909761243145109505_0.png,font=8px below minimum,Manual review.
hurricane_irma__909779022644727808__909779022644727808_1,size_ablation,direct_large,occupied_area_warning,medium,data/v2/attacks/size_ablation/direct_large/hurricane_irma__909779022644727808__909779022644727808_1.png,area=0.180 exceeds limit,Manual review.
hurricane_irma__909796226169819140__909796226169819140_0,size_ablation,direct_large,occupied_area_warning,medium,data/v2/attacks/size_ablation/direct_large/hurricane_irma__909796226169819140__909796226169819140_0.png,area=0.206 exceeds limit,Manual review.
hurricane_irma__909806996878061568__909806996878061568_0,size_ablation,direct_large,occupied_area_warning,medium,data/v2/attacks/size_ablation/direct_large/hurricane_irma__909806996878061568__909806996878061568_0.png,area=0.171 exceeds limit,Manual review.
hurricane_irma__909833386927251456__909833386927251456_0,size_ablation,direct_large,occupied_area_warning,medium,data/v2/attacks/size_ablation/direct_large/hurricane_irma__909833386927251456__909833386927251456_0.png,area=0.204 exceeds limit,Manual review.
hurricane_irma__909838007397740545__909838007397740545_0,size_ablation,direct_large,occupied_area_warning,medium,data/v2/attacks/size_ablation/direct_large/hurricane_irma__909838007397740545__909838007397740545_0.png,area=0.186 exceeds limit,Manual review.
hurricane_irma__909839700231208960__909839700231208960_0,size_ablation,direct_large,occupied_area_warning,medium,data/v2/attacks/size_ablation/direct_large/hurricane_irma__909839700231208960__909839700231208960_0.png,area=0.219 exceeds limit,Manual review.
hurricane_irma__909841237493956608__909841237493956608_0,size_ablation,direct_large,occupied_area_warning,medium,data/v2/attacks/size_ablation/direct_large/hurricane_irma__909841237493956608__909841237493956608_0.png,area=0.180 exceeds limit,Manual review.
hurricane_irma__909869946070605825__909869946070605825_1,size_ablation,benign_small,font_below_config_minimum,medium,data/v2/attacks/size_ablation/benign_small/hurricane_irma__909869946070605825__909869946070605825_1.png,font=9px below minimum,Manual review.
hurricane_irma__909869946070605825__909869946070605825_1,size_ablation,direct_small,font_below_config_minimum,medium,data/v2/attacks/size_ablation/direct_small/hurricane_irma__909869946070605825__909869946070605825_1.png,font=9px below minimum,Manual review.
hurricane_irma__909869946070605825__909869946070605825_1,size_ablation,direct_large,occupied_area_warning,medium,data/v2/attacks/size_ablation/direct_large/hurricane_irma__909869946070605825__909869946070605825_1.png,area=0.205 exceeds limit,Manual review.
hurricane_irma__909869946070605825__909869946070605825_1,size_ablation,misleading_small,font_below_config_minimum,medium,data/v2/attacks/size_ablation/misleading_small/hurricane_irma__909869946070605825__909869946070605825_1.png,font=9px below minimum,Manual review.
hurricane_irma__909890256299745280__909890256299745280_1,size_ablation,direct_large,occupied_area_warning,medium,data/v2/attacks/size_ablation/direct_large/hurricane_irma__909890256299745280__909890256299745280_1.png,area=0.246 exceeds limit,Manual review.
hurricane_irma__909890699600044032__909890699600044032_0,size_ablation,direct_large,occupied_area_warning,medium,data/v2/attacks/size_ablation/direct_large/hurricane_irma__909890699600044032__909890699600044032_0.png,area=0.356 exceeds limit,Manual review.
hurricane_irma__909943803943030785__909943803943030785_0,size_ablation,direct_large,occupied_area_warning,medium,data/v2/attacks/size_ablation/direct_large/hurricane_irma__909943803943030785__909943803943030785_0.png,area=0.246 exceeds limit,Manual review.
hurricane_irma__910033969315446784__910033969315446784_0,size_ablation,direct_large,occupied_area_warning,medium,data/v2/attacks/size_ablation/direct_large/hurricane_irma__910033969315446784__910033969315446784_0.png,area=0.180 exceeds limit,Manual review.
hurricane_irma__910094260040601600__910094260040601600_0,size_ablation,benign_small,font_below_config_minimum,medium,data/v2/attacks/size_ablation/benign_small/hurricane_irma__910094260040601600__910094260040601600_0.png,font=11px below minimum,Manual review.
hurricane_irma__910094260040601600__910094260040601600_0,size_ablation,direct_small,font_below_config_minimum,medium,data/v2/attacks/size_ablation/direct_small/hurricane_irma__910094260040601600__910094260040601600_0.png,font=11px below minimum,Manual review.
hurricane_irma__910094260040601600__910094260040601600_0,size_ablation,direct_large,occupied_area_warning,medium,data/v2/attacks/size_ablation/direct_large/hurricane_irma__910094260040601600__910094260040601600_0.png,area=0.208 exceeds limit,Manual review.
hurricane_irma__910094260040601600__910094260040601600_0,size_ablation,misleading_small,font_below_config_minimum,medium,data/v2/attacks/size_ablation/misleading_small/hurricane_irma__910094260040601600__910094260040601600_0.png,font=11px below minimum,Manual review.
hurricane_irma__910128655023534080__910128655023534080_0,size_ablation,direct_large,occupied_area_warning,medium,data/v2/attacks/size_ablation/direct_large/hurricane_irma__910128655023534080__910128655023534080_0.png,area=0.246 exceeds limit,Manual review.
hurricane_irma__910145127376703488__910145127376703488_0,size_ablation,direct_medium,occupied_area_warning,medium,data/v2/attacks/size_ablation/direct_medium/hurricane_irma__910145127376703488__910145127376703488_0.png,area=0.166 exceeds limit,Manual review.
hurricane_irma__910145127376703488__910145127376703488_0,size_ablation,direct_large,occupied_area_warning,medium,data/v2/attacks/size_ablation/direct_large/hurricane_irma__910145127376703488__910145127376703488_0.png,area=0.335 exceeds limit,Manual review.
hurricane_irma__910156856869433344__910156856869433344_0,size_ablation,direct_large,occupied_area_warning,medium,data/v2/attacks/size_ablation/direct_large/hurricane_irma__910156856869433344__910156856869433344_0.png,area=0.183 exceeds limit,Manual review.
hurricane_irma__910191453019758592__910191453019758592_0,size_ablation,benign_small,font_below_config_minimum,medium,data/v2/attacks/size_ablation/benign_small/hurricane_irma__910191453019758592__910191453019758592_0.png,font=10px below minimum,Manual review.
hurricane_irma__910191453019758592__910191453019758592_0,size_ablation,direct_small,font_below_config_minimum,medium,data/v2/attacks/size_ablation/direct_small/hurricane_irma__910191453019758592__910191453019758592_0.png,font=10px below minimum,Manual review.
hurricane_irma__910191453019758592__910191453019758592_0,size_ablation,misleading_small,font_below_config_minimum,medium,data/v2/attacks/size_ablation/misleading_small/hurricane_irma__910191453019758592__910191453019758592_0.png,font=10px below minimum,Manual review.
hurricane_irma__910207622896287744__910207622896287744_3,size_ablation,direct_medium,occupied_area_warning,medium,data/v2/attacks/size_ablation/direct_medium/hurricane_irma__910207622896287744__910207622896287744_3.png,area=0.175 exceeds limit,Manual review.
hurricane_irma__910207622896287744__910207622896287744_3,size_ablation,direct_large,occupied_area_warning,medium,data/v2/attacks/size_ablation/direct_large/hurricane_irma__910207622896287744__910207622896287744_3.png,area=0.358 exceeds limit,Manual review.
hurricane_irma__910207622896287744__910207622896287744_3,size_ablation,misleading_large,occupied_area_warning,medium,data/v2/attacks/size_ablation/misleading_large/hurricane_irma__910207622896287744__910207622896287744_3.png,area=0.210 exceeds limit,Manual review.
hurricane_irma__910260829324324864__910260829324324864_0,size_ablation,direct_large,occupied_area_warning,medium,data/v2/attacks/size_ablation/direct_large/hurricane_irma__910260829324324864__910260829324324864_0.png,area=0.159 exceeds limit,Manual review.
hurricane_irma__910266304476667906__910266304476667906_0,size_ablation,direct_large,occupied_area_warning,medium,data/v2/attacks/size_ablation/direct_large/hurricane_irma__910266304476667906__910266304476667906_0.png,area=0.199 exceeds limit,Manual review.
hurricane_maria__910582078470852608__910582078470852608_0,size_ablation,direct_large,occupied_area_warning,medium,data/v2/attacks/size_ablation/direct_large/hurricane_maria__910582078470852608__910582078470852608_0.png,area=0.213 exceeds limit,Manual review.
hurricane_maria__910614037884522496__910614037884522496_0,size_ablation,benign_small,font_below_config_minimum,medium,data/v2/attacks/size_ablation/benign_small/hurricane_maria__910614037884522496__910614037884522496_0.png,font=8px below minimum,Manual review.
hurricane_maria__910614037884522496__910614037884522496_0,size_ablation,direct_small,font_below_config_minimum,medium,data/v2/attacks/size_ablation/direct_small/hurricane_maria__910614037884522496__910614037884522496_0.png,font=8px below minimum,Manual review.
hurricane_maria__910614037884522496__910614037884522496_0,size_ablation,direct_large,occupied_area_warning,medium,data/v2/attacks/size_ablation/direct_large/hurricane_maria__910614037884522496__910614037884522496_0.png,area=0.222 exceeds limit,Manual review.
hurricane_maria__910614037884522496__910614037884522496_0,size_ablation,misleading_small,font_below_config_minimum,medium,data/v2/attacks/size_ablation/misleading_small/hurricane_maria__910614037884522496__910614037884522496_0.png,font=8px below minimum,Manual review.
hurricane_maria__911705355700310016__911705355700310016_0,size_ablation,direct_large,occupied_area_warning,medium,data/v2/attacks/size_ablation/direct_large/hurricane_maria__911705355700310016__911705355700310016_0.png,area=0.201 exceeds limit,Manual review.
hurricane_maria__911712278516551681__911712278516551681_2,size_ablation,direct_large,occupied_area_warning,medium,data/v2/attacks/size_ablation/direct_large/hurricane_maria__911712278516551681__911712278516551681_2.png,area=0.180 exceeds limit,Manual review.
hurricane_maria__911729595207917568__911729595207917568_0,size_ablation,direct_large,occupied_area_warning,medium,data/v2/attacks/size_ablation/direct_large/hurricane_maria__911729595207917568__911729595207917568_0.png,area=0.201 exceeds limit,Manual review.
hurricane_maria__911784798162735104__911784798162735104_1,size_ablation,direct_large,occupied_area_warning,medium,data/v2/attacks/size_ablation/direct_large/hurricane_maria__911784798162735104__911784798162735104_1.png,area=0.236 exceeds limit,Manual review.
hurricane_maria__911818109123747846__911818109123747846_0,size_ablation,direct_large,occupied_area_warning,medium,data/v2/attacks/size_ablation/direct_large/hurricane_maria__911818109123747846__911818109123747846_0.png,area=0.270 exceeds limit,Manual review.
hurricane_maria__911965850198036480__911965850198036480_1,size_ablation,direct_large,occupied_area_warning,medium,data/v2/attacks/size_ablation/direct_large/hurricane_maria__911965850198036480__911965850198036480_1.png,area=0.245 exceeds limit,Manual review.
hurricane_maria__912021400734617600__912021400734617600_0,size_ablation,direct_large,occupied_area_warning,medium,data/v2/attacks/size_ablation/direct_large/hurricane_maria__912021400734617600__912021400734617600_0.png,area=0.181 exceeds limit,Manual review.
hurricane_maria__912288130354511873__912288130354511873_0,size_ablation,direct_large,occupied_area_warning,medium,data/v2/attacks/size_ablation/direct_large/hurricane_maria__912288130354511873__912288130354511873_0.png,area=0.152 exceeds limit,Manual review.
hurricane_maria__912400505116266499__912400505116266499_0,size_ablation,direct_large,occupied_area_warning,medium,data/v2/attacks/size_ablation/direct_large/hurricane_maria__912400505116266499__912400505116266499_0.png,area=0.260 exceeds limit,Manual review.
hurricane_maria__913867524705538048__913867524705538048_0,size_ablation,direct_large,occupied_area_warning,medium,data/v2/attacks/size_ablation/direct_large/hurricane_maria__913867524705538048__913867524705538048_0.png,area=0.196 exceeds limit,Manual review.
hurricane_maria__916179895105056768__916179895105056768_0,size_ablation,direct_large,occupied_area_warning,medium,data/v2/attacks/size_ablation/direct_large/hurricane_maria__916179895105056768__916179895105056768_0.png,area=0.228 exceeds limit,Manual review.
hurricane_maria__916332001501655041__916332001501655041_0,size_ablation,direct_large,occupied_area_warning,medium,data/v2/attacks/size_ablation/direct_large/hurricane_maria__916332001501655041__916332001501655041_0.png,area=0.192 exceeds limit,Manual review.
hurricane_maria__921422248338214913__921422248338214913_0,size_ablation,direct_large,occupied_area_warning,medium,data/v2/attacks/size_ablation/direct_large/hurricane_maria__921422248338214913__921422248338214913_0.png,area=0.210 exceeds limit,Manual review.
hurricane_maria__922857782453338112__922857782453338112_0,size_ablation,direct_large,occupied_area_warning,medium,data/v2/attacks/size_ablation/direct_large/hurricane_maria__922857782453338112__922857782453338112_0.png,area=0.219 exceeds limit,Manual review.
hurricane_maria__922925964681666560__922925964681666560_0,size_ablation,direct_large,occupied_area_warning,medium,data/v2/attacks/size_ablation/direct_large/hurricane_maria__922925964681666560__922925964681666560_0.png,area=0.277 exceeds limit,Manual review.
hurricane_maria__922925964681666560__922925964681666560_0,size_ablation,misleading_large,occupied_area_warning,medium,data/v2/attacks/size_ablation/misleading_large/hurricane_maria__922925964681666560__922925964681666560_0.png,area=0.159 exceeds limit,Manual review.
hurricane_maria__928716869527248896__928716869527248896_0,size_ablation,direct_large,occupied_area_warning,medium,data/v2/attacks/size_ablation/direct_large/hurricane_maria__928716869527248896__928716869527248896_0.png,area=0.151 exceeds limit,Manual review.
iraq_iran_earthquake__931535497679294464__931535497679294464_0,size_ablation,direct_large,occupied_area_warning,medium,data/v2/attacks/size_ablation/direct_large/iraq_iran_earthquake__931535497679294464__931535497679294464_0.png,area=0.248 exceeds limit,Manual review.
mexico_earthquake__910746110511210496__910746110511210496_0,size_ablation,direct_large,occupied_area_warning,medium,data/v2/attacks/size_ablation/direct_large/mexico_earthquake__910746110511210496__910746110511210496_0.png,area=0.291 exceeds limit,Manual review.
mexico_earthquake__911801561780699137__911801561780699137_0,size_ablation,direct_large,occupied_area_warning,medium,data/v2/attacks/size_ablation/direct_large/mexico_earthquake__911801561780699137__911801561780699137_0.png,area=0.357 exceeds limit,Manual review.
mexico_earthquake__911801561780699137__911801561780699137_0,size_ablation,misleading_large,occupied_area_warning,medium,data/v2/attacks/size_ablation/misleading_large/mexico_earthquake__911801561780699137__911801561780699137_0.png,area=0.154 exceeds limit,Manual review.
__DATASET__,main,,payload_imbalance,medium,data/v2/manifests/payload_assignments.csv,benign range 171-187,Review balance.
__DATASET__,pilot,,payload_imbalance,medium,data/v2/manifests/payload_assignments.csv,benign range 15-21,Review balance.
__DATASET__,size_ablation,,payload_imbalance,medium,data/v2/manifests/payload_assignments.csv,benign range 14-24,Review balance.
__DATASET__,style_ablation,,payload_imbalance,medium,data/v2/manifests/payload_assignments.csv,benign range 32-42,Review balance.
__DATASET__,main,,payload_imbalance,medium,data/v2/manifests/payload_assignments.csv,direct_instruction range 171-187,Review balance.
__DATASET__,pilot,,payload_imbalance,medium,data/v2/manifests/payload_assignments.csv,direct_instruction range 15-21,Review balance.
__DATASET__,size_ablation,,payload_imbalance,medium,data/v2/manifests/payload_assignments.csv,direct_instruction range 14-24,Review balance.
__DATASET__,style_ablation,,payload_imbalance,medium,data/v2/manifests/payload_assignments.csv,direct_instruction range 32-42,Review balance.
__DATASET__,main,,payload_imbalance,medium,data/v2/manifests/payload_assignments.csv,misleading_claim range 145-163,Review balance.
__DATASET__,pilot,,payload_imbalance,medium,data/v2/manifests/payload_assignments.csv,misleading_claim range 15-21,Review balance.
__DATASET__,size_ablation,,payload_imbalance,medium,data/v2/manifests/payload_assignments.csv,misleading_claim range 10-22,Review balance.
__DATASET__,style_ablation,,payload_imbalance,medium,data/v2/manifests/payload_assignments.csv,misleading_claim range 25-35,Review balance.
california_wildfires__917926173975474176__917926173975474176_0,style_ablation,misleading_camouflage,camouflage_possibly_invisible,medium,data/v2/attacks/style_ablation/misleading_camouflage/california_wildfires__917926173975474176__917926173975474176_0.png,contrast=1.26,Manual review.
california_wildfires__918095867218817026__918095867218817026_0,style_ablation,benign_camouflage,camouflage_possibly_invisible,medium,data/v2/attacks/style_ablation/benign_camouflage/california_wildfires__918095867218817026__918095867218817026_0.png,contrast=1.04,Manual review.
california_wildfires__918095867218817026__918095867218817026_0,style_ablation,direct_camouflage,camouflage_possibly_invisible,medium,data/v2/attacks/style_ablation/direct_camouflage/california_wildfires__918095867218817026__918095867218817026_0.png,contrast=1.07,Manual review.
california_wildfires__918095867218817026__918095867218817026_0,style_ablation,misleading_camouflage,camouflage_possibly_invisible,medium,data/v2/attacks/style_ablation/misleading_camouflage/california_wildfires__918095867218817026__918095867218817026_0.png,contrast=1.06,Manual review.
california_wildfires__919592657785114624__919592657785114624_0,style_ablation,benign_camouflage,camouflage_possibly_invisible,medium,data/v2/attacks/style_ablation/benign_camouflage/california_wildfires__919592657785114624__919592657785114624_0.png,contrast=1.26,Manual review.
california_wildfires__919592657785114624__919592657785114624_0,style_ablation,direct_camouflage,camouflage_possibly_invisible,medium,data/v2/attacks/style_ablation/direct_camouflage/california_wildfires__919592657785114624__919592657785114624_0.png,contrast=1.21,Manual review.
california_wildfires__919592657785114624__919592657785114624_0,style_ablation,misleading_camouflage,camouflage_possibly_invisible,medium,data/v2/attacks/style_ablation/misleading_camouflage/california_wildfires__919592657785114624__919592657785114624_0.png,contrast=1.28,Manual review.
california_wildfires__919660981462228992__919660981462228992_0,style_ablation,benign_camouflage,camouflage_possibly_invisible,medium,data/v2/attacks/style_ablation/benign_camouflage/california_wildfires__919660981462228992__919660981462228992_0.png,contrast=1.09,Manual review.
california_wildfires__919660981462228992__919660981462228992_0,style_ablation,benign_camouflage,camouflage_metadata_pixel_contrast_mismatch,medium,data/v2/attacks/style_ablation/benign_camouflage/california_wildfires__919660981462228992__919660981462228992_0.png,metadata=1.4123935664856864 independent=1.09,Review calculation.
california_wildfires__919660981462228992__919660981462228992_0,style_ablation,misleading_camouflage,camouflage_possibly_invisible,medium,data/v2/attacks/style_ablation/misleading_camouflage/california_wildfires__919660981462228992__919660981462228992_0.png,contrast=1.08,Manual review.
california_wildfires__919660981462228992__919660981462228992_0,style_ablation,misleading_camouflage,camouflage_metadata_pixel_contrast_mismatch,medium,data/v2/attacks/style_ablation/misleading_camouflage/california_wildfires__919660981462228992__919660981462228992_0.png,metadata=1.4123935664856864 independent=1.08,Review calculation.
california_wildfires__919839993438326785__919839993438326785_0,style_ablation,benign_camouflage,camouflage_possibly_invisible,medium,data/v2/attacks/style_ablation/benign_camouflage/california_wildfires__919839993438326785__919839993438326785_0.png,contrast=1.15,Manual review.
california_wildfires__919839993438326785__919839993438326785_0,style_ablation,misleading_camouflage,camouflage_possibly_invisible,medium,data/v2/attacks/style_ablation/misleading_camouflage/california_wildfires__919839993438326785__919839993438326785_0.png,contrast=1.28,Manual review.
california_wildfires__920273016243851264__920273016243851264_0,style_ablation,benign_camouflage,camouflage_possibly_invisible,medium,data/v2/attacks/style_ablation/benign_camouflage/california_wildfires__920273016243851264__920273016243851264_0.png,contrast=1.16,Manual review.
california_wildfires__920273016243851264__920273016243851264_0,style_ablation,direct_camouflage,camouflage_possibly_invisible,medium,data/v2/attacks/style_ablation/direct_camouflage/california_wildfires__920273016243851264__920273016243851264_0.png,contrast=1.16,Manual review.
california_wildfires__920273016243851264__920273016243851264_0,style_ablation,misleading_camouflage,camouflage_possibly_invisible,medium,data/v2/attacks/style_ablation/misleading_camouflage/california_wildfires__920273016243851264__920273016243851264_0.png,contrast=1.16,Manual review.
california_wildfires__922425403746242561__922425403746242561_0,style_ablation,benign_camouflage,camouflage_possibly_invisible,medium,data/v2/attacks/style_ablation/benign_camouflage/california_wildfires__922425403746242561__922425403746242561_0.png,contrast=1.11,Manual review.
california_wildfires__922425403746242561__922425403746242561_0,style_ablation,direct_camouflage,camouflage_possibly_invisible,medium,data/v2/attacks/style_ablation/direct_camouflage/california_wildfires__922425403746242561__922425403746242561_0.png,contrast=1.11,Manual review.
california_wildfires__922425403746242561__922425403746242561_0,style_ablation,misleading_camouflage,camouflage_possibly_invisible,medium,data/v2/attacks/style_ablation/misleading_camouflage/california_wildfires__922425403746242561__922425403746242561_0.png,contrast=1.11,Manual review.
california_wildfires__922948121939927040__922948121939927040_2,style_ablation,benign_camouflage,camouflage_possibly_invisible,medium,data/v2/attacks/style_ablation/benign_camouflage/california_wildfires__922948121939927040__922948121939927040_2.png,contrast=1.26,Manual review.
california_wildfires__922948121939927040__922948121939927040_2,style_ablation,misleading_camouflage,camouflage_possibly_invisible,medium,data/v2/attacks/style_ablation/misleading_camouflage/california_wildfires__922948121939927040__922948121939927040_2.png,contrast=1.27,Manual review.
hurricane_harvey__901646074527535105__901646074527535105_2,style_ablation,benign_camouflage,camouflage_possibly_invisible,medium,data/v2/attacks/style_ablation/benign_camouflage/hurricane_harvey__901646074527535105__901646074527535105_2.png,contrast=1.21,Manual review.
hurricane_harvey__901646074527535105__901646074527535105_2,style_ablation,direct_camouflage,camouflage_possibly_invisible,medium,data/v2/attacks/style_ablation/direct_camouflage/hurricane_harvey__901646074527535105__901646074527535105_2.png,contrast=1.20,Manual review.
hurricane_harvey__901646074527535105__901646074527535105_2,style_ablation,misleading_camouflage,camouflage_possibly_invisible,medium,data/v2/attacks/style_ablation/misleading_camouflage/hurricane_harvey__901646074527535105__901646074527535105_2.png,contrast=1.21,Manual review.
hurricane_harvey__901650312934674434__901650312934674434_0,style_ablation,benign_camouflage,camouflage_possibly_invisible,medium,data/v2/attacks/style_ablation/benign_camouflage/hurricane_harvey__901650312934674434__901650312934674434_0.png,contrast=1.01,Manual review.
hurricane_harvey__901650312934674434__901650312934674434_0,style_ablation,benign_camouflage,camouflage_metadata_pixel_contrast_mismatch,medium,data/v2/attacks/style_ablation/benign_camouflage/hurricane_harvey__901650312934674434__901650312934674434_0.png,metadata=1.3631692665593673 independent=1.01,Review calculation.
hurricane_harvey__901650312934674434__901650312934674434_0,style_ablation,direct_camouflage,camouflage_possibly_invisible,medium,data/v2/attacks/style_ablation/direct_camouflage/hurricane_harvey__901650312934674434__901650312934674434_0.png,contrast=1.12,Manual review.
hurricane_harvey__901650312934674434__901650312934674434_0,style_ablation,misleading_camouflage,camouflage_possibly_invisible,medium,data/v2/attacks/style_ablation/misleading_camouflage/hurricane_harvey__901650312934674434__901650312934674434_0.png,contrast=1.01,Manual review.
hurricane_harvey__901650312934674434__901650312934674434_0,style_ablation,misleading_camouflage,camouflage_metadata_pixel_contrast_mismatch,medium,data/v2/attacks/style_ablation/misleading_camouflage/hurricane_harvey__901650312934674434__901650312934674434_0.png,metadata=1.3631692665593673 independent=1.01,Review calculation.
hurricane_harvey__901655045355208704__901655045355208704_0,style_ablation,benign_camouflage,camouflage_possibly_invisible,medium,data/v2/attacks/style_ablation/benign_camouflage/hurricane_harvey__901655045355208704__901655045355208704_0.png,contrast=1.25,Manual review.
hurricane_harvey__901655045355208704__901655045355208704_0,style_ablation,direct_camouflage,camouflage_possibly_invisible,medium,data/v2/attacks/style_ablation/direct_camouflage/hurricane_harvey__901655045355208704__901655045355208704_0.png,contrast=1.15,Manual review.
hurricane_harvey__901655045355208704__901655045355208704_0,style_ablation,misleading_camouflage,camouflage_possibly_invisible,medium,data/v2/attacks/style_ablation/misleading_camouflage/hurricane_harvey__901655045355208704__901655045355208704_0.png,contrast=1.26,Manual review.
hurricane_harvey__901683922676969472__901683922676969472_0,style_ablation,benign_camouflage,camouflage_not_camouflaged,medium,data/v2/attacks/style_ablation/benign_camouflage/hurricane_harvey__901683922676969472__901683922676969472_0.png,contrast=1.93,Manual review.
hurricane_harvey__901683922676969472__901683922676969472_0,style_ablation,benign_camouflage,camouflage_metadata_pixel_contrast_mismatch,medium,data/v2/attacks/style_ablation/benign_camouflage/hurricane_harvey__901683922676969472__901683922676969472_0.png,metadata=1.4549553073943833 independent=1.93,Review calculation.
hurricane_harvey__901805456213102593__901805456213102593_0,style_ablation,benign_camouflage,camouflage_not_camouflaged,medium,data/v2/attacks/style_ablation/benign_camouflage/hurricane_harvey__901805456213102593__901805456213102593_0.png,contrast=2.24,Manual review.
hurricane_harvey__901805456213102593__901805456213102593_0,style_ablation,benign_camouflage,camouflage_metadata_pixel_contrast_mismatch,medium,data/v2/attacks/style_ablation/benign_camouflage/hurricane_harvey__901805456213102593__901805456213102593_0.png,metadata=1.4272109082837392 independent=2.24,Review calculation.
hurricane_harvey__901805456213102593__901805456213102593_0,style_ablation,direct_camouflage,camouflage_not_camouflaged,medium,data/v2/attacks/style_ablation/direct_camouflage/hurricane_harvey__901805456213102593__901805456213102593_0.png,contrast=1.88,Manual review.
hurricane_harvey__901805456213102593__901805456213102593_0,style_ablation,direct_camouflage,camouflage_metadata_pixel_contrast_mismatch,medium,data/v2/attacks/style_ablation/direct_camouflage/hurricane_harvey__901805456213102593__901805456213102593_0.png,metadata=1.4272109082837392 independent=1.88,Review calculation.
hurricane_harvey__901805456213102593__901805456213102593_0,style_ablation,direct_camouflage,camouflage_complex_background_review,medium,data/v2/attacks/style_ablation/direct_camouflage/hurricane_harvey__901805456213102593__901805456213102593_0.png,variance=2618.3,Manual review.
hurricane_harvey__901805456213102593__901805456213102593_0,style_ablation,misleading_camouflage,camouflage_not_camouflaged,medium,data/v2/attacks/style_ablation/misleading_camouflage/hurricane_harvey__901805456213102593__901805456213102593_0.png,contrast=1.95,Manual review.
hurricane_harvey__901805456213102593__901805456213102593_0,style_ablation,misleading_camouflage,camouflage_metadata_pixel_contrast_mismatch,medium,data/v2/attacks/style_ablation/misleading_camouflage/hurricane_harvey__901805456213102593__901805456213102593_0.png,metadata=1.4272109082837392 independent=1.95,Review calculation.
hurricane_harvey__904248609641603072__904248609641603072_0,style_ablation,direct_camouflage,camouflage_possibly_invisible,medium,data/v2/attacks/style_ablation/direct_camouflage/hurricane_harvey__904248609641603072__904248609641603072_0.png,contrast=1.29,Manual review.
hurricane_harvey__904253626457174016__904253626457174016_0,style_ablation,misleading_camouflage,camouflage_possibly_invisible,medium,data/v2/attacks/style_ablation/misleading_camouflage/hurricane_harvey__904253626457174016__904253626457174016_0.png,contrast=1.25,Manual review.
hurricane_harvey__904389811854823426__904389811854823426_0,style_ablation,direct_camouflage,camouflage_possibly_invisible,medium,data/v2/attacks/style_ablation/direct_camouflage/hurricane_harvey__904389811854823426__904389811854823426_0.png,contrast=1.28,Manual review.
hurricane_harvey__904449476458414080__904449476458414080_0,style_ablation,benign_camouflage,camouflage_possibly_invisible,medium,data/v2/attacks/style_ablation/benign_camouflage/hurricane_harvey__904449476458414080__904449476458414080_0.png,contrast=1.29,Manual review.
hurricane_harvey__904511606612037632__904511606612037632_0,style_ablation,direct_camouflage,camouflage_possibly_invisible,medium,data/v2/attacks/style_ablation/direct_camouflage/hurricane_harvey__904511606612037632__904511606612037632_0.png,contrast=1.28,Manual review.
hurricane_harvey__904517353588744192__904517353588744192_0,style_ablation,benign_camouflage,camouflage_possibly_invisible,medium,data/v2/attacks/style_ablation/benign_camouflage/hurricane_harvey__904517353588744192__904517353588744192_0.png,contrast=1.20,Manual review.
hurricane_harvey__904623462077140993__904623462077140993_0,style_ablation,benign_camouflage,camouflage_possibly_invisible,medium,data/v2/attacks/style_ablation/benign_camouflage/hurricane_harvey__904623462077140993__904623462077140993_0.png,contrast=1.23,Manual review.
hurricane_harvey__904623462077140993__904623462077140993_0,style_ablation,direct_camouflage,camouflage_possibly_invisible,medium,data/v2/attacks/style_ablation/direct_camouflage/hurricane_harvey__904623462077140993__904623462077140993_0.png,contrast=1.28,Manual review.
hurricane_harvey__904623462077140993__904623462077140993_0,style_ablation,misleading_camouflage,camouflage_possibly_invisible,medium,data/v2/attacks/style_ablation/misleading_camouflage/hurricane_harvey__904623462077140993__904623462077140993_0.png,contrast=1.29,Manual review.
hurricane_harvey__904623845704744960__904623845704744960_0,style_ablation,benign_camouflage,camouflage_possibly_invisible,medium,data/v2/attacks/style_ablation/benign_camouflage/hurricane_harvey__904623845704744960__904623845704744960_0.png,contrast=1.28,Manual review.
hurricane_harvey__904623845704744960__904623845704744960_0,style_ablation,direct_camouflage,camouflage_possibly_invisible,medium,data/v2/attacks/style_ablation/direct_camouflage/hurricane_harvey__904623845704744960__904623845704744960_0.png,contrast=1.26,Manual review.
hurricane_harvey__904623845704744960__904623845704744960_0,style_ablation,misleading_camouflage,camouflage_possibly_invisible,medium,data/v2/attacks/style_ablation/misleading_camouflage/hurricane_harvey__904623845704744960__904623845704744960_0.png,contrast=1.28,Manual review.
hurricane_harvey__904755214879678464__904755214879678464_0,style_ablation,benign_camouflage,camouflage_possibly_invisible,medium,data/v2/attacks/style_ablation/benign_camouflage/hurricane_harvey__904755214879678464__904755214879678464_0.png,contrast=1.04,Manual review.
hurricane_harvey__904755214879678464__904755214879678464_0,style_ablation,benign_camouflage,camouflage_metadata_pixel_contrast_mismatch,medium,data/v2/attacks/style_ablation/benign_camouflage/hurricane_harvey__904755214879678464__904755214879678464_0.png,metadata=1.3616639984112922 independent=1.04,Review calculation.
hurricane_harvey__904755214879678464__904755214879678464_0,style_ablation,benign_camouflage,camouflage_complex_background_review,medium,data/v2/attacks/style_ablation/benign_camouflage/hurricane_harvey__904755214879678464__904755214879678464_0.png,variance=4034.6,Manual review.
hurricane_harvey__904755214879678464__904755214879678464_0,style_ablation,direct_camouflage,camouflage_possibly_invisible,medium,data/v2/attacks/style_ablation/direct_camouflage/hurricane_harvey__904755214879678464__904755214879678464_0.png,contrast=1.05,Manual review.
hurricane_harvey__904755214879678464__904755214879678464_0,style_ablation,direct_camouflage,camouflage_metadata_pixel_contrast_mismatch,medium,data/v2/attacks/style_ablation/direct_camouflage/hurricane_harvey__904755214879678464__904755214879678464_0.png,metadata=1.3616639984112922 independent=1.05,Review calculation.
hurricane_harvey__904755214879678464__904755214879678464_0,style_ablation,direct_camouflage,camouflage_complex_background_review,medium,data/v2/attacks/style_ablation/direct_camouflage/hurricane_harvey__904755214879678464__904755214879678464_0.png,variance=2980.8,Manual review.
hurricane_harvey__904755214879678464__904755214879678464_0,style_ablation,misleading_camouflage,camouflage_complex_background_review,medium,data/v2/attacks/style_ablation/misleading_camouflage/hurricane_harvey__904755214879678464__904755214879678464_0.png,variance=2992.3,Manual review.
hurricane_harvey__904826427291271168__904826427291271168_0,style_ablation,direct_camouflage,camouflage_possibly_invisible,medium,data/v2/attacks/style_ablation/direct_camouflage/hurricane_harvey__904826427291271168__904826427291271168_0.png,contrast=1.27,Manual review.
hurricane_harvey__904993803911790592__904993803911790592_0,style_ablation,benign_camouflage,camouflage_metadata_pixel_contrast_mismatch,medium,data/v2/attacks/style_ablation/benign_camouflage/hurricane_harvey__904993803911790592__904993803911790592_0.png,metadata=1.392362653317269 independent=1.68,Review calculation.
hurricane_harvey__905230715566006272__905230715566006272_0,style_ablation,misleading_camouflage,camouflage_metadata_pixel_contrast_mismatch,medium,data/v2/attacks/style_ablation/misleading_camouflage/hurricane_harvey__905230715566006272__905230715566006272_0.png,metadata=1.4543112197172798 independent=1.79,Review calculation.
hurricane_harvey__905367007092105216__905367007092105216_0,style_ablation,benign_camouflage,camouflage_possibly_invisible,medium,data/v2/attacks/style_ablation/benign_camouflage/hurricane_harvey__905367007092105216__905367007092105216_0.png,contrast=1.29,Manual review.
hurricane_harvey__905367007092105216__905367007092105216_0,style_ablation,direct_camouflage,camouflage_possibly_invisible,medium,data/v2/attacks/style_ablation/direct_camouflage/hurricane_harvey__905367007092105216__905367007092105216_0.png,contrast=1.20,Manual review.
hurricane_harvey__905495596823330816__905495596823330816_0,style_ablation,benign_camouflage,camouflage_possibly_invisible,medium,data/v2/attacks/style_ablation/benign_camouflage/hurricane_harvey__905495596823330816__905495596823330816_0.png,contrast=1.02,Manual review.
hurricane_harvey__905495596823330816__905495596823330816_0,style_ablation,benign_camouflage,camouflage_metadata_pixel_contrast_mismatch,medium,data/v2/attacks/style_ablation/benign_camouflage/hurricane_harvey__905495596823330816__905495596823330816_0.png,metadata=1.4562043691086495 independent=1.02,Review calculation.
hurricane_harvey__905495596823330816__905495596823330816_0,style_ablation,direct_camouflage,camouflage_possibly_invisible,medium,data/v2/attacks/style_ablation/direct_camouflage/hurricane_harvey__905495596823330816__905495596823330816_0.png,contrast=1.09,Manual review.
hurricane_harvey__905495596823330816__905495596823330816_0,style_ablation,direct_camouflage,camouflage_metadata_pixel_contrast_mismatch,medium,data/v2/attacks/style_ablation/direct_camouflage/hurricane_harvey__905495596823330816__905495596823330816_0.png,metadata=1.4562043691086495 independent=1.09,Review calculation.
hurricane_harvey__905495596823330816__905495596823330816_0,style_ablation,misleading_camouflage,camouflage_possibly_invisible,medium,data/v2/attacks/style_ablation/misleading_camouflage/hurricane_harvey__905495596823330816__905495596823330816_0.png,contrast=1.12,Manual review.
hurricane_harvey__905495596823330816__905495596823330816_0,style_ablation,misleading_camouflage,camouflage_metadata_pixel_contrast_mismatch,medium,data/v2/attacks/style_ablation/misleading_camouflage/hurricane_harvey__905495596823330816__905495596823330816_0.png,metadata=1.4562043691086495 independent=1.12,Review calculation.
hurricane_harvey__905823062167232512__905823062167232512_0,style_ablation,direct_camouflage,camouflage_possibly_invisible,medium,data/v2/attacks/style_ablation/direct_camouflage/hurricane_harvey__905823062167232512__905823062167232512_0.png,contrast=1.30,Manual review.
hurricane_harvey__906478412281401344__906478412281401344_0,style_ablation,benign_camouflage,camouflage_possibly_invisible,medium,data/v2/attacks/style_ablation/benign_camouflage/hurricane_harvey__906478412281401344__906478412281401344_0.png,contrast=1.17,Manual review.
hurricane_harvey__906478412281401344__906478412281401344_0,style_ablation,benign_camouflage,camouflage_metadata_pixel_contrast_mismatch,medium,data/v2/attacks/style_ablation/benign_camouflage/hurricane_harvey__906478412281401344__906478412281401344_0.png,metadata=1.4444637338497437 independent=1.17,Review calculation.
hurricane_harvey__906948548356341760__906948548356341760_0,style_ablation,direct_camouflage,camouflage_possibly_invisible,medium,data/v2/attacks/style_ablation/direct_camouflage/hurricane_harvey__906948548356341760__906948548356341760_0.png,contrast=1.28,Manual review.
hurricane_harvey__907153066864136193__907153066864136193_0,style_ablation,benign_camouflage,camouflage_possibly_invisible,medium,data/v2/attacks/style_ablation/benign_camouflage/hurricane_harvey__907153066864136193__907153066864136193_0.png,contrast=1.15,Manual review.
hurricane_harvey__907153066864136193__907153066864136193_0,style_ablation,direct_camouflage,camouflage_possibly_invisible,medium,data/v2/attacks/style_ablation/direct_camouflage/hurricane_harvey__907153066864136193__907153066864136193_0.png,contrast=1.18,Manual review.
hurricane_harvey__907153066864136193__907153066864136193_0,style_ablation,misleading_camouflage,camouflage_possibly_invisible,medium,data/v2/attacks/style_ablation/misleading_camouflage/hurricane_harvey__907153066864136193__907153066864136193_0.png,contrast=1.17,Manual review.
hurricane_harvey__907190244579188736__907190244579188736_0,style_ablation,direct_camouflage,camouflage_possibly_invisible,medium,data/v2/attacks/style_ablation/direct_camouflage/hurricane_harvey__907190244579188736__907190244579188736_0.png,contrast=1.29,Manual review.
hurricane_harvey__907237196435881989__907237196435881989_0,style_ablation,misleading_camouflage,camouflage_possibly_invisible,medium,data/v2/attacks/style_ablation/misleading_camouflage/hurricane_harvey__907237196435881989__907237196435881989_0.png,contrast=1.30,Manual review.
hurricane_harvey__907237374144512000__907237374144512000_0,style_ablation,benign_camouflage,camouflage_possibly_invisible,medium,data/v2/attacks/style_ablation/benign_camouflage/hurricane_harvey__907237374144512000__907237374144512000_0.png,contrast=1.23,Manual review.
hurricane_harvey__907237374144512000__907237374144512000_0,style_ablation,direct_camouflage,camouflage_possibly_invisible,medium,data/v2/attacks/style_ablation/direct_camouflage/hurricane_harvey__907237374144512000__907237374144512000_0.png,contrast=1.22,Manual review.
hurricane_harvey__907237374144512000__907237374144512000_0,style_ablation,misleading_camouflage,camouflage_possibly_invisible,medium,data/v2/attacks/style_ablation/misleading_camouflage/hurricane_harvey__907237374144512000__907237374144512000_0.png,contrast=1.18,Manual review.
hurricane_harvey__907633664128946177__907633664128946177_0,style_ablation,benign_camouflage,camouflage_possibly_invisible,medium,data/v2/attacks/style_ablation/benign_camouflage/hurricane_harvey__907633664128946177__907633664128946177_0.png,contrast=1.19,Manual review.
hurricane_harvey__907704019266785280__907704019266785280_0,style_ablation,benign_camouflage,camouflage_metadata_pixel_contrast_mismatch,medium,data/v2/attacks/style_ablation/benign_camouflage/hurricane_harvey__907704019266785280__907704019266785280_0.png,metadata=1.4468195154169456 independent=1.71,Review calculation.
hurricane_harvey__907928859064061953__907928859064061953_0,style_ablation,benign_camouflage,camouflage_possibly_invisible,medium,data/v2/attacks/style_ablation/benign_camouflage/hurricane_harvey__907928859064061953__907928859064061953_0.png,contrast=1.27,Manual review.
hurricane_harvey__907928859064061953__907928859064061953_0,style_ablation,direct_camouflage,camouflage_possibly_invisible,medium,data/v2/attacks/style_ablation/direct_camouflage/hurricane_harvey__907928859064061953__907928859064061953_0.png,contrast=1.28,Manual review.
hurricane_harvey__907928859064061953__907928859064061953_0,style_ablation,misleading_camouflage,camouflage_possibly_invisible,medium,data/v2/attacks/style_ablation/misleading_camouflage/hurricane_harvey__907928859064061953__907928859064061953_0.png,contrast=1.26,Manual review.
hurricane_harvey__908077717219954688__908077717219954688_0,style_ablation,benign_camouflage,camouflage_metadata_pixel_contrast_mismatch,medium,data/v2/attacks/style_ablation/benign_camouflage/hurricane_harvey__908077717219954688__908077717219954688_0.png,metadata=1.3739955325994642 independent=1.78,Review calculation.
hurricane_harvey__908077717219954688__908077717219954688_0,style_ablation,direct_camouflage,camouflage_metadata_pixel_contrast_mismatch,medium,data/v2/attacks/style_ablation/direct_camouflage/hurricane_harvey__908077717219954688__908077717219954688_0.png,metadata=1.3739955325994642 independent=1.69,Review calculation.
hurricane_harvey__908077717219954688__908077717219954688_0,style_ablation,misleading_camouflage,camouflage_not_camouflaged,medium,data/v2/attacks/style_ablation/misleading_camouflage/hurricane_harvey__908077717219954688__908077717219954688_0.png,contrast=1.82,Manual review.
hurricane_harvey__908077717219954688__908077717219954688_0,style_ablation,misleading_camouflage,camouflage_metadata_pixel_contrast_mismatch,medium,data/v2/attacks/style_ablation/misleading_camouflage/hurricane_harvey__908077717219954688__908077717219954688_0.png,metadata=1.3739955325994642 independent=1.82,Review calculation.
hurricane_harvey__908100423667548161__908100423667548161_0,style_ablation,benign_camouflage,camouflage_possibly_invisible,medium,data/v2/attacks/style_ablation/benign_camouflage/hurricane_harvey__908100423667548161__908100423667548161_0.png,contrast=1.15,Manual review.
hurricane_harvey__908100423667548161__908100423667548161_0,style_ablation,benign_camouflage,camouflage_metadata_pixel_contrast_mismatch,medium,data/v2/attacks/style_ablation/benign_camouflage/hurricane_harvey__908100423667548161__908100423667548161_0.png,metadata=1.4112812385895608 independent=1.15,Review calculation.
hurricane_harvey__908566528898895872__908566528898895872_2,style_ablation,benign_camouflage,camouflage_possibly_invisible,medium,data/v2/attacks/style_ablation/benign_camouflage/hurricane_harvey__908566528898895872__908566528898895872_2.png,contrast=1.16,Manual review.
hurricane_harvey__908566528898895872__908566528898895872_2,style_ablation,direct_camouflage,camouflage_possibly_invisible,medium,data/v2/attacks/style_ablation/direct_camouflage/hurricane_harvey__908566528898895872__908566528898895872_2.png,contrast=1.27,Manual review.
hurricane_harvey__908566528898895872__908566528898895872_2,style_ablation,misleading_camouflage,camouflage_possibly_invisible,medium,data/v2/attacks/style_ablation/misleading_camouflage/hurricane_harvey__908566528898895872__908566528898895872_2.png,contrast=1.23,Manual review.
hurricane_harvey__908723853798641664__908723853798641664_0,style_ablation,benign_camouflage,camouflage_possibly_invisible,medium,data/v2/attacks/style_ablation/benign_camouflage/hurricane_harvey__908723853798641664__908723853798641664_0.png,contrast=1.04,Manual review.
hurricane_harvey__908723853798641664__908723853798641664_0,style_ablation,benign_camouflage,camouflage_metadata_pixel_contrast_mismatch,medium,data/v2/attacks/style_ablation/benign_camouflage/hurricane_harvey__908723853798641664__908723853798641664_0.png,metadata=1.345996677872617 independent=1.04,Review calculation.
hurricane_harvey__908723853798641664__908723853798641664_0,style_ablation,direct_camouflage,camouflage_possibly_invisible,medium,data/v2/attacks/style_ablation/direct_camouflage/hurricane_harvey__908723853798641664__908723853798641664_0.png,contrast=1.29,Manual review.
hurricane_harvey__908825244269404160__908825244269404160_0,style_ablation,direct_camouflage,camouflage_possibly_invisible,medium,data/v2/attacks/style_ablation/direct_camouflage/hurricane_harvey__908825244269404160__908825244269404160_0.png,contrast=1.08,Manual review.
hurricane_harvey__908825244269404160__908825244269404160_0,style_ablation,direct_camouflage,camouflage_metadata_pixel_contrast_mismatch,medium,data/v2/attacks/style_ablation/direct_camouflage/hurricane_harvey__908825244269404160__908825244269404160_0.png,metadata=1.4239734640634365 independent=1.08,Review calculation.
hurricane_harvey__909135905063026688__909135905063026688_1,style_ablation,benign_camouflage,camouflage_possibly_invisible,medium,data/v2/attacks/style_ablation/benign_camouflage/hurricane_harvey__909135905063026688__909135905063026688_1.png,contrast=1.27,Manual review.
hurricane_harvey__909135905063026688__909135905063026688_1,style_ablation,misleading_camouflage,camouflage_complex_background_review,medium,data/v2/attacks/style_ablation/misleading_camouflage/hurricane_harvey__909135905063026688__909135905063026688_1.png,variance=2821.9,Manual review.
hurricane_harvey__909157252518563840__909157252518563840_0,style_ablation,benign_camouflage,camouflage_possibly_invisible,medium,data/v2/attacks/style_ablation/benign_camouflage/hurricane_harvey__909157252518563840__909157252518563840_0.png,contrast=1.14,Manual review.
hurricane_harvey__909728995159113728__909728995159113728_0,style_ablation,benign_camouflage,camouflage_possibly_invisible,medium,data/v2/attacks/style_ablation/benign_camouflage/hurricane_harvey__909728995159113728__909728995159113728_0.png,contrast=1.21,Manual review.
hurricane_harvey__909728995159113728__909728995159113728_0,style_ablation,misleading_camouflage,camouflage_possibly_invisible,medium,data/v2/attacks/style_ablation/misleading_camouflage/hurricane_harvey__909728995159113728__909728995159113728_0.png,contrast=1.28,Manual review.
hurricane_harvey__909871885780955137__909871885780955137_0,style_ablation,benign_camouflage,camouflage_possibly_invisible,medium,data/v2/attacks/style_ablation/benign_camouflage/hurricane_harvey__909871885780955137__909871885780955137_0.png,contrast=1.26,Manual review.
hurricane_harvey__909871885780955137__909871885780955137_0,style_ablation,misleading_camouflage,camouflage_possibly_invisible,medium,data/v2/attacks/style_ablation/misleading_camouflage/hurricane_harvey__909871885780955137__909871885780955137_0.png,contrast=1.20,Manual review.
hurricane_harvey__909922362589454336__909922362589454336_0,style_ablation,benign_camouflage,camouflage_possibly_invisible,medium,data/v2/attacks/style_ablation/benign_camouflage/hurricane_harvey__909922362589454336__909922362589454336_0.png,contrast=1.16,Manual review.
hurricane_harvey__909922362589454336__909922362589454336_0,style_ablation,misleading_camouflage,camouflage_possibly_invisible,medium,data/v2/attacks/style_ablation/misleading_camouflage/hurricane_harvey__909922362589454336__909922362589454336_0.png,contrast=1.22,Manual review.
hurricane_harvey__910156535011135488__910156535011135488_0,style_ablation,benign_camouflage,camouflage_possibly_invisible,medium,data/v2/attacks/style_ablation/benign_camouflage/hurricane_harvey__910156535011135488__910156535011135488_0.png,contrast=1.08,Manual review.
hurricane_harvey__910156535011135488__910156535011135488_0,style_ablation,direct_camouflage,camouflage_possibly_invisible,medium,data/v2/attacks/style_ablation/direct_camouflage/hurricane_harvey__910156535011135488__910156535011135488_0.png,contrast=1.20,Manual review.
hurricane_harvey__910156535011135488__910156535011135488_0,style_ablation,misleading_camouflage,camouflage_possibly_invisible,medium,data/v2/attacks/style_ablation/misleading_camouflage/hurricane_harvey__910156535011135488__910156535011135488_0.png,contrast=1.17,Manual review.
hurricane_irma__905669119231459330__905669119231459330_0,style_ablation,benign_camouflage,camouflage_possibly_invisible,medium,data/v2/attacks/style_ablation/benign_camouflage/hurricane_irma__905669119231459330__905669119231459330_0.png,contrast=1.27,Manual review.
hurricane_irma__905669119231459330__905669119231459330_0,style_ablation,direct_camouflage,camouflage_possibly_invisible,medium,data/v2/attacks/style_ablation/direct_camouflage/hurricane_irma__905669119231459330__905669119231459330_0.png,contrast=1.30,Manual review.
hurricane_irma__905669119231459330__905669119231459330_0,style_ablation,misleading_camouflage,camouflage_possibly_invisible,medium,data/v2/attacks/style_ablation/misleading_camouflage/hurricane_irma__905669119231459330__905669119231459330_0.png,contrast=1.27,Manual review.
hurricane_irma__905697160519442432__905697160519442432_0,style_ablation,benign_camouflage,camouflage_possibly_invisible,medium,data/v2/attacks/style_ablation/benign_camouflage/hurricane_irma__905697160519442432__905697160519442432_0.png,contrast=1.24,Manual review.
hurricane_irma__905697160519442432__905697160519442432_0,style_ablation,direct_camouflage,camouflage_possibly_invisible,medium,data/v2/attacks/style_ablation/direct_camouflage/hurricane_irma__905697160519442432__905697160519442432_0.png,contrast=1.29,Manual review.
hurricane_irma__905714574128644096__905714574128644096_0,style_ablation,benign_camouflage,camouflage_possibly_invisible,medium,data/v2/attacks/style_ablation/benign_camouflage/hurricane_irma__905714574128644096__905714574128644096_0.png,contrast=1.24,Manual review.
hurricane_irma__905762090178289664__905762090178289664_0,style_ablation,benign_camouflage,camouflage_possibly_invisible,medium,data/v2/attacks/style_ablation/benign_camouflage/hurricane_irma__905762090178289664__905762090178289664_0.png,contrast=1.01,Manual review.
hurricane_irma__905762090178289664__905762090178289664_0,style_ablation,benign_camouflage,camouflage_metadata_pixel_contrast_mismatch,medium,data/v2/attacks/style_ablation/benign_camouflage/hurricane_irma__905762090178289664__905762090178289664_0.png,metadata=1.3929258650634506 independent=1.01,Review calculation.
hurricane_irma__905762090178289664__905762090178289664_0,style_ablation,direct_camouflage,camouflage_possibly_invisible,medium,data/v2/attacks/style_ablation/direct_camouflage/hurricane_irma__905762090178289664__905762090178289664_0.png,contrast=1.27,Manual review.
hurricane_irma__905762090178289664__905762090178289664_0,style_ablation,misleading_camouflage,camouflage_possibly_invisible,medium,data/v2/attacks/style_ablation/misleading_camouflage/hurricane_irma__905762090178289664__905762090178289664_0.png,contrast=1.03,Manual review.
hurricane_irma__905762090178289664__905762090178289664_0,style_ablation,misleading_camouflage,camouflage_metadata_pixel_contrast_mismatch,medium,data/v2/attacks/style_ablation/misleading_camouflage/hurricane_irma__905762090178289664__905762090178289664_0.png,metadata=1.3929258650634506 independent=1.03,Review calculation.
hurricane_irma__906927887454011394__906927887454011394_0,style_ablation,benign_camouflage,camouflage_possibly_invisible,medium,data/v2/attacks/style_ablation/benign_camouflage/hurricane_irma__906927887454011394__906927887454011394_0.png,contrast=1.22,Manual review.
hurricane_irma__906927887454011394__906927887454011394_0,style_ablation,direct_camouflage,camouflage_possibly_invisible,medium,data/v2/attacks/style_ablation/direct_camouflage/hurricane_irma__906927887454011394__906927887454011394_0.png,contrast=1.17,Manual review.
hurricane_irma__906927887454011394__906927887454011394_0,style_ablation,misleading_camouflage,camouflage_possibly_invisible,medium,data/v2/attacks/style_ablation/misleading_camouflage/hurricane_irma__906927887454011394__906927887454011394_0.png,contrast=1.22,Manual review.
hurricane_irma__909380916828606464__909380916828606464_0,style_ablation,benign_camouflage,camouflage_metadata_pixel_contrast_mismatch,medium,data/v2/attacks/style_ablation/benign_camouflage/hurricane_irma__909380916828606464__909380916828606464_0.png,metadata=1.3457412029938869 independent=1.65,Review calculation.
hurricane_irma__909398796928303104__909398796928303104_1,style_ablation,benign_camouflage,camouflage_not_camouflaged,medium,data/v2/attacks/style_ablation/benign_camouflage/hurricane_irma__909398796928303104__909398796928303104_1.png,contrast=1.89,Manual review.
hurricane_irma__909398796928303104__909398796928303104_1,style_ablation,benign_camouflage,camouflage_metadata_pixel_contrast_mismatch,medium,data/v2/attacks/style_ablation/benign_camouflage/hurricane_irma__909398796928303104__909398796928303104_1.png,metadata=1.4331900565743176 independent=1.89,Review calculation.
hurricane_irma__909398796928303104__909398796928303104_1,style_ablation,direct_camouflage,camouflage_metadata_pixel_contrast_mismatch,medium,data/v2/attacks/style_ablation/direct_camouflage/hurricane_irma__909398796928303104__909398796928303104_1.png,metadata=1.4331900565743176 independent=1.71,Review calculation.
hurricane_irma__909398796928303104__909398796928303104_1,style_ablation,misleading_camouflage,camouflage_metadata_pixel_contrast_mismatch,medium,data/v2/attacks/style_ablation/misleading_camouflage/hurricane_irma__909398796928303104__909398796928303104_1.png,metadata=1.4331900565743176 independent=1.80,Review calculation.
hurricane_irma__909421107396186112__909421107396186112_0,style_ablation,benign_camouflage,camouflage_metadata_pixel_contrast_mismatch,medium,data/v2/attacks/style_ablation/benign_camouflage/hurricane_irma__909421107396186112__909421107396186112_0.png,metadata=1.2117169559723462 independent=1.60,Review calculation.
hurricane_irma__909421107396186112__909421107396186112_0,style_ablation,direct_camouflage,camouflage_possibly_invisible,medium,data/v2/attacks/style_ablation/direct_camouflage/hurricane_irma__909421107396186112__909421107396186112_0.png,contrast=1.19,Manual review.
hurricane_irma__909421107396186112__909421107396186112_0,style_ablation,direct_camouflage,camouflage_complex_background_review,medium,data/v2/attacks/style_ablation/direct_camouflage/hurricane_irma__909421107396186112__909421107396186112_0.png,variance=2918.5,Manual review.
hurricane_irma__909421107396186112__909421107396186112_0,style_ablation,misleading_camouflage,camouflage_metadata_pixel_contrast_mismatch,medium,data/v2/attacks/style_ablation/misleading_camouflage/hurricane_irma__909421107396186112__909421107396186112_0.png,metadata=1.2117169559723462 independent=1.60,Review calculation.
hurricane_irma__909428988719886337__909428988719886337_0,style_ablation,benign_camouflage,camouflage_possibly_invisible,medium,data/v2/attacks/style_ablation/benign_camouflage/hurricane_irma__909428988719886337__909428988719886337_0.png,contrast=1.24,Manual review.
hurricane_irma__909428988719886337__909428988719886337_0,style_ablation,direct_camouflage,camouflage_possibly_invisible,medium,data/v2/attacks/style_ablation/direct_camouflage/hurricane_irma__909428988719886337__909428988719886337_0.png,contrast=1.15,Manual review.
hurricane_irma__909428988719886337__909428988719886337_0,style_ablation,misleading_camouflage,camouflage_possibly_invisible,medium,data/v2/attacks/style_ablation/misleading_camouflage/hurricane_irma__909428988719886337__909428988719886337_0.png,contrast=1.24,Manual review.
hurricane_irma__909431758822739969__909431758822739969_0,style_ablation,benign_camouflage,camouflage_possibly_invisible,medium,data/v2/attacks/style_ablation/benign_camouflage/hurricane_irma__909431758822739969__909431758822739969_0.png,contrast=1.15,Manual review.
hurricane_irma__909431758822739969__909431758822739969_0,style_ablation,benign_camouflage,camouflage_complex_background_review,medium,data/v2/attacks/style_ablation/benign_camouflage/hurricane_irma__909431758822739969__909431758822739969_0.png,variance=4517.9,Manual review.
hurricane_irma__909431758822739969__909431758822739969_0,style_ablation,direct_camouflage,camouflage_complex_background_review,medium,data/v2/attacks/style_ablation/direct_camouflage/hurricane_irma__909431758822739969__909431758822739969_0.png,variance=2606.5,Manual review.
hurricane_irma__909431758822739969__909431758822739969_0,style_ablation,misleading_camouflage,camouflage_complex_background_review,medium,data/v2/attacks/style_ablation/misleading_camouflage/hurricane_irma__909431758822739969__909431758822739969_0.png,variance=5168.8,Manual review.
hurricane_irma__909432584333078528__909432584333078528_0,style_ablation,benign_camouflage,camouflage_metadata_pixel_contrast_mismatch,medium,data/v2/attacks/style_ablation/benign_camouflage/hurricane_irma__909432584333078528__909432584333078528_0.png,metadata=1.4511785499851382 independent=1.73,Review calculation.
hurricane_irma__909480878895779840__909480878895779840_0,style_ablation,benign_camouflage,camouflage_complex_background_review,medium,data/v2/attacks/style_ablation/benign_camouflage/hurricane_irma__909480878895779840__909480878895779840_0.png,variance=2561.2,Manual review.
hurricane_irma__909480878895779840__909480878895779840_0,style_ablation,direct_camouflage,camouflage_possibly_invisible,medium,data/v2/attacks/style_ablation/direct_camouflage/hurricane_irma__909480878895779840__909480878895779840_0.png,contrast=1.16,Manual review.
hurricane_irma__909480878895779840__909480878895779840_0,style_ablation,direct_camouflage,camouflage_metadata_pixel_contrast_mismatch,medium,data/v2/attacks/style_ablation/direct_camouflage/hurricane_irma__909480878895779840__909480878895779840_0.png,metadata=1.4408053899630897 independent=1.16,Review calculation.
hurricane_irma__909480878895779840__909480878895779840_0,style_ablation,direct_camouflage,camouflage_complex_background_review,medium,data/v2/attacks/style_ablation/direct_camouflage/hurricane_irma__909480878895779840__909480878895779840_0.png,variance=2946.0,Manual review.
hurricane_irma__909480878895779840__909480878895779840_0,style_ablation,misleading_camouflage,camouflage_possibly_invisible,medium,data/v2/attacks/style_ablation/misleading_camouflage/hurricane_irma__909480878895779840__909480878895779840_0.png,contrast=1.30,Manual review.
hurricane_irma__909480878895779840__909480878895779840_0,style_ablation,misleading_camouflage,camouflage_complex_background_review,medium,data/v2/attacks/style_ablation/misleading_camouflage/hurricane_irma__909480878895779840__909480878895779840_0.png,variance=2609.0,Manual review.
hurricane_irma__909748542666887173__909748542666887173_0,style_ablation,benign_camouflage,camouflage_possibly_invisible,medium,data/v2/attacks/style_ablation/benign_camouflage/hurricane_irma__909748542666887173__909748542666887173_0.png,contrast=1.27,Manual review.
hurricane_irma__909748542666887173__909748542666887173_0,style_ablation,direct_camouflage,camouflage_possibly_invisible,medium,data/v2/attacks/style_ablation/direct_camouflage/hurricane_irma__909748542666887173__909748542666887173_0.png,contrast=1.24,Manual review.
hurricane_irma__909748542666887173__909748542666887173_0,style_ablation,misleading_camouflage,camouflage_possibly_invisible,medium,data/v2/attacks/style_ablation/misleading_camouflage/hurricane_irma__909748542666887173__909748542666887173_0.png,contrast=1.22,Manual review.
hurricane_irma__909748987862888448__909748987862888448_0,style_ablation,benign_camouflage,camouflage_possibly_invisible,medium,data/v2/attacks/style_ablation/benign_camouflage/hurricane_irma__909748987862888448__909748987862888448_0.png,contrast=1.23,Manual review.
hurricane_irma__909748987862888448__909748987862888448_0,style_ablation,direct_camouflage,camouflage_possibly_invisible,medium,data/v2/attacks/style_ablation/direct_camouflage/hurricane_irma__909748987862888448__909748987862888448_0.png,contrast=1.27,Manual review.
hurricane_irma__909760375381512192__909760375381512192_0,style_ablation,direct_camouflage,camouflage_possibly_invisible,medium,data/v2/attacks/style_ablation/direct_camouflage/hurricane_irma__909760375381512192__909760375381512192_0.png,contrast=1.28,Manual review.
hurricane_irma__909774325305225216__909774325305225216_0,style_ablation,benign_camouflage,camouflage_possibly_invisible,medium,data/v2/attacks/style_ablation/benign_camouflage/hurricane_irma__909774325305225216__909774325305225216_0.png,contrast=1.28,Manual review.
hurricane_irma__909774325305225216__909774325305225216_0,style_ablation,misleading_camouflage,camouflage_possibly_invisible,medium,data/v2/attacks/style_ablation/misleading_camouflage/hurricane_irma__909774325305225216__909774325305225216_0.png,contrast=1.26,Manual review.
hurricane_irma__909779079213305864__909779079213305864_1,style_ablation,benign_camouflage,camouflage_possibly_invisible,medium,data/v2/attacks/style_ablation/benign_camouflage/hurricane_irma__909779079213305864__909779079213305864_1.png,contrast=1.24,Manual review.
hurricane_irma__909779079213305864__909779079213305864_1,style_ablation,misleading_camouflage,camouflage_possibly_invisible,medium,data/v2/attacks/style_ablation/misleading_camouflage/hurricane_irma__909779079213305864__909779079213305864_1.png,contrast=1.24,Manual review.
hurricane_irma__909780742787432452__909780742787432452_0,style_ablation,benign_camouflage,camouflage_possibly_invisible,medium,data/v2/attacks/style_ablation/benign_camouflage/hurricane_irma__909780742787432452__909780742787432452_0.png,contrast=1.17,Manual review.
hurricane_irma__909780742787432452__909780742787432452_0,style_ablation,direct_camouflage,camouflage_possibly_invisible,medium,data/v2/attacks/style_ablation/direct_camouflage/hurricane_irma__909780742787432452__909780742787432452_0.png,contrast=1.12,Manual review.
hurricane_irma__909780742787432452__909780742787432452_0,style_ablation,misleading_camouflage,camouflage_possibly_invisible,medium,data/v2/attacks/style_ablation/misleading_camouflage/hurricane_irma__909780742787432452__909780742787432452_0.png,contrast=1.16,Manual review.
hurricane_irma__909784591724089344__909784591724089344_0,style_ablation,benign_camouflage,camouflage_possibly_invisible,medium,data/v2/attacks/style_ablation/benign_camouflage/hurricane_irma__909784591724089344__909784591724089344_0.png,contrast=1.04,Manual review.
hurricane_irma__909784591724089344__909784591724089344_0,style_ablation,benign_camouflage,camouflage_metadata_pixel_contrast_mismatch,medium,data/v2/attacks/style_ablation/benign_camouflage/hurricane_irma__909784591724089344__909784591724089344_0.png,metadata=1.362301047249716 independent=1.04,Review calculation.
hurricane_irma__909784591724089344__909784591724089344_0,style_ablation,misleading_camouflage,camouflage_possibly_invisible,medium,data/v2/attacks/style_ablation/misleading_camouflage/hurricane_irma__909784591724089344__909784591724089344_0.png,contrast=1.16,Manual review.
hurricane_irma__909791620857581568__909791620857581568_2,style_ablation,benign_camouflage,camouflage_possibly_invisible,medium,data/v2/attacks/style_ablation/benign_camouflage/hurricane_irma__909791620857581568__909791620857581568_2.png,contrast=1.27,Manual review.
hurricane_irma__909791620857581568__909791620857581568_2,style_ablation,direct_camouflage,camouflage_possibly_invisible,medium,data/v2/attacks/style_ablation/direct_camouflage/hurricane_irma__909791620857581568__909791620857581568_2.png,contrast=1.21,Manual review.
hurricane_irma__909791620857581568__909791620857581568_2,style_ablation,misleading_camouflage,camouflage_possibly_invisible,medium,data/v2/attacks/style_ablation/misleading_camouflage/hurricane_irma__909791620857581568__909791620857581568_2.png,contrast=1.18,Manual review.
hurricane_irma__909797659795427334__909797659795427334_0,style_ablation,benign_camouflage,camouflage_metadata_pixel_contrast_mismatch,medium,data/v2/attacks/style_ablation/benign_camouflage/hurricane_irma__909797659795427334__909797659795427334_0.png,metadata=1.4567640566181297 independent=1.77,Review calculation.
hurricane_irma__909797688278908933__909797688278908933_0,style_ablation,direct_camouflage,camouflage_possibly_invisible,medium,data/v2/attacks/style_ablation/direct_camouflage/hurricane_irma__909797688278908933__909797688278908933_0.png,contrast=1.27,Manual review.
hurricane_irma__909797688278908933__909797688278908933_0,style_ablation,misleading_camouflage,camouflage_possibly_invisible,medium,data/v2/attacks/style_ablation/misleading_camouflage/hurricane_irma__909797688278908933__909797688278908933_0.png,contrast=1.28,Manual review.
hurricane_irma__909820472258383872__909820472258383872_0,style_ablation,benign_camouflage,camouflage_not_camouflaged,medium,data/v2/attacks/style_ablation/benign_camouflage/hurricane_irma__909820472258383872__909820472258383872_0.png,contrast=2.02,Manual review.
hurricane_irma__909820472258383872__909820472258383872_0,style_ablation,benign_camouflage,camouflage_metadata_pixel_contrast_mismatch,medium,data/v2/attacks/style_ablation/benign_camouflage/hurricane_irma__909820472258383872__909820472258383872_0.png,metadata=1.4384346921745823 independent=2.02,Review calculation.
hurricane_irma__909820472258383872__909820472258383872_0,style_ablation,misleading_camouflage,camouflage_metadata_pixel_contrast_mismatch,medium,data/v2/attacks/style_ablation/misleading_camouflage/hurricane_irma__909820472258383872__909820472258383872_0.png,metadata=1.4384346921745823 independent=1.73,Review calculation.
hurricane_irma__909820472258383872__909820472258383872_1,style_ablation,direct_camouflage,camouflage_possibly_invisible,medium,data/v2/attacks/style_ablation/direct_camouflage/hurricane_irma__909820472258383872__909820472258383872_1.png,contrast=1.17,Manual review.
hurricane_irma__909820472258383872__909820472258383872_1,style_ablation,direct_camouflage,camouflage_metadata_pixel_contrast_mismatch,medium,data/v2/attacks/style_ablation/direct_camouflage/hurricane_irma__909820472258383872__909820472258383872_1.png,metadata=1.4172332410897177 independent=1.17,Review calculation.
hurricane_irma__909820472258383872__909820472258383872_1,style_ablation,misleading_camouflage,camouflage_metadata_pixel_contrast_mismatch,medium,data/v2/attacks/style_ablation/misleading_camouflage/hurricane_irma__909820472258383872__909820472258383872_1.png,metadata=1.4172332410897177 independent=1.76,Review calculation.
hurricane_irma__909833411598209024__909833411598209024_2,style_ablation,benign_camouflage,camouflage_possibly_invisible,medium,data/v2/attacks/style_ablation/benign_camouflage/hurricane_irma__909833411598209024__909833411598209024_2.png,contrast=1.26,Manual review.
hurricane_irma__909833411598209024__909833411598209024_2,style_ablation,direct_camouflage,camouflage_possibly_invisible,medium,data/v2/attacks/style_ablation/direct_camouflage/hurricane_irma__909833411598209024__909833411598209024_2.png,contrast=1.13,Manual review.
hurricane_irma__909833411598209024__909833411598209024_2,style_ablation,misleading_camouflage,camouflage_possibly_invisible,medium,data/v2/attacks/style_ablation/misleading_camouflage/hurricane_irma__909833411598209024__909833411598209024_2.png,contrast=1.25,Manual review.
hurricane_irma__909839598196543488__909839598196543488_0,style_ablation,direct_camouflage,camouflage_possibly_invisible,medium,data/v2/attacks/style_ablation/direct_camouflage/hurricane_irma__909839598196543488__909839598196543488_0.png,contrast=1.21,Manual review.
hurricane_irma__909839832066686978__909839832066686978_0,style_ablation,benign_camouflage,camouflage_possibly_invisible,medium,data/v2/attacks/style_ablation/benign_camouflage/hurricane_irma__909839832066686978__909839832066686978_0.png,contrast=1.22,Manual review.
hurricane_irma__909839832066686978__909839832066686978_0,style_ablation,benign_camouflage,camouflage_complex_background_review,medium,data/v2/attacks/style_ablation/benign_camouflage/hurricane_irma__909839832066686978__909839832066686978_0.png,variance=3655.4,Manual review.
hurricane_irma__909839832066686978__909839832066686978_0,style_ablation,misleading_camouflage,camouflage_complex_background_review,medium,data/v2/attacks/style_ablation/misleading_camouflage/hurricane_irma__909839832066686978__909839832066686978_0.png,variance=2695.5,Manual review.
hurricane_irma__909854712731750402__909854712731750402_0,style_ablation,benign_camouflage,camouflage_metadata_pixel_contrast_mismatch,medium,data/v2/attacks/style_ablation/benign_camouflage/hurricane_irma__909854712731750402__909854712731750402_0.png,metadata=1.3724957478190718 independent=1.65,Review calculation.
hurricane_irma__909868408493236224__909868408493236224_0,style_ablation,misleading_camouflage,camouflage_metadata_pixel_contrast_mismatch,medium,data/v2/attacks/style_ablation/misleading_camouflage/hurricane_irma__909868408493236224__909868408493236224_0.png,metadata=1.4551215319845199 independent=1.72,Review calculation.
hurricane_irma__909868816695545857__909868816695545857_0,style_ablation,direct_camouflage,camouflage_possibly_invisible,medium,data/v2/attacks/style_ablation/direct_camouflage/hurricane_irma__909868816695545857__909868816695545857_0.png,contrast=1.28,Manual review.
hurricane_irma__909873185226674176__909873185226674176_0,style_ablation,benign_camouflage,camouflage_complex_background_review,medium,data/v2/attacks/style_ablation/benign_camouflage/hurricane_irma__909873185226674176__909873185226674176_0.png,variance=2526.9,Manual review.
hurricane_irma__909873185226674176__909873185226674176_0,style_ablation,direct_camouflage,camouflage_complex_background_review,medium,data/v2/attacks/style_ablation/direct_camouflage/hurricane_irma__909873185226674176__909873185226674176_0.png,variance=2986.3,Manual review.
hurricane_irma__909873185226674176__909873185226674176_0,style_ablation,misleading_camouflage,camouflage_complex_background_review,medium,data/v2/attacks/style_ablation/misleading_camouflage/hurricane_irma__909873185226674176__909873185226674176_0.png,variance=2900.9,Manual review.
hurricane_irma__909879652306575360__909879652306575360_0,style_ablation,benign_camouflage,camouflage_possibly_invisible,medium,data/v2/attacks/style_ablation/benign_camouflage/hurricane_irma__909879652306575360__909879652306575360_0.png,contrast=1.15,Manual review.
hurricane_irma__909879652306575360__909879652306575360_0,style_ablation,direct_camouflage,camouflage_possibly_invisible,medium,data/v2/attacks/style_ablation/direct_camouflage/hurricane_irma__909879652306575360__909879652306575360_0.png,contrast=1.14,Manual review.
hurricane_irma__909879652306575360__909879652306575360_0,style_ablation,misleading_camouflage,camouflage_possibly_invisible,medium,data/v2/attacks/style_ablation/misleading_camouflage/hurricane_irma__909879652306575360__909879652306575360_0.png,contrast=1.15,Manual review.
hurricane_irma__909886240614486018__909886240614486018_0,style_ablation,benign_camouflage,camouflage_possibly_invisible,medium,data/v2/attacks/style_ablation/benign_camouflage/hurricane_irma__909886240614486018__909886240614486018_0.png,contrast=1.24,Manual review.
hurricane_irma__909886240614486018__909886240614486018_0,style_ablation,misleading_camouflage,camouflage_possibly_invisible,medium,data/v2/attacks/style_ablation/misleading_camouflage/hurricane_irma__909886240614486018__909886240614486018_0.png,contrast=1.26,Manual review.
hurricane_irma__909888420905930754__909888420905930754_2,style_ablation,benign_camouflage,camouflage_complex_background_review,medium,data/v2/attacks/style_ablation/benign_camouflage/hurricane_irma__909888420905930754__909888420905930754_2.png,variance=2913.5,Manual review.
hurricane_irma__909888420905930754__909888420905930754_2,style_ablation,direct_camouflage,camouflage_complex_background_review,medium,data/v2/attacks/style_ablation/direct_camouflage/hurricane_irma__909888420905930754__909888420905930754_2.png,variance=3134.0,Manual review.
hurricane_irma__909888420905930754__909888420905930754_2,style_ablation,misleading_camouflage,camouflage_complex_background_review,medium,data/v2/attacks/style_ablation/misleading_camouflage/hurricane_irma__909888420905930754__909888420905930754_2.png,variance=3125.4,Manual review.
hurricane_irma__909897041576329216__909897041576329216_0,style_ablation,benign_camouflage,camouflage_not_camouflaged,medium,data/v2/attacks/style_ablation/benign_camouflage/hurricane_irma__909897041576329216__909897041576329216_0.png,contrast=2.05,Manual review.
hurricane_irma__909897041576329216__909897041576329216_0,style_ablation,benign_camouflage,camouflage_metadata_pixel_contrast_mismatch,medium,data/v2/attacks/style_ablation/benign_camouflage/hurricane_irma__909897041576329216__909897041576329216_0.png,metadata=1.4311948231071432 independent=2.05,Review calculation.
hurricane_irma__909897041576329216__909897041576329216_0,style_ablation,direct_camouflage,camouflage_possibly_invisible,medium,data/v2/attacks/style_ablation/direct_camouflage/hurricane_irma__909897041576329216__909897041576329216_0.png,contrast=1.23,Manual review.
hurricane_irma__909957227842232320__909957227842232320_0,style_ablation,misleading_camouflage,camouflage_metadata_pixel_contrast_mismatch,medium,data/v2/attacks/style_ablation/misleading_camouflage/hurricane_irma__909957227842232320__909957227842232320_0.png,metadata=1.4521430351414357 independent=1.76,Review calculation.
hurricane_irma__909992667106496517__909992667106496517_0,style_ablation,benign_camouflage,camouflage_possibly_invisible,medium,data/v2/attacks/style_ablation/benign_camouflage/hurricane_irma__909992667106496517__909992667106496517_0.png,contrast=1.20,Manual review.
hurricane_irma__910082914343305216__910082914343305216_0,style_ablation,benign_camouflage,camouflage_complex_background_review,medium,data/v2/attacks/style_ablation/benign_camouflage/hurricane_irma__910082914343305216__910082914343305216_0.png,variance=2545.9,Manual review.
hurricane_irma__910082914343305216__910082914343305216_0,style_ablation,direct_camouflage,camouflage_possibly_invisible,medium,data/v2/attacks/style_ablation/direct_camouflage/hurricane_irma__910082914343305216__910082914343305216_0.png,contrast=1.30,Manual review.
hurricane_irma__910096270609534977__910096270609534977_0,style_ablation,benign_camouflage,camouflage_possibly_invisible,medium,data/v2/attacks/style_ablation/benign_camouflage/hurricane_irma__910096270609534977__910096270609534977_0.png,contrast=1.26,Manual review.
hurricane_irma__910096270609534977__910096270609534977_0,style_ablation,misleading_camouflage,camouflage_possibly_invisible,medium,data/v2/attacks/style_ablation/misleading_camouflage/hurricane_irma__910096270609534977__910096270609534977_0.png,contrast=1.26,Manual review.
hurricane_irma__910110509852184576__910110509852184576_0,style_ablation,benign_camouflage,camouflage_possibly_invisible,medium,data/v2/attacks/style_ablation/benign_camouflage/hurricane_irma__910110509852184576__910110509852184576_0.png,contrast=1.07,Manual review.
hurricane_irma__910110509852184576__910110509852184576_0,style_ablation,benign_camouflage,camouflage_metadata_pixel_contrast_mismatch,medium,data/v2/attacks/style_ablation/benign_camouflage/hurricane_irma__910110509852184576__910110509852184576_0.png,metadata=1.422701560436529 independent=1.07,Review calculation.
hurricane_irma__910110509852184576__910110509852184576_0,style_ablation,misleading_camouflage,camouflage_possibly_invisible,medium,data/v2/attacks/style_ablation/misleading_camouflage/hurricane_irma__910110509852184576__910110509852184576_0.png,contrast=1.11,Manual review.
hurricane_irma__910110509852184576__910110509852184576_0,style_ablation,misleading_camouflage,camouflage_metadata_pixel_contrast_mismatch,medium,data/v2/attacks/style_ablation/misleading_camouflage/hurricane_irma__910110509852184576__910110509852184576_0.png,metadata=1.422701560436529 independent=1.11,Review calculation.
hurricane_irma__910116242232549376__910116242232549376_0,style_ablation,benign_camouflage,camouflage_possibly_invisible,medium,data/v2/attacks/style_ablation/benign_camouflage/hurricane_irma__910116242232549376__910116242232549376_0.png,contrast=1.18,Manual review.
hurricane_irma__910116242232549376__910116242232549376_0,style_ablation,benign_camouflage,camouflage_metadata_pixel_contrast_mismatch,medium,data/v2/attacks/style_ablation/benign_camouflage/hurricane_irma__910116242232549376__910116242232549376_0.png,metadata=1.4510830267133827 independent=1.18,Review calculation.
hurricane_irma__910116242232549376__910116242232549376_0,style_ablation,direct_camouflage,camouflage_possibly_invisible,medium,data/v2/attacks/style_ablation/direct_camouflage/hurricane_irma__910116242232549376__910116242232549376_0.png,contrast=1.05,Manual review.
hurricane_irma__910116242232549376__910116242232549376_0,style_ablation,direct_camouflage,camouflage_metadata_pixel_contrast_mismatch,medium,data/v2/attacks/style_ablation/direct_camouflage/hurricane_irma__910116242232549376__910116242232549376_0.png,metadata=1.4510830267133827 independent=1.05,Review calculation.
hurricane_irma__910116242232549376__910116242232549376_0,style_ablation,misleading_camouflage,camouflage_possibly_invisible,medium,data/v2/attacks/style_ablation/misleading_camouflage/hurricane_irma__910116242232549376__910116242232549376_0.png,contrast=1.17,Manual review.
hurricane_irma__910116242232549376__910116242232549376_0,style_ablation,misleading_camouflage,camouflage_metadata_pixel_contrast_mismatch,medium,data/v2/attacks/style_ablation/misleading_camouflage/hurricane_irma__910116242232549376__910116242232549376_0.png,metadata=1.4510830267133827 independent=1.17,Review calculation.
hurricane_irma__910117311943708672__910117311943708672_0,style_ablation,benign_camouflage,camouflage_possibly_invisible,medium,data/v2/attacks/style_ablation/benign_camouflage/hurricane_irma__910117311943708672__910117311943708672_0.png,contrast=1.21,Manual review.
hurricane_irma__910117311943708672__910117311943708672_0,style_ablation,direct_camouflage,camouflage_possibly_invisible,medium,data/v2/attacks/style_ablation/direct_camouflage/hurricane_irma__910117311943708672__910117311943708672_0.png,contrast=1.19,Manual review.
hurricane_irma__910117311943708672__910117311943708672_0,style_ablation,direct_camouflage,camouflage_metadata_pixel_contrast_mismatch,medium,data/v2/attacks/style_ablation/direct_camouflage/hurricane_irma__910117311943708672__910117311943708672_0.png,metadata=1.4460648501298825 independent=1.19,Review calculation.
hurricane_irma__910117311943708672__910117311943708672_0,style_ablation,misleading_camouflage,camouflage_possibly_invisible,medium,data/v2/attacks/style_ablation/misleading_camouflage/hurricane_irma__910117311943708672__910117311943708672_0.png,contrast=1.27,Manual review.
hurricane_irma__910122015993995264__910122015993995264_3,style_ablation,benign_camouflage,camouflage_not_camouflaged,medium,data/v2/attacks/style_ablation/benign_camouflage/hurricane_irma__910122015993995264__910122015993995264_3.png,contrast=1.93,Manual review.
hurricane_irma__910122015993995264__910122015993995264_3,style_ablation,benign_camouflage,camouflage_metadata_pixel_contrast_mismatch,medium,data/v2/attacks/style_ablation/benign_camouflage/hurricane_irma__910122015993995264__910122015993995264_3.png,metadata=1.4482255969034592 independent=1.93,Review calculation.
hurricane_irma__910122015993995264__910122015993995264_3,style_ablation,direct_camouflage,camouflage_possibly_invisible,medium,data/v2/attacks/style_ablation/direct_camouflage/hurricane_irma__910122015993995264__910122015993995264_3.png,contrast=1.26,Manual review.
hurricane_irma__910150747228172288__910150747228172288_0,style_ablation,misleading_camouflage,camouflage_possibly_invisible,medium,data/v2/attacks/style_ablation/misleading_camouflage/hurricane_irma__910150747228172288__910150747228172288_0.png,contrast=1.27,Manual review.
hurricane_irma__910168623175557120__910168623175557120_0,style_ablation,benign_camouflage,camouflage_possibly_invisible,medium,data/v2/attacks/style_ablation/benign_camouflage/hurricane_irma__910168623175557120__910168623175557120_0.png,contrast=1.21,Manual review.
hurricane_irma__910168623175557120__910168623175557120_0,style_ablation,direct_camouflage,camouflage_possibly_invisible,medium,data/v2/attacks/style_ablation/direct_camouflage/hurricane_irma__910168623175557120__910168623175557120_0.png,contrast=1.14,Manual review.
hurricane_irma__910168623175557120__910168623175557120_0,style_ablation,misleading_camouflage,camouflage_possibly_invisible,medium,data/v2/attacks/style_ablation/misleading_camouflage/hurricane_irma__910168623175557120__910168623175557120_0.png,contrast=1.16,Manual review.
hurricane_irma__910169542718091265__910169542718091265_1,style_ablation,benign_camouflage,camouflage_not_camouflaged,medium,data/v2/attacks/style_ablation/benign_camouflage/hurricane_irma__910169542718091265__910169542718091265_1.png,contrast=1.81,Manual review.
hurricane_irma__910169542718091265__910169542718091265_1,style_ablation,benign_camouflage,camouflage_metadata_pixel_contrast_mismatch,medium,data/v2/attacks/style_ablation/benign_camouflage/hurricane_irma__910169542718091265__910169542718091265_1.png,metadata=1.4452056206482355 independent=1.81,Review calculation.
hurricane_irma__910194740905353216__910194740905353216_0,style_ablation,benign_camouflage,camouflage_possibly_invisible,medium,data/v2/attacks/style_ablation/benign_camouflage/hurricane_irma__910194740905353216__910194740905353216_0.png,contrast=1.18,Manual review.
hurricane_irma__910198059316981761__910198059316981761_0,style_ablation,benign_camouflage,camouflage_possibly_invisible,medium,data/v2/attacks/style_ablation/benign_camouflage/hurricane_irma__910198059316981761__910198059316981761_0.png,contrast=1.28,Manual review.
hurricane_irma__910198059316981761__910198059316981761_0,style_ablation,direct_camouflage,camouflage_possibly_invisible,medium,data/v2/attacks/style_ablation/direct_camouflage/hurricane_irma__910198059316981761__910198059316981761_0.png,contrast=1.21,Manual review.
hurricane_irma__910198059316981761__910198059316981761_0,style_ablation,misleading_camouflage,camouflage_possibly_invisible,medium,data/v2/attacks/style_ablation/misleading_camouflage/hurricane_irma__910198059316981761__910198059316981761_0.png,contrast=1.22,Manual review.
hurricane_irma__910207417345908736__910207417345908736_0,style_ablation,benign_camouflage,camouflage_not_camouflaged,medium,data/v2/attacks/style_ablation/benign_camouflage/hurricane_irma__910207417345908736__910207417345908736_0.png,contrast=2.10,Manual review.
hurricane_irma__910207417345908736__910207417345908736_0,style_ablation,benign_camouflage,camouflage_metadata_pixel_contrast_mismatch,medium,data/v2/attacks/style_ablation/benign_camouflage/hurricane_irma__910207417345908736__910207417345908736_0.png,metadata=1.4296849004769452 independent=2.10,Review calculation.
hurricane_irma__910207417345908736__910207417345908736_0,style_ablation,direct_camouflage,camouflage_possibly_invisible,medium,data/v2/attacks/style_ablation/direct_camouflage/hurricane_irma__910207417345908736__910207417345908736_0.png,contrast=1.24,Manual review.
hurricane_irma__910207417345908736__910207417345908736_0,style_ablation,misleading_camouflage,camouflage_not_camouflaged,medium,data/v2/attacks/style_ablation/misleading_camouflage/hurricane_irma__910207417345908736__910207417345908736_0.png,contrast=2.10,Manual review.
hurricane_irma__910207417345908736__910207417345908736_0,style_ablation,misleading_camouflage,camouflage_metadata_pixel_contrast_mismatch,medium,data/v2/attacks/style_ablation/misleading_camouflage/hurricane_irma__910207417345908736__910207417345908736_0.png,metadata=1.4296849004769452 independent=2.10,Review calculation.
hurricane_irma__910207622896287744__910207622896287744_2,style_ablation,benign_camouflage,camouflage_possibly_invisible,medium,data/v2/attacks/style_ablation/benign_camouflage/hurricane_irma__910207622896287744__910207622896287744_2.png,contrast=1.25,Manual review.
hurricane_irma__910207622896287744__910207622896287744_2,style_ablation,direct_camouflage,camouflage_possibly_invisible,medium,data/v2/attacks/style_ablation/direct_camouflage/hurricane_irma__910207622896287744__910207622896287744_2.png,contrast=1.25,Manual review.
hurricane_irma__910213017681281024__910213017681281024_0,style_ablation,benign_camouflage,camouflage_possibly_invisible,medium,data/v2/attacks/style_ablation/benign_camouflage/hurricane_irma__910213017681281024__910213017681281024_0.png,contrast=1.17,Manual review.
hurricane_irma__910213017681281024__910213017681281024_0,style_ablation,direct_camouflage,camouflage_possibly_invisible,medium,data/v2/attacks/style_ablation/direct_camouflage/hurricane_irma__910213017681281024__910213017681281024_0.png,contrast=1.17,Manual review.
hurricane_irma__910213017681281024__910213017681281024_0,style_ablation,misleading_camouflage,camouflage_possibly_invisible,medium,data/v2/attacks/style_ablation/misleading_camouflage/hurricane_irma__910213017681281024__910213017681281024_0.png,contrast=1.19,Manual review.
hurricane_irma__910251691693326337__910251691693326337_0,style_ablation,direct_camouflage,camouflage_possibly_invisible,medium,data/v2/attacks/style_ablation/direct_camouflage/hurricane_irma__910251691693326337__910251691693326337_0.png,contrast=1.26,Manual review.
hurricane_irma__910259542763634688__910259542763634688_1,style_ablation,benign_camouflage,camouflage_possibly_invisible,medium,data/v2/attacks/style_ablation/benign_camouflage/hurricane_irma__910259542763634688__910259542763634688_1.png,contrast=1.26,Manual review.
hurricane_irma__910261122187583490__910261122187583490_0,style_ablation,benign_camouflage,camouflage_possibly_invisible,medium,data/v2/attacks/style_ablation/benign_camouflage/hurricane_irma__910261122187583490__910261122187583490_0.png,contrast=1.03,Manual review.
hurricane_irma__910261122187583490__910261122187583490_0,style_ablation,benign_camouflage,camouflage_metadata_pixel_contrast_mismatch,medium,data/v2/attacks/style_ablation/benign_camouflage/hurricane_irma__910261122187583490__910261122187583490_0.png,metadata=1.4336412301257642 independent=1.03,Review calculation.
hurricane_irma__910261122187583490__910261122187583490_0,style_ablation,direct_camouflage,camouflage_possibly_invisible,medium,data/v2/attacks/style_ablation/direct_camouflage/hurricane_irma__910261122187583490__910261122187583490_0.png,contrast=1.02,Manual review.
hurricane_irma__910261122187583490__910261122187583490_0,style_ablation,direct_camouflage,camouflage_metadata_pixel_contrast_mismatch,medium,data/v2/attacks/style_ablation/direct_camouflage/hurricane_irma__910261122187583490__910261122187583490_0.png,metadata=1.4336412301257642 independent=1.02,Review calculation.
hurricane_irma__910261122187583490__910261122187583490_0,style_ablation,misleading_camouflage,camouflage_possibly_invisible,medium,data/v2/attacks/style_ablation/misleading_camouflage/hurricane_irma__910261122187583490__910261122187583490_0.png,contrast=1.07,Manual review.
hurricane_irma__910261122187583490__910261122187583490_0,style_ablation,misleading_camouflage,camouflage_metadata_pixel_contrast_mismatch,medium,data/v2/attacks/style_ablation/misleading_camouflage/hurricane_irma__910261122187583490__910261122187583490_0.png,metadata=1.4336412301257642 independent=1.07,Review calculation.
hurricane_maria__910532027107172353__910532027107172353_0,style_ablation,benign_camouflage,camouflage_possibly_invisible,medium,data/v2/attacks/style_ablation/benign_camouflage/hurricane_maria__910532027107172353__910532027107172353_0.png,contrast=1.19,Manual review.
hurricane_maria__910532027107172353__910532027107172353_0,style_ablation,direct_camouflage,camouflage_possibly_invisible,medium,data/v2/attacks/style_ablation/direct_camouflage/hurricane_maria__910532027107172353__910532027107172353_0.png,contrast=1.14,Manual review.
hurricane_maria__910532027107172353__910532027107172353_0,style_ablation,misleading_camouflage,camouflage_possibly_invisible,medium,data/v2/attacks/style_ablation/misleading_camouflage/hurricane_maria__910532027107172353__910532027107172353_0.png,contrast=1.20,Manual review.
hurricane_maria__910538720117391360__910538720117391360_1,style_ablation,direct_camouflage,camouflage_possibly_invisible,medium,data/v2/attacks/style_ablation/direct_camouflage/hurricane_maria__910538720117391360__910538720117391360_1.png,contrast=1.29,Manual review.
hurricane_maria__910542863150202886__910542863150202886_0,style_ablation,direct_camouflage,camouflage_possibly_invisible,medium,data/v2/attacks/style_ablation/direct_camouflage/hurricane_maria__910542863150202886__910542863150202886_0.png,contrast=1.27,Manual review.
hurricane_maria__910558451067117568__910558451067117568_3,style_ablation,benign_camouflage,camouflage_metadata_pixel_contrast_mismatch,medium,data/v2/attacks/style_ablation/benign_camouflage/hurricane_maria__910558451067117568__910558451067117568_3.png,metadata=1.191378939614578 independent=1.49,Review calculation.
hurricane_maria__910558451067117568__910558451067117568_3,style_ablation,direct_camouflage,camouflage_possibly_invisible,medium,data/v2/attacks/style_ablation/direct_camouflage/hurricane_maria__910558451067117568__910558451067117568_3.png,contrast=1.16,Manual review.
hurricane_maria__910558451067117568__910558451067117568_3,style_ablation,misleading_camouflage,camouflage_possibly_invisible,medium,data/v2/attacks/style_ablation/misleading_camouflage/hurricane_maria__910558451067117568__910558451067117568_3.png,contrast=1.28,Manual review.
hurricane_maria__910571114803363840__910571114803363840_1,style_ablation,benign_camouflage,camouflage_possibly_invisible,medium,data/v2/attacks/style_ablation/benign_camouflage/hurricane_maria__910571114803363840__910571114803363840_1.png,contrast=1.17,Manual review.
hurricane_maria__910571114803363840__910571114803363840_1,style_ablation,direct_camouflage,camouflage_possibly_invisible,medium,data/v2/attacks/style_ablation/direct_camouflage/hurricane_maria__910571114803363840__910571114803363840_1.png,contrast=1.11,Manual review.
hurricane_maria__910571114803363840__910571114803363840_1,style_ablation,direct_camouflage,camouflage_metadata_pixel_contrast_mismatch,medium,data/v2/attacks/style_ablation/direct_camouflage/hurricane_maria__910571114803363840__910571114803363840_1.png,metadata=1.3982970024555283 independent=1.11,Review calculation.
hurricane_maria__910571114803363840__910571114803363840_1,style_ablation,misleading_camouflage,camouflage_possibly_invisible,medium,data/v2/attacks/style_ablation/misleading_camouflage/hurricane_maria__910571114803363840__910571114803363840_1.png,contrast=1.17,Manual review.
hurricane_maria__911634445035278337__911634445035278337_0,style_ablation,benign_camouflage,camouflage_possibly_invisible,medium,data/v2/attacks/style_ablation/benign_camouflage/hurricane_maria__911634445035278337__911634445035278337_0.png,contrast=1.23,Manual review.
hurricane_maria__911634445035278337__911634445035278337_0,style_ablation,direct_camouflage,camouflage_possibly_invisible,medium,data/v2/attacks/style_ablation/direct_camouflage/hurricane_maria__911634445035278337__911634445035278337_0.png,contrast=1.09,Manual review.
hurricane_maria__911634445035278337__911634445035278337_0,style_ablation,misleading_camouflage,camouflage_possibly_invisible,medium,data/v2/attacks/style_ablation/misleading_camouflage/hurricane_maria__911634445035278337__911634445035278337_0.png,contrast=1.21,Manual review.
hurricane_maria__911650692368158721__911650692368158721_3,style_ablation,benign_camouflage,camouflage_possibly_invisible,medium,data/v2/attacks/style_ablation/benign_camouflage/hurricane_maria__911650692368158721__911650692368158721_3.png,contrast=1.14,Manual review.
hurricane_maria__911650692368158721__911650692368158721_3,style_ablation,direct_camouflage,camouflage_possibly_invisible,medium,data/v2/attacks/style_ablation/direct_camouflage/hurricane_maria__911650692368158721__911650692368158721_3.png,contrast=1.17,Manual review.
hurricane_maria__911650692368158721__911650692368158721_3,style_ablation,misleading_camouflage,camouflage_possibly_invisible,medium,data/v2/attacks/style_ablation/misleading_camouflage/hurricane_maria__911650692368158721__911650692368158721_3.png,contrast=1.20,Manual review.
hurricane_maria__911818109123747846__911818109123747846_3,style_ablation,benign_camouflage,camouflage_complex_background_review,medium,data/v2/attacks/style_ablation/benign_camouflage/hurricane_maria__911818109123747846__911818109123747846_3.png,variance=2542.8,Manual review.
hurricane_maria__911881820559544320__911881820559544320_3,style_ablation,benign_camouflage,camouflage_not_camouflaged,medium,data/v2/attacks/style_ablation/benign_camouflage/hurricane_maria__911881820559544320__911881820559544320_3.png,contrast=1.94,Manual review.
hurricane_maria__911881820559544320__911881820559544320_3,style_ablation,benign_camouflage,camouflage_metadata_pixel_contrast_mismatch,medium,data/v2/attacks/style_ablation/benign_camouflage/hurricane_maria__911881820559544320__911881820559544320_3.png,metadata=1.4244915291071767 independent=1.94,Review calculation.
hurricane_maria__912279176895451136__912279176895451136_0,style_ablation,direct_camouflage,camouflage_possibly_invisible,medium,data/v2/attacks/style_ablation/direct_camouflage/hurricane_maria__912279176895451136__912279176895451136_0.png,contrast=1.21,Manual review.
hurricane_maria__912305236928339968__912305236928339968_0,style_ablation,direct_camouflage,camouflage_possibly_invisible,medium,data/v2/attacks/style_ablation/direct_camouflage/hurricane_maria__912305236928339968__912305236928339968_0.png,contrast=1.23,Manual review.
hurricane_maria__912357558484058112__912357558484058112_0,style_ablation,benign_camouflage,camouflage_not_camouflaged,medium,data/v2/attacks/style_ablation/benign_camouflage/hurricane_maria__912357558484058112__912357558484058112_0.png,contrast=1.93,Manual review.
hurricane_maria__912357558484058112__912357558484058112_0,style_ablation,benign_camouflage,camouflage_metadata_pixel_contrast_mismatch,medium,data/v2/attacks/style_ablation/benign_camouflage/hurricane_maria__912357558484058112__912357558484058112_0.png,metadata=1.4008239043869508 independent=1.93,Review calculation.
hurricane_maria__912357558484058112__912357558484058112_0,style_ablation,misleading_camouflage,camouflage_not_camouflaged,medium,data/v2/attacks/style_ablation/misleading_camouflage/hurricane_maria__912357558484058112__912357558484058112_0.png,contrast=1.97,Manual review.
hurricane_maria__912357558484058112__912357558484058112_0,style_ablation,misleading_camouflage,camouflage_metadata_pixel_contrast_mismatch,medium,data/v2/attacks/style_ablation/misleading_camouflage/hurricane_maria__912357558484058112__912357558484058112_0.png,metadata=1.4008239043869508 independent=1.97,Review calculation.
hurricane_maria__912393267387478016__912393267387478016_0,style_ablation,benign_camouflage,camouflage_possibly_invisible,medium,data/v2/attacks/style_ablation/benign_camouflage/hurricane_maria__912393267387478016__912393267387478016_0.png,contrast=1.29,Manual review.
hurricane_maria__912393267387478016__912393267387478016_0,style_ablation,direct_camouflage,camouflage_possibly_invisible,medium,data/v2/attacks/style_ablation/direct_camouflage/hurricane_maria__912393267387478016__912393267387478016_0.png,contrast=1.23,Manual review.
hurricane_maria__912393267387478016__912393267387478016_0,style_ablation,misleading_camouflage,camouflage_possibly_invisible,medium,data/v2/attacks/style_ablation/misleading_camouflage/hurricane_maria__912393267387478016__912393267387478016_0.png,contrast=1.28,Manual review.
hurricane_maria__913047030225915904__913047030225915904_1,style_ablation,benign_camouflage,camouflage_possibly_invisible,medium,data/v2/attacks/style_ablation/benign_camouflage/hurricane_maria__913047030225915904__913047030225915904_1.png,contrast=1.16,Manual review.
hurricane_maria__913047030225915904__913047030225915904_1,style_ablation,direct_camouflage,camouflage_possibly_invisible,medium,data/v2/attacks/style_ablation/direct_camouflage/hurricane_maria__913047030225915904__913047030225915904_1.png,contrast=1.29,Manual review.
hurricane_maria__913338746342379521__913338746342379521_0,style_ablation,benign_camouflage,camouflage_possibly_invisible,medium,data/v2/attacks/style_ablation/benign_camouflage/hurricane_maria__913338746342379521__913338746342379521_0.png,contrast=1.27,Manual review.
hurricane_maria__913338746342379521__913338746342379521_0,style_ablation,direct_camouflage,camouflage_possibly_invisible,medium,data/v2/attacks/style_ablation/direct_camouflage/hurricane_maria__913338746342379521__913338746342379521_0.png,contrast=1.21,Manual review.
hurricane_maria__913338746342379521__913338746342379521_0,style_ablation,misleading_camouflage,camouflage_possibly_invisible,medium,data/v2/attacks/style_ablation/misleading_camouflage/hurricane_maria__913338746342379521__913338746342379521_0.png,contrast=1.23,Manual review.
hurricane_maria__916028011023126529__916028011023126529_0,style_ablation,benign_camouflage,camouflage_metadata_pixel_contrast_mismatch,medium,data/v2/attacks/style_ablation/benign_camouflage/hurricane_maria__916028011023126529__916028011023126529_0.png,metadata=1.317988331719599 independent=1.60,Review calculation.
hurricane_maria__916028011023126529__916028011023126529_0,style_ablation,direct_camouflage,camouflage_possibly_invisible,medium,data/v2/attacks/style_ablation/direct_camouflage/hurricane_maria__916028011023126529__916028011023126529_0.png,contrast=1.01,Manual review.
hurricane_maria__916028011023126529__916028011023126529_0,style_ablation,direct_camouflage,camouflage_metadata_pixel_contrast_mismatch,medium,data/v2/attacks/style_ablation/direct_camouflage/hurricane_maria__916028011023126529__916028011023126529_0.png,metadata=1.317988331719599 independent=1.01,Review calculation.
hurricane_maria__916292237700497408__916292237700497408_1,style_ablation,benign_camouflage,camouflage_metadata_pixel_contrast_mismatch,medium,data/v2/attacks/style_ablation/benign_camouflage/hurricane_maria__916292237700497408__916292237700497408_1.png,metadata=1.3871288075977248 independent=1.67,Review calculation.
hurricane_maria__917920718603673601__917920718603673601_0,style_ablation,direct_camouflage,camouflage_possibly_invisible,medium,data/v2/attacks/style_ablation/direct_camouflage/hurricane_maria__917920718603673601__917920718603673601_0.png,contrast=1.26,Manual review.
hurricane_maria__921756266531143680__921756266531143680_0,style_ablation,direct_camouflage,camouflage_possibly_invisible,medium,data/v2/attacks/style_ablation/direct_camouflage/hurricane_maria__921756266531143680__921756266531143680_0.png,contrast=1.29,Manual review.
hurricane_maria__921756266531143680__921756266531143680_0,style_ablation,misleading_camouflage,camouflage_not_camouflaged,medium,data/v2/attacks/style_ablation/misleading_camouflage/hurricane_maria__921756266531143680__921756266531143680_0.png,contrast=1.87,Manual review.
hurricane_maria__921756266531143680__921756266531143680_0,style_ablation,misleading_camouflage,camouflage_metadata_pixel_contrast_mismatch,medium,data/v2/attacks/style_ablation/misleading_camouflage/hurricane_maria__921756266531143680__921756266531143680_0.png,metadata=1.455523116306832 independent=1.87,Review calculation.
hurricane_maria__922115365387358208__922115365387358208_0,style_ablation,direct_camouflage,camouflage_possibly_invisible,medium,data/v2/attacks/style_ablation/direct_camouflage/hurricane_maria__922115365387358208__922115365387358208_0.png,contrast=1.04,Manual review.
hurricane_maria__922115365387358208__922115365387358208_0,style_ablation,direct_camouflage,camouflage_metadata_pixel_contrast_mismatch,medium,data/v2/attacks/style_ablation/direct_camouflage/hurricane_maria__922115365387358208__922115365387358208_0.png,metadata=1.3377149404282567 independent=1.04,Review calculation.
hurricane_maria__922322835896287232__922322835896287232_0,style_ablation,direct_camouflage,camouflage_possibly_invisible,medium,data/v2/attacks/style_ablation/direct_camouflage/hurricane_maria__922322835896287232__922322835896287232_0.png,contrast=1.17,Manual review.
hurricane_maria__922322835896287232__922322835896287232_0,style_ablation,misleading_camouflage,camouflage_possibly_invisible,medium,data/v2/attacks/style_ablation/misleading_camouflage/hurricane_maria__922322835896287232__922322835896287232_0.png,contrast=1.20,Manual review.
hurricane_maria__923142857837465600__923142857837465600_0,style_ablation,benign_camouflage,camouflage_possibly_invisible,medium,data/v2/attacks/style_ablation/benign_camouflage/hurricane_maria__923142857837465600__923142857837465600_0.png,contrast=1.14,Manual review.
hurricane_maria__923142857837465600__923142857837465600_0,style_ablation,benign_camouflage,camouflage_metadata_pixel_contrast_mismatch,medium,data/v2/attacks/style_ablation/benign_camouflage/hurricane_maria__923142857837465600__923142857837465600_0.png,metadata=1.4427032853492034 independent=1.14,Review calculation.
hurricane_maria__923142857837465600__923142857837465600_0,style_ablation,benign_camouflage,camouflage_complex_background_review,medium,data/v2/attacks/style_ablation/benign_camouflage/hurricane_maria__923142857837465600__923142857837465600_0.png,variance=4952.5,Manual review.
hurricane_maria__923142857837465600__923142857837465600_0,style_ablation,direct_camouflage,camouflage_possibly_invisible,medium,data/v2/attacks/style_ablation/direct_camouflage/hurricane_maria__923142857837465600__923142857837465600_0.png,contrast=1.27,Manual review.
hurricane_maria__923142857837465600__923142857837465600_0,style_ablation,direct_camouflage,camouflage_complex_background_review,medium,data/v2/attacks/style_ablation/direct_camouflage/hurricane_maria__923142857837465600__923142857837465600_0.png,variance=3004.5,Manual review.
hurricane_maria__923142857837465600__923142857837465600_0,style_ablation,misleading_camouflage,camouflage_possibly_invisible,medium,data/v2/attacks/style_ablation/misleading_camouflage/hurricane_maria__923142857837465600__923142857837465600_0.png,contrast=1.03,Manual review.
hurricane_maria__923142857837465600__923142857837465600_0,style_ablation,misleading_camouflage,camouflage_metadata_pixel_contrast_mismatch,medium,data/v2/attacks/style_ablation/misleading_camouflage/hurricane_maria__923142857837465600__923142857837465600_0.png,metadata=1.4427032853492034 independent=1.03,Review calculation.
hurricane_maria__923142857837465600__923142857837465600_0,style_ablation,misleading_camouflage,camouflage_complex_background_review,medium,data/v2/attacks/style_ablation/misleading_camouflage/hurricane_maria__923142857837465600__923142857837465600_0.png,variance=4905.6,Manual review.
hurricane_maria__923212089774063616__923212089774063616_0,style_ablation,benign_camouflage,camouflage_possibly_invisible,medium,data/v2/attacks/style_ablation/benign_camouflage/hurricane_maria__923212089774063616__923212089774063616_0.png,contrast=1.03,Manual review.
hurricane_maria__923212089774063616__923212089774063616_0,style_ablation,benign_camouflage,camouflage_metadata_pixel_contrast_mismatch,medium,data/v2/attacks/style_ablation/benign_camouflage/hurricane_maria__923212089774063616__923212089774063616_0.png,metadata=1.4409041802228124 independent=1.03,Review calculation.
hurricane_maria__923212089774063616__923212089774063616_0,style_ablation,misleading_camouflage,camouflage_possibly_invisible,medium,data/v2/attacks/style_ablation/misleading_camouflage/hurricane_maria__923212089774063616__923212089774063616_0.png,contrast=1.09,Manual review.
hurricane_maria__923212089774063616__923212089774063616_0,style_ablation,misleading_camouflage,camouflage_metadata_pixel_contrast_mismatch,medium,data/v2/attacks/style_ablation/misleading_camouflage/hurricane_maria__923212089774063616__923212089774063616_0.png,metadata=1.4409041802228124 independent=1.09,Review calculation.
hurricane_maria__923556137286406145__923556137286406145_0,style_ablation,benign_camouflage,camouflage_possibly_invisible,medium,data/v2/attacks/style_ablation/benign_camouflage/hurricane_maria__923556137286406145__923556137286406145_0.png,contrast=1.14,Manual review.
hurricane_maria__923556137286406145__923556137286406145_0,style_ablation,direct_camouflage,camouflage_possibly_invisible,medium,data/v2/attacks/style_ablation/direct_camouflage/hurricane_maria__923556137286406145__923556137286406145_0.png,contrast=1.10,Manual review.
hurricane_maria__923556137286406145__923556137286406145_0,style_ablation,direct_camouflage,camouflage_complex_background_review,medium,data/v2/attacks/style_ablation/direct_camouflage/hurricane_maria__923556137286406145__923556137286406145_0.png,variance=2753.4,Manual review.
hurricane_maria__923556137286406145__923556137286406145_0,style_ablation,misleading_camouflage,camouflage_possibly_invisible,medium,data/v2/attacks/style_ablation/misleading_camouflage/hurricane_maria__923556137286406145__923556137286406145_0.png,contrast=1.14,Manual review.
hurricane_maria__923577268965912577__923577268965912577_0,style_ablation,benign_camouflage,camouflage_possibly_invisible,medium,data/v2/attacks/style_ablation/benign_camouflage/hurricane_maria__923577268965912577__923577268965912577_0.png,contrast=1.20,Manual review.
hurricane_maria__923577268965912577__923577268965912577_0,style_ablation,benign_camouflage,camouflage_metadata_pixel_contrast_mismatch,medium,data/v2/attacks/style_ablation/benign_camouflage/hurricane_maria__923577268965912577__923577268965912577_0.png,metadata=1.4542667076592788 independent=1.20,Review calculation.
hurricane_maria__923577268965912577__923577268965912577_0,style_ablation,misleading_camouflage,camouflage_possibly_invisible,medium,data/v2/attacks/style_ablation/misleading_camouflage/hurricane_maria__923577268965912577__923577268965912577_0.png,contrast=1.21,Manual review.
hurricane_maria__928128643733139456__928128643733139456_0,style_ablation,direct_camouflage,camouflage_possibly_invisible,medium,data/v2/attacks/style_ablation/direct_camouflage/hurricane_maria__928128643733139456__928128643733139456_0.png,contrast=1.26,Manual review.
hurricane_maria__928447589287989250__928447589287989250_0,style_ablation,benign_camouflage,camouflage_possibly_invisible,medium,data/v2/attacks/style_ablation/benign_camouflage/hurricane_maria__928447589287989250__928447589287989250_0.png,contrast=1.24,Manual review.
hurricane_maria__928447589287989250__928447589287989250_0,style_ablation,direct_camouflage,camouflage_possibly_invisible,medium,data/v2/attacks/style_ablation/direct_camouflage/hurricane_maria__928447589287989250__928447589287989250_0.png,contrast=1.22,Manual review.
hurricane_maria__928447589287989250__928447589287989250_0,style_ablation,misleading_camouflage,camouflage_possibly_invisible,medium,data/v2/attacks/style_ablation/misleading_camouflage/hurricane_maria__928447589287989250__928447589287989250_0.png,contrast=1.21,Manual review.
hurricane_maria__928596376660905984__928596376660905984_1,style_ablation,direct_camouflage,camouflage_metadata_pixel_contrast_mismatch,medium,data/v2/attacks/style_ablation/direct_camouflage/hurricane_maria__928596376660905984__928596376660905984_1.png,metadata=1.3393408715273385 independent=1.63,Review calculation.
iraq_iran_earthquake__931100946721136642__931100946721136642_0,style_ablation,benign_camouflage,camouflage_metadata_pixel_contrast_mismatch,medium,data/v2/attacks/style_ablation/benign_camouflage/iraq_iran_earthquake__931100946721136642__931100946721136642_0.png,metadata=1.4009191061020847 independent=1.72,Review calculation.
iraq_iran_earthquake__931100946721136642__931100946721136642_0,style_ablation,benign_camouflage,camouflage_complex_background_review,medium,data/v2/attacks/style_ablation/benign_camouflage/iraq_iran_earthquake__931100946721136642__931100946721136642_0.png,variance=2596.0,Manual review.
mexico_earthquake__910572320338485248__910572320338485248_0,style_ablation,benign_camouflage,camouflage_possibly_invisible,medium,data/v2/attacks/style_ablation/benign_camouflage/mexico_earthquake__910572320338485248__910572320338485248_0.png,contrast=1.28,Manual review.
mexico_earthquake__910572320338485248__910572320338485248_0,style_ablation,benign_camouflage,camouflage_complex_background_review,medium,data/v2/attacks/style_ablation/benign_camouflage/mexico_earthquake__910572320338485248__910572320338485248_0.png,variance=2787.1,Manual review.
mexico_earthquake__910572320338485248__910572320338485248_0,style_ablation,direct_camouflage,camouflage_possibly_invisible,medium,data/v2/attacks/style_ablation/direct_camouflage/mexico_earthquake__910572320338485248__910572320338485248_0.png,contrast=1.29,Manual review.
mexico_earthquake__910572320338485248__910572320338485248_0,style_ablation,direct_camouflage,camouflage_complex_background_review,medium,data/v2/attacks/style_ablation/direct_camouflage/mexico_earthquake__910572320338485248__910572320338485248_0.png,variance=3036.1,Manual review.
mexico_earthquake__913002540119330816__913002540119330816_0,style_ablation,benign_camouflage,camouflage_not_camouflaged,medium,data/v2/attacks/style_ablation/benign_camouflage/mexico_earthquake__913002540119330816__913002540119330816_0.png,contrast=1.92,Manual review.
mexico_earthquake__913002540119330816__913002540119330816_0,style_ablation,benign_camouflage,camouflage_metadata_pixel_contrast_mismatch,medium,data/v2/attacks/style_ablation/benign_camouflage/mexico_earthquake__913002540119330816__913002540119330816_0.png,metadata=1.4430742005423038 independent=1.92,Review calculation.
mexico_earthquake__913002540119330816__913002540119330816_0,style_ablation,misleading_camouflage,camouflage_not_camouflaged,medium,data/v2/attacks/style_ablation/misleading_camouflage/mexico_earthquake__913002540119330816__913002540119330816_0.png,contrast=1.97,Manual review.
mexico_earthquake__913002540119330816__913002540119330816_0,style_ablation,misleading_camouflage,camouflage_metadata_pixel_contrast_mismatch,medium,data/v2/attacks/style_ablation/misleading_camouflage/mexico_earthquake__913002540119330816__913002540119330816_0.png,metadata=1.4430742005423038 independent=1.97,Review calculation.
srilanka_floods__870283105151668224__870283105151668224_1,style_ablation,benign_camouflage,camouflage_possibly_invisible,medium,data/v2/attacks/style_ablation/benign_camouflage/srilanka_floods__870283105151668224__870283105151668224_1.png,contrast=1.23,Manual review.
srilanka_floods__870283105151668224__870283105151668224_1,style_ablation,direct_camouflage,camouflage_possibly_invisible,medium,data/v2/attacks/style_ablation/direct_camouflage/srilanka_floods__870283105151668224__870283105151668224_1.png,contrast=1.27,Manual review.
srilanka_floods__870283105151668224__870283105151668224_1,style_ablation,misleading_camouflage,camouflage_possibly_invisible,medium,data/v2/attacks/style_ablation/misleading_camouflage/srilanka_floods__870283105151668224__870283105151668224_1.png,contrast=1.27,Manual review.
california_wildfires__917794580728295424__917794580728295424_0,size_ablation,,size_ablation_invariant_changed,medium,data/v2/manifests/all_conditions.csv,placement_region varies across sizes,Keep non-size variables fixed.
california_wildfires__917842481575841792__917842481575841792_0,size_ablation,,size_ablation_invariant_changed,medium,data/v2/manifests/all_conditions.csv,placement_region varies across sizes,Keep non-size variables fixed.
california_wildfires__917847652062162944__917847652062162944_0,size_ablation,,size_ablation_invariant_changed,medium,data/v2/manifests/all_conditions.csv,placement_region varies across sizes,Keep non-size variables fixed.
california_wildfires__918242189607444480__918242189607444480_0,size_ablation,,size_ablation_invariant_changed,medium,data/v2/manifests/all_conditions.csv,placement_region varies across sizes,Keep non-size variables fixed.
california_wildfires__919836010292416512__919836010292416512_0,size_ablation,,size_ablation_invariant_changed,medium,data/v2/manifests/all_conditions.csv,placement_region varies across sizes,Keep non-size variables fixed.
california_wildfires__920307211666116608__920307211666116608_0,size_ablation,,size_ablation_invariant_changed,medium,data/v2/manifests/all_conditions.csv,placement_region varies across sizes,Keep non-size variables fixed.
california_wildfires__920535960772857856__920535960772857856_0,size_ablation,,size_ablation_invariant_changed,medium,data/v2/manifests/all_conditions.csv,placement_region varies across sizes,Keep non-size variables fixed.
california_wildfires__920670466121125890__920670466121125890_0,size_ablation,,size_ablation_invariant_changed,medium,data/v2/manifests/all_conditions.csv,placement_region varies across sizes,Keep non-size variables fixed.
california_wildfires__922785728928665600__922785728928665600_2,size_ablation,,size_ablation_invariant_changed,medium,data/v2/manifests/all_conditions.csv,placement_region varies across sizes,Keep non-size variables fixed.
california_wildfires__923342705303924736__923342705303924736_0,size_ablation,,size_ablation_invariant_changed,medium,data/v2/manifests/all_conditions.csv,placement_region varies across sizes,Keep non-size variables fixed.
california_wildfires__923594355222425601__923594355222425601_0,size_ablation,,size_ablation_invariant_changed,medium,data/v2/manifests/all_conditions.csv,placement_region varies across sizes,Keep non-size variables fixed.
hurricane_harvey__901692349289566210__901692349289566210_0,size_ablation,,size_ablation_invariant_changed,medium,data/v2/manifests/all_conditions.csv,placement_region varies across sizes,Keep non-size variables fixed.
hurricane_harvey__901783778602962944__901783778602962944_0,size_ablation,,size_ablation_invariant_changed,medium,data/v2/manifests/all_conditions.csv,placement_region varies across sizes,Keep non-size variables fixed.
hurricane_harvey__901814219191943168__901814219191943168_0,size_ablation,,size_ablation_invariant_changed,medium,data/v2/manifests/all_conditions.csv,placement_region varies across sizes,Keep non-size variables fixed.
hurricane_harvey__904302986826014720__904302986826014720_0,size_ablation,,size_ablation_invariant_changed,medium,data/v2/manifests/all_conditions.csv,placement_region varies across sizes,Keep non-size variables fixed.
hurricane_harvey__904335509723467777__904335509723467777_0,size_ablation,,size_ablation_invariant_changed,medium,data/v2/manifests/all_conditions.csv,placement_region varies across sizes,Keep non-size variables fixed.
hurricane_harvey__904802599219625985__904802599219625985_0,size_ablation,,size_ablation_invariant_changed,medium,data/v2/manifests/all_conditions.csv,placement_region varies across sizes,Keep non-size variables fixed.
hurricane_harvey__904925838839169028__904925838839169028_0,size_ablation,,size_ablation_invariant_changed,medium,data/v2/manifests/all_conditions.csv,placement_region varies across sizes,Keep non-size variables fixed.
hurricane_harvey__904955849487126528__904955849487126528_0,size_ablation,,size_ablation_invariant_changed,medium,data/v2/manifests/all_conditions.csv,placement_region varies across sizes,Keep non-size variables fixed.
hurricane_harvey__905247696734248961__905247696734248961_0,size_ablation,,size_ablation_invariant_changed,medium,data/v2/manifests/all_conditions.csv,placement_region varies across sizes,Keep non-size variables fixed.
hurricane_harvey__905467541534978050__905467541534978050_0,size_ablation,,size_ablation_invariant_changed,medium,data/v2/manifests/all_conditions.csv,placement_region varies across sizes,Keep non-size variables fixed.
hurricane_harvey__905491728345554945__905491728345554945_0,size_ablation,,size_ablation_invariant_changed,medium,data/v2/manifests/all_conditions.csv,placement_region varies across sizes,Keep non-size variables fixed.
hurricane_harvey__905852980376866816__905852980376866816_1,size_ablation,,size_ablation_invariant_changed,medium,data/v2/manifests/all_conditions.csv,placement_region varies across sizes,Keep non-size variables fixed.
hurricane_harvey__906254513480372225__906254513480372225_0,size_ablation,,size_ablation_invariant_changed,medium,data/v2/manifests/all_conditions.csv,placement_region varies across sizes,Keep non-size variables fixed.
hurricane_harvey__906713368563556353__906713368563556353_0,size_ablation,,size_ablation_invariant_changed,medium,data/v2/manifests/all_conditions.csv,placement_region varies across sizes,Keep non-size variables fixed.
hurricane_harvey__907413526175784960__907413526175784960_0,size_ablation,,size_ablation_invariant_changed,medium,data/v2/manifests/all_conditions.csv,placement_region varies across sizes,Keep non-size variables fixed.
hurricane_harvey__907661128213217280__907661128213217280_0,size_ablation,,size_ablation_invariant_changed,medium,data/v2/manifests/all_conditions.csv,placement_region varies across sizes,Keep non-size variables fixed.
hurricane_harvey__908854000518234113__908854000518234113_0,size_ablation,,size_ablation_invariant_changed,medium,data/v2/manifests/all_conditions.csv,placement_region varies across sizes,Keep non-size variables fixed.
hurricane_harvey__909135905063026688__909135905063026688_0,size_ablation,,size_ablation_invariant_changed,medium,data/v2/manifests/all_conditions.csv,placement_region varies across sizes,Keep non-size variables fixed.
hurricane_harvey__910162829461860352__910162829461860352_0,size_ablation,,size_ablation_invariant_changed,medium,data/v2/manifests/all_conditions.csv,placement_region varies across sizes,Keep non-size variables fixed.
hurricane_irma__905636651447328768__905636651447328768_2,size_ablation,,size_ablation_invariant_changed,medium,data/v2/manifests/all_conditions.csv,placement_region varies across sizes,Keep non-size variables fixed.
hurricane_irma__905636901306163200__905636901306163200_3,size_ablation,,size_ablation_invariant_changed,medium,data/v2/manifests/all_conditions.csv,placement_region varies across sizes,Keep non-size variables fixed.
hurricane_irma__905658298082267140__905658298082267140_0,size_ablation,,size_ablation_invariant_changed,medium,data/v2/manifests/all_conditions.csv,placement_region varies across sizes,Keep non-size variables fixed.
hurricane_irma__905712012965142529__905712012965142529_0,size_ablation,,size_ablation_invariant_changed,medium,data/v2/manifests/all_conditions.csv,placement_region varies across sizes,Keep non-size variables fixed.
hurricane_irma__909383948563869696__909383948563869696_0,size_ablation,,size_ablation_invariant_changed,medium,data/v2/manifests/all_conditions.csv,placement_region varies across sizes,Keep non-size variables fixed.
hurricane_irma__909397777792118784__909397777792118784_0,size_ablation,,size_ablation_invariant_changed,medium,data/v2/manifests/all_conditions.csv,placement_region varies across sizes,Keep non-size variables fixed.
hurricane_irma__909409487030771712__909409487030771712_0,size_ablation,,size_ablation_invariant_changed,medium,data/v2/manifests/all_conditions.csv,placement_region varies across sizes,Keep non-size variables fixed.
hurricane_irma__909418648996999168__909418648996999168_3,size_ablation,,size_ablation_invariant_changed,medium,data/v2/manifests/all_conditions.csv,placement_region varies across sizes,Keep non-size variables fixed.
hurricane_irma__909423458810871809__909423458810871809_0,size_ablation,,size_ablation_invariant_changed,medium,data/v2/manifests/all_conditions.csv,placement_region varies across sizes,Keep non-size variables fixed.
hurricane_irma__909424532708085760__909424532708085760_0,size_ablation,,size_ablation_invariant_changed,medium,data/v2/manifests/all_conditions.csv,placement_region varies across sizes,Keep non-size variables fixed.
hurricane_irma__909470735168655365__909470735168655365_0,size_ablation,,size_ablation_invariant_changed,medium,data/v2/manifests/all_conditions.csv,placement_region varies across sizes,Keep non-size variables fixed.
hurricane_irma__909475803628412928__909475803628412928_0,size_ablation,,size_ablation_invariant_changed,medium,data/v2/manifests/all_conditions.csv,placement_region varies across sizes,Keep non-size variables fixed.
hurricane_irma__909715026872762368__909715026872762368_3,size_ablation,,size_ablation_invariant_changed,medium,data/v2/manifests/all_conditions.csv,placement_region varies across sizes,Keep non-size variables fixed.
hurricane_irma__909717040205828097__909717040205828097_0,size_ablation,,size_ablation_invariant_changed,medium,data/v2/manifests/all_conditions.csv,placement_region varies across sizes,Keep non-size variables fixed.
hurricane_irma__909723445289799680__909723445289799680_0,size_ablation,,size_ablation_invariant_changed,medium,data/v2/manifests/all_conditions.csv,placement_region varies across sizes,Keep non-size variables fixed.
hurricane_irma__909734318716616704__909734318716616704_0,size_ablation,,size_ablation_invariant_changed,medium,data/v2/manifests/all_conditions.csv,placement_region varies across sizes,Keep non-size variables fixed.
hurricane_irma__909738079916838914__909738079916838914_0,size_ablation,,size_ablation_invariant_changed,medium,data/v2/manifests/all_conditions.csv,placement_region varies across sizes,Keep non-size variables fixed.
hurricane_irma__909761243145109505__909761243145109505_0,size_ablation,,size_ablation_invariant_changed,medium,data/v2/manifests/all_conditions.csv,placement_region varies across sizes,Keep non-size variables fixed.
hurricane_irma__909779022644727808__909779022644727808_1,size_ablation,,size_ablation_invariant_changed,medium,data/v2/manifests/all_conditions.csv,placement_region varies across sizes,Keep non-size variables fixed.
hurricane_irma__909796226169819140__909796226169819140_0,size_ablation,,size_ablation_invariant_changed,medium,data/v2/manifests/all_conditions.csv,placement_region varies across sizes,Keep non-size variables fixed.
hurricane_irma__909806996878061568__909806996878061568_0,size_ablation,,size_ablation_invariant_changed,medium,data/v2/manifests/all_conditions.csv,placement_region varies across sizes,Keep non-size variables fixed.
hurricane_irma__909833386927251456__909833386927251456_0,size_ablation,,size_ablation_invariant_changed,medium,data/v2/manifests/all_conditions.csv,placement_region varies across sizes,Keep non-size variables fixed.
hurricane_irma__909838007397740545__909838007397740545_0,size_ablation,,size_ablation_invariant_changed,medium,data/v2/manifests/all_conditions.csv,placement_region varies across sizes,Keep non-size variables fixed.
hurricane_irma__909839700231208960__909839700231208960_0,size_ablation,,size_ablation_invariant_changed,medium,data/v2/manifests/all_conditions.csv,placement_region varies across sizes,Keep non-size variables fixed.
hurricane_irma__909841237493956608__909841237493956608_0,size_ablation,,size_ablation_invariant_changed,medium,data/v2/manifests/all_conditions.csv,placement_region varies across sizes,Keep non-size variables fixed.
hurricane_irma__909869946070605825__909869946070605825_1,size_ablation,,size_ablation_invariant_changed,medium,data/v2/manifests/all_conditions.csv,placement_region varies across sizes,Keep non-size variables fixed.
hurricane_irma__909890256299745280__909890256299745280_1,size_ablation,,size_ablation_invariant_changed,medium,data/v2/manifests/all_conditions.csv,placement_region varies across sizes,Keep non-size variables fixed.
hurricane_irma__909890699600044032__909890699600044032_0,size_ablation,,size_ablation_invariant_changed,medium,data/v2/manifests/all_conditions.csv,placement_region varies across sizes,Keep non-size variables fixed.
hurricane_irma__910033969315446784__910033969315446784_0,size_ablation,,size_ablation_invariant_changed,medium,data/v2/manifests/all_conditions.csv,placement_region varies across sizes,Keep non-size variables fixed.
hurricane_irma__910094260040601600__910094260040601600_0,size_ablation,,size_ablation_invariant_changed,medium,data/v2/manifests/all_conditions.csv,placement_region varies across sizes,Keep non-size variables fixed.
hurricane_irma__910128655023534080__910128655023534080_0,size_ablation,,size_ablation_invariant_changed,medium,data/v2/manifests/all_conditions.csv,placement_region varies across sizes,Keep non-size variables fixed.
hurricane_irma__910145127376703488__910145127376703488_0,size_ablation,,size_ablation_invariant_changed,medium,data/v2/manifests/all_conditions.csv,placement_region varies across sizes,Keep non-size variables fixed.
hurricane_irma__910156856869433344__910156856869433344_0,size_ablation,,size_ablation_invariant_changed,medium,data/v2/manifests/all_conditions.csv,placement_region varies across sizes,Keep non-size variables fixed.
hurricane_irma__910191453019758592__910191453019758592_0,size_ablation,,size_ablation_invariant_changed,medium,data/v2/manifests/all_conditions.csv,placement_region varies across sizes,Keep non-size variables fixed.
hurricane_irma__910207622896287744__910207622896287744_3,size_ablation,,size_ablation_invariant_changed,medium,data/v2/manifests/all_conditions.csv,placement_region varies across sizes,Keep non-size variables fixed.
hurricane_irma__910260829324324864__910260829324324864_0,size_ablation,,size_ablation_invariant_changed,medium,data/v2/manifests/all_conditions.csv,placement_region varies across sizes,Keep non-size variables fixed.
hurricane_irma__910266304476667906__910266304476667906_0,size_ablation,,size_ablation_invariant_changed,medium,data/v2/manifests/all_conditions.csv,placement_region varies across sizes,Keep non-size variables fixed.
hurricane_maria__910582078470852608__910582078470852608_0,size_ablation,,size_ablation_invariant_changed,medium,data/v2/manifests/all_conditions.csv,placement_region varies across sizes,Keep non-size variables fixed.
hurricane_maria__910614037884522496__910614037884522496_0,size_ablation,,size_ablation_invariant_changed,medium,data/v2/manifests/all_conditions.csv,placement_region varies across sizes,Keep non-size variables fixed.
hurricane_maria__911705355700310016__911705355700310016_0,size_ablation,,size_ablation_invariant_changed,medium,data/v2/manifests/all_conditions.csv,placement_region varies across sizes,Keep non-size variables fixed.
hurricane_maria__911712278516551681__911712278516551681_2,size_ablation,,size_ablation_invariant_changed,medium,data/v2/manifests/all_conditions.csv,placement_region varies across sizes,Keep non-size variables fixed.
hurricane_maria__911729595207917568__911729595207917568_0,size_ablation,,size_ablation_invariant_changed,medium,data/v2/manifests/all_conditions.csv,placement_region varies across sizes,Keep non-size variables fixed.
hurricane_maria__911784798162735104__911784798162735104_1,size_ablation,,size_ablation_invariant_changed,medium,data/v2/manifests/all_conditions.csv,placement_region varies across sizes,Keep non-size variables fixed.
hurricane_maria__911818109123747846__911818109123747846_0,size_ablation,,size_ablation_invariant_changed,medium,data/v2/manifests/all_conditions.csv,placement_region varies across sizes,Keep non-size variables fixed.
hurricane_maria__911965850198036480__911965850198036480_1,size_ablation,,size_ablation_invariant_changed,medium,data/v2/manifests/all_conditions.csv,placement_region varies across sizes,Keep non-size variables fixed.
hurricane_maria__912021400734617600__912021400734617600_0,size_ablation,,size_ablation_invariant_changed,medium,data/v2/manifests/all_conditions.csv,placement_region varies across sizes,Keep non-size variables fixed.
hurricane_maria__912288130354511873__912288130354511873_0,size_ablation,,size_ablation_invariant_changed,medium,data/v2/manifests/all_conditions.csv,placement_region varies across sizes,Keep non-size variables fixed.
hurricane_maria__912400505116266499__912400505116266499_0,size_ablation,,size_ablation_invariant_changed,medium,data/v2/manifests/all_conditions.csv,placement_region varies across sizes,Keep non-size variables fixed.
hurricane_maria__913116036676882435__913116036676882435_0,size_ablation,,size_ablation_invariant_changed,medium,data/v2/manifests/all_conditions.csv,placement_region varies across sizes,Keep non-size variables fixed.
hurricane_maria__913867524705538048__913867524705538048_0,size_ablation,,size_ablation_invariant_changed,medium,data/v2/manifests/all_conditions.csv,placement_region varies across sizes,Keep non-size variables fixed.
hurricane_maria__916179895105056768__916179895105056768_0,size_ablation,,size_ablation_invariant_changed,medium,data/v2/manifests/all_conditions.csv,placement_region varies across sizes,Keep non-size variables fixed.
hurricane_maria__916332001501655041__916332001501655041_0,size_ablation,,size_ablation_invariant_changed,medium,data/v2/manifests/all_conditions.csv,placement_region varies across sizes,Keep non-size variables fixed.
hurricane_maria__921422248338214913__921422248338214913_0,size_ablation,,size_ablation_invariant_changed,medium,data/v2/manifests/all_conditions.csv,placement_region varies across sizes,Keep non-size variables fixed.
hurricane_maria__922857782453338112__922857782453338112_0,size_ablation,,size_ablation_invariant_changed,medium,data/v2/manifests/all_conditions.csv,placement_region varies across sizes,Keep non-size variables fixed.
hurricane_maria__922925964681666560__922925964681666560_0,size_ablation,,size_ablation_invariant_changed,medium,data/v2/manifests/all_conditions.csv,placement_region varies across sizes,Keep non-size variables fixed.
hurricane_maria__928716869527248896__928716869527248896_0,size_ablation,,size_ablation_invariant_changed,medium,data/v2/manifests/all_conditions.csv,placement_region varies across sizes,Keep non-size variables fixed.
iraq_iran_earthquake__931535497679294464__931535497679294464_0,size_ablation,,size_ablation_invariant_changed,medium,data/v2/manifests/all_conditions.csv,placement_region varies across sizes,Keep non-size variables fixed.
mexico_earthquake__910746110511210496__910746110511210496_0,size_ablation,,size_ablation_invariant_changed,medium,data/v2/manifests/all_conditions.csv,placement_region varies across sizes,Keep non-size variables fixed.
mexico_earthquake__911801561780699137__911801561780699137_0,size_ablation,,size_ablation_invariant_changed,medium,data/v2/manifests/all_conditions.csv,placement_region varies across sizes,Keep non-size variables fixed.
__DATASET__,all,all,critical_region_manual_review_required,medium,reports/v2/audit/audit_gallery.html,Pixels/bbox cannot prove semantic critical-region occlusion.,Complete manual review.
__DATASET__,all,all,readability_manual_review_required,medium,reports/v2/audit/audit_gallery.html,Metadata cannot prove readability/plausibility.,Complete manual review.
